{"type":"FeatureCollection","features":[{"type":"Feature","properties":{"name":"Dunwich","zt":"GUZ","zid":"GUZ08","notake":false,"plan":"Moreton Bay MP","src":"https://parks.qld.gov.au/parks/moreton-bay/zoning/app-and-maps"},"geometry":{"type":"Polygon","coordinates":[[[153.40595,-27.50348],[153.40219,-27.50647],[153.39408,-27.50647],[153.39369,-27.49863],[153.39993,-27.49863],[153.40028,-27.49975],[153.39963,-27.50009],[153.39978,-27.50006],[153.39978,-27.50021],[153.39913,-27.50083],[153.39924,-27.50094],[153.4005,-27.50022],[153.4017,-27.50106],[153.4019,-27.50146],[153.40177,-27.50175],[153.40203,-27.5022],[153.40085,-27.50311],[153.40153,-27.50368],[153.4022,-27.50391],[153.40289,-27.50279],[153.40323,-27.50292],[153.40437,-27.50285],[153.40595,-27.50348]]]}},{"type":"Feature","properties":{"name":"Bramble Bay","zt":"MNP","zid":"MNP13","notake":true,"plan":"Moreton Bay MP","src":"https://parks.qld.gov.au/parks/moreton-bay/zoning/app-and-maps"},"geometry":{"type":"Polygon","coordinates":[[[153.10733,-27.3428],[153.09984,-27.34275],[153.09817,-27.34291],[153.09831,-27.34325],[153.09874,-27.34317],[153.09954,-27.34334],[153.0992,-27.34416],[153.09411,-27.34331],[153.09352,-27.3437],[153.09354,-27.34428],[153.09462,-27.34553],[153.09519,-27.34542],[153.09622,-27.34465],[153.09677,-27.34456],[153.09814,-27.34519],[153.09946,-27.34665],[153.10023,-27.34646],[153.101,-27.34599],[153.10156,-27.34607],[153.10262,-27.34656],[153.10321,-27.34711],[153.10313,-27.34953],[153.10458,-27.34922],[153.105,-27.34925],[153.1053,-27.34953],[153.10535,-27.34984],[153.10488,-27.35083],[153.10506,-27.35208],[153.10495,-27.35284],[153.10461,-27.35302],[153.10398,-27.35289],[153.10344,-27.3518],[153.10257,-27.35166],[153.10184,-27.35174],[153.10162,-27.35185],[153.10165,-27.35214],[153.10224,-27.3527],[153.10227,-27.35297],[153.1017,-27.35257],[153.10067,-27.35382],[153.09963,-27.35479],[153.10171,-27.35244],[153.10147,-27.35212],[153.1016,-27.35177],[153.10226,-27.35159],[153.10328,-27.35164],[153.1037,-27.35184],[153.10401,-27.35275],[153.10439,-27.35291],[153.10477,-27.35283],[153.10495,-27.35241],[153.10471,-27.35103],[153.10518,-27.34991],[153.10513,-27.34953],[153.10454,-27.34934],[153.10336,-27.34975],[153.103,-27.34964],[153.10304,-27.34738],[153.10274,-27.34694],[153.10165,-27.34634],[153.10085,-27.34627],[153.10031,-27.34674],[153.0994,-27.34681],[153.09806,-27.34555],[153.09667,-27.34481],[153.09613,-27.34497],[153.09521,-27.34576],[153.09466,-27.3458],[153.09429,-27.34564],[153.09312,-27.34454],[153.09293,-27.34401],[153.09296,-27.34348],[153.09315,-27.3432],[153.09411,-27.34254],[153.09421,-27.34222],[153.09354,-27.34036],[153.09296,-27.33945],[153.08967,-27.33659],[153.08867,-27.33597],[153.08553,-27.33496],[153.08367,-27.33339],[153.08317,-27.33322],[153.0828,-27.33383],[153.08323,-27.33519],[153.08509,-27.33609],[153.08501,-27.33628],[153.08578,-27.3371],[153.08604,-27.33775],[153.08608,-27.33831],[153.0858,-27.33943],[153.0848,-27.34252],[153.08494,-27.34331],[153.0862,-27.3445],[153.08762,-27.34523],[153.08805,-27.34517],[153.08948,-27.34384],[153.09054,-27.34355],[153.09145,-27.34388],[153.09203,-27.34474],[153.09195,-27.3452],[153.09149,-27.34607],[153.09148,-27.34681],[153.09201,-27.34762],[153.09287,-27.34836],[153.09327,-27.34918],[153.09287,-27.35013],[153.09188,-27.35099],[153.09114,-27.35134],[153.08948,-27.3515],[153.08855,-27.35131],[153.08731,-27.35034],[153.08709,-27.3497],[153.08716,-27.34885],[153.08695,-27.34865],[153.0846,-27.34882],[153.08384,-27.34928],[153.08318,-27.3502],[153.08255,-27.353],[153.08205,-27.35356],[153.08131,-27.35388],[153.0812,-27.35414],[153.08186,-27.35427],[153.08413,-27.3536],[153.08523,-27.35387],[153.08611,-27.35329],[153.08651,-27.35336],[153.08673,-27.35355],[153.08683,-27.35417],[153.08673,-27.35485],[153.08616,-27.35617],[153.08592,-27.35613],[153.08648,-27.35481],[153.08656,-27.35419],[153.08651,-27.35371],[153.08633,-27.35351],[153.08543,-27.35404],[153.08395,-27.35382],[153.08202,-27.35446],[153.08133,-27.35444],[153.08101,-27.35425],[153.08101,-27.35378],[153.08216,-27.35321],[153.08243,-27.35281],[153.08281,-27.35042],[153.08307,-27.34976],[153.08386,-27.34889],[153.08444,-27.34859],[153.08666,-27.34833],[153.08725,-27.34852],[153.08751,-27.34874],[153.08746,-27.34971],[153.08776,-27.35034],[153.08865,-27.351],[153.08934,-27.35122],[153.09121,-27.35095],[153.09221,-27.3503],[153.09278,-27.3496],[153.09288,-27.34897],[153.09139,-27.3476],[153.09114,-27.34695],[153.09105,-27.3462],[153.09153,-27.34496],[153.09142,-27.34447],[153.09112,-27.34413],[153.09059,-27.34397],[153.08988,-27.34409],[153.08937,-27.34442],[153.08865,-27.34529],[153.08821,-27.34556],[153.08779,-27.34561],[153.08692,-27.34545],[153.08503,-27.34421],[153.08476,-27.34438],[153.08486,-27.3441],[153.08435,-27.34333],[153.08417,-27.34269],[153.08508,-27.33926],[153.08527,-27.33812],[153.0852,-27.33754],[153.08492,-27.33722],[153.08429,-27.3377],[153.08364,-27.3375],[153.08344,-27.33704],[153.08328,-27.33703],[153.08322,-27.33647],[153.08204,-27.33552],[153.08161,-27.33489],[153.08207,-27.33389],[153.08244,-27.33389],[153.08402,-27.33125],[153.0897,-27.32983],[153.09052,-27.32946],[153.09486,-27.32649],[153.08996,-27.32133],[153.0887,-27.32041],[153.08735,-27.31904],[153.08532,-27.31784],[153.08392,-27.31733],[153.08211,-27.31719],[153.0804,-27.3175],[153.07978,-27.31742],[153.07832,-27.31679],[153.0771,-27.31557],[153.07509,-27.31307],[153.07492,-27.3114],[153.07425,-27.30987],[153.07342,-27.30879],[153.07211,-27.30779],[153.0718,-27.30703],[153.07043,-27.30217],[153.06974,-27.29894],[153.0695,-27.29547],[153.07019,-27.29155],[153.07019,-27.28416],[153.06985,-27.28283],[153.10358,-27.28283],[153.10733,-27.324],[153.10733,-27.3428]]]}},{"type":"Feature","properties":{"name":"Canaipa Passage-Jumpinpin","zt":"CPZ","zid":"CPZ10","notake":false,"plan":"Moreton Bay MP","src":"https://parks.qld.gov.au/parks/moreton-bay/zoning/app-and-maps"},"geometry":{"type":"Polygon","coordinates":[[[153.43226,-27.73601],[153.43344,-27.73554],[153.43414,-27.73491],[153.43484,-27.73342],[153.43512,-27.73212],[153.43626,-27.73057],[153.43737,-27.72953],[153.43912,-27.72852],[153.44146,-27.7279],[153.44361,-27.7279],[153.44456,-27.72853],[153.44645,-27.72933],[153.44693,-27.72952],[153.44782,-27.72955],[153.44955,-27.72849],[153.45211,-27.72554],[153.45787,-27.72554],[153.45873,-27.72329],[153.45916,-27.72062],[153.45922,-27.71834],[153.4589,-27.71545],[153.45896,-27.71297],[153.45875,-27.70863],[153.45918,-27.70333],[153.45948,-27.70166],[153.49173,-27.70166],[153.48784,-27.725],[153.4755,-27.78116],[153.44501,-27.78116],[153.44639,-27.77484],[153.44761,-27.76476],[153.44827,-27.7622],[153.44937,-27.75649],[153.44424,-27.75649],[153.44455,-27.75343],[153.44429,-27.75247],[153.44391,-27.75202],[153.44317,-27.75138],[153.44236,-27.75142],[153.44131,-27.75118],[153.43945,-27.7515],[153.43914,-27.75256],[153.4311,-27.74459],[153.41271,-27.74559],[153.3994,-27.73292],[153.40121,-27.7293],[153.40121,-27.7274],[153.40094,-27.72614],[153.39989,-27.72379],[153.39937,-27.72325],[153.39781,-27.72026],[153.39715,-27.71949],[153.39514,-27.71803],[153.39365,-27.71652],[153.39197,-27.71414],[153.39118,-27.71176],[153.38979,-27.70955],[153.38979,-27.70477],[153.39006,-27.70474],[153.39034,-27.7043],[153.3902,-27.70396],[153.39029,-27.70349],[153.39082,-27.70278],[153.39044,-27.70229],[153.39076,-27.70184],[153.39115,-27.70053],[153.39288,-27.69785],[153.39327,-27.69679],[153.39399,-27.69556],[153.3939,-27.69536],[153.39293,-27.69501],[153.3933,-27.69464],[153.39308,-27.6942],[153.39365,-27.69369],[153.39352,-27.69329],[153.39326,-27.69323],[153.39316,-27.69338],[153.3931,-27.69326],[153.39323,-27.69272],[153.39311,-27.69236],[153.39336,-27.69185],[153.39303,-27.69177],[153.39278,-27.69137],[153.39288,-27.69115],[153.39204,-27.69103],[153.3922,-27.68945],[153.3924,-27.6892],[153.39243,-27.68823],[153.39223,-27.68702],[153.39252,-27.68552],[153.39274,-27.68535],[153.39291,-27.68477],[153.39412,-27.68477],[153.39412,-27.67762],[153.39242,-27.67762],[153.39226,-27.67736],[153.39232,-27.67676],[153.39188,-27.6763],[153.39219,-27.67596],[153.39275,-27.67568],[153.39321,-27.67491],[153.39344,-27.67375],[153.393,-27.67281],[153.39303,-27.67252],[153.38896,-27.67194],[153.38901,-27.6705],[153.38936,-27.66892],[153.3906,-27.66777],[153.39016,-27.66479],[153.39129,-27.66367],[153.39049,-27.66315],[153.38975,-27.66158],[153.38875,-27.6604],[153.3885,-27.65939],[153.38698,-27.65909],[153.38668,-27.65841],[153.38678,-27.65802],[153.38707,-27.65777],[153.38741,-27.65706],[153.38805,-27.65667],[153.38853,-27.65596],[153.38948,-27.6554],[153.39068,-27.65535],[153.39179,-27.65504],[153.39451,-27.6541],[153.39519,-27.65355],[153.39653,-27.65308],[153.39689,-27.65267],[153.39732,-27.65162],[153.39733,-27.65015],[153.39771,-27.64937],[153.39863,-27.64892],[153.40067,-27.64841],[153.40126,-27.64763],[153.40204,-27.6472],[153.40279,-27.64577],[153.40381,-27.64464],[153.40446,-27.64339],[153.40581,-27.64232],[153.40781,-27.64212],[153.40839,-27.64219],[153.40978,-27.64186],[153.41033,-27.64199],[153.41093,-27.64277],[153.41171,-27.64266],[153.41156,-27.64287],[153.41179,-27.64303],[153.41562,-27.64212],[153.41593,-27.64188],[153.41587,-27.64155],[153.41534,-27.64136],[153.41486,-27.64139],[153.41424,-27.64112],[153.41134,-27.64154],[153.41057,-27.64148],[153.40907,-27.64028],[153.40849,-27.64031],[153.40706,-27.63965],[153.4061,-27.63955],[153.40582,-27.63931],[153.40535,-27.63831],[153.40499,-27.63807],[153.40391,-27.63804],[153.40373,-27.63851],[153.40418,-27.63971],[153.40401,-27.64031],[153.40352,-27.64075],[153.40356,-27.64197],[153.40301,-27.64267],[153.40288,-27.64326],[153.40211,-27.6438],[153.40181,-27.6444],[153.40121,-27.64491],[153.39886,-27.64553],[153.39702,-27.64564],[153.39469,-27.6454],[153.39319,-27.64492],[153.39142,-27.64246],[153.39077,-27.64203],[153.39023,-27.64193],[153.38985,-27.64214],[153.38964,-27.64249],[153.38957,-27.64429],[153.39074,-27.64524],[153.39149,-27.64702],[153.3924,-27.64828],[153.39249,-27.64865],[153.39056,-27.64803],[153.38816,-27.64816],[153.38741,-27.647],[153.38614,-27.64724],[153.38368,-27.64676],[153.38367,-27.64015],[153.38201,-27.6397],[153.38074,-27.63985],[153.37877,-27.63903],[153.37877,-27.6317],[153.37919,-27.63102],[153.38069,-27.62967],[153.3819,-27.62895],[153.38308,-27.62747],[153.38386,-27.62714],[153.38486,-27.6274],[153.38514,-27.62729],[153.38434,-27.62612],[153.38448,-27.62547],[153.38508,-27.62429],[153.38615,-27.62294],[153.38872,-27.62095],[153.38818,-27.62047],[153.3873,-27.62013],[153.38693,-27.61979],[153.38877,-27.61979],[153.38952,-27.62056],[153.38961,-27.62101],[153.38949,-27.62143],[153.38889,-27.62205],[153.38676,-27.6236],[153.38588,-27.62472],[153.38527,-27.62601],[153.38601,-27.62706],[153.38601,-27.62753],[153.38581,-27.62789],[153.38498,-27.6283],[153.38374,-27.62811],[153.38248,-27.62964],[153.38123,-27.63039],[153.37986,-27.63165],[153.37933,-27.63239],[153.38032,-27.6336],[153.38629,-27.63431],[153.39324,-27.63354],[153.39745,-27.63071],[153.39872,-27.62391],[153.39852,-27.61979],[153.40873,-27.62646],[153.41692,-27.63141],[153.41682,-27.63168],[153.41697,-27.6323],[153.41767,-27.63296],[153.41753,-27.63376],[153.41805,-27.63626],[153.41823,-27.63664],[153.41939,-27.63759],[153.42005,-27.63847],[153.42068,-27.64013],[153.42172,-27.6422],[153.42169,-27.64244],[153.42131,-27.64281],[153.42138,-27.64366],[153.42079,-27.64514],[153.42037,-27.64679],[153.41972,-27.64768],[153.40827,-27.64768],[153.40333,-27.65011],[153.3989,-27.65536],[153.39335,-27.66007],[153.39464,-27.66372],[153.40058,-27.66821],[153.4021,-27.66821],[153.40236,-27.66852],[153.40265,-27.66985],[153.40194,-27.67209],[153.40192,-27.67369],[153.40215,-27.67527],[153.40204,-27.67672],[153.40143,-27.67791],[153.40011,-27.67877],[153.40021,-27.67934],[153.40092,-27.67985],[153.40109,-27.68025],[153.40043,-27.68112],[153.39892,-27.68192],[153.39879,-27.68303],[153.39915,-27.68454],[153.40014,-27.68572],[153.39996,-27.68688],[153.40033,-27.68768],[153.40034,-27.68818],[153.40156,-27.68987],[153.40183,-27.69059],[153.40208,-27.69186],[153.40193,-27.69407],[153.40146,-27.69644],[153.40094,-27.69788],[153.40092,-27.69969],[153.40056,-27.70102],[153.40041,-27.7024],[153.39996,-27.70302],[153.39982,-27.70361],[153.39879,-27.70438],[153.39825,-27.70512],[153.39803,-27.70732],[153.39753,-27.70843],[153.39682,-27.709],[153.39665,-27.70981],[153.39618,-27.71022],[153.39613,-27.71095],[153.39708,-27.71186],[153.39871,-27.71297],[153.40086,-27.71583],[153.40163,-27.71648],[153.40279,-27.71864],[153.40336,-27.71897],[153.40373,-27.71942],[153.4047,-27.72083],[153.40496,-27.72158],[153.40844,-27.72401],[153.40574,-27.72401],[153.40646,-27.72747],[153.40643,-27.72921],[153.40601,-27.73168],[153.40615,-27.73303],[153.40679,-27.73434],[153.4081,-27.73558],[153.41077,-27.7373],[153.41187,-27.73865],[153.4134,-27.73947],[153.41805,-27.74062],[153.42026,-27.74053],[153.42246,-27.74075],[153.42529,-27.74037],[153.4265,-27.7399],[153.43013,-27.73758],[153.43226,-27.73601]]]}},{"type":"Feature","properties":{"name":"Cox Bank","zt":"MNP","zid":"MNP24","notake":true,"plan":"Moreton Bay MP","src":"https://parks.qld.gov.au/parks/moreton-bay/zoning/app-and-maps"},"geometry":{"type":"Polygon","coordinates":[[[153.30492,-27.56398],[153.30076,-27.56354],[153.30023,-27.56613],[153.29847,-27.56622],[153.29717,-27.56674],[153.29625,-27.56675],[153.29561,-27.56709],[153.29463,-27.56814],[153.29196,-27.56914],[153.29126,-27.56956],[153.29041,-27.57035],[153.29004,-27.57035],[153.28949,-27.56908],[153.28948,-27.56862],[153.29001,-27.56768],[153.29084,-27.56672],[153.29112,-27.56574],[153.29111,-27.5655],[153.28972,-27.5655],[153.28972,-27.54326],[153.30872,-27.54326],[153.31569,-27.5307],[153.33305,-27.53269],[153.33672,-27.54108],[153.31903,-27.56194],[153.30492,-27.56194],[153.30492,-27.56398]]]}},{"type":"Feature","properties":{"name":"Pumicestone Channel-Godwin Beach","zt":"CPZ","zid":"CPZ02","notake":false,"plan":"Moreton Bay MP","src":"https://parks.qld.gov.au/parks/moreton-bay/zoning/app-and-maps"},"geometry":{"type":"Polygon","coordinates":[[[153.17948,-27.09899],[153.17948,-27.10985],[153.12167,-27.10985],[153.12167,-27.09069],[153.11978,-27.09],[153.11882,-27.08945],[153.11832,-27.0895],[153.1147,-27.09027],[153.11001,-27.09186],[153.1082,-27.09225],[153.10497,-27.09467],[153.10189,-27.09597],[153.1004,-27.09706],[153.08992,-27.10283],[153.08857,-27.10331],[153.08627,-27.10455],[153.08273,-27.10617],[153.0813,-27.10719],[153.08037,-27.10763],[153.07771,-27.10954],[153.07592,-27.11054],[153.07437,-27.11102],[153.07072,-27.11341],[153.06419,-27.11341],[153.06671,-27.11047],[153.07184,-27.10702],[153.07279,-27.10661],[153.07369,-27.10649],[153.07591,-27.1051],[153.07772,-27.1037],[153.0785,-27.10344],[153.0807,-27.1019],[153.08092,-27.10179],[153.08117,-27.10188],[153.08629,-27.09927],[153.08739,-27.09892],[153.0976,-27.09331],[153.09883,-27.09225],[153.10216,-27.09092],[153.10418,-27.08938],[153.10438,-27.08856],[153.10485,-27.08833],[153.10548,-27.08844],[153.10553,-27.0881],[153.10697,-27.08772],[153.10751,-27.08777],[153.10839,-27.08759],[153.11448,-27.08564],[153.11853,-27.08493],[153.12012,-27.08492],[153.12101,-27.08508],[153.12179,-27.08545],[153.122,-27.08595],[153.12392,-27.08671],[153.12739,-27.08629],[153.13008,-27.08681],[153.13269,-27.08608],[153.13316,-27.08575],[153.13359,-27.08496],[153.13522,-27.08403],[153.14115,-27.08151],[153.14152,-27.08148],[153.14197,-27.08095],[153.14263,-27.08069],[153.1427,-27.08038],[153.14221,-27.07975],[153.14172,-27.07958],[153.14201,-27.07933],[153.14192,-27.07866],[153.14286,-27.07718],[153.1442,-27.07571],[153.14417,-27.0754],[153.14354,-27.07437],[153.14198,-27.07338],[153.13991,-27.07286],[153.1383,-27.07217],[153.13696,-27.07039],[153.13532,-27.06921],[153.13384,-27.06726],[153.13244,-27.06673],[153.1322,-27.06682],[153.13183,-27.06657],[153.13079,-27.06707],[153.12985,-27.06654],[153.12851,-27.06527],[153.12656,-27.06463],[153.12654,-27.06441],[153.12526,-27.06377],[153.12399,-27.06353],[153.12314,-27.06364],[153.12226,-27.06335],[153.12137,-27.06361],[153.11994,-27.06367],[153.11931,-27.0639],[153.11833,-27.06399],[153.11805,-27.0641],[153.11787,-27.06441],[153.11616,-27.06423],[153.11463,-27.06446],[153.11293,-27.0645],[153.11192,-27.06476],[153.11021,-27.06576],[153.10917,-27.06616],[153.10814,-27.06633],[153.10592,-27.06634],[153.10323,-27.06569],[153.10108,-27.06538],[153.09621,-27.06309],[153.0945,-27.06263],[153.09119,-27.05992],[153.09098,-27.0599],[153.09131,-27.05802],[153.08703,-27.05834],[153.08549,-27.05731],[153.08507,-27.0574],[153.08345,-27.05717],[153.08551,-27.05952],[153.08647,-27.06109],[153.08645,-27.06136],[153.08624,-27.06141],[153.08556,-27.06052],[153.08522,-27.06034],[153.08498,-27.05988],[153.08415,-27.05936],[153.08309,-27.05764],[153.08138,-27.05741],[153.08123,-27.05809],[153.0811,-27.05775],[153.08074,-27.05763],[153.08035,-27.05638],[153.07962,-27.0556],[153.07896,-27.05458],[153.07479,-27.0544],[153.07438,-27.05466],[153.07429,-27.05509],[153.07377,-27.05525],[153.07352,-27.05563],[153.07272,-27.05477],[153.07157,-27.05468],[153.07089,-27.05418],[153.06952,-27.05384],[153.06878,-27.05392],[153.06819,-27.0547],[153.06754,-27.05457],[153.06718,-27.05428],[153.06687,-27.05355],[153.0654,-27.05215],[153.06527,-27.04941],[153.06417,-27.04954],[153.06079,-27.0557],[153.05837,-27.05546],[153.05695,-27.05616],[153.05665,-27.05607],[153.05635,-27.05565],[153.05634,-27.05486],[153.05602,-27.05414],[153.05471,-27.05279],[153.05435,-27.0522],[153.05418,-27.05162],[153.05442,-27.05067],[153.05415,-27.05038],[153.05248,-27.05068],[153.05166,-27.05157],[153.05061,-27.05193],[153.0502,-27.05184],[153.04966,-27.05123],[153.04919,-27.05096],[153.04791,-27.05047],[153.04762,-27.05056],[153.04676,-27.0515],[153.04639,-27.05142],[153.0456,-27.05075],[153.04556,-27.05052],[153.04548,-27.04822],[153.04588,-27.04674],[153.0458,-27.04641],[153.04631,-27.04586],[153.04744,-27.04561],[153.04833,-27.04499],[153.04838,-27.04478],[153.04744,-27.04367],[153.0451,-27.04238],[153.04447,-27.04219],[153.0436,-27.04283],[153.04458,-27.0443],[153.0446,-27.04478],[153.04418,-27.04532],[153.04342,-27.04561],[153.04331,-27.04537],[153.04396,-27.04518],[153.04439,-27.0446],[153.04436,-27.04438],[153.04351,-27.04338],[153.04336,-27.04293],[153.04339,-27.04252],[153.04392,-27.04207],[153.04501,-27.04211],[153.04728,-27.04332],[153.04802,-27.04386],[153.04871,-27.04481],[153.04862,-27.04508],[153.04749,-27.04588],[153.04629,-27.04625],[153.04625,-27.04678],[153.04581,-27.04776],[153.04578,-27.04889],[153.04582,-27.05046],[153.04625,-27.05101],[153.04678,-27.05121],[153.04751,-27.05041],[153.04823,-27.05034],[153.0494,-27.05063],[153.05022,-27.05157],[153.05085,-27.05164],[153.0514,-27.05148],[153.05247,-27.05043],[153.05383,-27.05011],[153.05445,-27.05018],[153.05465,-27.0504],[153.0549,-27.05197],[153.05695,-27.05468],[153.05721,-27.05549],[153.05812,-27.05506],[153.05919,-27.05499],[153.05986,-27.05514],[153.06094,-27.05429],[153.06199,-27.05198],[153.06161,-27.05061],[153.06115,-27.04979],[153.0612,-27.04873],[153.05904,-27.04638],[153.05918,-27.04514],[153.05999,-27.04524],[153.05976,-27.04412],[153.05981,-27.04371],[153.06003,-27.04347],[153.05987,-27.04319],[153.05993,-27.04256],[153.06146,-27.04253],[153.0617,-27.04235],[153.06237,-27.04098],[153.0642,-27.04074],[153.06544,-27.0411],[153.06644,-27.04164],[153.06862,-27.04409],[153.06914,-27.0451],[153.06933,-27.04598],[153.06923,-27.04665],[153.06864,-27.04748],[153.06867,-27.04829],[153.06935,-27.04849],[153.07015,-27.04992],[153.0709,-27.05071],[153.07271,-27.05175],[153.07336,-27.05195],[153.07417,-27.05182],[153.07618,-27.05202],[153.07816,-27.05193],[153.07842,-27.05244],[153.08011,-27.05344],[153.08147,-27.05467],[153.08411,-27.05372],[153.08547,-27.04732],[153.08842,-27.04285],[153.09119,-27.04024],[153.09295,-27.0405],[153.09215,-27.04498],[153.09295,-27.0473],[153.09389,-27.04774],[153.09457,-27.04851],[153.09503,-27.04987],[153.09723,-27.05356],[153.09772,-27.05404],[153.10078,-27.05527],[153.10273,-27.05584],[153.10381,-27.05591],[153.10672,-27.05717],[153.1075,-27.05724],[153.10866,-27.05683],[153.10948,-27.05603],[153.11003,-27.05475],[153.11032,-27.0527],[153.1098,-27.04953],[153.10876,-27.04769],[153.10829,-27.04634],[153.10763,-27.0454],[153.1053,-27.04337],[153.1044,-27.04087],[153.10337,-27.03965],[153.10332,-27.03771],[153.10258,-27.03462],[153.10138,-27.03403],[153.10038,-27.03259],[153.09791,-27.03111],[153.0964,-27.02981],[153.09561,-27.02939],[153.09386,-27.02772],[153.09254,-27.02714],[153.09179,-27.02697],[153.09105,-27.02815],[153.09099,-27.02854],[153.09118,-27.02897],[153.09131,-27.02913],[153.0917,-27.02911],[153.0915,-27.03024],[153.09036,-27.03055],[153.08908,-27.03217],[153.08858,-27.03225],[153.08397,-27.03161],[153.08344,-27.03266],[153.08327,-27.03428],[153.08272,-27.03666],[153.08132,-27.03886],[153.08172,-27.03934],[153.08145,-27.03934],[153.08145,-27.04018],[153.08065,-27.04135],[153.0798,-27.04215],[153.07969,-27.04246],[153.07886,-27.0428],[153.07762,-27.04296],[153.07734,-27.04336],[153.07458,-27.04173],[153.07127,-27.04069],[153.07116,-27.04038],[153.07028,-27.03988],[153.0702,-27.03939],[153.07059,-27.03866],[153.07155,-27.03787],[153.07303,-27.03714],[153.07217,-27.03581],[153.07128,-27.03495],[153.07125,-27.03483],[153.07185,-27.03525],[153.07144,-27.03449],[153.07037,-27.03395],[153.06864,-27.03371],[153.06691,-27.03383],[153.06502,-27.03326],[153.06421,-27.03354],[153.06225,-27.03467],[153.06192,-27.0351],[153.06196,-27.03597],[153.0627,-27.03716],[153.06256,-27.03765],[153.06213,-27.03793],[153.06168,-27.03799],[153.0616,-27.03858],[153.0612,-27.03912],[153.06066,-27.03944],[153.06,-27.03949],[153.05908,-27.03871],[153.05871,-27.03744],[153.05899,-27.03651],[153.06006,-27.03659],[153.06025,-27.03639],[153.06007,-27.03476],[153.05949,-27.03372],[153.05845,-27.03336],[153.05606,-27.03314],[153.05472,-27.03279],[153.05344,-27.03191],[153.05271,-27.03077],[153.05192,-27.03034],[153.04986,-27.02963],[153.0489,-27.0295],[153.04842,-27.03022],[153.04817,-27.031],[153.04744,-27.03115],[153.047,-27.03102],[153.0465,-27.03039],[153.04645,-27.0298],[153.0471,-27.02896],[153.04705,-27.02882],[153.04593,-27.02851],[153.04506,-27.02851],[153.04467,-27.02857],[153.04303,-27.02953],[153.04135,-27.03124],[153.04074,-27.03143],[153.04015,-27.03128],[153.03999,-27.03017],[153.0404,-27.02798],[153.04377,-27.02562],[153.04398,-27.02544],[153.04401,-27.02514],[153.04337,-27.02502],[153.04204,-27.0253],[153.0413,-27.02514],[153.04114,-27.02472],[153.04117,-27.02445],[153.04152,-27.02401],[153.04141,-27.0238],[153.04029,-27.02325],[153.03975,-27.02347],[153.03891,-27.02472],[153.03759,-27.02571],[153.03677,-27.02612],[153.03557,-27.02619],[153.03517,-27.02592],[153.03528,-27.02552],[153.03551,-27.02553],[153.03548,-27.0253],[153.03463,-27.02439],[153.0338,-27.02418],[153.03211,-27.02423],[153.03189,-27.02402],[153.03176,-27.02344],[153.03106,-27.02289],[153.03057,-27.02325],[153.02975,-27.02323],[153.02954,-27.02273],[153.02964,-27.02254],[153.03044,-27.02245],[153.03136,-27.02194],[153.03121,-27.02165],[153.03044,-27.02117],[153.0303,-27.02049],[153.0308,-27.01997],[153.0317,-27.02048],[153.0321,-27.02005],[153.03152,-27.01947],[153.03205,-27.01826],[153.03181,-27.01787],[153.03083,-27.01717],[153.03047,-27.01725],[153.03049,-27.01753],[153.02932,-27.01763],[153.02831,-27.01744],[153.02809,-27.01721],[153.02804,-27.01636],[153.02915,-27.01437],[153.02956,-27.01299],[153.02956,-27.01247],[153.02916,-27.01172],[153.02707,-27.00939],[153.0257,-27.00539],[153.02357,-27.00471],[153.02291,-27.00427],[153.02029,-27.00136],[153.01855,-26.99863],[153.01675,-26.99772],[153.01647,-26.99679],[153.0161,-26.99651],[153.01582,-26.99654],[153.01571,-26.99688],[153.01548,-26.99702],[153.01442,-26.99744],[153.01049,-26.99811],[153.01015,-26.99805],[153.01021,-26.99792],[153.01108,-26.99765],[153.01369,-26.99733],[153.01506,-26.99681],[153.01582,-26.99616],[153.01634,-26.99623],[153.01735,-26.99748],[153.01903,-26.99867],[153.0206,-27.00115],[153.02326,-27.00398],[153.02392,-27.00435],[153.02584,-27.00493],[153.02628,-27.00568],[153.02701,-27.00819],[153.02744,-27.00913],[153.02992,-27.01183],[153.03003,-27.01265],[153.02985,-27.01404],[153.02954,-27.01488],[153.02853,-27.01632],[153.02849,-27.01687],[153.02935,-27.01727],[153.02972,-27.01728],[153.03032,-27.01668],[153.03002,-27.01607],[153.03032,-27.01597],[153.03089,-27.01683],[153.03197,-27.01761],[153.03258,-27.01829],[153.03218,-27.01916],[153.03266,-27.01915],[153.0327,-27.01882],[153.03287,-27.01878],[153.03357,-27.01966],[153.03344,-27.02009],[153.03295,-27.02036],[153.0329,-27.0205],[153.03319,-27.02088],[153.03257,-27.02162],[153.03223,-27.02152],[153.03166,-27.02089],[153.03131,-27.0208],[153.0309,-27.02029],[153.03057,-27.02047],[153.03062,-27.02083],[153.03136,-27.02127],[153.03177,-27.02198],[153.03184,-27.02247],[153.03256,-27.02307],[153.03267,-27.02384],[153.03347,-27.02374],[153.03458,-27.02392],[153.03507,-27.02419],[153.03581,-27.0249],[153.03615,-27.02558],[153.03647,-27.02572],[153.03823,-27.02457],[153.03942,-27.02316],[153.0404,-27.02286],[153.0418,-27.02347],[153.04192,-27.02415],[153.04164,-27.02476],[153.04181,-27.02492],[153.04379,-27.02461],[153.04439,-27.02486],[153.04457,-27.02515],[153.04447,-27.02565],[153.04282,-27.02701],[153.04071,-27.02844],[153.04052,-27.03082],[153.0408,-27.03079],[153.04214,-27.02963],[153.04449,-27.02814],[153.04665,-27.02828],[153.04723,-27.02855],[153.04762,-27.02894],[153.04749,-27.02932],[153.04699,-27.02978],[153.04702,-27.03031],[153.04728,-27.03067],[153.04754,-27.03074],[153.0479,-27.03054],[153.04817,-27.02974],[153.04851,-27.0293],[153.04942,-27.02916],[153.05229,-27.02999],[153.05315,-27.03071],[153.05395,-27.03181],[153.05504,-27.03248],[153.05594,-27.0327],[153.05881,-27.03297],[153.05951,-27.03319],[153.06025,-27.03395],[153.0611,-27.03673],[153.06133,-27.03525],[153.06174,-27.0345],[153.06411,-27.03297],[153.06505,-27.03287],[153.06602,-27.03297],[153.0665,-27.03273],[153.06727,-27.0327],[153.06944,-27.03301],[153.06951,-27.03317],[153.0717,-27.03416],[153.07351,-27.03654],[153.07361,-27.03752],[153.07311,-27.03774],[153.07311,-27.03799],[153.07348,-27.03843],[153.07457,-27.03948],[153.07615,-27.03985],[153.07741,-27.03804],[153.07524,-27.03714],[153.07601,-27.03696],[153.07619,-27.03668],[153.07603,-27.03638],[153.07529,-27.03592],[153.0754,-27.03546],[153.07651,-27.03543],[153.07797,-27.03575],[153.07781,-27.0339],[153.07759,-27.03386],[153.07761,-27.03267],[153.07713,-27.03161],[153.0773,-27.02881],[153.07774,-27.02844],[153.07788,-27.02811],[153.07738,-27.02744],[153.07753,-27.02505],[153.07682,-27.02376],[153.07609,-27.02308],[153.07594,-27.02205],[153.07531,-27.02126],[153.07442,-27.02084],[153.07284,-27.02106],[153.06882,-27.02395],[153.06866,-27.02476],[153.06886,-27.02567],[153.06683,-27.03238],[153.06659,-27.0325],[153.06473,-27.03027],[153.06476,-27.02986],[153.06461,-27.0297],[153.06608,-27.02892],[153.06668,-27.02802],[153.06676,-27.02693],[153.06704,-27.02623],[153.06653,-27.0237],[153.06625,-27.02331],[153.06546,-27.02306],[153.06414,-27.0223],[153.06218,-27.02233],[153.0623,-27.02156],[153.06111,-27.01966],[153.0614,-27.01823],[153.05864,-27.0178],[153.05816,-27.01727],[153.0571,-27.01731],[153.05689,-27.01752],[153.05636,-27.01744],[153.05619,-27.01833],[153.05575,-27.01817],[153.05577,-27.01836],[153.05722,-27.01998],[153.05525,-27.02169],[153.05361,-27.02003],[153.05397,-27.01992],[153.05411,-27.01965],[153.05354,-27.01944],[153.0532,-27.01961],[153.0528,-27.01881],[153.05242,-27.01882],[153.05113,-27.01751],[153.05145,-27.01686],[153.05054,-27.01655],[153.05009,-27.01605],[153.04964,-27.016],[153.04897,-27.01532],[153.04894,-27.0142],[153.05009,-27.01393],[153.05064,-27.01397],[153.05214,-27.0134],[153.05317,-27.01341],[153.05328,-27.01355],[153.05364,-27.01349],[153.05517,-27.01379],[153.05591,-27.014],[153.05636,-27.01436],[153.05805,-27.01426],[153.05886,-27.0149],[153.05904,-27.01533],[153.05975,-27.01533],[153.06015,-27.01558],[153.06065,-27.01626],[153.06195,-27.01694],[153.06319,-27.01734],[153.06417,-27.01797],[153.06583,-27.01968],[153.0677,-27.02058],[153.06857,-27.02168],[153.06897,-27.02181],[153.0695,-27.02162],[153.07037,-27.02035],[153.0731,-27.01817],[153.07336,-27.01759],[153.07232,-27.01569],[153.07092,-27.01394],[153.07054,-27.01267],[153.07051,-27.01033],[153.07073,-27.00919],[153.07244,-27.00624],[153.07219,-27.00525],[153.07128,-27.0033],[153.0714,-27.00059],[153.07124,-27.0],[153.07008,-26.99932],[153.06939,-26.99864],[153.06902,-26.99855],[153.0682,-26.99855],[153.06782,-26.99904],[153.06752,-26.99913],[153.0665,-26.99877],[153.06535,-26.99778],[153.06517,-26.99677],[153.06431,-26.99647],[153.06353,-26.99649],[153.06255,-26.99525],[153.06194,-26.99505],[153.06163,-26.99455],[153.06183,-26.99338],[153.06176,-26.99283],[153.06113,-26.99231],[153.06023,-26.99199],[153.06072,-26.99067],[153.06052,-26.98931],[153.06012,-26.98862],[153.05956,-26.98838],[153.05719,-26.98845],[153.05679,-26.98829],[153.05638,-26.98834],[153.05565,-26.98867],[153.05552,-26.98908],[153.05502,-26.9893],[153.05321,-26.99064],[153.05285,-26.9907],[153.05273,-26.99063],[153.05323,-26.98773],[153.05243,-26.98753],[153.05211,-26.98726],[153.05201,-26.98694],[153.05156,-26.98686],[153.05025,-26.98723],[153.04895,-26.98696],[153.04795,-26.98754],[153.04766,-26.98788],[153.04775,-26.98821],[153.04631,-26.98842],[153.04556,-26.9894],[153.04362,-26.98891],[153.04389,-26.98928],[153.04376,-26.98952],[153.0426,-26.98999],[153.04078,-26.9902],[153.04017,-26.99065],[153.03817,-26.99161],[153.03803,-26.99216],[153.0376,-26.99237],[153.03686,-26.99192],[153.03584,-26.99045],[153.03486,-26.99045],[153.03397,-26.99081],[153.03347,-26.99128],[153.03146,-26.99144],[153.03076,-26.99166],[153.03043,-26.99199],[153.02972,-26.9916],[153.02936,-26.99117],[153.02761,-26.9906],[153.02738,-26.9902],[153.02748,-26.98953],[153.02811,-26.98927],[153.02905,-26.9881],[153.02897,-26.98777],[153.02807,-26.98781],[153.02694,-26.9875],[153.02574,-26.98797],[153.02442,-26.98811],[153.0235,-26.98793],[153.0227,-26.98753],[153.02271,-26.98724],[153.02297,-26.98716],[153.02392,-26.98758],[153.02446,-26.98753],[153.02463,-26.98721],[153.02436,-26.98698],[153.02438,-26.9867],[153.02513,-26.98622],[153.02537,-26.98582],[153.02522,-26.98553],[153.0244,-26.98517],[153.02415,-26.98551],[153.02372,-26.98566],[153.02314,-26.98565],[153.02289,-26.98547],[153.02303,-26.98509],[153.02325,-26.98499],[153.02284,-26.98475],[153.02352,-26.98431],[153.02276,-26.98342],[153.02266,-26.98275],[153.0229,-26.98226],[153.02264,-26.98178],[153.02277,-26.98126],[153.02292,-26.9812],[153.02278,-26.98188],[153.02303,-26.9821],[153.02307,-26.98244],[153.02283,-26.98283],[153.0229,-26.98328],[153.02375,-26.98422],[153.0231,-26.98469],[153.0234,-26.98493],[153.02311,-26.9852],[153.0231,-26.98547],[153.02395,-26.98547],[153.02433,-26.98503],[153.02531,-26.98542],[153.02552,-26.98584],[153.02531,-26.98629],[153.02451,-26.98679],[153.02479,-26.98719],[153.0246,-26.98763],[153.02403,-26.98773],[153.02293,-26.9873],[153.02281,-26.98737],[153.02292,-26.98754],[153.02412,-26.98794],[153.02522,-26.9879],[153.02644,-26.98753],[153.02667,-26.9873],[153.02663,-26.98684],[153.02693,-26.98667],[153.02721,-26.98664],[153.02762,-26.98713],[153.02874,-26.98675],[153.02964,-26.98694],[153.02981,-26.98712],[153.02991,-26.98788],[153.03053,-26.9882],[153.03081,-26.98857],[153.03113,-26.98865],[153.0313,-26.98858],[153.03158,-26.98795],[153.03213,-26.98794],[153.03355,-26.98828],[153.0347,-26.98826],[153.03514,-26.98753],[153.03599,-26.98717],[153.03646,-26.98737],[153.03693,-26.98782],[153.03699,-26.98811],[153.03656,-26.98874],[153.03659,-26.98896],[153.03866,-26.98953],[153.03957,-26.98926],[153.04021,-26.98858],[153.04174,-26.98815],[153.04345,-26.9872],[153.04501,-26.98584],[153.04583,-26.98493],[153.04608,-26.98437],[153.04608,-26.98408],[153.04542,-26.98331],[153.04525,-26.9824],[153.04459,-26.98169],[153.04415,-26.98079],[153.04462,-26.97827],[153.0457,-26.97572],[153.04566,-26.97446],[153.04496,-26.97308],[153.04291,-26.97196],[153.04246,-26.97155],[153.04231,-26.97042],[153.04284,-26.96948],[153.04354,-26.9693],[153.04591,-26.96996],[153.04664,-26.97032],[153.04739,-26.9712],[153.04855,-26.97158],[153.04993,-26.97255],[153.05064,-26.97261],[153.05239,-26.97338],[153.05348,-26.9736],[153.05726,-26.97506],[153.05901,-26.97663],[153.06004,-26.97691],[153.06023,-26.9771],[153.06041,-26.97823],[153.06087,-26.97869],[153.06175,-26.97854],[153.06361,-26.97778],[153.06479,-26.97688],[153.06578,-26.97506],[153.06583,-26.97443],[153.06563,-26.97389],[153.06574,-26.97333],[153.07544,-26.97333],[153.07544,-26.96951],[153.07585,-26.96902],[153.07587,-26.9686],[153.07618,-26.96823],[153.07482,-26.9647],[153.07405,-26.96355],[153.07405,-26.96238],[153.07433,-26.96222],[153.07459,-26.96178],[153.07479,-26.9608],[153.07549,-26.95973],[153.07549,-26.95931],[153.07624,-26.95876],[153.07654,-26.95801],[153.07698,-26.95757],[153.07782,-26.95707],[153.08071,-26.95707],[153.0821,-26.95604],[153.08359,-26.95282],[153.08108,-26.94951],[153.08382,-26.94565],[153.08395,-26.94602],[153.08536,-26.94741],[153.08638,-26.94811],[153.08736,-26.94969],[153.08736,-26.95079],[153.08662,-26.95277],[153.08679,-26.95333],[153.0873,-26.95365],[153.08846,-26.95368],[153.08979,-26.95418],[153.09185,-26.95456],[153.09256,-26.95461],[153.09416,-26.95433],[153.09502,-26.95474],[153.09521,-26.95508],[153.09473,-26.95607],[153.09338,-26.95694],[153.09294,-26.95697],[153.09262,-26.95679],[153.09169,-26.95591],[153.09101,-26.956],[153.08999,-26.9571],[153.08968,-26.95842],[153.08816,-26.95899],[153.0871,-26.95848],[153.08649,-26.95862],[153.08606,-26.95847],[153.08557,-26.95796],[153.08492,-26.9567],[153.08456,-26.95673],[153.08356,-26.95815],[153.08343,-26.95884],[153.08338,-26.96061],[153.08315,-26.96098],[153.08369,-26.96232],[153.08446,-26.963],[153.08562,-26.96322],[153.08565,-26.96275],[153.08515,-26.96196],[153.08524,-26.96153],[153.0857,-26.96147],[153.08675,-26.96175],[153.0881,-26.96165],[153.0888,-26.96207],[153.08887,-26.96256],[153.08868,-26.96269],[153.08772,-26.96267],[153.08665,-26.96356],[153.08657,-26.96398],[153.08706,-26.96479],[153.08715,-26.96545],[153.08712,-26.96667],[153.08685,-26.96754],[153.08604,-26.96741],[153.0854,-26.96679],[153.08561,-26.96605],[153.08431,-26.96448],[153.08352,-26.96424],[153.08301,-26.96462],[153.08318,-26.96516],[153.08452,-26.96591],[153.08479,-26.96661],[153.08428,-26.96706],[153.08368,-26.96685],[153.08344,-26.96693],[153.08323,-26.96755],[153.08363,-26.9683],[153.0841,-26.96875],[153.08453,-26.96973],[153.08408,-26.97035],[153.08422,-26.9714],[153.08411,-26.9716],[153.083,-26.97149],[153.08206,-26.97102],[153.08165,-26.9704],[153.0812,-26.96862],[153.08143,-26.96768],[153.08041,-26.9677],[153.08034,-26.96759],[153.08063,-26.96713],[153.08025,-26.96702],[153.08008,-26.96708],[153.07979,-26.96944],[153.07914,-26.97215],[153.0797,-26.97246],[153.08037,-26.9724],[153.08101,-26.97199],[153.08155,-26.97219],[153.08196,-26.97272],[153.08228,-26.97363],[153.08201,-26.97451],[153.08217,-26.975],[153.08338,-26.97632],[153.084,-26.97659],[153.08515,-26.97747],[153.0858,-26.97864],[153.08595,-26.97936],[153.08656,-26.97983],[153.08715,-26.9799],[153.08756,-26.97964],[153.08754,-26.97902],[153.0878,-26.97875],[153.08966,-26.9793],[153.09027,-26.97913],[153.09046,-26.97861],[153.09014,-26.97763],[153.09319,-26.97838],[153.09424,-26.97829],[153.0952,-26.97756],[153.09601,-26.97727],[153.09731,-26.97725],[153.09859,-26.97767],[153.10034,-26.9789],[153.10117,-26.97876],[153.10181,-26.97887],[153.10196,-26.98037],[153.10185,-26.9805],[153.10048,-26.98022],[153.09744,-26.98028],[153.0962,-26.97986],[153.09538,-26.98004],[153.09456,-26.98064],[153.09378,-26.98094],[153.09157,-26.98098],[153.09114,-26.98125],[153.09091,-26.98181],[153.09102,-26.982],[153.09192,-26.98203],[153.09241,-26.98221],[153.09321,-26.98277],[153.09337,-26.98358],[153.09313,-26.98503],[153.09349,-26.98617],[153.09383,-26.98661],[153.09454,-26.98656],[153.09588,-26.98605],[153.09766,-26.9848],[153.09893,-26.98555],[153.09904,-26.98575],[153.09882,-26.98624],[153.09749,-26.9861],[153.09703,-26.98658],[153.09688,-26.98701],[153.09627,-26.9872],[153.09618,-26.98756],[153.09553,-26.98822],[153.0954,-26.98862],[153.09497,-26.98882],[153.09485,-26.98928],[153.09499,-26.98993],[153.09613,-26.99097],[153.09762,-26.99159],[153.09924,-26.99313],[153.09901,-26.99332],[153.09794,-26.9934],[153.09738,-26.99399],[153.09699,-26.9949],[153.09654,-26.9953],[153.09645,-26.99563],[153.0973,-26.99674],[153.09825,-26.99735],[153.09877,-26.9987],[153.09918,-26.99916],[153.09988,-27.00047],[153.10099,-27.00161],[153.10104,-27.00262],[153.1021,-27.00385],[153.10248,-27.00468],[153.10294,-27.00646],[153.10295,-27.00667],[153.1027,-27.00694],[153.10201,-27.00663],[153.10119,-27.0068],[153.10073,-27.00666],[153.10032,-27.00615],[153.09977,-27.00613],[153.09951,-27.00668],[153.09997,-27.00774],[153.09921,-27.00767],[153.09829,-27.00823],[153.0985,-27.01172],[153.09873,-27.01194],[153.09868,-27.01237],[153.09924,-27.01407],[153.10093,-27.01525],[153.10123,-27.016],[153.10219,-27.01679],[153.1052,-27.0181],[153.10594,-27.01892],[153.10779,-27.02037],[153.10839,-27.02117],[153.10919,-27.02163],[153.11093,-27.02226],[153.11299,-27.02283],[153.11352,-27.02327],[153.11567,-27.02443],[153.1173,-27.02613],[153.11807,-27.02644],[153.11956,-27.02743],[153.12042,-27.02813],[153.12165,-27.02964],[153.12215,-27.03031],[153.12273,-27.03155],[153.124,-27.03334],[153.12565,-27.03469],[153.12682,-27.03497],[153.12945,-27.03612],[153.1312,-27.03632],[153.13167,-27.03593],[153.13223,-27.03594],[153.13191,-27.03533],[153.13185,-27.03476],[153.13192,-27.03412],[153.13215,-27.03366],[153.13291,-27.03302],[153.13444,-27.03227],[153.13507,-27.03127],[153.13585,-27.03106],[153.13745,-27.03125],[153.13727,-27.0323],[153.13644,-27.03419],[153.13603,-27.03413],[153.13545,-27.03503],[153.13424,-27.03532],[153.13334,-27.03611],[153.13266,-27.03597],[153.13264,-27.0365],[153.1322,-27.03723],[153.13128,-27.03723],[153.13116,-27.0405],[153.13168,-27.04282],[153.13281,-27.04653],[153.1328,-27.04746],[153.1335,-27.05057],[153.13345,-27.05126],[153.13395,-27.0522],[153.13436,-27.05395],[153.1371,-27.05765],[153.1375,-27.0587],[153.13809,-27.05962],[153.13826,-27.06038],[153.13946,-27.06115],[153.14184,-27.06196],[153.14243,-27.06235],[153.14271,-27.0626],[153.14327,-27.0647],[153.14369,-27.06523],[153.14397,-27.06593],[153.14613,-27.06824],[153.14812,-27.06953],[153.14881,-27.06975],[153.14972,-27.07032],[153.15185,-27.07108],[153.15231,-27.07157],[153.15294,-27.07182],[153.15301,-27.07243],[153.15355,-27.0731],[153.15381,-27.07374],[153.15416,-27.07396],[153.15466,-27.07398],[153.1549,-27.07539],[153.15607,-27.07717],[153.15665,-27.07927],[153.15719,-27.08058],[153.1574,-27.08217],[153.15735,-27.08411],[153.15848,-27.08877],[153.159,-27.08991],[153.15906,-27.09052],[153.15965,-27.09127],[153.1612,-27.09127],[153.16214,-27.09209],[153.1638,-27.09649],[153.16491,-27.09861],[153.1665,-27.09995],[153.16802,-27.10039],[153.16918,-27.10035],[153.17239,-27.09975],[153.17517,-27.09978],[153.17948,-27.09899]],[[153.07943,-27.0062],[153.07798,-27.00617],[153.07745,-27.0064],[153.0774,-27.00661],[153.07755,-27.00691],[153.07786,-27.00709],[153.07925,-27.00748],[153.07985,-27.00701],[153.0797,-27.00636],[153.07943,-27.0062]]]}},{"type":"Feature","properties":{"name":"Crab Island","zt":"MNP","zid":"MNP15","notake":true,"plan":"Moreton Bay MP","src":"https://parks.qld.gov.au/parks/moreton-bay/zoning/app-and-maps"},"geometry":{"type":"Polygon","coordinates":[[[153.40493,-27.33904],[153.40627,-27.34206],[153.40734,-27.34326],[153.40804,-27.34505],[153.40804,-27.34624],[153.40736,-27.34752],[153.40706,-27.34776],[153.4068,-27.34843],[153.40618,-27.34898],[153.40489,-27.34943],[153.40423,-27.34935],[153.40362,-27.34959],[153.40265,-27.34969],[153.39992,-27.34798],[153.39872,-27.34694],[153.39832,-27.34678],[153.39811,-27.34623],[153.39759,-27.34599],[153.39753,-27.34564],[153.39791,-27.34537],[153.39777,-27.34503],[153.39719,-27.34504],[153.3968,-27.34475],[153.39657,-27.34429],[153.3965,-27.34388],[153.39672,-27.34375],[153.39692,-27.34385],[153.39715,-27.34365],[153.39669,-27.34338],[153.39652,-27.3429],[153.39699,-27.34273],[153.39628,-27.34245],[153.39597,-27.34206],[153.39571,-27.34199],[153.39568,-27.34163],[153.39514,-27.34121],[153.39548,-27.34076],[153.39558,-27.34029],[153.39533,-27.34008],[153.39571,-27.3401],[153.3953,-27.33969],[153.39572,-27.33959],[153.39573,-27.33917],[153.39592,-27.3389],[153.39665,-27.3385],[153.39646,-27.33829],[153.39645,-27.33781],[153.39606,-27.33738],[153.39631,-27.33692],[153.39649,-27.33503],[153.39798,-27.33372],[153.39802,-27.33337],[153.39855,-27.33273],[153.39853,-27.33224],[153.3988,-27.3319],[153.39897,-27.33118],[153.40079,-27.32826],[153.40094,-27.32775],[153.40158,-27.32726],[153.40284,-27.32668],[153.40348,-27.32656],[153.40513,-27.32689],[153.40563,-27.3274],[153.4056,-27.32799],[153.40584,-27.32874],[153.40535,-27.32985],[153.40603,-27.33033],[153.40619,-27.33082],[153.40615,-27.3317],[153.40594,-27.33234],[153.40557,-27.33243],[153.4056,-27.33332],[153.40459,-27.3357],[153.4045,-27.33637],[153.40501,-27.3382],[153.40493,-27.33904]]]}},{"type":"Feature","properties":{"name":"McCoys Creek","zt":"MNP","zid":"MNP33","notake":true,"plan":"Moreton Bay MP","src":"https://parks.qld.gov.au/parks/moreton-bay/zoning/app-and-maps"},"geometry":{"type":"Polygon","coordinates":[[[153.37747,-27.82278],[153.37723,-27.8233],[153.37719,-27.82401],[153.37713,-27.82517],[153.37729,-27.82593],[153.3759,-27.82683],[153.37558,-27.82732],[153.37563,-27.82804],[153.37547,-27.82831],[153.37418,-27.82831],[153.3737,-27.82725],[153.37307,-27.82692],[153.37287,-27.82592],[153.37157,-27.82501],[153.36985,-27.82495],[153.36803,-27.82522],[153.36721,-27.82409],[153.36682,-27.82406],[153.36581,-27.82475],[153.36601,-27.82565],[153.36631,-27.82594],[153.3667,-27.8269],[153.36637,-27.82809],[153.3657,-27.82914],[153.36319,-27.83054],[153.36196,-27.83072],[153.35944,-27.83149],[153.35989,-27.83113],[153.36182,-27.83047],[153.36302,-27.83032],[153.36424,-27.82951],[153.36485,-27.8293],[153.36567,-27.82863],[153.36619,-27.82739],[153.36622,-27.82677],[153.36549,-27.82558],[153.36527,-27.82471],[153.36566,-27.82412],[153.36643,-27.82355],[153.36719,-27.82338],[153.36785,-27.82405],[153.36844,-27.82412],[153.36891,-27.82397],[153.36978,-27.82314],[153.37139,-27.82318],[153.37233,-27.82339],[153.37331,-27.82284],[153.37454,-27.82274],[153.37701,-27.82215],[153.37747,-27.82278]]]}},{"type":"Feature","properties":{"name":"Westaways Creek","zt":"MNP","zid":"MNP01","notake":true,"plan":"Moreton Bay MP","src":"https://parks.qld.gov.au/parks/moreton-bay/zoning/app-and-maps"},"geometry":{"type":"Polygon","coordinates":[[[153.08435,-26.90448],[153.08436,-26.90364],[153.08527,-26.90165],[153.08764,-26.89822],[153.09015,-26.89793],[153.09289,-26.89733],[153.09447,-26.8973],[153.09517,-26.89698],[153.09967,-26.8962],[153.11086,-26.89167],[153.11012,-26.89249],[153.11015,-26.89271],[153.11092,-26.89291],[153.11114,-26.89319],[153.11126,-26.89346],[153.11103,-26.89376],[153.11002,-26.89352],[153.10792,-26.89375],[153.10651,-26.8948],[153.10513,-26.89555],[153.10443,-26.89627],[153.1031,-26.89725],[153.09963,-26.89854],[153.0992,-26.89887],[153.0974,-26.89945],[153.09647,-26.90015],[153.0946,-26.9009],[153.09394,-26.90088],[153.09358,-26.9013],[153.09358,-26.90184],[153.09401,-26.90243],[153.09466,-26.90258],[153.09528,-26.90247],[153.09613,-26.90276],[153.09663,-26.90342],[153.09678,-26.90396],[153.09767,-26.90499],[153.09831,-26.90638],[153.0978,-26.90885],[153.09759,-26.90927],[153.09764,-26.90995],[153.09743,-26.91025],[153.09709,-26.90992],[153.09691,-26.91004],[153.09636,-26.91144],[153.09626,-26.91228],[153.09673,-26.91299],[153.09735,-26.91326],[153.10046,-26.91314],[153.10137,-26.91291],[153.10174,-26.91304],[153.10241,-26.91407],[153.10245,-26.91434],[153.10232,-26.91439],[153.10163,-26.91394],[153.10078,-26.91384],[153.10046,-26.91393],[153.10029,-26.91428],[153.10102,-26.91523],[153.10219,-26.91532],[153.1019,-26.9157],[153.10108,-26.91575],[153.09901,-26.91398],[153.09904,-26.91458],[153.09838,-26.91471],[153.0986,-26.91541],[153.0976,-26.91515],[153.09642,-26.91442],[153.0956,-26.91347],[153.09531,-26.91258],[153.09529,-26.9114],[153.09678,-26.90795],[153.09688,-26.90595],[153.09649,-26.90508],[153.09623,-26.90487],[153.09368,-26.9043],[153.09298,-26.90447],[153.09292,-26.90474],[153.09334,-26.90541],[153.09308,-26.90567],[153.09281,-26.90557],[153.09263,-26.90496],[153.09265,-26.90418],[153.0922,-26.90314],[153.09244,-26.9029],[153.09299,-26.90303],[153.09303,-26.90278],[153.09208,-26.90224],[153.0891,-26.90276],[153.08839,-26.90295],[153.08808,-26.9032],[153.08742,-26.90315],[153.08682,-26.90332],[153.08435,-26.90448]]]}},{"type":"Feature","properties":{"name":"Cherub's Cave-Henderson Rock","zt":"MNP","zid":"MNP10","notake":true,"plan":"Moreton Bay MP","src":"https://parks.qld.gov.au/parks/moreton-bay/zoning/app-and-maps"},"geometry":{"type":"Polygon","coordinates":[[[153.49067,-27.16884],[153.43048,-27.16884],[153.43131,-27.16548],[153.43359,-27.15427],[153.43536,-27.14784],[153.43705,-27.14064],[153.43876,-27.13454],[153.44069,-27.12653],[153.44211,-27.12244],[153.44374,-27.11695],[153.44616,-27.108],[153.49067,-27.108],[153.49067,-27.16884]]]}},{"type":"Feature","properties":{"name":"Hays Inlet-Bramble Bay","zt":"CPZ","zid":"CPZ06","notake":false,"plan":"Moreton Bay MP","src":"https://parks.qld.gov.au/parks/moreton-bay/zoning/app-and-maps"},"geometry":{"type":"Polygon","coordinates":[[[153.10652,-27.26235],[153.10652,-27.26935],[153.11439,-27.26935],[153.11313,-27.27647],[153.10301,-27.27647],[153.10358,-27.28283],[153.06985,-27.28283],[153.07019,-27.28416],[153.07019,-27.29155],[153.0695,-27.29547],[153.06974,-27.29894],[153.07043,-27.30217],[153.0718,-27.30703],[153.07211,-27.30779],[153.07342,-27.30879],[153.07425,-27.30987],[153.07492,-27.3114],[153.07509,-27.31307],[153.0771,-27.31557],[153.07832,-27.31679],[153.07978,-27.31742],[153.0804,-27.3175],[153.08211,-27.31719],[153.08392,-27.31733],[153.08532,-27.31784],[153.08735,-27.31904],[153.0887,-27.32041],[153.08996,-27.32133],[153.09486,-27.32649],[153.09052,-27.32946],[153.08917,-27.32998],[153.08758,-27.33027],[153.08402,-27.33125],[153.08369,-27.3318],[153.0833,-27.3318],[153.08417,-27.3308],[153.0862,-27.33022],[153.08747,-27.33004],[153.08717,-27.32951],[153.08782,-27.32926],[153.08828,-27.32861],[153.08811,-27.32762],[153.08674,-27.32522],[153.08606,-27.32453],[153.08616,-27.32431],[153.08564,-27.32423],[153.08478,-27.32368],[153.08418,-27.32292],[153.08437,-27.32276],[153.08428,-27.32262],[153.08279,-27.32175],[153.0823,-27.32171],[153.08067,-27.32215],[153.07847,-27.32191],[153.07527,-27.3205],[153.07315,-27.3184],[153.07037,-27.31491],[153.06967,-27.31354],[153.07005,-27.31268],[153.06972,-27.31187],[153.06915,-27.31148],[153.06819,-27.31121],[153.06704,-27.30861],[153.06529,-27.30269],[153.0647,-27.29962],[153.06449,-27.2976],[153.0648,-27.29341],[153.06527,-27.29341],[153.065,-27.29334],[153.06499,-27.29312],[153.06509,-27.29231],[153.0653,-27.29236],[153.0653,-27.29225],[153.06482,-27.29227],[153.06511,-27.28812],[153.06495,-27.28516],[153.06455,-27.28419],[153.06409,-27.28361],[153.06342,-27.2831],[153.05673,-27.27224],[153.04282,-27.26714],[153.04205,-27.26739],[153.04143,-27.26684],[153.04168,-27.26651],[153.04246,-27.26639],[153.04607,-27.26515],[153.04778,-27.26514],[153.05044,-27.26447],[153.05045,-27.26197],[153.0489,-27.2579],[153.04501,-27.25639],[153.04486,-27.25562],[153.04415,-27.25652],[153.04318,-27.25678],[153.04291,-27.25743],[153.04277,-27.25745],[153.04204,-27.25689],[153.04187,-27.25634],[153.0415,-27.25589],[153.04066,-27.25594],[153.0404,-27.25635],[153.03974,-27.25606],[153.03824,-27.25623],[153.03744,-27.25588],[153.03582,-27.25553],[153.03539,-27.25505],[153.03848,-27.25597],[153.03982,-27.25517],[153.04154,-27.25467],[153.04214,-27.25472],[153.04226,-27.25405],[153.04292,-27.2539],[153.04329,-27.25333],[153.04299,-27.25313],[153.0428,-27.25272],[153.04272,-27.2512],[153.04536,-27.25106],[153.04785,-27.24986],[153.0485,-27.25049],[153.05037,-27.25103],[153.05037,-27.25131],[153.05092,-27.25211],[153.05099,-27.25251],[153.0506,-27.25367],[153.04986,-27.25488],[153.05035,-27.25547],[153.05126,-27.25589],[153.0533,-27.25594],[153.05453,-27.25554],[153.05477,-27.25526],[153.05482,-27.25465],[153.05516,-27.25389],[153.056,-27.25313],[153.05764,-27.253],[153.05846,-27.25345],[153.05872,-27.25386],[153.05872,-27.25451],[153.05854,-27.25499],[153.05752,-27.25616],[153.05715,-27.25732],[153.05638,-27.25855],[153.05619,-27.25926],[153.05624,-27.2601],[153.05663,-27.26061],[153.05778,-27.26138],[153.05889,-27.26177],[153.06032,-27.26255],[153.06059,-27.26254],[153.06125,-27.26133],[153.06163,-27.26093],[153.06215,-27.26077],[153.06219,-27.26055],[153.06216,-27.26017],[153.06194,-27.2601],[153.06186,-27.25965],[153.06094,-27.25908],[153.06077,-27.25848],[153.06188,-27.25876],[153.0625,-27.25873],[153.06262,-27.25835],[153.06289,-27.25818],[153.06286,-27.25868],[153.06336,-27.25911],[153.06385,-27.25927],[153.06394,-27.25918],[153.0637,-27.25898],[153.06378,-27.25881],[153.06447,-27.25899],[153.06488,-27.25944],[153.06556,-27.25971],[153.06607,-27.25962],[153.06597,-27.25921],[153.06613,-27.2589],[153.06567,-27.25766],[153.06551,-27.25753],[153.06495,-27.25772],[153.06335,-27.25719],[153.06333,-27.25603],[153.06382,-27.25572],[153.06408,-27.255],[153.06501,-27.25371],[153.06565,-27.25216],[153.06587,-27.25107],[153.06558,-27.25006],[153.06563,-27.24952],[153.06481,-27.2485],[153.06475,-27.24785],[153.06452,-27.24758],[153.06335,-27.24704],[153.06299,-27.24653],[153.06923,-27.24653],[153.06907,-27.247],[153.0692,-27.24798],[153.071,-27.25028],[153.07144,-27.25124],[153.07164,-27.25216],[153.07266,-27.25398],[153.0735,-27.25522],[153.07403,-27.25531],[153.07423,-27.25593],[153.07596,-27.25759],[153.07607,-27.25781],[153.07598,-27.25832],[153.07628,-27.25865],[153.07624,-27.25892],[153.07671,-27.2599],[153.0766,-27.2606],[153.07711,-27.26105],[153.07729,-27.26249],[153.07775,-27.26279],[153.07844,-27.26291],[153.07941,-27.26345],[153.08031,-27.26371],[153.08071,-27.26325],[153.08091,-27.26176],[153.08104,-27.26184],[153.08086,-27.26145],[153.08214,-27.26007],[153.08425,-27.25847],[153.08481,-27.25831],[153.08563,-27.25934],[153.0863,-27.25924],[153.08666,-27.25969],[153.08604,-27.25994],[153.08732,-27.25944],[153.08776,-27.25899],[153.0892,-27.25823],[153.08981,-27.2571],[153.09291,-27.25625],[153.09299,-27.25643],[153.09295,-27.25604],[153.09317,-27.25599],[153.09357,-27.25658],[153.09393,-27.25679],[153.09594,-27.25703],[153.09771,-27.25747],[153.09908,-27.25801],[153.10084,-27.25902],[153.10192,-27.25983],[153.10305,-27.26128],[153.10354,-27.26323],[153.10378,-27.26345],[153.10612,-27.26262],[153.10652,-27.26235]]]}},{"type":"Feature","properties":{"name":"Tripcony Bight-Long Island","zt":"MNP","zid":"MNP02","notake":true,"plan":"Moreton Bay MP","src":"https://parks.qld.gov.au/parks/moreton-bay/zoning/app-and-maps"},"geometry":{"type":"Polygon","coordinates":[[[153.07549,-26.95931],[153.07549,-26.95973],[153.07479,-26.9608],[153.07459,-26.96178],[153.07433,-26.96222],[153.07405,-26.96238],[153.07405,-26.96355],[153.07482,-26.9647],[153.07618,-26.96823],[153.07587,-26.9686],[153.07585,-26.96902],[153.07544,-26.96951],[153.07544,-26.97333],[153.06574,-26.97333],[153.06623,-26.97243],[153.06589,-26.97132],[153.06657,-26.97005],[153.06665,-26.96913],[153.06634,-26.96796],[153.06665,-26.96647],[153.06661,-26.96602],[153.06587,-26.96463],[153.064,-26.96357],[153.06286,-26.96258],[153.06212,-26.96263],[153.06198,-26.96286],[153.06171,-26.9629],[153.05894,-26.96264],[153.05586,-26.96066],[153.05375,-26.95871],[153.05303,-26.95734],[153.05364,-26.95625],[153.05374,-26.95571],[153.05359,-26.95532],[153.0514,-26.95337],[153.05075,-26.95247],[153.05039,-26.95234],[153.04957,-26.95236],[153.04865,-26.95173],[153.04794,-26.95036],[153.04698,-26.94932],[153.04663,-26.94824],[153.04576,-26.94803],[153.04553,-26.9481],[153.04519,-26.94857],[153.04487,-26.94858],[153.04434,-26.94825],[153.04432,-26.94761],[153.04327,-26.94593],[153.0433,-26.94552],[153.04403,-26.94487],[153.04437,-26.94349],[153.04532,-26.94366],[153.04532,-26.94312],[153.04589,-26.94217],[153.04739,-26.94102],[153.04857,-26.94058],[153.04938,-26.9397],[153.05095,-26.93846],[153.05272,-26.93814],[153.0565,-26.93873],[153.05752,-26.93856],[153.05948,-26.93912],[153.06087,-26.93989],[153.0631,-26.94013],[153.06531,-26.93967],[153.06561,-26.93944],[153.06631,-26.93836],[153.06634,-26.93786],[153.07135,-26.94348],[153.07232,-26.94628],[153.07417,-26.94746],[153.07417,-26.94091],[153.07402,-26.94088],[153.07399,-26.94044],[153.07286,-26.93897],[153.07229,-26.93853],[153.07208,-26.93804],[153.07177,-26.93787],[153.0715,-26.93725],[153.0709,-26.93659],[153.07026,-26.93467],[153.07013,-26.93276],[153.07037,-26.92997],[153.07109,-26.92652],[153.07165,-26.92509],[153.07284,-26.92301],[153.07347,-26.92255],[153.07699,-26.92255],[153.07839,-26.92453],[153.07918,-26.92531],[153.08246,-26.92704],[153.08306,-26.92757],[153.08353,-26.92859],[153.08391,-26.93057],[153.08528,-26.93234],[153.08579,-26.93338],[153.08612,-26.93473],[153.08606,-26.9354],[153.08565,-26.93654],[153.08456,-26.93705],[153.08357,-26.93705],[153.08366,-26.93766],[153.08477,-26.93888],[153.08565,-26.93909],[153.08532,-26.9397],[153.0854,-26.93978],[153.08612,-26.9401],[153.08739,-26.9403],[153.08774,-26.94067],[153.08815,-26.94155],[153.09034,-26.9429],[153.09096,-26.9439],[153.0911,-26.94458],[153.09063,-26.94627],[153.09087,-26.94722],[153.09273,-26.94935],[153.09325,-26.95014],[153.09384,-26.95036],[153.09463,-26.95025],[153.09521,-26.95073],[153.09533,-26.95119],[153.09516,-26.95166],[153.09431,-26.95185],[153.09292,-26.95123],[153.09228,-26.95051],[153.09202,-26.95043],[153.09065,-26.95059],[153.08912,-26.95035],[153.08772,-26.95049],[153.08727,-26.95079],[153.08736,-26.94969],[153.08675,-26.94856],[153.08611,-26.94784],[153.08536,-26.94741],[153.08404,-26.9461],[153.08382,-26.94565],[153.08108,-26.94951],[153.08359,-26.95282],[153.0821,-26.95604],[153.08071,-26.95707],[153.07782,-26.95707],[153.07862,-26.95642],[153.0787,-26.95579],[153.08005,-26.95209],[153.07928,-26.95127],[153.07849,-26.95078],[153.0777,-26.95053],[153.07676,-26.95075],[153.07693,-26.95162],[153.07731,-26.95234],[153.07668,-26.95318],[153.07538,-26.95398],[153.07397,-26.95401],[153.07255,-26.95459],[153.07241,-26.95558],[153.07278,-26.95663],[153.07352,-26.95757],[153.07484,-26.95852],[153.07524,-26.95927],[153.07549,-26.95931]]]}},{"type":"Feature","properties":{"name":"Cape Moreton","zt":"MNP","zid":"MNP05","notake":true,"plan":"Moreton Bay MP","src":"https://parks.qld.gov.au/parks/moreton-bay/zoning/app-and-maps"},"geometry":{"type":"Polygon","coordinates":[[[153.4659,-27.02531],[153.466,-27.02779],[153.46567,-27.02815],[153.46497,-27.02836],[153.46409,-27.02831],[153.46335,-27.02794],[153.462,-27.02829],[153.46159,-27.0281],[153.46147,-27.02761],[153.46118,-27.02743],[153.46028,-27.02746],[153.45991,-27.02763],[153.45907,-27.02692],[153.45895,-27.02644],[153.45927,-27.02625],[153.45934,-27.02598],[153.45915,-27.02542],[153.45887,-27.02533],[153.4586,-27.02549],[153.45794,-27.02495],[153.4578,-27.02517],[153.45636,-27.02438],[153.45636,-27.02149],[153.45789,-27.0219],[153.46048,-27.02207],[153.46178,-27.02234],[153.46271,-27.02278],[153.46421,-27.02377],[153.4659,-27.02531]]]}},{"type":"Feature","properties":{"name":"Hays Inlet","zt":"MNP","zid":"MNP11","notake":true,"plan":"Moreton Bay MP","src":"https://parks.qld.gov.au/parks/moreton-bay/zoning/app-and-maps"},"geometry":{"type":"Polygon","coordinates":[[[153.06923,-27.24653],[153.06299,-27.24653],[153.06335,-27.24704],[153.06452,-27.24758],[153.06475,-27.24785],[153.06481,-27.2485],[153.06563,-27.24952],[153.06558,-27.25006],[153.06587,-27.25107],[153.06565,-27.25216],[153.06501,-27.25371],[153.06408,-27.255],[153.06382,-27.25572],[153.06333,-27.25603],[153.06335,-27.25719],[153.06495,-27.25772],[153.06551,-27.25753],[153.06567,-27.25766],[153.06613,-27.2589],[153.06597,-27.25921],[153.06607,-27.25962],[153.06556,-27.25971],[153.06488,-27.25944],[153.06447,-27.25899],[153.06378,-27.25881],[153.0637,-27.25898],[153.06394,-27.25918],[153.06385,-27.25927],[153.06336,-27.25911],[153.06286,-27.25868],[153.06289,-27.25818],[153.06262,-27.25835],[153.0625,-27.25873],[153.06188,-27.25876],[153.06077,-27.25848],[153.06079,-27.25892],[153.06186,-27.25965],[153.06194,-27.2601],[153.0622,-27.26029],[153.06215,-27.26077],[153.06163,-27.26093],[153.06125,-27.26133],[153.0607,-27.2625],[153.06032,-27.26255],[153.05889,-27.26177],[153.05778,-27.26138],[153.05663,-27.26061],[153.05624,-27.2601],[153.05619,-27.25926],[153.05638,-27.25855],[153.05715,-27.25732],[153.05752,-27.25616],[153.05854,-27.25499],[153.05872,-27.25451],[153.05872,-27.25386],[153.05824,-27.25326],[153.05725,-27.25297],[153.056,-27.25313],[153.05516,-27.25389],[153.05469,-27.2554],[153.05398,-27.2558],[153.05194,-27.25598],[153.05126,-27.25589],[153.05035,-27.25547],[153.04986,-27.25488],[153.0506,-27.25367],[153.05099,-27.25251],[153.05092,-27.25211],[153.05037,-27.25131],[153.05037,-27.25103],[153.05052,-27.25099],[153.05134,-27.24613],[153.05433,-27.24653],[153.05513,-27.24174],[153.05372,-27.23214],[153.05303,-27.23138],[153.05307,-27.23102],[153.05246,-27.22951],[153.05275,-27.22894],[153.05539,-27.22662],[153.0574,-27.22675],[153.05776,-27.22611],[153.0573,-27.22431],[153.05652,-27.22384],[153.05312,-27.22409],[153.05269,-27.22532],[153.053,-27.22671],[153.05277,-27.22771],[153.05171,-27.22892],[153.04932,-27.2289],[153.04956,-27.22806],[153.04917,-27.22795],[153.04766,-27.2284],[153.04616,-27.2284],[153.04603,-27.22852],[153.04527,-27.22816],[153.04488,-27.22776],[153.04401,-27.22764],[153.04378,-27.22743],[153.04372,-27.22705],[153.04402,-27.22631],[153.04502,-27.22571],[153.04483,-27.22555],[153.04394,-27.2255],[153.04356,-27.22528],[153.04363,-27.22469],[153.04289,-27.224],[153.04218,-27.22252],[153.04136,-27.22236],[153.04125,-27.22208],[153.0428,-27.221],[153.04334,-27.22028],[153.04354,-27.22023],[153.04372,-27.22096],[153.04467,-27.22199],[153.04507,-27.22219],[153.04544,-27.22298],[153.04535,-27.22393],[153.04574,-27.22531],[153.04623,-27.22626],[153.04592,-27.22802],[153.04755,-27.22593],[153.04875,-27.2261],[153.04974,-27.22726],[153.05044,-27.22736],[153.05066,-27.22336],[153.05129,-27.22345],[153.05141,-27.22333],[153.05188,-27.22203],[153.05222,-27.22203],[153.05224,-27.22238],[153.05252,-27.22283],[153.05312,-27.22288],[153.05371,-27.22284],[153.05599,-27.22213],[153.05939,-27.22187],[153.06029,-27.22211],[153.06077,-27.22255],[153.06129,-27.22343],[153.06174,-27.22489],[153.06145,-27.22576],[153.06022,-27.22779],[153.05919,-27.22858],[153.05867,-27.22878],[153.0592,-27.2298],[153.06421,-27.22894],[153.0666,-27.22879],[153.06775,-27.22914],[153.06787,-27.22845],[153.06987,-27.22636],[153.07295,-27.22739],[153.07401,-27.22731],[153.07572,-27.22798],[153.0767,-27.23162],[153.07648,-27.23276],[153.0771,-27.23337],[153.07756,-27.23515],[153.07706,-27.2357],[153.07444,-27.23636],[153.07278,-27.2395],[153.07209,-27.2401],[153.07149,-27.24093],[153.07037,-27.24131],[153.07055,-27.24244],[153.07001,-27.24348],[153.06973,-27.24523],[153.07019,-27.24617],[153.06938,-27.24606],[153.06923,-27.24653]]]}},{"type":"Feature","properties":{"name":"Middle Moreton Bay","zt":"MNP","zid":"MNP14","notake":true,"plan":"Moreton Bay MP","src":"https://parks.qld.gov.au/parks/moreton-bay/zoning/app-and-maps"},"geometry":{"type":"Polygon","coordinates":[[[153.378,-27.3685],[153.29,-27.3685],[153.29,-27.30717],[153.378,-27.30717],[153.378,-27.3685]]]}},{"type":"Feature","properties":{"name":"Wanga Wallen Bank","zt":"MNP","zid":"MNP20","notake":true,"plan":"Moreton Bay MP","src":"https://parks.qld.gov.au/parks/moreton-bay/zoning/app-and-maps"},"geometry":{"type":"Polygon","coordinates":[[[153.42284,-27.43158],[153.42338,-27.42928],[153.42583,-27.42527],[153.42658,-27.42277],[153.42778,-27.41996],[153.42874,-27.41836],[153.42929,-27.417],[153.43031,-27.41527],[153.43395,-27.41021],[153.44085,-27.41021],[153.44113,-27.41124],[153.4408,-27.41167],[153.44079,-27.41295],[153.44024,-27.41456],[153.44015,-27.41627],[153.43992,-27.41727],[153.43991,-27.41903],[153.43876,-27.42173],[153.43843,-27.42357],[153.43852,-27.42459],[153.43891,-27.42529],[153.4388,-27.4256],[153.43836,-27.42599],[153.43771,-27.42727],[153.43754,-27.4299],[153.43671,-27.43248],[153.43595,-27.43354],[153.43583,-27.43399],[153.43534,-27.43429],[153.4349,-27.43564],[153.43443,-27.43592],[153.43426,-27.43668],[153.43436,-27.43737],[153.42583,-27.43737],[153.42284,-27.43158]]]}},{"type":"Feature","properties":{"name":"Price Anchorage","zt":"MNP","zid":"MNP26","notake":true,"plan":"Moreton Bay MP","src":"https://parks.qld.gov.au/parks/moreton-bay/zoning/app-and-maps"},"geometry":{"type":"Polygon","coordinates":[[[153.41692,-27.63141],[153.40873,-27.62646],[153.40686,-27.6218],[153.40438,-27.60822],[153.40335,-27.59178],[153.40553,-27.58558],[153.40764,-27.58107],[153.41342,-27.58107],[153.41299,-27.58305],[153.41228,-27.58457],[153.41224,-27.58679],[153.41277,-27.58959],[153.41332,-27.59131],[153.41376,-27.59217],[153.41399,-27.59488],[153.41393,-27.59725],[153.4147,-27.59837],[153.41468,-27.59892],[153.41459,-27.59914],[153.41361,-27.59963],[153.41275,-27.60098],[153.41223,-27.60285],[153.41165,-27.60405],[153.41092,-27.60671],[153.41079,-27.60845],[153.40965,-27.61106],[153.40987,-27.61187],[153.41094,-27.61295],[153.41124,-27.61371],[153.41082,-27.61521],[153.41068,-27.61517],[153.41052,-27.61463],[153.41021,-27.61482],[153.41006,-27.616],[153.40964,-27.61706],[153.40987,-27.61752],[153.41071,-27.61823],[153.41088,-27.61952],[153.41133,-27.62009],[153.41198,-27.62038],[153.41305,-27.62027],[153.41276,-27.6218],[153.41288,-27.6229],[153.41317,-27.62349],[153.41399,-27.6244],[153.41464,-27.6257],[153.41538,-27.62636],[153.41621,-27.62796],[153.41677,-27.62967],[153.41651,-27.63073],[153.41692,-27.63141]]]}},{"type":"Feature","properties":{"name":"Coombabah Lake","zt":"MNP","zid":"MNP34","notake":true,"plan":"Moreton Bay MP","src":"https://parks.qld.gov.au/parks/moreton-bay/zoning/app-and-maps"},"geometry":{"type":"Polygon","coordinates":[[[153.35906,-27.89132],[153.35759,-27.89132],[153.35616,-27.89228],[153.3555,-27.89294],[153.35526,-27.89398],[153.35526,-27.8953],[153.35498,-27.89695],[153.35461,-27.89775],[153.35366,-27.89903],[153.35377,-27.89911],[153.35366,-27.89934],[153.35342,-27.8994],[153.35322,-27.9],[153.35339,-27.90112],[153.35283,-27.90177],[153.35684,-27.90177],[153.35819,-27.90383],[153.35841,-27.90486],[153.35825,-27.9058],[153.35864,-27.90626],[153.36016,-27.9061],[153.36121,-27.90577],[153.36282,-27.9057],[153.36322,-27.90578],[153.36467,-27.90679],[153.36573,-27.90717],[153.36531,-27.90716],[153.36463,-27.90686],[153.36293,-27.90589],[153.36121,-27.90594],[153.36048,-27.90621],[153.35866,-27.90653],[153.35769,-27.90775],[153.35712,-27.90916],[153.35728,-27.90961],[153.35788,-27.91021],[153.35791,-27.91062],[153.35771,-27.91218],[153.35694,-27.91334],[153.35493,-27.91456],[153.35438,-27.91444],[153.35396,-27.91504],[153.35391,-27.91488],[153.35186,-27.91492],[153.35108,-27.91435],[153.35025,-27.91413],[153.3491,-27.91449],[153.3487,-27.91483],[153.34988,-27.91579],[153.35015,-27.91621],[153.35036,-27.91704],[153.34982,-27.91822],[153.34916,-27.919],[153.3487,-27.91929],[153.34789,-27.91924],[153.347,-27.91865],[153.34627,-27.91852],[153.34424,-27.91853],[153.34398,-27.91862],[153.34381,-27.91895],[153.34351,-27.91888],[153.34399,-27.91822],[153.34357,-27.91816],[153.34339,-27.91794],[153.34215,-27.91791],[153.34177,-27.91772],[153.34065,-27.91791],[153.34062,-27.91651],[153.34289,-27.91523],[153.34407,-27.91421],[153.34406,-27.91237],[153.34295,-27.91088],[153.34278,-27.90979],[153.3429,-27.90932],[153.34252,-27.9091],[153.34263,-27.9089],[153.34314,-27.9087],[153.34352,-27.90803],[153.34473,-27.90692],[153.34467,-27.90494],[153.34585,-27.90333],[153.34599,-27.90246],[153.34642,-27.90205],[153.34555,-27.90104],[153.34344,-27.90087],[153.34304,-27.90161],[153.34011,-27.90157],[153.34003,-27.90067],[153.33942,-27.89994],[153.33854,-27.89942],[153.33807,-27.89784],[153.33792,-27.89761],[153.33759,-27.89757],[153.33733,-27.89707],[153.33761,-27.89678],[153.33755,-27.89651],[153.33611,-27.89363],[153.33751,-27.89315],[153.33907,-27.89213],[153.34121,-27.89007],[153.34232,-27.88994],[153.34379,-27.88919],[153.3446,-27.88923],[153.34535,-27.88848],[153.34611,-27.88829],[153.34727,-27.88759],[153.34744,-27.88724],[153.34849,-27.88683],[153.34977,-27.88701],[153.35095,-27.88772],[153.35117,-27.88813],[153.35118,-27.88883],[153.352,-27.88988],[153.35325,-27.89032],[153.35481,-27.89015],[153.3566,-27.8902],[153.35755,-27.89042],[153.35906,-27.89132]]]}},{"type":"Feature","properties":{"name":"Cobby Cobby Island","zt":"MNP","zid":"MNP30","notake":true,"plan":"Moreton Bay MP","src":"https://parks.qld.gov.au/parks/moreton-bay/zoning/app-and-maps"},"geometry":{"type":"Polygon","coordinates":[[[153.37495,-27.70982],[153.37664,-27.70996],[153.37835,-27.71106],[153.38077,-27.71203],[153.38342,-27.71229],[153.38624,-27.71141],[153.38698,-27.71104],[153.38755,-27.71039],[153.38914,-27.70963],[153.38979,-27.70955],[153.39118,-27.71176],[153.39197,-27.71414],[153.39365,-27.71652],[153.39514,-27.71803],[153.39715,-27.71949],[153.39781,-27.72026],[153.39937,-27.72325],[153.39989,-27.72379],[153.40094,-27.72614],[153.40121,-27.7274],[153.40121,-27.7293],[153.3994,-27.73292],[153.39851,-27.73233],[153.39766,-27.73143],[153.39715,-27.73011],[153.39653,-27.72921],[153.39515,-27.72808],[153.39303,-27.72832],[153.39147,-27.72879],[153.39038,-27.72973],[153.3892,-27.73049],[153.3876,-27.73008],[153.38665,-27.72869],[153.3839,-27.72633],[153.38291,-27.72491],[153.38215,-27.72198],[153.38183,-27.71895],[153.3806,-27.71692],[153.37743,-27.71385],[153.37554,-27.71328],[153.37421,-27.71404],[153.37332,-27.71503],[153.3728,-27.71536],[153.37157,-27.71551],[153.3708,-27.71538],[153.3708,-27.709],[153.37136,-27.70896],[153.37288,-27.70922],[153.37495,-27.70982]],[[153.38398,-27.71314],[153.38428,-27.7153],[153.38385,-27.71704],[153.38375,-27.71853],[153.38486,-27.71917],[153.38521,-27.72005],[153.38691,-27.72097],[153.38691,-27.72039],[153.38628,-27.71921],[153.38633,-27.71872],[153.387,-27.71764],[153.38814,-27.71668],[153.38824,-27.716],[153.38808,-27.71549],[153.38758,-27.71459],[153.38467,-27.71267],[153.38412,-27.71284],[153.38398,-27.71314]],[[153.38695,-27.72497],[153.38757,-27.72494],[153.38777,-27.72437],[153.38771,-27.7238],[153.38755,-27.72361],[153.38705,-27.72346],[153.38634,-27.72376],[153.38592,-27.72442],[153.38608,-27.7247],[153.38695,-27.72497]]]}},{"type":"Feature","properties":{"name":"Swan Bay-Never Never Creek","zt":"MNP","zid":"MNP31","notake":true,"plan":"Moreton Bay MP","src":"https://parks.qld.gov.au/parks/moreton-bay/zoning/app-and-maps"},"geometry":{"type":"Polygon","coordinates":[[[153.44743,-27.70518],[153.44878,-27.70781],[153.44879,-27.70849],[153.44854,-27.70883],[153.44814,-27.70899],[153.44731,-27.70894],[153.44528,-27.70793],[153.44391,-27.70827],[153.44346,-27.70904],[153.44364,-27.70955],[153.44446,-27.71015],[153.44508,-27.71037],[153.44558,-27.71049],[153.44716,-27.71031],[153.44781,-27.7105],[153.44797,-27.71078],[153.44791,-27.71137],[153.44768,-27.71177],[153.4478,-27.71192],[153.44834,-27.71192],[153.44874,-27.71161],[153.44897,-27.71163],[153.44937,-27.71169],[153.44964,-27.71209],[153.44917,-27.71427],[153.44873,-27.7146],[153.44805,-27.71445],[153.44786,-27.71515],[153.44739,-27.71602],[153.44646,-27.71715],[153.44642,-27.71784],[153.44595,-27.71871],[153.44557,-27.71997],[153.4455,-27.72271],[153.445,-27.72465],[153.44436,-27.72565],[153.44424,-27.72672],[153.44359,-27.72772],[153.44361,-27.7279],[153.44146,-27.7279],[153.43999,-27.72826],[153.43867,-27.72871],[153.43737,-27.72953],[153.43626,-27.73057],[153.43534,-27.73171],[153.43432,-27.73464],[153.43344,-27.73554],[153.43202,-27.73614],[153.43013,-27.73758],[153.4265,-27.7399],[153.42529,-27.74037],[153.42246,-27.74075],[153.42026,-27.74053],[153.41876,-27.74068],[153.41479,-27.73986],[153.41251,-27.73907],[153.41165,-27.73846],[153.41077,-27.7373],[153.4081,-27.73558],[153.40679,-27.73434],[153.40615,-27.73303],[153.40601,-27.73168],[153.40643,-27.72921],[153.40646,-27.72747],[153.40574,-27.72401],[153.40844,-27.72401],[153.4098,-27.72478],[153.41047,-27.72464],[153.41082,-27.7251],[153.41169,-27.72568],[153.41194,-27.72632],[153.41255,-27.72702],[153.41314,-27.7274],[153.4142,-27.72771],[153.41489,-27.72767],[153.41593,-27.72717],[153.41632,-27.72713],[153.41795,-27.72787],[153.42028,-27.72763],[153.4223,-27.72821],[153.42545,-27.72878],[153.42586,-27.72879],[153.42709,-27.72837],[153.42768,-27.72791],[153.42828,-27.72698],[153.42926,-27.72629],[153.4297,-27.72522],[153.42965,-27.72492],[153.42944,-27.72481],[153.42818,-27.72487],[153.42758,-27.7241],[153.42768,-27.72379],[153.42842,-27.72334],[153.43051,-27.72145],[153.43204,-27.71928],[153.43291,-27.71844],[153.4334,-27.71723],[153.43481,-27.7162],[153.43584,-27.716],[153.43596,-27.71585],[153.43586,-27.71561],[153.43538,-27.71524],[153.43527,-27.71497],[153.43548,-27.71431],[153.43669,-27.7132],[153.43752,-27.71211],[153.43923,-27.71115],[153.4397,-27.71071],[153.44026,-27.70953],[153.44031,-27.70909],[153.43992,-27.70833],[153.43991,-27.70793],[153.44018,-27.70751],[153.44091,-27.70707],[153.44155,-27.70612],[153.44208,-27.70586],[153.44441,-27.70536],[153.44548,-27.7056],[153.44564,-27.70549],[153.44534,-27.70466],[153.44538,-27.70439],[153.44555,-27.70431],[153.44703,-27.70492],[153.44743,-27.70518]],[[153.41762,-27.7359],[153.4169,-27.73636],[153.41632,-27.73633],[153.41544,-27.7369],[153.41509,-27.73729],[153.41518,-27.73763],[153.41588,-27.73802],[153.41758,-27.73823],[153.41847,-27.73798],[153.4189,-27.73759],[153.419,-27.73679],[153.41841,-27.7362],[153.41762,-27.7359]]]}},{"type":"Feature","properties":{"name":"Offshore North Stradbroke Island","zt":"MNP","zid":"MNP25","notake":true,"plan":"Moreton Bay MP","src":"https://parks.qld.gov.au/parks/moreton-bay/zoning/app-and-maps"},"geometry":{"type":"Polygon","coordinates":[[[153.49173,-27.70166],[153.45948,-27.70166],[153.46027,-27.69187],[153.46146,-27.68332],[153.46516,-27.66241],[153.47104,-27.6351],[153.47193,-27.63196],[153.47469,-27.6201],[153.47819,-27.60643],[153.48002,-27.60034],[153.48337,-27.59022],[153.48742,-27.57693],[153.49444,-27.55703],[153.50058,-27.54028],[153.50424,-27.53138],[153.50664,-27.52455],[153.50916,-27.51834],[153.53696,-27.51834],[153.521,-27.56167],[153.50783,-27.605],[153.49173,-27.70166]]]}},{"type":"Feature","properties":{"name":"Offshore South Stradbroke Island","zt":"MNP","zid":"MNP32","notake":true,"plan":"Moreton Bay MP","src":"https://parks.qld.gov.au/parks/moreton-bay/zoning/app-and-maps"},"geometry":{"type":"Polygon","coordinates":[[[153.46279,-27.86733],[153.42694,-27.86733],[153.42838,-27.8549],[153.42934,-27.84949],[153.43135,-27.83471],[153.43649,-27.83471],[153.43814,-27.8225],[153.44061,-27.80755],[153.44128,-27.80431],[153.44148,-27.80233],[153.44241,-27.79716],[153.44326,-27.79039],[153.44501,-27.78116],[153.4755,-27.78116],[153.47099,-27.80167],[153.46279,-27.86733]]]}},{"type":"Feature","properties":{"name":"Pine River","zt":"HPZ","zid":"HPZ08","notake":false,"plan":"Moreton Bay MP","src":"https://parks.qld.gov.au/parks/moreton-bay/zoning/app-and-maps"},"geometry":{"type":"Polygon","coordinates":[[[153.06342,-27.2831],[153.06218,-27.28294],[153.05935,-27.2817],[153.05926,-27.28182],[153.05955,-27.28211],[153.05961,-27.28243],[153.06002,-27.2828],[153.06088,-27.2829],[153.06136,-27.2832],[153.06275,-27.28323],[153.06288,-27.28349],[153.06209,-27.28449],[153.06214,-27.285],[153.06189,-27.28529],[153.0605,-27.28613],[153.05612,-27.28558],[153.05618,-27.28577],[153.05681,-27.28615],[153.05756,-27.28633],[153.05751,-27.28652],[153.05638,-27.28618],[153.05406,-27.28474],[153.05293,-27.28344],[153.05141,-27.28215],[153.05095,-27.28202],[153.04928,-27.28268],[153.04847,-27.28373],[153.04834,-27.28444],[153.04897,-27.28489],[153.04911,-27.28523],[153.04848,-27.28573],[153.04818,-27.2864],[153.04794,-27.28717],[153.04781,-27.28854],[153.04797,-27.29004],[153.04828,-27.29013],[153.04844,-27.29047],[153.04835,-27.29148],[153.04865,-27.29218],[153.0489,-27.29416],[153.04867,-27.29501],[153.04816,-27.29573],[153.04796,-27.29632],[153.04658,-27.29754],[153.04581,-27.29848],[153.04461,-27.29788],[153.04528,-27.29671],[153.04717,-27.29427],[153.04685,-27.2924],[153.04725,-27.29246],[153.04725,-27.29215],[153.0468,-27.29053],[153.04657,-27.29012],[153.04451,-27.29099],[153.04274,-27.29113],[153.04508,-27.29067],[153.04661,-27.28971],[153.04691,-27.28826],[153.04692,-27.28745],[153.04646,-27.28725],[153.046,-27.28738],[153.04643,-27.28716],[153.04691,-27.28723],[153.047,-27.28535],[153.04656,-27.28534],[153.04697,-27.28518],[153.04695,-27.28486],[153.04597,-27.28381],[153.04581,-27.28323],[153.04637,-27.28386],[153.04707,-27.28372],[153.04768,-27.28232],[153.04767,-27.28179],[153.04791,-27.28156],[153.04602,-27.28061],[153.04396,-27.28062],[153.04053,-27.28137],[153.03976,-27.28166],[153.03894,-27.28221],[153.03806,-27.28321],[153.03766,-27.2841],[153.03735,-27.28548],[153.03726,-27.287],[153.03665,-27.28896],[153.03673,-27.28988],[153.03698,-27.29018],[153.03783,-27.29286],[153.0379,-27.29385],[153.03778,-27.29444],[153.03684,-27.29621],[153.03715,-27.29737],[153.03671,-27.29766],[153.03667,-27.29831],[153.0361,-27.2987],[153.03602,-27.29951],[153.03585,-27.29979],[153.03557,-27.29897],[153.03386,-27.29942],[153.03239,-27.29949],[153.02995,-27.29917],[153.02929,-27.29961],[153.02805,-27.30007],[153.027,-27.30106],[153.02553,-27.30175],[153.0258,-27.29989],[153.02226,-27.29921],[153.02023,-27.29787],[153.01911,-27.29625],[153.02072,-27.29369],[153.01953,-27.29314],[153.02039,-27.29015],[153.025,-27.29308],[153.02808,-27.29574],[153.02889,-27.29518],[153.02886,-27.29505],[153.02844,-27.29506],[153.02805,-27.29477],[153.02716,-27.29457],[153.02715,-27.2943],[153.0278,-27.2931],[153.02778,-27.2927],[153.02618,-27.29093],[153.02583,-27.29107],[153.02545,-27.29159],[153.02531,-27.29023],[153.02503,-27.28962],[153.02684,-27.28835],[153.02837,-27.28631],[153.02872,-27.28489],[153.02898,-27.28458],[153.02909,-27.28305],[153.02997,-27.28116],[153.03255,-27.27806],[153.0339,-27.2771],[153.03535,-27.27648],[153.03598,-27.2764],[153.03874,-27.27714],[153.03987,-27.27667],[153.04001,-27.27679],[153.03885,-27.27775],[153.03884,-27.27806],[153.03934,-27.27819],[153.04067,-27.27792],[153.04165,-27.27737],[153.04216,-27.27727],[153.04419,-27.27695],[153.04514,-27.27711],[153.04639,-27.27698],[153.04697,-27.27671],[153.04853,-27.27545],[153.04899,-27.27531],[153.04924,-27.27498],[153.04964,-27.27491],[153.05016,-27.27454],[153.05014,-27.27524],[153.05096,-27.27522],[153.0524,-27.27451],[153.05353,-27.27482],[153.05396,-27.27478],[153.05673,-27.27224],[153.06342,-27.2831]]]}},{"type":"Feature","properties":{"name":"South Stradbroke Island (south)","zt":"HPZ","zid":"HPZ15","notake":false,"plan":"Moreton Bay MP","src":"https://parks.qld.gov.au/parks/moreton-bay/zoning/app-and-maps"},"geometry":{"type":"Polygon","coordinates":[[[153.46256,-27.93286],[153.43106,-27.93282],[153.42911,-27.93326],[153.42824,-27.93211],[153.42778,-27.93077],[153.42752,-27.92921],[153.42737,-27.92523],[153.42667,-27.92422],[153.42617,-27.92252],[153.42612,-27.92183],[153.42667,-27.92067],[153.42678,-27.91948],[153.42584,-27.91333],[153.42538,-27.90574],[153.42558,-27.88977],[153.42694,-27.86733],[153.46279,-27.86733],[153.461,-27.88167],[153.45784,-27.91833],[153.46256,-27.93286]]]}},{"type":"Feature","properties":{"name":"South Stradbroke Island (north)","zt":"HPZ","zid":"HPZ14","notake":false,"plan":"Moreton Bay MP","src":"https://parks.qld.gov.au/parks/moreton-bay/zoning/app-and-maps"},"geometry":{"type":"Polygon","coordinates":[[[153.44501,-27.78116],[153.44326,-27.79039],[153.44241,-27.79716],[153.44148,-27.80233],[153.44128,-27.80431],[153.44061,-27.80755],[153.43814,-27.8225],[153.43649,-27.83471],[153.43135,-27.83471],[153.4331,-27.82193],[153.43559,-27.80687],[153.43625,-27.80373],[153.43644,-27.80178],[153.43738,-27.79657],[153.43824,-27.78975],[153.43909,-27.78575],[153.43973,-27.78154],[153.44113,-27.77568],[153.4425,-27.7646],[153.44392,-27.75786],[153.44424,-27.75649],[153.44937,-27.75649],[153.44827,-27.7622],[153.44761,-27.76476],[153.44639,-27.77484],[153.44501,-27.78116]]]}},{"type":"Feature","properties":{"name":"Flinders Reef","zt":"MNP","zid":"MNP04","notake":true,"plan":"Moreton Bay MP","src":"https://parks.qld.gov.au/parks/moreton-bay/zoning/app-and-maps"},"geometry":{"type":"Polygon","coordinates":[[[153.48613,-26.98309],[153.48426,-26.98288],[153.4826,-26.98207],[153.48193,-26.98147],[153.48125,-26.98051],[153.48079,-26.97887],[153.48103,-26.9772],[153.48193,-26.97572],[153.48339,-26.97464],[153.48518,-26.97411],[153.48706,-26.97422],[153.48877,-26.97494],[153.48948,-26.9755],[153.49023,-26.97642],[153.49081,-26.97803],[153.49081,-26.97916],[153.4906,-26.97999],[153.4897,-26.98147],[153.48877,-26.98224],[153.48796,-26.98268],[153.48613,-26.98309]]]}},{"type":"Feature","properties":{"name":"Jacobs Well","zt":"GUZ","zid":"GUZ14","notake":false,"plan":"Moreton Bay MP","src":"https://parks.qld.gov.au/parks/moreton-bay/zoning/app-and-maps"},"geometry":{"type":"Polygon","coordinates":[[[153.38191,-27.78743],[153.37737,-27.78685],[153.37558,-27.786],[153.37483,-27.78997],[153.37264,-27.78902],[153.37109,-27.78906],[153.36975,-27.78943],[153.37053,-27.78523],[153.37089,-27.7852],[153.37303,-27.78418],[153.37117,-27.783],[153.37101,-27.78268],[153.36939,-27.78179],[153.36741,-27.78044],[153.36664,-27.77944],[153.3662,-27.77938],[153.36555,-27.77884],[153.3642,-27.77726],[153.36339,-27.77674],[153.36119,-27.77481],[153.36074,-27.77484],[153.35997,-27.77391],[153.36859,-27.77391],[153.36889,-27.77893],[153.37314,-27.78082],[153.38191,-27.7813],[153.38191,-27.78743]]]}},{"type":"Feature","properties":{"name":"North Stradbroke Island (east)","zt":"HPZ","zid":"HPZ13","notake":false,"plan":"Moreton Bay MP","src":"https://parks.qld.gov.au/parks/moreton-bay/zoning/app-and-maps"},"geometry":{"type":"Polygon","coordinates":[[[153.53696,-27.51834],[153.50916,-27.51834],[153.50838,-27.5202],[153.50664,-27.52455],[153.50424,-27.53138],[153.50058,-27.54028],[153.49444,-27.55703],[153.48742,-27.57693],[153.47788,-27.60755],[153.47469,-27.6201],[153.47193,-27.63196],[153.47104,-27.6351],[153.46574,-27.65936],[153.46263,-27.67618],[153.46027,-27.69187],[153.45953,-27.70128],[153.45918,-27.70333],[153.45875,-27.70863],[153.45896,-27.71297],[153.4589,-27.71545],[153.45922,-27.71834],[153.45893,-27.72251],[153.45844,-27.72426],[153.45787,-27.72554],[153.45211,-27.72554],[153.45303,-27.72412],[153.45364,-27.72281],[153.45405,-27.72095],[153.45415,-27.71835],[153.4538,-27.71496],[153.45389,-27.71298],[153.45369,-27.70816],[153.45414,-27.7029],[153.45448,-27.70091],[153.45524,-27.69132],[153.45642,-27.68273],[153.45674,-27.68151],[153.45761,-27.67554],[153.46076,-27.65856],[153.46608,-27.63422],[153.46696,-27.63108],[153.46969,-27.61932],[153.47295,-27.60648],[153.48255,-27.57566],[153.48961,-27.55569],[153.49576,-27.53889],[153.49944,-27.52995],[153.50184,-27.52311],[153.50882,-27.50548],[153.51434,-27.49187],[153.51819,-27.48338],[153.51836,-27.48264],[153.51873,-27.48199],[153.52391,-27.46872],[153.52654,-27.46307],[153.52683,-27.46196],[153.52719,-27.46159],[153.53022,-27.45554],[153.53437,-27.44863],[153.54097,-27.43851],[153.57582,-27.43851],[153.54433,-27.49833],[153.53696,-27.51834]]]}},{"type":"Feature","properties":{"name":"Mirapool Islands-Offshore Area","zt":"MNP","zid":"MNP16","notake":true,"plan":"Moreton Bay MP","src":"https://parks.qld.gov.au/parks/moreton-bay/zoning/app-and-maps"},"geometry":{"type":"Polygon","coordinates":[[[153.44667,-27.3725],[153.44667,-27.3395],[153.43821,-27.3395],[153.43833,-27.33907],[153.4393,-27.33776],[153.43821,-27.33599],[153.4378,-27.33494],[153.43768,-27.33283],[153.43791,-27.33117],[153.43773,-27.33011],[153.43705,-27.32861],[153.43705,-27.32818],[153.43724,-27.3281],[153.43765,-27.32832],[153.43817,-27.32913],[153.43877,-27.32913],[153.43943,-27.32963],[153.43953,-27.33007],[153.44011,-27.33099],[153.44067,-27.33156],[153.44174,-27.33354],[153.44276,-27.33498],[153.44313,-27.33528],[153.44344,-27.33525],[153.44354,-27.3345],[153.44311,-27.33369],[153.43915,-27.32783],[153.48667,-27.32783],[153.48667,-27.33717],[153.56667,-27.33717],[153.56667,-27.3725],[153.44667,-27.3725]]]}},{"type":"Feature","properties":{"name":"Flinders Reef","zt":"CPZ","zid":"CPZ03","notake":false,"plan":"Moreton Bay MP","src":"https://parks.qld.gov.au/parks/moreton-bay/zoning/app-and-maps"},"geometry":{"type":"Polygon","coordinates":[[[153.50497,-26.97301],[153.5058,-26.97633],[153.50592,-26.97972],[153.5056,-26.98197],[153.50498,-26.98417],[153.50347,-26.98729],[153.50134,-26.9901],[153.49865,-26.9925],[153.49661,-26.99383],[153.49439,-26.99492],[153.49083,-26.99608],[153.48834,-26.9965],[153.48581,-26.99664],[153.48204,-26.99632],[153.4784,-26.99537],[153.47502,-26.99383],[153.47202,-26.99175],[153.46951,-26.9892],[153.46816,-26.98729],[153.46708,-26.98524],[153.46602,-26.98197],[153.46567,-26.97859],[153.46602,-26.97521],[153.46708,-26.97194],[153.4688,-26.96892],[153.47113,-26.96623],[153.47397,-26.96398],[153.47724,-26.96226],[153.4808,-26.96111],[153.48455,-26.96058],[153.48834,-26.96068],[153.49204,-26.96142],[153.49552,-26.96277],[153.49865,-26.96468],[153.50134,-26.96709],[153.50346,-26.9699],[153.50497,-26.97301]],[[153.48613,-26.98309],[153.48796,-26.98268],[153.48877,-26.98224],[153.4897,-26.98147],[153.4906,-26.97999],[153.49081,-26.97916],[153.49081,-26.97803],[153.49023,-26.97642],[153.48948,-26.9755],[153.48877,-26.97494],[153.48706,-26.97422],[153.48518,-26.97411],[153.48339,-26.97464],[153.48193,-26.97572],[153.48103,-26.9772],[153.48079,-26.97887],[153.48125,-26.98051],[153.48193,-26.98147],[153.4826,-26.98207],[153.48426,-26.98288],[153.48613,-26.98309]]]}},{"type":"Feature","properties":{"name":"North Point-Yellow Patch","zt":"HPZ","zid":"HPZ03","notake":false,"plan":"Moreton Bay MP","src":"https://parks.qld.gov.au/parks/moreton-bay/zoning/app-and-maps"},"geometry":{"type":"Polygon","coordinates":[[[153.45636,-27.01768],[153.45636,-27.02438],[153.45571,-27.02454],[153.45515,-27.02395],[153.45447,-27.02356],[153.45462,-27.02312],[153.45521,-27.02293],[153.45549,-27.02254],[153.45532,-27.02222],[153.45495,-27.02203],[153.45427,-27.02196],[153.45373,-27.02233],[153.45362,-27.02311],[153.45308,-27.02367],[153.4529,-27.02433],[153.45188,-27.02526],[153.4466,-27.02838],[153.44443,-27.02984],[153.44231,-27.03096],[153.43802,-27.0325],[153.43557,-27.03263],[153.43379,-27.03324],[153.43187,-27.03336],[153.43187,-27.02884],[153.43239,-27.02882],[153.43458,-27.02821],[153.43688,-27.02805],[153.43979,-27.02705],[153.44118,-27.02635],[153.4438,-27.02463],[153.44844,-27.02192],[153.44979,-27.0195],[153.45046,-27.01885],[153.4516,-27.01812],[153.45264,-27.01769],[153.45411,-27.01744],[153.45528,-27.01746],[153.45636,-27.01768]]]}},{"type":"Feature","properties":{"name":"Deception Bay","zt":"HPZ","zid":"HPZ05","notake":false,"plan":"Moreton Bay MP","src":"https://parks.qld.gov.au/parks/moreton-bay/zoning/app-and-maps"},"geometry":{"type":"Polygon","coordinates":[[[153.11196,-27.18314],[153.11196,-27.19126],[153.11171,-27.19163],[153.11134,-27.19179],[153.10981,-27.19176],[153.10671,-27.19106],[153.10475,-27.19171],[153.10456,-27.19195],[153.10456,-27.19297],[153.10392,-27.19322],[153.10364,-27.19409],[153.10415,-27.19523],[153.10432,-27.19671],[153.10493,-27.19758],[153.10378,-27.19874],[153.10331,-27.19977],[153.10286,-27.20007],[153.10019,-27.20087],[153.09702,-27.20319],[153.09146,-27.20466],[153.08903,-27.20506],[153.08907,-27.20535],[153.08964,-27.20562],[153.09023,-27.20562],[153.09072,-27.20631],[153.08938,-27.20627],[153.0901,-27.20724],[153.09011,-27.2076],[153.08508,-27.20842],[153.08393,-27.20805],[153.08114,-27.20758],[153.07914,-27.20791],[153.07774,-27.20773],[153.07569,-27.20898],[153.07498,-27.20819],[153.0745,-27.20688],[153.075,-27.20676],[153.0742,-27.20379],[153.063,-27.20612],[153.06359,-27.20831],[153.06636,-27.20857],[153.06893,-27.20806],[153.06847,-27.21067],[153.06047,-27.20958],[153.06004,-27.20917],[153.05961,-27.20903],[153.05791,-27.20901],[153.05549,-27.2098],[153.0531,-27.20926],[153.05238,-27.20893],[153.05061,-27.20739],[153.04869,-27.20649],[153.04669,-27.20478],[153.04568,-27.20428],[153.04514,-27.20375],[153.04347,-27.20261],[153.0431,-27.20224],[153.04233,-27.20081],[153.03887,-27.19831],[153.03832,-27.19767],[153.03814,-27.19707],[153.03718,-27.1965],[153.03633,-27.19557],[153.03621,-27.19506],[153.03482,-27.19329],[153.03334,-27.19181],[153.03244,-27.19033],[153.03122,-27.18706],[153.03085,-27.18644],[153.02971,-27.18306],[153.02935,-27.1792],[153.02971,-27.17821],[153.03043,-27.17748],[153.0294,-27.17644],[153.03036,-27.17125],[153.03445,-27.16628],[153.03348,-27.1637],[153.02993,-27.15858],[153.02961,-27.15879],[153.02889,-27.15858],[153.0291,-27.15953],[153.02899,-27.15983],[153.02881,-27.15993],[153.02841,-27.15977],[153.02838,-27.16018],[153.02778,-27.16043],[153.02765,-27.16114],[153.02748,-27.16129],[153.02642,-27.16151],[153.02558,-27.16192],[153.0253,-27.16185],[153.025,-27.16144],[153.02479,-27.16183],[153.02507,-27.16237],[153.02493,-27.16265],[153.02415,-27.16262],[153.02334,-27.16198],[153.02237,-27.16199],[153.02185,-27.16164],[153.02116,-27.16201],[153.02114,-27.16241],[153.02133,-27.1626],[153.02129,-27.16282],[153.0211,-27.16277],[153.02093,-27.1623],[153.02098,-27.16193],[153.02163,-27.16148],[153.02193,-27.16142],[153.02243,-27.16187],[153.02327,-27.16183],[153.02373,-27.16212],[153.02386,-27.16187],[153.02387,-27.16155],[153.02302,-27.1606],[153.02242,-27.1596],[153.02231,-27.15802],[153.02249,-27.15746],[153.02335,-27.15629],[153.02338,-27.15552],[153.0237,-27.15475],[153.02418,-27.15525],[153.0246,-27.15493],[153.02423,-27.15463],[153.02393,-27.15409],[153.02385,-27.15358],[153.02397,-27.15333],[153.02461,-27.15279],[153.02518,-27.15265],[153.0252,-27.1525],[153.02417,-27.15137],[153.02391,-27.15079],[153.02397,-27.14983],[153.02361,-27.14947],[153.02127,-27.14937],[153.02207,-27.15139],[153.022,-27.15169],[153.02164,-27.15193],[153.02072,-27.15154],[153.02028,-27.15071],[153.01988,-27.15034],[153.01946,-27.15035],[153.01835,-27.15078],[153.0184,-27.15053],[153.01947,-27.15017],[153.01999,-27.15021],[153.02033,-27.15049],[153.02096,-27.15151],[153.02124,-27.15171],[153.02172,-27.1517],[153.02184,-27.15123],[153.02119,-27.15008],[153.02103,-27.14936],[153.02151,-27.1491],[153.02341,-27.1492],[153.02408,-27.14951],[153.02432,-27.15092],[153.02473,-27.15161],[153.02568,-27.1524],[153.02648,-27.15121],[153.02667,-27.15113],[153.02899,-27.15128],[153.0291,-27.15022],[153.02931,-27.14982],[153.02973,-27.14961],[153.03037,-27.14968],[153.03662,-27.154],[153.03662,-27.14604],[153.03723,-27.14613],[153.04045,-27.1452],[153.04111,-27.14523],[153.04322,-27.14445],[153.04565,-27.1433],[153.04755,-27.14093],[153.04966,-27.1412],[153.05413,-27.13101],[153.05803,-27.12402],[153.06253,-27.11749],[153.0629,-27.11583],[153.0634,-27.11521],[153.06353,-27.11442],[153.06389,-27.11366],[153.06419,-27.11341],[153.07072,-27.11341],[153.06837,-27.11596],[153.06705,-27.11949],[153.06299,-27.12536],[153.06138,-27.12796],[153.05791,-27.13467],[153.0893,-27.13467],[153.06517,-27.15317],[153.10233,-27.18283],[153.11196,-27.18314]]]}},{"type":"Feature","properties":{"name":"Scotts Point","zt":"MNP","zid":"MNP12","notake":true,"plan":"Moreton Bay MP","src":"https://parks.qld.gov.au/parks/moreton-bay/zoning/app-and-maps"},"geometry":{"type":"Polygon","coordinates":[[[153.10652,-27.26935],[153.10652,-27.26235],[153.10723,-27.26176],[153.10784,-27.26168],[153.10802,-27.26144],[153.10897,-27.25838],[153.10935,-27.25762],[153.10993,-27.25697],[153.10998,-27.25573],[153.11057,-27.25504],[153.11905,-27.25504],[153.11439,-27.26935],[153.10652,-27.26935]]]}},{"type":"Feature","properties":{"name":"Willes Island","zt":"MNP","zid":"MNP29","notake":true,"plan":"Moreton Bay MP","src":"https://parks.qld.gov.au/parks/moreton-bay/zoning/app-and-maps"},"geometry":{"type":"Polygon","coordinates":[[[153.4021,-27.66821],[153.40058,-27.66821],[153.39464,-27.66372],[153.39335,-27.66007],[153.3989,-27.65536],[153.40333,-27.65011],[153.40827,-27.64768],[153.41972,-27.64768],[153.41936,-27.64899],[153.41879,-27.64972],[153.41787,-27.65004],[153.41777,-27.65059],[153.41716,-27.65097],[153.416,-27.65112],[153.41417,-27.65188],[153.41321,-27.65248],[153.41253,-27.65312],[153.41239,-27.65364],[153.41176,-27.65409],[153.41202,-27.6547],[153.41187,-27.65515],[153.41093,-27.65521],[153.40992,-27.65613],[153.40846,-27.65701],[153.40794,-27.65751],[153.40795,-27.65814],[153.40755,-27.65859],[153.40715,-27.65876],[153.40622,-27.65858],[153.40589,-27.65871],[153.40413,-27.65972],[153.40318,-27.66005],[153.40208,-27.66104],[153.39999,-27.66228],[153.39982,-27.66293],[153.40023,-27.66412],[153.40019,-27.66578],[153.40046,-27.66643],[153.4021,-27.66821]]]}},{"type":"Feature","properties":{"name":"Flinders Beach","zt":"HPZ","zid":"HPZ12","notake":false,"plan":"Moreton Bay MP","src":"https://parks.qld.gov.au/parks/moreton-bay/zoning/app-and-maps"},"geometry":{"type":"Polygon","coordinates":[[[153.53347,-27.42595],[153.53256,-27.42619],[153.53136,-27.42618],[153.53029,-27.42581],[153.52996,-27.42606],[153.52959,-27.42598],[153.529,-27.42615],[153.52849,-27.42666],[153.52816,-27.42677],[153.52536,-27.4263],[153.52081,-27.42464],[153.51889,-27.42361],[153.51452,-27.42067],[153.51413,-27.42073],[153.51412,-27.42128],[153.51339,-27.42158],[153.51237,-27.42178],[153.51054,-27.42184],[153.50484,-27.4216],[153.49893,-27.42091],[153.49503,-27.41977],[153.49311,-27.41943],[153.48456,-27.41615],[153.48239,-27.41492],[153.48129,-27.41446],[153.47991,-27.41349],[153.47823,-27.41272],[153.47632,-27.4114],[153.4726,-27.40805],[153.4693,-27.40419],[153.46691,-27.40107],[153.46466,-27.39749],[153.4628,-27.39485],[153.46062,-27.39275],[153.4582,-27.39087],[153.45658,-27.38977],[153.45495,-27.38898],[153.45495,-27.38413],[153.49121,-27.40849],[153.53347,-27.40849],[153.53347,-27.42595]]]}},{"type":"Feature","properties":{"name":"St Helena Island","zt":"MNP","zid":"MNP17","notake":true,"plan":"Moreton Bay MP","src":"https://parks.qld.gov.au/parks/moreton-bay/zoning/app-and-maps"},"geometry":{"type":"Polygon","coordinates":[[[153.24533,-27.40783],[153.22,-27.40783],[153.22,-27.37217],[153.24533,-27.37217],[153.24533,-27.40783]],[[153.23498,-27.37997],[153.2353,-27.38014],[153.23547,-27.38003],[153.23543,-27.37893],[153.2361,-27.37882],[153.23631,-27.37903],[153.23665,-27.37901],[153.23689,-27.37934],[153.23722,-27.38008],[153.2371,-27.38054],[153.2372,-27.38062],[153.23746,-27.38044],[153.23732,-27.37958],[153.23664,-27.37856],[153.23541,-27.37792],[153.23489,-27.37797],[153.23354,-27.37996],[153.23304,-27.38175],[153.23293,-27.38184],[153.23277,-27.38168],[153.23288,-27.38106],[153.23276,-27.3809],[153.2319,-27.38212],[153.23118,-27.3851],[153.23209,-27.38663],[153.23213,-27.38636],[153.23149,-27.38504],[153.23165,-27.38478],[153.23209,-27.3847],[153.23259,-27.38631],[153.23189,-27.38777],[153.23103,-27.38884],[153.22891,-27.39058],[153.22724,-27.39156],[153.22642,-27.39143],[153.22579,-27.39175],[153.2237,-27.39027],[153.22615,-27.39209],[153.22707,-27.39263],[153.22754,-27.39327],[153.22855,-27.3939],[153.23233,-27.39497],[153.23593,-27.39433],[153.23798,-27.39354],[153.2384,-27.39312],[153.23832,-27.39289],[153.2368,-27.39208],[153.23643,-27.39158],[153.23623,-27.39075],[153.23611,-27.3878],[153.23569,-27.386],[153.23523,-27.38506],[153.23411,-27.38441],[153.23363,-27.38373],[153.23384,-27.38311],[153.23453,-27.38269],[153.2349,-27.38184],[153.23464,-27.38047],[153.23498,-27.37997]]]}},{"type":"Feature","properties":{"name":"Moreton Island (north-east)","zt":"CPZ","zid":"CPZ04","notake":false,"plan":"Moreton Bay MP","src":"https://parks.qld.gov.au/parks/moreton-bay/zoning/app-and-maps"},"geometry":{"type":"Polygon","coordinates":[[[153.45664,-27.0737],[153.4577,-27.07113],[153.46037,-27.06359],[153.46256,-27.05643],[153.46845,-27.04197],[153.46308,-27.04197],[153.46389,-27.03969],[153.46439,-27.03882],[153.46466,-27.03868],[153.46516,-27.03887],[153.46578,-27.03886],[153.46571,-27.03907],[153.46598,-27.03917],[153.46634,-27.03893],[153.46658,-27.03844],[153.46653,-27.03813],[153.46628,-27.03826],[153.46646,-27.0379],[153.466,-27.03796],[153.46648,-27.03776],[153.46685,-27.03721],[153.46707,-27.03714],[153.46681,-27.03706],[153.46626,-27.03737],[153.46619,-27.03718],[153.46659,-27.03678],[153.46585,-27.03627],[153.46628,-27.03557],[153.46721,-27.03508],[153.46744,-27.03469],[153.46774,-27.03461],[153.46753,-27.03426],[153.46756,-27.0339],[153.46736,-27.03387],[153.46729,-27.03317],[153.46756,-27.03242],[153.46782,-27.03231],[153.46739,-27.0321],[153.46736,-27.03166],[153.46806,-27.02905],[153.46829,-27.02883],[153.4681,-27.02857],[153.46794,-27.02781],[153.46641,-27.02741],[153.46603,-27.02741],[153.46591,-27.02756],[153.4659,-27.02531],[153.46421,-27.02377],[153.46178,-27.02234],[153.46048,-27.02207],[153.45789,-27.0219],[153.45636,-27.02149],[153.45636,-27.01768],[153.45462,-27.01742],[153.45296,-27.01761],[153.4516,-27.01812],[153.45022,-27.01906],[153.44942,-27.01998],[153.44844,-27.02192],[153.4438,-27.02463],[153.44118,-27.02635],[153.43979,-27.02705],[153.43688,-27.02805],[153.43458,-27.02821],[153.43239,-27.02882],[153.43187,-27.02884],[153.43187,-27.03336],[153.42877,-27.03348],[153.42521,-27.0333],[153.42503,-27.03355],[153.42522,-27.03372],[153.42262,-27.03337],[153.42011,-27.03356],[153.41672,-27.03351],[153.41652,-27.03378],[153.41732,-27.03402],[153.41929,-27.03511],[153.40982,-27.03653],[153.40885,-27.03602],[153.40763,-27.03606],[153.40703,-27.03633],[153.40634,-27.03609],[153.40418,-27.0358],[153.40382,-27.03602],[153.40254,-27.03625],[153.40244,-27.03641],[153.40181,-27.03659],[153.40135,-27.03708],[153.40103,-27.03696],[153.40042,-27.03728],[153.40032,-27.03714],[153.39979,-27.03725],[153.39949,-27.03762],[153.39911,-27.03772],[153.39893,-27.03761],[153.39727,-27.03848],[153.39688,-27.03846],[153.39502,-27.03954],[153.39176,-27.04094],[153.38758,-27.04335],[153.38523,-27.04425],[153.38523,-27.01575],[153.4779,-27.01575],[153.4779,-27.0737],[153.45664,-27.0737]]]}},{"type":"Feature","properties":{"name":"Deception Bay","zt":"MNP","zid":"MNP09","notake":true,"plan":"Moreton Bay MP","src":"https://parks.qld.gov.au/parks/moreton-bay/zoning/app-and-maps"},"geometry":{"type":"Polygon","coordinates":[[[153.12167,-27.10985],[153.0893,-27.13467],[153.05791,-27.13467],[153.06138,-27.12796],[153.06299,-27.12536],[153.06705,-27.11949],[153.06837,-27.11596],[153.07043,-27.1136],[153.07437,-27.11102],[153.07592,-27.11054],[153.07771,-27.10954],[153.08037,-27.10763],[153.0813,-27.10719],[153.08273,-27.10617],[153.08627,-27.10455],[153.08857,-27.10331],[153.08992,-27.10283],[153.1004,-27.09706],[153.10189,-27.09597],[153.10497,-27.09467],[153.1082,-27.09225],[153.11001,-27.09186],[153.1147,-27.09027],[153.11832,-27.0895],[153.11882,-27.08945],[153.11978,-27.09],[153.12167,-27.09069],[153.12167,-27.10985]]]}},{"type":"Feature","properties":{"name":"Elimbah Creek (west)","zt":"GUZ","zid":"GUZ03","notake":false,"plan":"Moreton Bay MP","src":"https://parks.qld.gov.au/parks/moreton-bay/zoning/app-and-maps"},"geometry":{"type":"Polygon","coordinates":[[[153.07311,-27.03799],[153.07311,-27.03774],[153.07361,-27.03752],[153.07351,-27.03654],[153.0717,-27.03416],[153.06951,-27.03317],[153.06951,-27.03304],[153.07023,-27.03326],[153.07212,-27.03436],[153.0733,-27.03583],[153.07379,-27.03678],[153.0738,-27.03741],[153.07367,-27.03774],[153.07311,-27.03799]]]}},{"type":"Feature","properties":{"name":"Elimbah Creek (east)","zt":"GUZ","zid":"GUZ04","notake":false,"plan":"Moreton Bay MP","src":"https://parks.qld.gov.au/parks/moreton-bay/zoning/app-and-maps"},"geometry":{"type":"Polygon","coordinates":[[[153.07797,-27.03575],[153.07779,-27.03575],[153.0776,-27.0339],[153.07781,-27.0339],[153.07797,-27.03575]]]}},{"type":"Feature","properties":{"name":"Bulcock Beach","zt":"GUZ","zid":"GUZ01","notake":false,"plan":"Moreton Bay MP","src":"https://parks.qld.gov.au/parks/moreton-bay/zoning/app-and-maps"},"geometry":{"type":"Polygon","coordinates":[[[153.12896,-26.80564],[153.12896,-26.80584],[153.12702,-26.80584],[153.12594,-26.8063],[153.12594,-26.8061],[153.127,-26.80562],[153.12896,-26.80564]]]}},{"type":"Feature","properties":{"name":"South Stradbroke Island-Tipplers","zt":"GUZ","zid":"GUZ15","notake":false,"plan":"Moreton Bay MP","src":"https://parks.qld.gov.au/parks/moreton-bay/zoning/app-and-maps"},"geometry":{"type":"Polygon","coordinates":[[[153.4259,-27.80763],[153.42546,-27.80763],[153.427,-27.80244],[153.42756,-27.80244],[153.4275,-27.80339],[153.42675,-27.80613],[153.4259,-27.80763]]]}},{"type":"Feature","properties":{"name":"Mud Island","zt":"HPZ","zid":"HPZ11","notake":false,"plan":"Moreton Bay MP","src":"https://parks.qld.gov.au/parks/moreton-bay/zoning/app-and-maps"},"geometry":{"type":"Polygon","coordinates":[[[153.25473,-27.32869],[153.25512,-27.32871],[153.25537,-27.32841],[153.25544,-27.32739],[153.25599,-27.32628],[153.25631,-27.32473],[153.25656,-27.32436],[153.25681,-27.32447],[153.25653,-27.32606],[153.25667,-27.32667],[153.25766,-27.327],[153.25842,-27.32782],[153.25942,-27.32815],[153.25971,-27.32804],[153.25983,-27.32754],[153.26048,-27.3266],[153.26003,-27.32546],[153.26002,-27.32516],[153.26024,-27.32477],[153.26081,-27.32446],[153.26207,-27.32453],[153.26219,-27.32463],[153.2621,-27.32478],[153.26143,-27.32503],[153.26085,-27.32553],[153.26075,-27.32617],[153.26103,-27.32708],[153.26099,-27.32796],[153.26048,-27.32888],[153.25954,-27.32914],[153.25931,-27.32966],[153.25939,-27.33017],[153.26062,-27.33097],[153.26232,-27.33171],[153.26425,-27.33171],[153.2649,-27.33269],[153.265,-27.33312],[153.26472,-27.33435],[153.26364,-27.33571],[153.26312,-27.33673],[153.26309,-27.33806],[153.26221,-27.34],[153.26193,-27.34115],[153.26069,-27.34437],[153.25957,-27.34613],[153.25544,-27.35046],[153.25474,-27.35053],[153.25352,-27.35016],[153.2525,-27.35005],[153.25124,-27.35039],[153.25035,-27.35044],[153.24941,-27.35024],[153.24812,-27.34961],[153.24574,-27.35006],[153.24407,-27.34972],[153.24182,-27.34854],[153.24072,-27.3483],[153.24001,-27.3476],[153.23985,-27.34664],[153.23959,-27.34629],[153.23906,-27.34626],[153.23854,-27.34576],[153.23827,-27.34571],[153.23767,-27.34631],[153.23705,-27.34649],[153.23664,-27.34615],[153.23666,-27.34588],[153.23591,-27.34471],[153.2344,-27.34435],[153.2344,-27.33869],[153.23464,-27.33851],[153.23499,-27.33723],[153.23494,-27.33603],[153.23439,-27.33463],[153.23438,-27.33354],[153.23631,-27.3341],[153.23735,-27.33384],[153.23765,-27.33347],[153.23781,-27.33274],[153.23866,-27.33221],[153.2392,-27.33095],[153.23971,-27.33051],[153.24012,-27.32985],[153.24065,-27.32821],[153.24178,-27.32711],[153.24415,-27.32598],[153.24528,-27.32518],[153.24641,-27.32375],[153.24761,-27.32262],[153.24802,-27.32262],[153.24949,-27.32413],[153.25058,-27.32557],[153.25233,-27.32639],[153.25473,-27.32869]]]}},{"type":"Feature","properties":{"name":"Weinam Creek","zt":"GUZ","zid":"GUZ10","notake":false,"plan":"Moreton Bay MP","src":"https://parks.qld.gov.au/parks/moreton-bay/zoning/app-and-maps"},"geometry":{"type":"Polygon","coordinates":[[[153.31383,-27.61807],[153.31205,-27.61942],[153.31157,-27.61945],[153.31186,-27.61921],[153.31124,-27.61962],[153.31085,-27.61953],[153.31048,-27.61995],[153.30986,-27.61994],[153.30945,-27.62017],[153.30904,-27.62021],[153.30909,-27.62007],[153.30891,-27.61996],[153.30912,-27.61954],[153.30992,-27.61924],[153.31035,-27.61938],[153.31046,-27.61893],[153.31065,-27.61889],[153.3108,-27.61922],[153.3108,-27.61909],[153.3118,-27.61841],[153.31115,-27.61749],[153.31203,-27.617],[153.31357,-27.61744],[153.31383,-27.61807]]]}},{"type":"Feature","properties":{"name":"Elimbah Creek","zt":"GUZ","zid":"GUZ05","notake":false,"plan":"Moreton Bay MP","src":"https://parks.qld.gov.au/parks/moreton-bay/zoning/app-and-maps"},"geometry":{"type":"Polygon","coordinates":[[[153.07983,-27.04233],[153.0798,-27.04215],[153.08065,-27.04135],[153.08145,-27.04018],[153.08145,-27.03934],[153.08172,-27.03934],[153.08183,-27.03967],[153.08153,-27.04047],[153.08086,-27.04142],[153.07983,-27.04233]]]}},{"type":"Feature","properties":{"name":"Russell Island","zt":"GUZ","zid":"GUZ11","notake":false,"plan":"Moreton Bay MP","src":"https://parks.qld.gov.au/parks/moreton-bay/zoning/app-and-maps"},"geometry":{"type":"Polygon","coordinates":[[[153.3933,-27.6789],[153.39307,-27.67779],[153.39267,-27.67793],[153.39242,-27.67762],[153.39412,-27.67762],[153.39412,-27.68477],[153.39291,-27.68477],[153.39323,-27.6825],[153.3931,-27.68143],[153.39334,-27.68045],[153.3933,-27.6789]]]}},{"type":"Feature","properties":{"name":"Braydon Beach","zt":"MNP","zid":"MNP07","notake":true,"plan":"Moreton Bay MP","src":"https://parks.qld.gov.au/parks/moreton-bay/zoning/app-and-maps"},"geometry":{"type":"Polygon","coordinates":[[[153.45664,-27.0737],[153.45137,-27.0737],[153.45559,-27.06215],[153.45782,-27.0549],[153.46308,-27.04197],[153.46845,-27.04197],[153.46256,-27.05643],[153.46037,-27.06359],[153.4577,-27.07113],[153.45664,-27.0737]]]}},{"type":"Feature","properties":{"name":"Goat Island-Bird Island","zt":"CPZ","zid":"CPZ09","notake":false,"plan":"Moreton Bay MP","src":"https://parks.qld.gov.au/parks/moreton-bay/zoning/app-and-maps"},"geometry":{"type":"Polygon","coordinates":[[[153.40219,-27.50647],[153.38476,-27.51861],[153.38241,-27.51861],[153.37394,-27.5066],[153.39369,-27.49863],[153.39408,-27.50647],[153.40219,-27.50647]],[[153.38368,-27.51723],[153.38426,-27.51691],[153.38502,-27.51596],[153.385,-27.51497],[153.38468,-27.51466],[153.38427,-27.5148],[153.38412,-27.51546],[153.38345,-27.51652],[153.38368,-27.51723]]]}},{"type":"Feature","properties":{"name":"West Banks","zt":"HPZ","zid":"HPZ10","notake":false,"plan":"Moreton Bay MP","src":"https://parks.qld.gov.au/parks/moreton-bay/zoning/app-and-maps"},"geometry":{"type":"Polygon","coordinates":[[[153.17651,-27.33161],[153.15194,-27.36591],[153.14737,-27.36312],[153.14794,-27.36204],[153.14712,-27.36252],[153.14573,-27.36256],[153.1451,-27.36205],[153.14506,-27.36143],[153.14474,-27.3605],[153.14379,-27.36042],[153.14304,-27.3607],[153.14252,-27.36209],[153.14249,-27.36305],[153.14274,-27.36364],[153.14322,-27.36407],[153.14391,-27.36438],[153.14643,-27.36492],[153.14618,-27.36538],[153.1454,-27.37037],[153.14399,-27.37133],[153.14383,-27.36953],[153.14485,-27.36809],[153.14509,-27.36799],[153.14459,-27.36777],[153.14245,-27.36746],[153.14315,-27.36624],[153.14177,-27.36247],[153.13325,-27.35886],[153.13097,-27.3572],[153.12707,-27.35544],[153.11624,-27.3409],[153.1104,-27.34406],[153.11574,-27.35051],[153.11377,-27.34962],[153.11289,-27.34937],[153.11242,-27.34955],[153.10798,-27.34807],[153.10778,-27.34775],[153.10636,-27.34744],[153.10467,-27.3456],[153.10331,-27.34466],[153.1,-27.3428],[153.10733,-27.3428],[153.10733,-27.324],[153.17651,-27.33161]]]}},{"type":"Feature","properties":{"name":"Moreton Bay-Offshore","zt":"GUZ","zid":"GUZ02","notake":false,"plan":"Moreton Bay MP","src":"https://parks.qld.gov.au/parks/moreton-bay/zoning/app-and-maps"},"geometry":{"type":"MultiPolygon","coordinates":[[[[153.33823,-26.87091],[153.44284,-26.94553],[153.17983,-26.85733],[153.16667,-26.85733],[153.2795,-27.0355],[153.35297,-27.06396],[153.35324,-27.06686],[153.3541,-27.06957],[153.35491,-27.07155],[153.35702,-27.07542],[153.35723,-27.07727],[153.35817,-27.08118],[153.359,-27.08753],[153.35979,-27.09082],[153.35977,-27.09318],[153.36005,-27.09625],[153.36023,-27.10314],[153.35982,-27.10748],[153.35918,-27.11111],[153.35576,-27.12244],[153.35266,-27.13125],[153.35509,-27.1382],[153.35414,-27.14442],[153.35598,-27.14892],[153.35787,-27.15537],[153.35987,-27.16043],[153.35962,-27.16262],[153.35985,-27.16474],[153.3606,-27.16684],[153.36178,-27.16874],[153.36219,-27.16984],[153.36286,-27.17343],[153.36301,-27.17554],[153.36273,-27.17746],[153.36008,-27.1829],[153.35723,-27.19003],[153.35635,-27.19319],[153.35517,-27.19533],[153.35472,-27.19705],[153.35464,-27.19897],[153.35496,-27.20072],[153.35586,-27.20272],[153.35627,-27.20468],[153.35708,-27.20679],[153.35878,-27.20993],[153.36073,-27.21269],[153.36277,-27.21601],[153.36497,-27.22103],[153.36619,-27.22527],[153.36672,-27.22796],[153.36708,-27.23615],[153.36762,-27.23863],[153.37001,-27.24378],[153.3708,-27.24595],[153.37162,-27.24753],[153.37322,-27.25145],[153.37521,-27.25518],[153.378,-27.25991],[153.378,-27.30717],[153.29,-27.30717],[153.29,-27.3685],[153.35412,-27.3685],[153.33501,-27.40367],[153.30434,-27.42183],[153.29018,-27.43317],[153.34114,-27.4605],[153.30628,-27.49325],[153.24533,-27.44907],[153.24533,-27.37217],[153.19478,-27.36357],[153.20224,-27.35289],[153.18441,-27.34306],[153.16035,-27.3779],[153.15427,-27.37748],[153.15341,-27.36681],[153.15194,-27.36591],[153.17651,-27.33161],[153.10733,-27.324],[153.10301,-27.27647],[153.11313,-27.27647],[153.11439,-27.26935],[153.12334,-27.24183],[153.13283,-27.18383],[153.10233,-27.18283],[153.06517,-27.15317],[153.12167,-27.10985],[153.17948,-27.10985],[153.17948,-27.09899],[153.18315,-27.09814],[153.18476,-27.09792],[153.18635,-27.09783],[153.18933,-27.09807],[153.19125,-27.09793],[153.19361,-27.09741],[153.19533,-27.09679],[153.19724,-27.09537],[153.19807,-27.09429],[153.19894,-27.09276],[153.19961,-27.09213],[153.2033,-27.09046],[153.20471,-27.08963],[153.20549,-27.08892],[153.20619,-27.08793],[153.20701,-27.08548],[153.20708,-27.07763],[153.20676,-27.0748],[153.20632,-27.07295],[153.20493,-27.06871],[153.20256,-27.06289],[153.20098,-27.05992],[153.19939,-27.05734],[153.19119,-27.04577],[153.18026,-27.02767],[153.17639,-27.02039],[153.17452,-27.01587],[153.17181,-27.01036],[153.16804,-27.0018],[153.16434,-26.9924],[153.16264,-26.98849],[153.16109,-26.98444],[153.15701,-26.97199],[153.15112,-26.95122],[153.1497,-26.94689],[153.1452,-26.9316],[153.15561,-26.9316],[153.15027,-26.9134],[153.14597,-26.89718],[153.14458,-26.8907],[153.14242,-26.88262],[153.14071,-26.87405],[153.1403,-26.86899],[153.14043,-26.86459],[153.14025,-26.85995],[153.13922,-26.85148],[153.13867,-26.84371],[153.13898,-26.84059],[153.13966,-26.83666],[153.141,-26.82991],[153.14174,-26.82717],[153.14244,-26.8237],[153.14256,-26.8212],[153.14198,-26.81801],[153.14141,-26.81646],[153.14083,-26.8154],[153.13924,-26.81353],[153.13705,-26.81198],[153.15362,-26.80326],[153.33823,-26.87091]],[[153.23765,-27.33347],[153.23735,-27.33384],[153.23666,-27.3341],[153.23592,-27.33405],[153.23438,-27.33354],[153.23439,-27.33463],[153.23494,-27.33603],[153.23499,-27.33723],[153.23464,-27.33851],[153.2344,-27.33869],[153.2344,-27.34435],[153.23591,-27.34471],[153.23666,-27.34588],[153.23664,-27.34615],[153.23705,-27.34649],[153.23767,-27.34631],[153.23827,-27.34571],[153.23854,-27.34576],[153.23906,-27.34626],[153.23959,-27.34629],[153.23985,-27.34664],[153.24001,-27.3476],[153.24072,-27.3483],[153.24182,-27.34854],[153.24407,-27.34972],[153.24574,-27.35006],[153.24812,-27.34961],[153.24941,-27.35024],[153.25035,-27.35044],[153.25124,-27.35039],[153.2525,-27.35005],[153.25493,-27.35055],[153.25544,-27.35046],[153.25629,-27.34964],[153.25957,-27.34613],[153.26028,-27.34509],[153.26093,-27.34391],[153.26221,-27.34],[153.26309,-27.33806],[153.26312,-27.33673],[153.26364,-27.33571],[153.26472,-27.33435],[153.265,-27.33355],[153.2649,-27.33269],[153.26425,-27.33171],[153.26232,-27.33171],[153.25988,-27.33057],[153.25939,-27.33017],[153.2593,-27.32989],[153.25954,-27.32914],[153.26061,-27.32875],[153.26102,-27.32777],[153.26078,-27.32571],[153.2612,-27.32518],[153.2622,-27.3247],[153.26207,-27.32453],[153.26081,-27.32446],[153.26024,-27.32477],[153.26002,-27.32516],[153.26003,-27.32546],[153.26048,-27.3266],[153.25983,-27.32754],[153.25971,-27.32804],[153.25942,-27.32815],[153.25842,-27.32782],[153.25766,-27.327],[153.25667,-27.32667],[153.25653,-27.32606],[153.25681,-27.32447],[153.25656,-27.32436],[153.25631,-27.32473],[153.25599,-27.32628],[153.25544,-27.32739],[153.25537,-27.32841],[153.2549,-27.32875],[153.2546,-27.32861],[153.25233,-27.32639],[153.25058,-27.32557],[153.24949,-27.32413],[153.24788,-27.32255],[153.24761,-27.32262],[153.24678,-27.32338],[153.24528,-27.32518],[153.24415,-27.32598],[153.24178,-27.32711],[153.24065,-27.32821],[153.24012,-27.32985],[153.23971,-27.33051],[153.2392,-27.33095],[153.23866,-27.33221],[153.23768,-27.33293],[153.23765,-27.33347]]],[[[153.44284,-26.94553],[153.44838,-26.94039],[153.4515,-26.938],[153.45481,-26.93582],[153.4583,-26.93386],[153.46193,-26.93213],[153.46925,-26.92945],[153.47286,-26.9284],[153.47684,-26.92748],[153.48293,-26.92662],[153.48704,-26.92637],[153.4909,-26.92635],[153.49476,-26.92656],[153.49859,-26.92701],[153.50238,-26.9277],[153.50611,-26.92862],[153.5098,-26.92978],[153.51341,-26.93116],[153.5169,-26.93277],[153.52026,-26.93459],[153.52347,-26.9366],[153.52653,-26.93881],[153.5294,-26.94122],[153.53207,-26.94379],[153.53454,-26.94653],[153.53687,-26.94948],[153.53895,-26.95258],[153.54078,-26.95581],[153.54304,-26.96086],[153.54469,-26.96611],[153.54542,-26.96968],[153.54587,-26.97329],[153.54599,-26.97874],[153.5457,-26.98237],[153.54513,-26.98596],[153.54426,-26.98951],[153.54244,-26.99469],[153.54089,-26.99802],[153.53908,-27.00125],[153.53588,-27.00585],[153.52881,-27.01387],[153.52636,-27.01621],[153.52354,-27.01857],[153.52511,-27.02533],[153.51533,-27.02533],[153.51533,-27.1],[153.5425,-27.1],[153.60852,-27.38246],[153.60924,-27.38769],[153.61157,-27.417],[153.61143,-27.42253],[153.61061,-27.42801],[153.60912,-27.43338],[153.60709,-27.43834],[153.59803,-27.45715],[153.59535,-27.46185],[153.59326,-27.46484],[153.58968,-27.46905],[153.58704,-27.47167],[153.58313,-27.47496],[153.58156,-27.47774],[153.57816,-27.48479],[153.57521,-27.49162],[153.57192,-27.50059],[153.57033,-27.50411],[153.56844,-27.50778],[153.56605,-27.51429],[153.56181,-27.52426],[153.56054,-27.52783],[153.55935,-27.53058],[153.55645,-27.53874],[153.55442,-27.54318],[153.55225,-27.55005],[153.54938,-27.55696],[153.548,-27.56085],[153.54656,-27.56412],[153.54493,-27.56894],[153.54318,-27.57337],[153.54099,-27.58017],[153.53807,-27.58811],[153.53359,-27.60336],[153.53156,-27.60909],[153.52872,-27.6184],[153.52637,-27.6277],[153.52513,-27.63371],[153.52203,-27.64554],[153.52087,-27.6507],[153.51938,-27.65849],[153.51862,-27.66154],[153.51763,-27.66725],[153.51648,-27.67171],[153.51579,-27.67586],[153.5143,-27.68308],[153.51309,-27.6903],[153.51092,-27.70673],[153.51093,-27.7092],[153.51181,-27.71233],[153.51246,-27.71551],[153.51295,-27.71888],[153.51319,-27.72227],[153.51308,-27.72732],[153.51228,-27.73418],[153.51107,-27.73946],[153.50923,-27.74459],[153.50635,-27.75036],[153.50463,-27.75315],[153.50271,-27.75586],[153.50135,-27.76562],[153.49998,-27.77382],[153.49859,-27.78066],[153.49731,-27.78842],[153.49648,-27.79206],[153.49392,-27.8068],[153.49318,-27.80998],[153.49222,-27.81695],[153.48996,-27.8293],[153.48912,-27.83717],[153.48707,-27.85042],[153.48657,-27.85659],[153.48532,-27.86258],[153.48492,-27.86889],[153.48431,-27.87259],[153.483,-27.88576],[153.48309,-27.90072],[153.48336,-27.90784],[153.48414,-27.91293],[153.48659,-27.91803],[153.4884,-27.92335],[153.48954,-27.92883],[153.48994,-27.93286],[153.46256,-27.93286],[153.45784,-27.91833],[153.461,-27.88167],[153.47099,-27.80167],[153.48784,-27.725],[153.50783,-27.605],[153.521,-27.56167],[153.54433,-27.49833],[153.57582,-27.43851],[153.56667,-27.3725],[153.56667,-27.33717],[153.48667,-27.33717],[153.48667,-27.32783],[153.47413,-27.32783],[153.47413,-27.16884],[153.49067,-27.16884],[153.49067,-27.108],[153.50627,-26.9791],[153.50627,-26.94553],[153.44284,-26.94553]]]]}},{"type":"Feature","properties":{"name":"Pumicestone Channel (north)","zt":"CPZ","zid":"CPZ01","notake":false,"plan":"Moreton Bay MP","src":"https://parks.qld.gov.au/parks/moreton-bay/zoning/app-and-maps"},"geometry":{"type":"Polygon","coordinates":[[[153.12817,-26.80721],[153.13078,-26.80721],[153.13177,-26.8089],[153.13177,-26.81968],[153.13133,-26.81979],[153.13169,-26.82169],[153.13174,-26.82327],[153.13145,-26.82449],[153.1303,-26.82739],[153.1298,-26.82927],[153.12906,-26.83063],[153.12824,-26.83537],[153.12794,-26.83597],[153.12835,-26.83762],[153.12801,-26.83818],[153.1272,-26.8388],[153.12698,-26.83942],[153.12698,-26.83991],[153.12723,-26.84061],[153.12792,-26.84131],[153.12846,-26.8415],[153.1281,-26.84175],[153.12728,-26.84315],[153.12617,-26.84398],[153.12561,-26.84528],[153.12501,-26.84589],[153.12476,-26.8465],[153.1249,-26.84685],[153.1265,-26.84712],[153.12674,-26.84703],[153.12672,-26.84667],[153.1269,-26.84648],[153.12808,-26.84838],[153.1279,-26.84913],[153.12725,-26.8498],[153.12726,-26.85114],[153.12756,-26.85192],[153.12816,-26.85261],[153.12856,-26.85397],[153.12867,-26.85653],[153.12894,-26.85826],[153.12847,-26.85915],[153.12728,-26.85925],[153.12702,-26.85955],[153.12689,-26.86281],[153.12711,-26.8639],[153.12677,-26.86477],[153.12676,-26.86551],[153.12747,-26.86764],[153.12765,-26.87029],[153.13007,-26.87378],[153.13011,-26.87403],[153.12952,-26.87499],[153.12771,-26.87566],[153.12712,-26.87621],[153.12627,-26.87646],[153.12587,-26.87686],[153.12467,-26.87744],[153.1242,-26.87816],[153.1237,-26.87969],[153.12386,-26.88111],[153.12318,-26.88192],[153.12303,-26.88238],[153.12323,-26.88273],[153.12453,-26.88344],[153.12495,-26.88446],[153.12502,-26.88541],[153.1232,-26.88324],[153.12222,-26.88283],[153.12176,-26.88195],[153.11764,-26.88281],[153.11716,-26.8833],[153.11732,-26.88363],[153.11725,-26.8842],[153.11606,-26.88487],[153.11528,-26.88558],[153.11504,-26.8866],[153.11412,-26.88768],[153.11386,-26.8878],[153.11086,-26.89167],[153.09967,-26.8962],[153.09517,-26.89698],[153.09447,-26.8973],[153.09289,-26.89733],[153.09015,-26.89793],[153.08764,-26.89822],[153.08527,-26.90165],[153.08436,-26.90364],[153.08435,-26.90448],[153.08318,-26.90499],[153.08192,-26.90605],[153.08042,-26.90661],[153.07919,-26.90736],[153.07808,-26.9092],[153.07792,-26.91098],[153.07808,-26.91128],[153.08025,-26.91192],[153.08035,-26.91211],[153.07921,-26.91211],[153.07824,-26.91181],[153.07786,-26.91191],[153.07707,-26.91473],[153.07657,-26.91579],[153.07602,-26.91655],[153.0757,-26.91756],[153.07549,-26.92003],[153.07574,-26.9207],[153.07699,-26.92255],[153.07347,-26.92255],[153.07284,-26.92301],[153.07165,-26.92509],[153.07109,-26.92652],[153.07037,-26.92997],[153.07036,-26.93093],[153.07022,-26.93104],[153.07022,-26.93437],[153.07069,-26.93615],[153.07172,-26.93759],[153.07177,-26.93787],[153.07286,-26.93897],[153.07399,-26.94044],[153.07402,-26.94088],[153.07417,-26.94091],[153.07417,-26.94746],[153.07232,-26.94628],[153.07135,-26.94348],[153.06634,-26.93786],[153.06593,-26.93688],[153.06592,-26.93617],[153.06637,-26.93526],[153.06659,-26.93003],[153.06764,-26.9251],[153.06762,-26.92484],[153.06666,-26.92361],[153.06632,-26.92233],[153.06649,-26.9216],[153.06749,-26.91965],[153.06755,-26.91945],[153.06731,-26.91933],[153.06685,-26.91928],[153.06562,-26.92199],[153.06456,-26.92314],[153.06371,-26.92369],[153.06164,-26.92425],[153.05983,-26.92412],[153.05848,-26.92379],[153.05746,-26.92336],[153.05633,-26.92247],[153.0554,-26.92108],[153.05476,-26.92066],[153.05391,-26.92063],[153.05171,-26.92123],[153.05083,-26.92175],[153.049,-26.92325],[153.04906,-26.92358],[153.04989,-26.92472],[153.04965,-26.92522],[153.04914,-26.92533],[153.04799,-26.9252],[153.04775,-26.92599],[153.04745,-26.92633],[153.04565,-26.92676],[153.04548,-26.92704],[153.04527,-26.92845],[153.04398,-26.92978],[153.04318,-26.92998],[153.04249,-26.9297],[153.04274,-26.92941],[153.0428,-26.92893],[153.04259,-26.92809],[153.0415,-26.92788],[153.04046,-26.92734],[153.04014,-26.92746],[153.03998,-26.92802],[153.04052,-26.92797],[153.0417,-26.92828],[153.04226,-26.92869],[153.04219,-26.92882],[153.0417,-26.92906],[153.0404,-26.9293],[153.03909,-26.92988],[153.03819,-26.93222],[153.0372,-26.93272],[153.03655,-26.93262],[153.03602,-26.93187],[153.03634,-26.93164],[153.03701,-26.93159],[153.03744,-26.93138],[153.03748,-26.93126],[153.03716,-26.931],[153.03611,-26.93066],[153.03441,-26.93091],[153.03316,-26.93074],[153.03251,-26.93045],[153.03235,-26.93022],[153.03239,-26.92969],[153.03294,-26.92858],[153.03401,-26.92739],[153.03406,-26.9271],[153.03094,-26.92616],[153.02983,-26.92663],[153.02908,-26.92675],[153.02856,-26.92633],[153.02837,-26.92592],[153.02826,-26.92645],[153.02769,-26.9266],[153.02747,-26.92655],[153.02717,-26.92606],[153.0266,-26.92585],[153.02552,-26.92589],[153.0238,-26.92624],[153.02262,-26.92588],[153.02409,-26.92599],[153.02561,-26.92569],[153.02688,-26.92563],[153.02724,-26.92576],[153.02793,-26.92637],[153.02825,-26.92557],[153.02851,-26.92566],[153.02883,-26.9263],[153.02906,-26.92642],[153.02954,-26.92643],[153.03104,-26.92597],[153.03422,-26.92681],[153.03449,-26.92716],[153.03295,-26.92935],[153.0327,-26.93009],[153.0331,-26.93035],[153.03383,-26.9305],[153.03617,-26.93042],[153.0372,-26.93068],[153.03783,-26.93116],[153.03786,-26.93148],[153.03637,-26.93195],[153.03659,-26.93234],[153.03763,-26.93239],[153.03798,-26.93203],[153.03876,-26.92988],[153.03873,-26.92973],[153.0376,-26.92946],[153.03723,-26.92893],[153.03723,-26.92824],[153.03747,-26.9281],[153.03838,-26.92806],[153.03992,-26.92715],[153.04062,-26.92709],[153.04137,-26.92753],[153.04269,-26.92778],[153.04302,-26.92814],[153.04314,-26.92956],[153.0438,-26.92946],[153.04491,-26.9283],[153.04503,-26.9278],[153.04472,-26.92779],[153.04431,-26.9282],[153.04412,-26.92815],[153.04399,-26.92804],[153.04413,-26.92777],[153.04456,-26.92744],[153.04415,-26.92718],[153.04366,-26.92712],[153.04365,-26.92686],[153.04487,-26.92695],[153.04541,-26.92652],[153.0466,-26.92609],[153.04664,-26.92534],[153.0469,-26.92518],[153.0478,-26.92487],[153.0485,-26.92489],[153.04865,-26.9247],[153.04853,-26.92382],[153.04882,-26.92292],[153.05103,-26.92112],[153.05147,-26.92092],[153.05374,-26.92014],[153.05486,-26.92035],[153.05564,-26.9208],[153.05647,-26.92187],[153.05871,-26.92291],[153.06084,-26.92348],[153.06256,-26.92337],[153.06241,-26.92277],[153.0631,-26.9222],[153.06376,-26.92263],[153.0642,-26.9222],[153.06335,-26.92154],[153.0634,-26.91968],[153.06138,-26.91862],[153.06342,-26.91732],[153.06643,-26.91644],[153.06698,-26.916],[153.06232,-26.91552],[153.06211,-26.91373],[153.06179,-26.91344],[153.06086,-26.91308],[153.06133,-26.91257],[153.06207,-26.91243],[153.06268,-26.91196],[153.06403,-26.91084],[153.06511,-26.90963],[153.06628,-26.90873],[153.06677,-26.90879],[153.06696,-26.9099],[153.06743,-26.91013],[153.06745,-26.91053],[153.06776,-26.91062],[153.06795,-26.91044],[153.06791,-26.90941],[153.06759,-26.90873],[153.0665,-26.90784],[153.06394,-26.90465],[153.06277,-26.90416],[153.06219,-26.90424],[153.06211,-26.90439],[153.06229,-26.90459],[153.06171,-26.90482],[153.06093,-26.90479],[153.05917,-26.90523],[153.05942,-26.90683],[153.05921,-26.90711],[153.05715,-26.90742],[153.05576,-26.90893],[153.05534,-26.90907],[153.0549,-26.90891],[153.0542,-26.90807],[153.05405,-26.90755],[153.05367,-26.90739],[153.05374,-26.90654],[153.05311,-26.9058],[153.05302,-26.90525],[153.05344,-26.90506],[153.05418,-26.90527],[153.05504,-26.90616],[153.05606,-26.90599],[153.05608,-26.90579],[153.05466,-26.90537],[153.05374,-26.90474],[153.05354,-26.90425],[153.05378,-26.90392],[153.05407,-26.90398],[153.05402,-26.90377],[153.05344,-26.90373],[153.05213,-26.90415],[153.05162,-26.90416],[153.05036,-26.90261],[153.04863,-26.90142],[153.04729,-26.90135],[153.04594,-26.89984],[153.04577,-26.89904],[153.04592,-26.899],[153.04621,-26.89978],[153.04729,-26.90094],[153.04879,-26.90126],[153.04943,-26.9018],[153.0513,-26.90262],[153.05208,-26.90319],[153.05227,-26.90366],[153.05259,-26.9037],[153.05338,-26.90336],[153.05398,-26.90345],[153.05442,-26.90375],[153.05442,-26.90413],[153.05427,-26.90432],[153.05447,-26.90492],[153.05637,-26.90577],[153.05616,-26.90618],[153.05504,-26.90648],[153.05497,-26.90693],[153.05515,-26.90727],[153.05495,-26.90764],[153.05514,-26.90797],[153.05549,-26.90785],[153.05553,-26.90746],[153.05577,-26.90711],[153.05617,-26.90696],[153.05648,-26.9062],[153.05706,-26.90615],[153.05792,-26.90639],[153.058,-26.90555],[153.0583,-26.90536],[153.05845,-26.90418],[153.05882,-26.90389],[153.06012,-26.90373],[153.06081,-26.90332],[153.06081,-26.90315],[153.06138,-26.90257],[153.06197,-26.90261],[153.06273,-26.90127],[153.06289,-26.90068],[153.06262,-26.89942],[153.06178,-26.89854],[153.06054,-26.89859],[153.0599,-26.89828],[153.05761,-26.89774],[153.05674,-26.89837],[153.05406,-26.89809],[153.05467,-26.89721],[153.05716,-26.89585],[153.05806,-26.89468],[153.05937,-26.8947],[153.05979,-26.89457],[153.06089,-26.89395],[153.06099,-26.89368],[153.05854,-26.89431],[153.05694,-26.89401],[153.05638,-26.89375],[153.05552,-26.89311],[153.05377,-26.8912],[153.05328,-26.89033],[153.0529,-26.88869],[153.0522,-26.88823],[153.05177,-26.88827],[153.05143,-26.88862],[153.05133,-26.89033],[153.05089,-26.89082],[153.05016,-26.8911],[153.04901,-26.89108],[153.0469,-26.88988],[153.04626,-26.88912],[153.04592,-26.88895],[153.04552,-26.88803],[153.04312,-26.88565],[153.04278,-26.88476],[153.04187,-26.88323],[153.04198,-26.88274],[153.0423,-26.8825],[153.04308,-26.8824],[153.04339,-26.88192],[153.04377,-26.88205],[153.04366,-26.88224],[153.04377,-26.8824],[153.04346,-26.88246],[153.0435,-26.88256],[153.04434,-26.88292],[153.04483,-26.88293],[153.04516,-26.88265],[153.04518,-26.88194],[153.04207,-26.87904],[153.04087,-26.87722],[153.04064,-26.87664],[153.0406,-26.8758],[153.04032,-26.8755],[153.03929,-26.87549],[153.03715,-26.87603],[153.03543,-26.87708],[153.03615,-26.87796],[153.03611,-26.87919],[153.03651,-26.88046],[153.03795,-26.88191],[153.03804,-26.88217],[153.03786,-26.88252],[153.03635,-26.88325],[153.03401,-26.88376],[153.03081,-26.88322],[153.0278,-26.8821],[153.02419,-26.88029],[153.02396,-26.88029],[153.02382,-26.88049],[153.02379,-26.88175],[153.02352,-26.88332],[153.02333,-26.8835],[153.02275,-26.88344],[153.02157,-26.88288],[153.0215,-26.88277],[153.02169,-26.88266],[153.02283,-26.88314],[153.0232,-26.8831],[153.02338,-26.88251],[153.0234,-26.88047],[153.02361,-26.88006],[153.02402,-26.87992],[153.02968,-26.88251],[153.03227,-26.88319],[153.03405,-26.88341],[153.03488,-26.88332],[153.0368,-26.88265],[153.03763,-26.88218],[153.03624,-26.88058],[153.03573,-26.87911],[153.03591,-26.87818],[153.03511,-26.87716],[153.03405,-26.87799],[153.03405,-26.87819],[153.03511,-26.87832],[153.03497,-26.8785],[153.03395,-26.87839],[153.03359,-26.87809],[153.03313,-26.87796],[153.03278,-26.87757],[153.03289,-26.87639],[153.03343,-26.8755],[153.03355,-26.87483],[153.03333,-26.87428],[153.03288,-26.87378],[153.03255,-26.87278],[153.03188,-26.8719],[153.03123,-26.87038],[153.03083,-26.86889],[153.03051,-26.86641],[153.02993,-26.86511],[153.0298,-26.86497],[153.02901,-26.86497],[153.0289,-26.86462],[153.02923,-26.86411],[153.02779,-26.86337],[153.02821,-26.86406],[153.02821,-26.86448],[153.02808,-26.86461],[153.02761,-26.86452],[153.02632,-26.86354],[153.02622,-26.86308],[153.02678,-26.86255],[153.02675,-26.86233],[153.02626,-26.86232],[153.02586,-26.86258],[153.02561,-26.86245],[153.02566,-26.86225],[153.02638,-26.86189],[153.02694,-26.862],[153.02714,-26.86241],[153.02657,-26.86321],[153.02671,-26.86351],[153.02798,-26.86439],[153.02732,-26.86325],[153.02789,-26.86308],[153.02952,-26.86398],[153.02927,-26.86475],[153.03003,-26.86475],[153.03052,-26.86562],[153.0306,-26.86569],[153.03066,-26.86548],[153.03096,-26.86554],[153.0308,-26.86618],[153.03088,-26.86707],[153.03138,-26.86958],[153.03224,-26.87177],[153.03351,-26.87252],[153.03353,-26.87355],[153.03393,-26.87513],[153.03352,-26.87635],[153.03315,-26.87677],[153.03309,-26.87723],[153.03332,-26.87763],[153.03355,-26.87774],[153.03408,-26.8776],[153.03595,-26.87624],[153.03567,-26.87602],[153.03949,-26.87508],[153.04065,-26.87536],[153.04092,-26.87565],[153.04104,-26.87674],[153.04334,-26.87961],[153.04399,-26.88019],[153.04484,-26.8796],[153.04534,-26.87952],[153.04523,-26.87887],[153.04535,-26.87851],[153.04515,-26.87846],[153.04489,-26.8787],[153.04439,-26.87829],[153.04439,-26.8781],[153.04338,-26.87793],[153.04312,-26.87781],[153.04317,-26.87768],[153.04342,-26.87758],[153.04514,-26.87776],[153.046,-26.87804],[153.047,-26.87867],[153.04718,-26.87897],[153.04703,-26.87941],[153.04512,-26.8808],[153.04569,-26.8821],[153.04569,-26.88272],[153.04554,-26.88298],[153.04469,-26.88346],[153.04375,-26.88332],[153.04308,-26.883],[153.04258,-26.88295],[153.0424,-26.88321],[153.0438,-26.88555],[153.04446,-26.88627],[153.04651,-26.88788],[153.0481,-26.88992],[153.04905,-26.88966],[153.0493,-26.88916],[153.04937,-26.88867],[153.0488,-26.88704],[153.04892,-26.8866],[153.0496,-26.88628],[153.05061,-26.88641],[153.0511,-26.887],[153.05074,-26.88744],[153.05085,-26.88772],[153.05121,-26.88792],[153.05232,-26.88783],[153.05294,-26.88808],[153.05449,-26.88993],[153.0561,-26.89259],[153.05674,-26.89317],[153.05774,-26.89354],[153.05914,-26.89339],[153.05923,-26.89324],[153.05884,-26.893],[153.05696,-26.89256],[153.05692,-26.89245],[153.05782,-26.89249],[153.05751,-26.89207],[153.05611,-26.8913],[153.05596,-26.89097],[153.0579,-26.89177],[153.05923,-26.89252],[153.06014,-26.89246],[153.06006,-26.89186],[153.06066,-26.89139],[153.06078,-26.89106],[153.06098,-26.88929],[153.06164,-26.88744],[153.06148,-26.8871],[153.06,-26.8867],[153.05917,-26.88622],[153.05905,-26.8857],[153.06027,-26.88469],[153.06184,-26.88443],[153.0611,-26.88513],[153.06133,-26.88584],[153.06198,-26.88634],[153.06214,-26.88725],[153.06171,-26.89024],[153.06128,-26.89132],[153.06123,-26.89219],[153.06139,-26.89236],[153.0626,-26.89266],[153.06321,-26.89326],[153.06332,-26.8937],[153.06292,-26.89496],[153.063,-26.89612],[153.06384,-26.89773],[153.06468,-26.89858],[153.06514,-26.89941],[153.06612,-26.9033],[153.06767,-26.9047],[153.06763,-26.90499],[153.06892,-26.90575],[153.06888,-26.90661],[153.06923,-26.9077],[153.06987,-26.90792],[153.07091,-26.90899],[153.07253,-26.90811],[153.07261,-26.9067],[153.07469,-26.90485],[153.07527,-26.90398],[153.07633,-26.90344],[153.07638,-26.90282],[153.07662,-26.90274],[153.07693,-26.90196],[153.07812,-26.90089],[153.07842,-26.90027],[153.07836,-26.89926],[153.07864,-26.89832],[153.08016,-26.89728],[153.08074,-26.89656],[153.0812,-26.89625],[153.0821,-26.89572],[153.08328,-26.89533],[153.08325,-26.89457],[153.08359,-26.89458],[153.08414,-26.89546],[153.08489,-26.89588],[153.08543,-26.89599],[153.08629,-26.89575],[153.08725,-26.89512],[153.0898,-26.8957],[153.09161,-26.89553],[153.09225,-26.89519],[153.09273,-26.89453],[153.0933,-26.89275],[153.09349,-26.89174],[153.09321,-26.89108],[153.09346,-26.89039],[153.09452,-26.89006],[153.0952,-26.88963],[153.09636,-26.88713],[153.09656,-26.88689],[153.09812,-26.88609],[153.09832,-26.88576],[153.09822,-26.88527],[153.0984,-26.88477],[153.09935,-26.88465],[153.09948,-26.8845],[153.0995,-26.88417],[153.09792,-26.88275],[153.09802,-26.8817],[153.09731,-26.87987],[153.09649,-26.87924],[153.09519,-26.87871],[153.09515,-26.87858],[153.09553,-26.87835],[153.09609,-26.87847],[153.09716,-26.87905],[153.09773,-26.87962],[153.09838,-26.88158],[153.0987,-26.88189],[153.10005,-26.88205],[153.10149,-26.88173],[153.10247,-26.8817],[153.10435,-26.87939],[153.10594,-26.87858],[153.10679,-26.87795],[153.10711,-26.87708],[153.10785,-26.87606],[153.10863,-26.87554],[153.10935,-26.87453],[153.10956,-26.87396],[153.11057,-26.87303],[153.11075,-26.87236],[153.1127,-26.86861],[153.11284,-26.86774],[153.11263,-26.86661],[153.11176,-26.8661],[153.11167,-26.86531],[153.1112,-26.86492],[153.11032,-26.86461],[153.1104,-26.86407],[153.11098,-26.86385],[153.11118,-26.86282],[153.11088,-26.86142],[153.1101,-26.86],[153.10977,-26.85854],[153.10948,-26.85808],[153.10941,-26.85667],[153.10892,-26.85531],[153.1089,-26.85378],[153.10984,-26.84857],[153.11033,-26.84694],[153.11023,-26.84618],[153.1096,-26.84596],[153.10787,-26.84675],[153.10412,-26.84702],[153.1032,-26.84745],[153.10262,-26.84702],[153.10202,-26.84698],[153.09962,-26.84775],[153.09885,-26.84813],[153.09811,-26.84998],[153.09754,-26.8502],[153.09552,-26.85235],[153.09396,-26.85347],[153.0929,-26.8534],[153.09239,-26.85291],[153.09195,-26.85153],[153.09191,-26.85072],[153.09233,-26.85036],[153.09241,-26.84989],[153.09208,-26.847],[153.08945,-26.84708],[153.08852,-26.84689],[153.08693,-26.84594],[153.08622,-26.84464],[153.08585,-26.84317],[153.08583,-26.84214],[153.08808,-26.84024],[153.08895,-26.83981],[153.08909,-26.83945],[153.0884,-26.83934],[153.08679,-26.83961],[153.08529,-26.83957],[153.08152,-26.83865],[153.08107,-26.8379],[153.08126,-26.83688],[153.08104,-26.83637],[153.0797,-26.83553],[153.07927,-26.83502],[153.07928,-26.83474],[153.08007,-26.8339],[153.07999,-26.83354],[153.07959,-26.83325],[153.07904,-26.83245],[153.07777,-26.83151],[153.07772,-26.8312],[153.07801,-26.831],[153.0778,-26.83082],[153.07734,-26.8311],[153.07719,-26.83181],[153.07686,-26.83182],[153.07708,-26.83101],[153.07759,-26.83061],[153.07815,-26.83066],[153.07881,-26.83171],[153.07988,-26.83227],[153.08051,-26.83381],[153.08039,-26.83418],[153.0797,-26.83476],[153.0797,-26.83517],[153.08005,-26.8355],[153.08114,-26.8357],[153.08177,-26.83633],[153.08246,-26.83647],[153.0828,-26.83629],[153.08235,-26.83606],[153.08233,-26.83587],[153.08271,-26.83478],[153.08316,-26.83464],[153.08381,-26.83476],[153.08447,-26.83375],[153.08344,-26.83279],[153.08365,-26.83246],[153.08413,-26.83228],[153.08421,-26.83207],[153.0831,-26.83214],[153.08292,-26.83195],[153.08312,-26.83172],[153.083,-26.83137],[153.08322,-26.8308],[153.08248,-26.83083],[153.0822,-26.83059],[153.08222,-26.83022],[153.08275,-26.82963],[153.08341,-26.82981],[153.08308,-26.83024],[153.08372,-26.83056],[153.08404,-26.83143],[153.08438,-26.83158],[153.08473,-26.83202],[153.08475,-26.8324],[153.08409,-26.83287],[153.08441,-26.8331],[153.08507,-26.83322],[153.08519,-26.83377],[153.08422,-26.83516],[153.08326,-26.83537],[153.08317,-26.83575],[153.08346,-26.83637],[153.08327,-26.837],[153.08283,-26.83724],[153.08193,-26.83715],[153.08167,-26.8374],[153.08166,-26.83785],[153.08272,-26.83833],[153.08398,-26.83844],[153.08475,-26.83869],[153.08737,-26.83865],[153.0888,-26.83881],[153.08931,-26.83909],[153.08947,-26.8396],[153.0893,-26.83995],[153.08656,-26.84232],[153.08632,-26.84257],[153.08627,-26.84295],[153.08664,-26.84324],[153.08708,-26.8446],[153.08781,-26.84551],[153.08927,-26.84619],[153.09101,-26.84616],[153.0922,-26.84647],[153.09321,-26.84706],[153.09348,-26.84781],[153.0935,-26.84874],[153.09295,-26.85235],[153.09299,-26.85282],[153.09325,-26.8531],[153.09369,-26.85256],[153.09434,-26.85072],[153.0948,-26.84989],[153.09525,-26.8495],[153.0961,-26.84923],[153.09659,-26.8487],[153.09761,-26.84809],[153.09916,-26.84634],[153.10131,-26.84544],[153.10305,-26.84544],[153.10428,-26.84512],[153.10416,-26.84482],[153.10582,-26.84479],[153.10558,-26.84388],[153.10678,-26.84349],[153.10778,-26.84263],[153.11228,-26.84263],[153.11706,-26.844],[153.12293,-26.83108],[153.12245,-26.82067],[153.12334,-26.81341],[153.12485,-26.8106],[153.12817,-26.80721]],[[153.10262,-26.885],[153.10202,-26.88496],[153.10041,-26.886],[153.09978,-26.88665],[153.09914,-26.88837],[153.09834,-26.88885],[153.09693,-26.88935],[153.09648,-26.88974],[153.09567,-26.89088],[153.09472,-26.89186],[153.09404,-26.89388],[153.09368,-26.89446],[153.09622,-26.89321],[153.09698,-26.89306],[153.09787,-26.89186],[153.09875,-26.89197],[153.09897,-26.89191],[153.09933,-26.89127],[153.10058,-26.89121],[153.10203,-26.89],[153.10238,-26.88934],[153.10228,-26.88913],[153.10168,-26.88888],[153.10103,-26.88895],[153.10088,-26.88888],[153.10092,-26.88865],[153.10222,-26.88741],[153.10357,-26.88702],[153.10387,-26.88632],[153.10366,-26.88557],[153.10262,-26.885]],[[153.10804,-26.88424],[153.10786,-26.88512],[153.108,-26.88548],[153.10751,-26.88595],[153.10729,-26.88642],[153.10807,-26.88762],[153.109,-26.88697],[153.10936,-26.88646],[153.10921,-26.88453],[153.10843,-26.88397],[153.10804,-26.88424]]]}},{"type":"Feature","properties":{"name":"Deep Offshore Moreton Island","zt":"MNP","zid":"MNP08","notake":true,"plan":"Moreton Bay MP","src":"https://parks.qld.gov.au/parks/moreton-bay/zoning/app-and-maps"},"geometry":{"type":"Polygon","coordinates":[[[153.5425,-27.1],[153.51533,-27.1],[153.51533,-27.02533],[153.52511,-27.02533],[153.5425,-27.1]]]}},{"type":"Feature","properties":{"name":"Heath Island Lagoon","zt":"MNP","zid":"MNP06","notake":true,"plan":"Moreton Bay MP","src":"https://parks.qld.gov.au/parks/moreton-bay/zoning/app-and-maps"},"geometry":{"type":"Polygon","coordinates":[[[153.42298,-27.03349],[153.42576,-27.0338],[153.42689,-27.0343],[153.42881,-27.03537],[153.42356,-27.03697],[153.42006,-27.03773],[153.41887,-27.03781],[153.41646,-27.03891],[153.4138,-27.03941],[153.41299,-27.03984],[153.41223,-27.03991],[153.41089,-27.04034],[153.40706,-27.04222],[153.40338,-27.04303],[153.40278,-27.04332],[153.40211,-27.04406],[153.40011,-27.04472],[153.39678,-27.0463],[153.39584,-27.0466],[153.39346,-27.048],[153.39022,-27.0494],[153.38974,-27.0498],[153.38867,-27.05031],[153.38815,-27.05028],[153.38859,-27.05008],[153.39568,-27.04429],[153.39794,-27.0432],[153.399,-27.04244],[153.4013,-27.04126],[153.40433,-27.03938],[153.40725,-27.03809],[153.40742,-27.03755],[153.40683,-27.03698],[153.40634,-27.03691],[153.40508,-27.03699],[153.40325,-27.03759],[153.40168,-27.03861],[153.39935,-27.0406],[153.39633,-27.04276],[153.3934,-27.04512],[153.39079,-27.04685],[153.38828,-27.04818],[153.38509,-27.04936],[153.38892,-27.04611],[153.39228,-27.04352],[153.3946,-27.04121],[153.39708,-27.03919],[153.39738,-27.03867],[153.39727,-27.03848],[153.39841,-27.03781],[153.39893,-27.03761],[153.39911,-27.03772],[153.39949,-27.03762],[153.39979,-27.03725],[153.40032,-27.03714],[153.40042,-27.03728],[153.40103,-27.03696],[153.40135,-27.03708],[153.40181,-27.03659],[153.40244,-27.03641],[153.40254,-27.03625],[153.40382,-27.03602],[153.40418,-27.0358],[153.40634,-27.03609],[153.40703,-27.03633],[153.40763,-27.03606],[153.40885,-27.03602],[153.40982,-27.03653],[153.41929,-27.03511],[153.41968,-27.03524],[153.42122,-27.03524],[153.4221,-27.0346],[153.42298,-27.03349]]]}},{"type":"Feature","properties":{"name":"Lamb Island","zt":"MNP","zid":"MNP27","notake":true,"plan":"Moreton Bay MP","src":"https://parks.qld.gov.au/parks/moreton-bay/zoning/app-and-maps"},"geometry":{"type":"Polygon","coordinates":[[[153.38877,-27.61979],[153.39852,-27.61979],[153.39872,-27.62391],[153.39745,-27.63071],[153.39324,-27.63354],[153.38629,-27.63431],[153.38032,-27.6336],[153.37933,-27.63239],[153.37986,-27.63165],[153.38123,-27.63039],[153.38248,-27.62964],[153.38374,-27.62811],[153.38504,-27.62829],[153.38564,-27.62804],[153.38592,-27.62774],[153.38599,-27.62701],[153.38527,-27.62601],[153.38588,-27.62472],[153.38644,-27.6239],[153.38889,-27.62205],[153.38957,-27.62124],[153.3895,-27.6205],[153.38877,-27.61979]]]}},{"type":"Feature","properties":{"name":"Bribie Island (north)","zt":"HPZ","zid":"HPZ01","notake":false,"plan":"Moreton Bay MP","src":"https://parks.qld.gov.au/parks/moreton-bay/zoning/app-and-maps"},"geometry":{"type":"Polygon","coordinates":[[[153.15082,-26.80224],[153.15362,-26.80326],[153.13705,-26.81198],[153.13924,-26.81353],[153.14083,-26.8154],[153.14141,-26.81646],[153.14198,-26.81801],[153.14256,-26.8212],[153.14244,-26.8237],[153.14174,-26.82717],[153.141,-26.82991],[153.13966,-26.83666],[153.13898,-26.84059],[153.13867,-26.84371],[153.13922,-26.85148],[153.14025,-26.85995],[153.14043,-26.86459],[153.1403,-26.86899],[153.14071,-26.87405],[153.14242,-26.88262],[153.14458,-26.8907],[153.14597,-26.89718],[153.15027,-26.9134],[153.15561,-26.9316],[153.1452,-26.9316],[153.1405,-26.9156],[153.13611,-26.899],[153.13475,-26.89263],[153.13262,-26.88471],[153.13117,-26.87802],[153.13058,-26.87428],[153.13065,-26.87363],[153.13036,-26.8722],[153.13024,-26.86923],[153.13037,-26.86472],[153.13011,-26.85908],[153.12918,-26.85215],[153.12855,-26.84373],[153.12897,-26.83963],[153.12953,-26.83633],[153.13114,-26.82807],[153.13188,-26.82539],[153.13252,-26.82206],[153.13226,-26.82033],[153.13211,-26.8199],[153.13177,-26.81968],[153.13177,-26.8089],[153.13078,-26.80721],[153.12817,-26.80721],[153.12485,-26.8106],[153.12334,-26.81341],[153.12245,-26.82067],[153.12293,-26.83108],[153.11706,-26.844],[153.11228,-26.84263],[153.10778,-26.84263],[153.109,-26.84155],[153.1102,-26.84096],[153.11025,-26.8404],[153.11045,-26.84105],[153.11416,-26.84141],[153.11495,-26.84166],[153.11551,-26.84152],[153.11565,-26.84137],[153.11571,-26.84041],[153.11748,-26.83729],[153.11813,-26.83512],[153.11903,-26.8336],[153.11948,-26.83325],[153.11927,-26.83312],[153.11906,-26.83232],[153.11831,-26.8322],[153.11839,-26.83174],[153.11897,-26.83161],[153.12033,-26.8305],[153.12094,-26.82969],[153.12086,-26.82915],[153.1212,-26.82889],[153.1215,-26.82817],[153.12166,-26.82715],[153.12163,-26.8258],[153.1218,-26.82513],[153.1214,-26.82359],[153.12176,-26.82226],[153.12114,-26.82041],[153.12161,-26.81587],[153.12183,-26.81557],[153.12192,-26.81472],[153.12229,-26.81382],[153.12245,-26.81208],[153.12281,-26.81045],[153.1245,-26.807],[153.12454,-26.80662],[153.12387,-26.80626],[153.12458,-26.80643],[153.12505,-26.80596],[153.12491,-26.80526],[153.12512,-26.80451],[153.12525,-26.80465],[153.12506,-26.80536],[153.12541,-26.80619],[153.12594,-26.8061],[153.12594,-26.8063],[153.12702,-26.80584],[153.12896,-26.80584],[153.12896,-26.80564],[153.12936,-26.80571],[153.1307,-26.80645],[153.13195,-26.80688],[153.13259,-26.80756],[153.13325,-26.80776],[153.13469,-26.80734],[153.1368,-26.80713],[153.13773,-26.80719],[153.13938,-26.80614],[153.14044,-26.80468],[153.14068,-26.80472],[153.14221,-26.8031],[153.14458,-26.80282],[153.14554,-26.80251],[153.1466,-26.80301],[153.14802,-26.80261],[153.14953,-26.80293],[153.1505,-26.80262],[153.15082,-26.80224]]]}},{"type":"Feature","properties":{"name":"Logan River","zt":"GUZ","zid":"GUZ12","notake":false,"plan":"Moreton Bay MP","src":"https://parks.qld.gov.au/parks/moreton-bay/zoning/app-and-maps"},"geometry":{"type":"Polygon","coordinates":[[[153.32433,-27.70482],[153.32118,-27.70203],[153.32172,-27.70187],[153.32289,-27.70055],[153.323,-27.69983],[153.32709,-27.69366],[153.3275,-27.69476],[153.32764,-27.69482],[153.33101,-27.69414],[153.33343,-27.69417],[153.33766,-27.69504],[153.33897,-27.69509],[153.35167,-27.69167],[153.35167,-27.69767],[153.35105,-27.69728],[153.35056,-27.6972],[153.35006,-27.69666],[153.3488,-27.69631],[153.34856,-27.6954],[153.34798,-27.69519],[153.34753,-27.69525],[153.34742,-27.69567],[153.34676,-27.69603],[153.34488,-27.69669],[153.34401,-27.69729],[153.34254,-27.69758],[153.342,-27.69813],[153.34114,-27.6981],[153.34039,-27.69832],[153.33933,-27.69834],[153.33898,-27.69852],[153.33818,-27.69826],[153.33708,-27.69818],[153.3365,-27.69788],[153.33627,-27.69795],[153.33598,-27.69772],[153.33422,-27.6971],[153.33155,-27.6964],[153.33014,-27.69626],[153.3289,-27.69658],[153.32709,-27.69783],[153.32544,-27.7003],[153.32527,-27.70116],[153.32452,-27.70233],[153.32461,-27.7034],[153.32433,-27.70482]]]}},{"type":"Feature","properties":{"name":"Amity Banks (east)","zt":"MNP","zid":"MNP18","notake":true,"plan":"Moreton Bay MP","src":"https://parks.qld.gov.au/parks/moreton-bay/zoning/app-and-maps"},"geometry":{"type":"Polygon","coordinates":[[[153.41622,-27.38059],[153.42216,-27.38734],[153.42996,-27.3857],[153.43423,-27.38194],[153.43372,-27.38584],[153.42979,-27.3978],[153.41605,-27.41913],[153.39419,-27.37837],[153.39759,-27.37404],[153.40359,-27.37245],[153.40809,-27.37349],[153.41622,-27.38059]]]}},{"type":"Feature","properties":{"name":"Bribie Island (west)","zt":"HPZ","zid":"HPZ04","notake":false,"plan":"Moreton Bay MP","src":"https://parks.qld.gov.au/parks/moreton-bay/zoning/app-and-maps"},"geometry":{"type":"Polygon","coordinates":[[[153.1612,-27.09127],[153.15965,-27.09127],[153.15906,-27.09052],[153.159,-27.08991],[153.15848,-27.08877],[153.15735,-27.08411],[153.1574,-27.08217],[153.15719,-27.08058],[153.15665,-27.07927],[153.15607,-27.07717],[153.1549,-27.07539],[153.15466,-27.07398],[153.15416,-27.07396],[153.15373,-27.07365],[153.15355,-27.0731],[153.15301,-27.07243],[153.15292,-27.0718],[153.15231,-27.07157],[153.15185,-27.07108],[153.14972,-27.07032],[153.14881,-27.06975],[153.14812,-27.06953],[153.14718,-27.0688],[153.14618,-27.06828],[153.14542,-27.06756],[153.14406,-27.06606],[153.14369,-27.06523],[153.14332,-27.06481],[153.14271,-27.0626],[153.14184,-27.06196],[153.13946,-27.06115],[153.13837,-27.06052],[153.13815,-27.06017],[153.13809,-27.05962],[153.1375,-27.0587],[153.1371,-27.05765],[153.13443,-27.05411],[153.13395,-27.0522],[153.13345,-27.05126],[153.1335,-27.05057],[153.1328,-27.04746],[153.13281,-27.04653],[153.13121,-27.04098],[153.13128,-27.03723],[153.1322,-27.03723],[153.13204,-27.03946],[153.13206,-27.04044],[153.13224,-27.04084],[153.1321,-27.04087],[153.13371,-27.0464],[153.1337,-27.0474],[153.13443,-27.05064],[153.13434,-27.05108],[153.13442,-27.05138],[153.13479,-27.05173],[153.13521,-27.05366],[153.1358,-27.05447],[153.13615,-27.05464],[153.13615,-27.05489],[153.13789,-27.05722],[153.13831,-27.0583],[153.13892,-27.05923],[153.13901,-27.05988],[153.14136,-27.06093],[153.14226,-27.06115],[153.1436,-27.06221],[153.1441,-27.06436],[153.14478,-27.06527],[153.14481,-27.06557],[153.14672,-27.06756],[153.1482,-27.06837],[153.14844,-27.06868],[153.14958,-27.06913],[153.15012,-27.06951],[153.15234,-27.07031],[153.15286,-27.07085],[153.15331,-27.07098],[153.15388,-27.0714],[153.15384,-27.07208],[153.15405,-27.07234],[153.15441,-27.07241],[153.15548,-27.07218],[153.15551,-27.07245],[153.15517,-27.07257],[153.15445,-27.07311],[153.15491,-27.07296],[153.15549,-27.07342],[153.15573,-27.07504],[153.1569,-27.07683],[153.15765,-27.07933],[153.15811,-27.07948],[153.15819,-27.07966],[153.15777,-27.07965],[153.15806,-27.08035],[153.1583,-27.08211],[153.15823,-27.08394],[153.15936,-27.08856],[153.15988,-27.08966],[153.15999,-27.09037],[153.1612,-27.09127]]]}},{"type":"Feature","properties":{"name":"Caboolture River","zt":"GUZ","zid":"GUZ06","notake":false,"plan":"Moreton Bay MP","src":"https://parks.qld.gov.au/parks/moreton-bay/zoning/app-and-maps"},"geometry":{"type":"Polygon","coordinates":[[[153.03662,-27.14604],[153.03662,-27.154],[153.03037,-27.14968],[153.03034,-27.14924],[153.02915,-27.14818],[153.02815,-27.1465],[153.02802,-27.14586],[153.02831,-27.14568],[153.0295,-27.14623],[153.02996,-27.14677],[153.03021,-27.14674],[153.03048,-27.14644],[153.0308,-27.1451],[153.03082,-27.144],[153.03128,-27.14259],[153.03095,-27.14173],[153.0295,-27.14037],[153.02738,-27.13442],[153.02814,-27.1332],[153.02964,-27.13342],[153.02939,-27.13476],[153.03289,-27.13528],[153.03127,-27.12932],[153.02887,-27.12835],[153.02513,-27.12733],[153.02275,-27.12647],[153.02219,-27.12583],[153.02198,-27.1258],[153.02211,-27.12507],[153.01977,-27.12135],[153.01942,-27.12037],[153.01932,-27.11787],[153.01829,-27.11418],[153.01832,-27.11304],[153.01851,-27.11251],[153.01927,-27.11142],[153.01942,-27.1108],[153.01931,-27.11056],[153.01826,-27.10965],[153.01609,-27.10846],[153.01472,-27.10821],[153.01382,-27.10847],[153.01324,-27.10902],[153.01277,-27.11016],[153.01331,-27.11321],[153.01301,-27.11383],[153.0124,-27.11306],[153.01246,-27.11279],[153.01213,-27.11154],[153.0121,-27.11022],[153.01245,-27.10894],[153.01359,-27.10796],[153.01457,-27.10762],[153.01597,-27.10768],[153.01634,-27.10795],[153.0167,-27.10769],[153.01661,-27.108],[153.01821,-27.10873],[153.01952,-27.10967],[153.01985,-27.1101],[153.02014,-27.11112],[153.01996,-27.11171],[153.01916,-27.11295],[153.01913,-27.11341],[153.01938,-27.11415],[153.02036,-27.11574],[153.02027,-27.11593],[153.02052,-27.11627],[153.02072,-27.11724],[153.02032,-27.11956],[153.02037,-27.12024],[153.02103,-27.12158],[153.0223,-27.12327],[153.0231,-27.12264],[153.02397,-27.12141],[153.02485,-27.12127],[153.02599,-27.12158],[153.0263,-27.12135],[153.02653,-27.12062],[153.02579,-27.11843],[153.02518,-27.11755],[153.02475,-27.11744],[153.02409,-27.11779],[153.02337,-27.11786],[153.02277,-27.11736],[153.02262,-27.1167],[153.02286,-27.11594],[153.02424,-27.11514],[153.02652,-27.11462],[153.027,-27.11427],[153.02743,-27.11347],[153.02807,-27.11335],[153.02954,-27.11421],[153.02973,-27.11459],[153.02969,-27.11567],[153.03012,-27.11622],[153.03046,-27.11619],[153.03103,-27.11591],[153.0312,-27.11496],[153.03184,-27.11434],[153.03203,-27.11361],[153.03228,-27.11371],[153.03222,-27.11421],[153.03145,-27.11495],[153.03118,-27.11612],[153.03058,-27.11636],[153.03001,-27.1163],[153.02961,-27.11591],[153.02945,-27.11547],[153.02814,-27.11679],[153.02806,-27.11788],[153.02819,-27.11835],[153.02842,-27.11855],[153.02958,-27.12202],[153.03553,-27.12623],[153.03792,-27.12759],[153.03862,-27.12903],[153.03899,-27.13149],[153.03901,-27.13291],[153.03939,-27.134],[153.04036,-27.13832],[153.03968,-27.13954],[153.03751,-27.14117],[153.03718,-27.14206],[153.0376,-27.14213],[153.03613,-27.14553],[153.03662,-27.14604]]]}},{"type":"Feature","properties":{"name":"Cabbage Tree Creek","zt":"HPZ","zid":"HPZ09","notake":false,"plan":"Moreton Bay MP","src":"https://parks.qld.gov.au/parks/moreton-bay/zoning/app-and-maps"},"geometry":{"type":"Polygon","coordinates":[[[153.08207,-27.33389],[153.0833,-27.3318],[153.08369,-27.3318],[153.08244,-27.33389],[153.08207,-27.33389]]]}},{"type":"Feature","properties":{"name":"Clontarf Point","zt":"HPZ","zid":"HPZ07","notake":false,"plan":"Moreton Bay MP","src":"https://parks.qld.gov.au/parks/moreton-bay/zoning/app-and-maps"},"geometry":{"type":"Polygon","coordinates":[[[153.08091,-27.26176],[153.08071,-27.26325],[153.08031,-27.26371],[153.07941,-27.26345],[153.08091,-27.26176]]]}},{"type":"Feature","properties":{"name":"Moreton Island to Broadwater","zt":"HPZ","zid":"HPZ02","notake":false,"plan":"Moreton Bay MP","src":"https://parks.qld.gov.au/parks/moreton-bay/zoning/app-and-maps"},"geometry":{"type":"Polygon","coordinates":[[[153.44284,-26.94553],[153.50627,-26.94553],[153.50627,-26.9791],[153.49067,-27.108],[153.44616,-27.108],[153.44374,-27.11695],[153.44211,-27.12244],[153.44069,-27.12653],[153.43876,-27.13454],[153.43705,-27.14064],[153.43536,-27.14784],[153.43359,-27.15427],[153.43131,-27.16548],[153.43048,-27.16884],[153.47413,-27.16884],[153.47413,-27.32783],[153.43915,-27.32783],[153.43571,-27.32281],[153.43257,-27.31707],[153.43067,-27.31288],[153.42949,-27.31088],[153.42924,-27.31015],[153.42712,-27.30624],[153.42653,-27.30544],[153.42578,-27.30366],[153.42374,-27.29676],[153.42167,-27.28804],[153.41999,-27.2799],[153.41898,-27.27409],[153.41855,-27.26792],[153.41738,-27.26043],[153.41718,-27.25474],[153.41739,-27.25216],[153.41736,-27.24777],[153.41705,-27.23841],[153.41729,-27.229],[153.41849,-27.21461],[153.41912,-27.21029],[153.41912,-27.20924],[153.42091,-27.19382],[153.4216,-27.19062],[153.42435,-27.17323],[153.42584,-27.16638],[153.42636,-27.16461],[153.42865,-27.15306],[153.42895,-27.15249],[153.43007,-27.14809],[153.43003,-27.14746],[153.43043,-27.14687],[153.43213,-27.13965],[153.43382,-27.13359],[153.43579,-27.12546],[153.43724,-27.12126],[153.43886,-27.1158],[153.44131,-27.10646],[153.44212,-27.10411],[153.44328,-27.09897],[153.44407,-27.09703],[153.44594,-27.09043],[153.44719,-27.0871],[153.45095,-27.07473],[153.45137,-27.0737],[153.4779,-27.0737],[153.4779,-27.01575],[153.38523,-27.01575],[153.38523,-27.04425],[153.38217,-27.0455],[153.37988,-27.04705],[153.37781,-27.04922],[153.37718,-27.0501],[153.37545,-27.05155],[153.37416,-27.0523],[153.37199,-27.05416],[153.3706,-27.05507],[153.3679,-27.05753],[153.36506,-27.05968],[153.36416,-27.06089],[153.36353,-27.06216],[153.36305,-27.06396],[153.36313,-27.06509],[153.36365,-27.06667],[153.36423,-27.0681],[153.36638,-27.07192],[153.3672,-27.07446],[153.36712,-27.07551],[153.36793,-27.07861],[153.369,-27.08635],[153.36983,-27.08988],[153.36986,-27.09324],[153.37015,-27.09625],[153.37036,-27.1025],[153.36979,-27.10903],[153.36906,-27.11297],[153.36542,-27.12505],[153.3625,-27.13323],[153.36211,-27.13485],[153.36197,-27.13628],[153.36237,-27.13801],[153.36552,-27.14598],[153.36761,-27.153],[153.36983,-27.15823],[153.37009,-27.16067],[153.36974,-27.16298],[153.37085,-27.16461],[153.37196,-27.16759],[153.37282,-27.17186],[153.3731,-27.17492],[153.37298,-27.17722],[153.37244,-27.17997],[153.36956,-27.18597],[153.36686,-27.19272],[153.36586,-27.19641],[153.36532,-27.19762],[153.36471,-27.19838],[153.36552,-27.20011],[153.36602,-27.20234],[153.3664,-27.20334],[153.36753,-27.20541],[153.36969,-27.20848],[153.37199,-27.21228],[153.37463,-27.21834],[153.37615,-27.22366],[153.37673,-27.22679],[153.37691,-27.22885],[153.37687,-27.23132],[153.37722,-27.2342],[153.37718,-27.23573],[153.37932,-27.24024],[153.38019,-27.24263],[153.38211,-27.24666],[153.38247,-27.24783],[153.38426,-27.25119],[153.38607,-27.25391],[153.3863,-27.25468],[153.38686,-27.25537],[153.38937,-27.26015],[153.39081,-27.26244],[153.39295,-27.2652],[153.39463,-27.26778],[153.39705,-27.27207],[153.39823,-27.27449],[153.39908,-27.27705],[153.40102,-27.28125],[153.40331,-27.28675],[153.40436,-27.29007],[153.40445,-27.29092],[153.40553,-27.29458],[153.40513,-27.29923],[153.406,-27.30218],[153.40672,-27.30306],[153.40786,-27.30492],[153.40917,-27.3076],[153.41059,-27.30986],[153.41212,-27.31312],[153.41316,-27.31473],[153.4134,-27.31557],[153.41341,-27.31645],[153.41383,-27.31723],[153.41506,-27.31892],[153.41535,-27.31986],[153.41606,-27.32123],[153.41848,-27.32537],[153.42092,-27.32904],[153.42292,-27.33382],[153.4239,-27.33858],[153.42391,-27.33984],[153.42358,-27.34146],[153.42178,-27.34556],[153.42145,-27.34613],[153.42063,-27.34682],[153.41991,-27.34821],[153.41987,-27.34862],[153.41366,-27.34862],[153.41622,-27.38059],[153.40809,-27.37349],[153.40359,-27.37245],[153.39759,-27.37404],[153.39419,-27.37837],[153.42583,-27.43737],[153.43436,-27.43737],[153.4338,-27.43861],[153.43355,-27.43885],[153.43341,-27.43942],[153.43335,-27.44056],[153.43393,-27.44165],[153.43363,-27.442],[153.43263,-27.4444],[153.43256,-27.44506],[153.43269,-27.44572],[153.43244,-27.44722],[153.43171,-27.44941],[153.43161,-27.45054],[153.43083,-27.453],[153.43046,-27.45373],[153.43014,-27.45487],[153.42986,-27.45518],[153.43007,-27.45553],[153.43003,-27.45596],[153.42963,-27.45725],[153.42924,-27.45778],[153.42922,-27.45855],[153.42844,-27.46128],[153.42808,-27.4621],[153.42756,-27.4627],[153.42709,-27.46448],[153.42672,-27.46484],[153.42481,-27.46794],[153.42433,-27.46937],[153.42333,-27.47028],[153.4226,-27.47167],[153.42091,-27.47347],[153.41886,-27.47494],[153.40944,-27.47494],[153.40944,-27.47281],[153.41368,-27.47281],[153.41368,-27.47144],[153.40944,-27.47144],[153.4073,-27.47244],[153.40495,-27.47388],[153.40294,-27.47545],[153.39935,-27.48087],[153.39935,-27.48726],[153.40735,-27.48726],[153.40727,-27.48831],[153.40672,-27.48978],[153.40539,-27.4919],[153.40479,-27.4925],[153.40438,-27.49257],[153.40457,-27.49295],[153.4039,-27.49257],[153.40328,-27.49326],[153.40287,-27.49341],[153.40252,-27.49399],[153.40125,-27.49432],[153.40119,-27.49509],[153.40075,-27.49564],[153.40025,-27.49594],[153.399,-27.49591],[153.39852,-27.49637],[153.39851,-27.49692],[153.39993,-27.49863],[153.39369,-27.49863],[153.37394,-27.5066],[153.38241,-27.51861],[153.38476,-27.51861],[153.40219,-27.50647],[153.40595,-27.50348],[153.40703,-27.50409],[153.40983,-27.50629],[153.41064,-27.50735],[153.41128,-27.50792],[153.41237,-27.50925],[153.41327,-27.51178],[153.41358,-27.51362],[153.41363,-27.51587],[153.41417,-27.51623],[153.4145,-27.51685],[153.41416,-27.51743],[153.4136,-27.51762],[153.41299,-27.51851],[153.41278,-27.51922],[153.41323,-27.51999],[153.4129,-27.52051],[153.41192,-27.52077],[153.41142,-27.52183],[153.41126,-27.52254],[153.4114,-27.52338],[153.41209,-27.5237],[153.41154,-27.52405],[153.41134,-27.52455],[153.41133,-27.52727],[153.41097,-27.53039],[153.41099,-27.5307],[153.41138,-27.53128],[153.41112,-27.53152],[153.41051,-27.53386],[153.41105,-27.5345],[153.41097,-27.5348],[153.41056,-27.53508],[153.41047,-27.53533],[153.41037,-27.53738],[153.41107,-27.53953],[153.41135,-27.54109],[153.41165,-27.54159],[153.41138,-27.5424],[153.41153,-27.54511],[153.41214,-27.5478],[153.41247,-27.5486],[153.4122,-27.54967],[153.41255,-27.55098],[153.4124,-27.55264],[153.41214,-27.5533],[153.41232,-27.55527],[153.41207,-27.55709],[153.41198,-27.55953],[153.41157,-27.56051],[153.41154,-27.56156],[153.41098,-27.56411],[153.41122,-27.56671],[153.41099,-27.56875],[153.41251,-27.57124],[153.41285,-27.57216],[153.41255,-27.57231],[153.41139,-27.57201],[153.41102,-27.57222],[153.41022,-27.57317],[153.40978,-27.5744],[153.41016,-27.57603],[153.41109,-27.57707],[153.41307,-27.57765],[153.41338,-27.57674],[153.41378,-27.57679],[153.41393,-27.57837],[153.4138,-27.57947],[153.41342,-27.58107],[153.40764,-27.58107],[153.40553,-27.58558],[153.40335,-27.59178],[153.40438,-27.60822],[153.40686,-27.6218],[153.40873,-27.62646],[153.39852,-27.61979],[153.38693,-27.61979],[153.3853,-27.61911],[153.38493,-27.61851],[153.38508,-27.61805],[153.38548,-27.61772],[153.38537,-27.61737],[153.38486,-27.61721],[153.38417,-27.61667],[153.38418,-27.61707],[153.38398,-27.61746],[153.38335,-27.61793],[153.38298,-27.61853],[153.38413,-27.62049],[153.38364,-27.62178],[153.38255,-27.62205],[153.38227,-27.62167],[153.38193,-27.62169],[153.38108,-27.62212],[153.37971,-27.6223],[153.37801,-27.62215],[153.37688,-27.62156],[153.37638,-27.62161],[153.37609,-27.62197],[153.37576,-27.62182],[153.37573,-27.62207],[153.37529,-27.62252],[153.37451,-27.62279],[153.37415,-27.62348],[153.37391,-27.62559],[153.37433,-27.62669],[153.37419,-27.62689],[153.37369,-27.62684],[153.37343,-27.62709],[153.37299,-27.62927],[153.37317,-27.6299],[153.37279,-27.63069],[153.37343,-27.63087],[153.37428,-27.63066],[153.37457,-27.63086],[153.37561,-27.63009],[153.37638,-27.63011],[153.37718,-27.63045],[153.37729,-27.63058],[153.37721,-27.63112],[153.37781,-27.63158],[153.37829,-27.63181],[153.37877,-27.6317],[153.37877,-27.63903],[153.37731,-27.63837],[153.37408,-27.63652],[153.37172,-27.6361],[153.3696,-27.63615],[153.36869,-27.63557],[153.36677,-27.6356],[153.36326,-27.63514],[153.36168,-27.63529],[153.36067,-27.63579],[153.36044,-27.63613],[153.36039,-27.63665],[153.36073,-27.63715],[153.36122,-27.63733],[153.36206,-27.63797],[153.36267,-27.63817],[153.36421,-27.63772],[153.36614,-27.63788],[153.36809,-27.63782],[153.37005,-27.63834],[153.37087,-27.63769],[153.37206,-27.63767],[153.37503,-27.63961],[153.37781,-27.64018],[153.37853,-27.64238],[153.37869,-27.64251],[153.37905,-27.6424],[153.38019,-27.64071],[153.38368,-27.64024],[153.38368,-27.64676],[153.38338,-27.64661],[153.38289,-27.64596],[153.38216,-27.64577],[153.38216,-27.64587],[153.38121,-27.64578],[153.37949,-27.64609],[153.37938,-27.64645],[153.379,-27.64623],[153.37826,-27.64613],[153.37762,-27.64614],[153.3765,-27.64656],[153.37574,-27.64658],[153.37507,-27.64642],[153.37365,-27.64648],[153.37334,-27.64624],[153.37267,-27.64613],[153.37177,-27.64619],[153.36998,-27.64713],[153.36925,-27.64797],[153.36991,-27.64806],[153.36879,-27.64955],[153.36864,-27.64973],[153.36803,-27.64965],[153.36706,-27.65083],[153.36679,-27.65131],[153.36729,-27.65138],[153.36706,-27.65355],[153.36692,-27.65376],[153.36547,-27.65355],[153.3657,-27.65467],[153.36562,-27.65583],[153.36589,-27.65634],[153.36556,-27.6567],[153.36549,-27.65859],[153.36577,-27.65933],[153.36588,-27.66062],[153.36609,-27.661],[153.36607,-27.66202],[153.36709,-27.66435],[153.36671,-27.66655],[153.36696,-27.66759],[153.36706,-27.67037],[153.3666,-27.67132],[153.36725,-27.67203],[153.36811,-27.67201],[153.36932,-27.67158],[153.3725,-27.66789],[153.37301,-27.66768],[153.37367,-27.66767],[153.37461,-27.66841],[153.37609,-27.66996],[153.37774,-27.67112],[153.3786,-27.67292],[153.37917,-27.67447],[153.3792,-27.67498],[153.37957,-27.67546],[153.37936,-27.67558],[153.37883,-27.6754],[153.37815,-27.6777],[153.37739,-27.67831],[153.37544,-27.67929],[153.37441,-27.68024],[153.37378,-27.68123],[153.37355,-27.68237],[153.37403,-27.68339],[153.37391,-27.68379],[153.37455,-27.68539],[153.37424,-27.68593],[153.37394,-27.68723],[153.37398,-27.68828],[153.37383,-27.68841],[153.37408,-27.68874],[153.37487,-27.68875],[153.37485,-27.68888],[153.37399,-27.68914],[153.37372,-27.68953],[153.37382,-27.68968],[153.37362,-27.69002],[153.37371,-27.69015],[153.37279,-27.69136],[153.37211,-27.69174],[153.37156,-27.69179],[153.37116,-27.69214],[153.37033,-27.6922],[153.36981,-27.69371],[153.36734,-27.69492],[153.3668,-27.69497],[153.36705,-27.69479],[153.36659,-27.69474],[153.36639,-27.69444],[153.36543,-27.69619],[153.36551,-27.69643],[153.36574,-27.69654],[153.36733,-27.69661],[153.36957,-27.69704],[153.37161,-27.69854],[153.37264,-27.7],[153.37207,-27.70319],[153.37253,-27.70322],[153.37338,-27.70379],[153.37293,-27.7041],[153.37461,-27.70666],[153.37725,-27.70732],[153.37838,-27.7071],[153.38014,-27.70733],[153.38035,-27.70694],[153.38166,-27.70715],[153.38164,-27.7079],[153.38271,-27.70825],[153.38324,-27.7079],[153.38349,-27.70741],[153.38383,-27.70734],[153.38467,-27.70815],[153.38548,-27.70773],[153.38629,-27.70706],[153.38719,-27.70553],[153.38924,-27.70469],[153.38964,-27.70471],[153.38979,-27.70477],[153.38979,-27.70955],[153.38914,-27.70963],[153.38755,-27.71039],[153.38698,-27.71104],[153.38624,-27.71141],[153.38342,-27.71229],[153.38018,-27.71185],[153.37835,-27.71106],[153.37664,-27.70996],[153.37579,-27.70998],[153.37288,-27.70922],[153.37136,-27.70896],[153.3708,-27.709],[153.3708,-27.71538],[153.37157,-27.71551],[153.3728,-27.71536],[153.37332,-27.71503],[153.37421,-27.71404],[153.37554,-27.71328],[153.37743,-27.71385],[153.3806,-27.71692],[153.38183,-27.71895],[153.38215,-27.72198],[153.38291,-27.72491],[153.3839,-27.72633],[153.38665,-27.72869],[153.3876,-27.73008],[153.3892,-27.73049],[153.39038,-27.72973],[153.39147,-27.72879],[153.39303,-27.72832],[153.39515,-27.72808],[153.39653,-27.72921],[153.39715,-27.73011],[153.39766,-27.73143],[153.39851,-27.73233],[153.3994,-27.73292],[153.41271,-27.74559],[153.4311,-27.74459],[153.43914,-27.75256],[153.43889,-27.75278],[153.43885,-27.75346],[153.43947,-27.75675],[153.43938,-27.75989],[153.43904,-27.76027],[153.43923,-27.76057],[153.43914,-27.76084],[153.43839,-27.76133],[153.43803,-27.76326],[153.43731,-27.76407],[153.4368,-27.7652],[153.43728,-27.76588],[153.43806,-27.76758],[153.43874,-27.76845],[153.43902,-27.76925],[153.43924,-27.77085],[153.43984,-27.77217],[153.43853,-27.77505],[153.43845,-27.77712],[153.43806,-27.77862],[153.4356,-27.78123],[153.43392,-27.78413],[153.43402,-27.78503],[153.43423,-27.78547],[153.4355,-27.78589],[153.43485,-27.78722],[153.43454,-27.78834],[153.43207,-27.79231],[153.43188,-27.79339],[153.43151,-27.79391],[153.4312,-27.79529],[153.42956,-27.79872],[153.42785,-27.80148],[153.42756,-27.80244],[153.427,-27.80244],[153.42546,-27.80763],[153.4259,-27.80763],[153.42578,-27.80833],[153.4245,-27.81039],[153.42316,-27.81199],[153.42256,-27.81248],[153.42227,-27.81313],[153.42144,-27.81418],[153.41757,-27.81752],[153.41281,-27.82062],[153.41174,-27.82102],[153.41026,-27.82126],[153.40911,-27.82359],[153.40881,-27.82358],[153.40795,-27.8266],[153.40842,-27.82697],[153.40835,-27.82724],[153.40818,-27.8273],[153.40812,-27.82806],[153.4084,-27.82752],[153.4086,-27.82745],[153.41098,-27.82801],[153.41067,-27.82882],[153.41033,-27.8313],[153.41072,-27.83301],[153.41082,-27.83424],[153.41115,-27.83528],[153.41148,-27.83591],[153.4122,-27.83659],[153.4114,-27.83724],[153.4111,-27.8377],[153.4109,-27.83877],[153.41099,-27.83975],[153.41045,-27.84028],[153.41031,-27.8407],[153.41021,-27.84159],[153.41031,-27.84289],[153.41075,-27.84424],[153.40992,-27.84412],[153.40993,-27.84549],[153.41282,-27.85054],[153.41332,-27.85188],[153.41399,-27.85258],[153.41537,-27.8552],[153.41646,-27.85639],[153.41898,-27.85845],[153.41978,-27.85977],[153.41982,-27.86075],[153.41906,-27.86169],[153.41892,-27.86252],[153.41913,-27.86458],[153.41898,-27.86531],[153.42028,-27.86743],[153.42103,-27.86941],[153.42106,-27.87025],[153.42167,-27.87069],[153.42326,-27.87282],[153.42374,-27.87386],[153.42397,-27.87486],[153.42397,-27.87582],[153.42354,-27.87728],[153.42339,-27.87898],[153.42296,-27.88017],[153.42175,-27.88248],[153.4205,-27.88357],[153.41906,-27.88403],[153.41889,-27.88421],[153.41921,-27.88501],[153.42025,-27.88452],[153.42055,-27.88458],[153.42068,-27.88484],[153.4207,-27.88498],[153.42028,-27.88525],[153.41902,-27.88566],[153.41885,-27.88626],[153.41915,-27.88726],[153.4192,-27.88905],[153.41966,-27.89085],[153.42129,-27.89439],[153.42182,-27.89868],[153.42161,-27.90301],[153.4203,-27.90958],[153.4201,-27.912],[153.42062,-27.91266],[153.42127,-27.9143],[153.42204,-27.91727],[153.42233,-27.91754],[153.42295,-27.91765],[153.4233,-27.91793],[153.42327,-27.91805],[153.42266,-27.91806],[153.42235,-27.91843],[153.4221,-27.91933],[153.42221,-27.92014],[153.42291,-27.92109],[153.42287,-27.92167],[153.42253,-27.92243],[153.42163,-27.92336],[153.4216,-27.92314],[153.42107,-27.92319],[153.42042,-27.92197],[153.41948,-27.92094],[153.41998,-27.92046],[153.42034,-27.9205],[153.42039,-27.92006],[153.42102,-27.91983],[153.42113,-27.91959],[153.42102,-27.91929],[153.42073,-27.91914],[153.42012,-27.91935],[153.41947,-27.91919],[153.41966,-27.91871],[153.41947,-27.91858],[153.41983,-27.91834],[153.41967,-27.91821],[153.41899,-27.9187],[153.41835,-27.91976],[153.41847,-27.92136],[153.41969,-27.92432],[153.4207,-27.92773],[153.4212,-27.92888],[153.42145,-27.92889],[153.42166,-27.92913],[153.42151,-27.92948],[153.42295,-27.93172],[153.42023,-27.93172],[153.41324,-27.91639],[153.40474,-27.89489],[153.40657,-27.88372],[153.41024,-27.87789],[153.41324,-27.87489],[153.41007,-27.86473],[153.39957,-27.86723],[153.3964,-27.87256],[153.39373,-27.87506],[153.38674,-27.87656],[153.38324,-27.87923],[153.38274,-27.88123],[153.38241,-27.88689],[153.38345,-27.8891],[153.38213,-27.89119],[153.38151,-27.89169],[153.38049,-27.89222],[153.37894,-27.89264],[153.37835,-27.89311],[153.37745,-27.89338],[153.37511,-27.89496],[153.3732,-27.89564],[153.37173,-27.8958],[153.37102,-27.89622],[153.37198,-27.89684],[153.37091,-27.89644],[153.36883,-27.89702],[153.36754,-27.89687],[153.36693,-27.89665],[153.36611,-27.89598],[153.36506,-27.89547],[153.36241,-27.8948],[153.3613,-27.89474],[153.36104,-27.89438],[153.36111,-27.89376],[153.36044,-27.89317],[153.35995,-27.89307],[153.35872,-27.8933],[153.35831,-27.89379],[153.35795,-27.89483],[153.35717,-27.89603],[153.35666,-27.89742],[153.3564,-27.90007],[153.35645,-27.90073],[153.35684,-27.90177],[153.35283,-27.90177],[153.35339,-27.90112],[153.35322,-27.9],[153.35342,-27.8994],[153.35366,-27.89934],[153.35377,-27.89911],[153.35366,-27.89903],[153.35461,-27.89775],[153.35498,-27.89695],[153.3554,-27.89312],[153.35616,-27.89228],[153.35759,-27.89132],[153.35949,-27.89138],[153.36271,-27.89216],[153.36575,-27.89224],[153.3662,-27.89213],[153.36736,-27.89139],[153.36897,-27.88988],[153.37023,-27.88899],[153.37077,-27.88833],[153.37242,-27.88724],[153.37257,-27.88737],[153.37205,-27.8878],[153.3719,-27.88819],[153.37221,-27.88873],[153.37264,-27.88895],[153.37554,-27.88866],[153.37671,-27.88908],[153.37745,-27.889],[153.37866,-27.88807],[153.37949,-27.88619],[153.38022,-27.88557],[153.37582,-27.88464],[153.37671,-27.88433],[153.37758,-27.88237],[153.37776,-27.8793],[153.37721,-27.87826],[153.37698,-27.87649],[153.37731,-27.875],[153.37815,-27.87332],[153.37835,-27.87191],[153.37898,-27.87108],[153.38045,-27.86963],[153.38059,-27.86887],[153.38031,-27.86844],[153.38174,-27.86756],[153.3819,-27.86006],[153.3804,-27.85772],[153.37774,-27.85489],[153.36974,-27.85356],[153.3649,-27.85039],[153.36352,-27.84807],[153.36996,-27.8486],[153.37464,-27.84951],[153.37565,-27.84926],[153.37574,-27.84912],[153.3756,-27.84894],[153.37498,-27.8488],[153.37446,-27.84913],[153.37416,-27.8491],[153.37297,-27.84784],[153.37289,-27.84751],[153.37316,-27.84697],[153.37392,-27.84614],[153.37441,-27.8463],[153.37456,-27.84618],[153.37469,-27.84499],[153.37461,-27.84373],[153.37542,-27.8423],[153.37617,-27.8417],[153.37694,-27.84147],[153.37827,-27.8418],[153.37858,-27.84071],[153.37842,-27.84047],[153.37774,-27.84029],[153.37598,-27.84096],[153.3758,-27.84116],[153.37511,-27.83791],[153.37659,-27.83772],[153.377,-27.83753],[153.37709,-27.8373],[153.3768,-27.83577],[153.37749,-27.83411],[153.37879,-27.83319],[153.38056,-27.83234],[153.38112,-27.83152],[153.38123,-27.83039],[153.38189,-27.82945],[153.38236,-27.8293],[153.38338,-27.8295],[153.38426,-27.82885],[153.38414,-27.82752],[153.38457,-27.82669],[153.38355,-27.8248],[153.38314,-27.82468],[153.3824,-27.8248],[153.38192,-27.82441],[153.38144,-27.82433],[153.38143,-27.82385],[153.38073,-27.82359],[153.38061,-27.82343],[153.38076,-27.8231],[153.38053,-27.82245],[153.38054,-27.82143],[153.37927,-27.82155],[153.37836,-27.82239],[153.37747,-27.82278],[153.37701,-27.82215],[153.37746,-27.82123],[153.37684,-27.82046],[153.37638,-27.82039],[153.37574,-27.82054],[153.37503,-27.82034],[153.37311,-27.81939],[153.37236,-27.81836],[153.37186,-27.81801],[153.37102,-27.81663],[153.37015,-27.81421],[153.36966,-27.81206],[153.36808,-27.81138],[153.36738,-27.81174],[153.36768,-27.81229],[153.36727,-27.81399],[153.36513,-27.8161],[153.36518,-27.81708],[153.36453,-27.81637],[153.36459,-27.81561],[153.36592,-27.81482],[153.36664,-27.814],[153.36657,-27.81298],[153.36701,-27.81227],[153.36667,-27.81162],[153.36754,-27.81021],[153.36802,-27.80889],[153.36771,-27.80783],[153.36859,-27.80594],[153.36903,-27.80415],[153.36893,-27.80364],[153.36854,-27.80312],[153.36714,-27.8022],[153.36594,-27.80173],[153.36423,-27.80132],[153.36273,-27.80218],[153.36146,-27.80251],[153.36112,-27.80302],[153.36014,-27.80388],[153.35965,-27.80414],[153.35891,-27.80418],[153.35826,-27.80459],[153.35802,-27.8045],[153.35808,-27.80423],[153.36093,-27.80171],[153.36118,-27.80126],[153.36116,-27.801],[153.36082,-27.80067],[153.35797,-27.8009],[153.35708,-27.80083],[153.35603,-27.80139],[153.35293,-27.80178],[153.35294,-27.802],[153.35325,-27.80227],[153.35448,-27.80275],[153.35487,-27.80472],[153.35454,-27.80501],[153.35352,-27.80531],[153.35346,-27.80424],[153.35321,-27.8039],[153.35213,-27.80353],[153.35135,-27.80294],[153.35044,-27.80305],[153.34967,-27.8029],[153.34656,-27.80393],[153.34647,-27.8043],[153.34613,-27.80457],[153.34608,-27.80514],[153.34528,-27.80533],[153.34402,-27.80704],[153.34276,-27.80651],[153.34094,-27.80531],[153.33838,-27.80444],[153.33931,-27.80344],[153.33964,-27.8033],[153.33948,-27.80301],[153.33988,-27.80277],[153.34088,-27.80443],[153.34141,-27.80494],[153.34199,-27.80495],[153.34372,-27.80414],[153.34762,-27.80326],[153.35071,-27.80192],[153.35071,-27.80168],[153.34978,-27.80078],[153.34975,-27.80032],[153.35005,-27.80002],[153.35047,-27.79993],[153.35132,-27.79939],[153.35366,-27.79852],[153.35657,-27.79767],[153.35809,-27.79776],[153.35817,-27.7973],[153.36123,-27.79694],[153.36304,-27.79642],[153.36579,-27.79622],[153.36809,-27.79638],[153.37099,-27.7975],[153.37115,-27.79772],[153.37109,-27.79798],[153.36899,-27.79932],[153.36874,-27.79961],[153.36874,-27.80002],[153.3698,-27.79992],[153.37104,-27.79902],[153.37178,-27.79899],[153.37355,-27.79987],[153.37424,-27.80089],[153.37471,-27.80209],[153.37518,-27.80244],[153.37559,-27.80243],[153.37594,-27.80178],[153.37612,-27.80034],[153.37662,-27.7994],[153.37711,-27.79913],[153.37809,-27.79898],[153.37932,-27.79964],[153.38079,-27.7956],[153.3823,-27.78764],[153.38191,-27.78743],[153.38191,-27.7813],[153.37314,-27.78082],[153.36889,-27.77893],[153.36859,-27.77391],[153.35997,-27.77391],[153.35947,-27.77362],[153.35798,-27.77356],[153.35699,-27.77243],[153.35607,-27.77212],[153.35384,-27.7723],[153.35268,-27.77282],[153.35075,-27.77254],[153.35076,-27.772],[153.35053,-27.77139],[153.35027,-27.77118],[153.35052,-27.76975],[153.35201,-27.77044],[153.35242,-27.77021],[153.35242,-27.76977],[153.35199,-27.76837],[153.35162,-27.7678],[153.35084,-27.76718],[153.34978,-27.7653],[153.34989,-27.76448],[153.34973,-27.76395],[153.34857,-27.76292],[153.34715,-27.76266],[153.34586,-27.76271],[153.34572,-27.76227],[153.346,-27.76061],[153.34486,-27.76083],[153.34478,-27.76066],[153.34505,-27.76057],[153.34485,-27.76026],[153.34161,-27.75705],[153.34227,-27.75335],[153.341,-27.75017],[153.33911,-27.74816],[153.34358,-27.74859],[153.34407,-27.7491],[153.34291,-27.75597],[153.35331,-27.75739],[153.35326,-27.75729],[153.35773,-27.75729],[153.354,-27.75256],[153.354,-27.74698],[153.36012,-27.73848],[153.36012,-27.73128],[153.35661,-27.72554],[153.35115,-27.72554],[153.35095,-27.72416],[153.3505,-27.72306],[153.3503,-27.72199],[153.34907,-27.721],[153.34857,-27.72095],[153.34807,-27.72113],[153.3447,-27.72146],[153.34559,-27.72106],[153.35282,-27.71667],[153.35346,-27.71702],[153.35417,-27.71697],[153.35503,-27.71578],[153.35491,-27.71464],[153.35514,-27.71391],[153.35664,-27.71242],[153.35659,-27.71208],[153.35582,-27.71104],[153.35451,-27.71096],[153.35201,-27.71041],[153.35182,-27.71097],[153.35196,-27.71152],[153.35176,-27.71327],[153.35274,-27.7165],[153.34549,-27.72091],[153.34462,-27.72129],[153.34231,-27.72],[153.3394,-27.7192],[153.33545,-27.71885],[153.33101,-27.7181],[153.32375,-27.7176],[153.32465,-27.71214],[153.32971,-27.71287],[153.3301,-27.71073],[153.33093,-27.71052],[153.33327,-27.71037],[153.33459,-27.70989],[153.33591,-27.71086],[153.3381,-27.71162],[153.33932,-27.70975],[153.33993,-27.70781],[153.33969,-27.70698],[153.33571,-27.70669],[153.3334,-27.70538],[153.33309,-27.70481],[153.33349,-27.70429],[153.33357,-27.70392],[153.33314,-27.70205],[153.33282,-27.70178],[153.33175,-27.70144],[153.33037,-27.70138],[153.32784,-27.70172],[153.32468,-27.70252],[153.32472,-27.70492],[153.32459,-27.70505],[153.32433,-27.70482],[153.32461,-27.7034],[153.32452,-27.70233],[153.32527,-27.70116],[153.32544,-27.7003],[153.32646,-27.69865],[153.32741,-27.69752],[153.32913,-27.69649],[153.33075,-27.69627],[153.33283,-27.69666],[153.33598,-27.69772],[153.33611,-27.69791],[153.33686,-27.69798],[153.33708,-27.69818],[153.33818,-27.69826],[153.33898,-27.69852],[153.33933,-27.69834],[153.34039,-27.69832],[153.34114,-27.6981],[153.342,-27.69813],[153.34254,-27.69758],[153.34401,-27.69729],[153.34488,-27.69669],[153.34676,-27.69603],[153.34742,-27.69567],[153.34753,-27.69525],[153.34798,-27.69519],[153.34856,-27.6954],[153.3488,-27.69631],[153.35006,-27.69666],[153.35056,-27.6972],[153.35105,-27.69728],[153.35167,-27.69767],[153.35167,-27.69167],[153.35585,-27.6872],[153.3574,-27.68692],[153.35808,-27.68702],[153.35955,-27.6867],[153.3608,-27.68604],[153.36163,-27.68491],[153.36174,-27.6836],[153.36149,-27.6837],[153.36134,-27.68307],[153.36047,-27.68161],[153.35996,-27.6793],[153.35892,-27.67738],[153.3587,-27.6763],[153.35827,-27.6755],[153.35835,-27.67505],[153.358,-27.67406],[153.35794,-27.67214],[153.35762,-27.67139],[153.3571,-27.67081],[153.35659,-27.6688],[153.35631,-27.6684],[153.35587,-27.66701],[153.35564,-27.66517],[153.35573,-27.66466],[153.35541,-27.66414],[153.35567,-27.66321],[153.35544,-27.66207],[153.35566,-27.65913],[153.35545,-27.65882],[153.35579,-27.65818],[153.35585,-27.65565],[153.35566,-27.65493],[153.35592,-27.65414],[153.35593,-27.65355],[153.35617,-27.6532],[153.3561,-27.65176],[153.35576,-27.65032],[153.3555,-27.64995],[153.35409,-27.64915],[153.34155,-27.64915],[153.34157,-27.64822],[153.34099,-27.6461],[153.33911,-27.6441],[153.3383,-27.64292],[153.33826,-27.64245],[153.33756,-27.64129],[153.33728,-27.64097],[153.3364,-27.64061],[153.33651,-27.64037],[153.3364,-27.64008],[153.33553,-27.639],[153.33403,-27.63791],[153.33374,-27.63716],[153.33338,-27.63686],[153.33139,-27.63568],[153.33099,-27.63561],[153.33094,-27.63589],[153.33062,-27.63586],[153.32943,-27.63522],[153.32869,-27.63505],[153.32861,-27.63516],[153.32857,-27.63713],[153.32835,-27.63754],[153.32823,-27.63844],[153.32836,-27.63961],[153.32792,-27.64013],[153.32763,-27.64083],[153.32746,-27.64149],[153.32753,-27.64222],[153.32736,-27.64221],[153.32728,-27.64276],[153.32694,-27.6431],[153.32628,-27.64462],[153.32634,-27.64517],[153.32609,-27.64671],[153.32576,-27.64712],[153.32507,-27.64751],[153.325,-27.64856],[153.3246,-27.64913],[153.32366,-27.64943],[153.32322,-27.65033],[153.3229,-27.65182],[153.32329,-27.65283],[153.32561,-27.65561],[153.3271,-27.65821],[153.32765,-27.65991],[153.32826,-27.66317],[153.32873,-27.66789],[153.32891,-27.66842],[153.32896,-27.66986],[153.32911,-27.67051],[153.32965,-27.67047],[153.32537,-27.67707],[153.32423,-27.67726],[153.31974,-27.67977],[153.31949,-27.68001],[153.31932,-27.68108],[153.31971,-27.68351],[153.32076,-27.68656],[153.32145,-27.69042],[153.32185,-27.69136],[153.32225,-27.69177],[153.32277,-27.69198],[153.32551,-27.69239],[153.32617,-27.69265],[153.32709,-27.69366],[153.323,-27.69983],[153.32289,-27.70055],[153.32172,-27.70187],[153.32118,-27.70203],[153.32053,-27.70145],[153.31929,-27.69776],[153.31964,-27.6953],[153.31994,-27.69454],[153.31991,-27.69356],[153.32033,-27.69218],[153.32028,-27.69188],[153.31945,-27.69042],[153.31833,-27.68899],[153.31776,-27.68663],[153.3172,-27.68533],[153.31439,-27.68409],[153.31383,-27.68354],[153.31412,-27.683],[153.31498,-27.68238],[153.31518,-27.68136],[153.31489,-27.68031],[153.31369,-27.67829],[153.31391,-27.67761],[153.31499,-27.67718],[153.31506,-27.677],[153.31493,-27.67581],[153.31426,-27.67387],[153.31434,-27.67312],[153.31484,-27.67237],[153.31709,-27.67073],[153.31689,-27.67065],[153.31702,-27.66989],[153.3164,-27.66896],[153.31261,-27.66603],[153.31186,-27.66467],[153.3113,-27.6643],[153.31093,-27.66444],[153.31034,-27.66409],[153.30926,-27.66273],[153.30912,-27.66217],[153.30834,-27.66124],[153.30805,-27.66027],[153.30874,-27.66012],[153.3089,-27.65841],[153.30802,-27.65777],[153.30786,-27.65749],[153.30783,-27.65639],[153.30842,-27.65463],[153.30876,-27.65437],[153.30971,-27.65273],[153.30938,-27.65158],[153.30797,-27.65031],[153.30782,-27.6497],[153.30788,-27.64897],[153.30823,-27.6487],[153.30851,-27.64813],[153.30862,-27.64702],[153.30912,-27.64622],[153.30972,-27.64571],[153.31005,-27.64513],[153.31185,-27.64357],[153.31279,-27.64302],[153.31275,-27.64285],[153.31244,-27.64279],[153.31165,-27.64215],[153.31167,-27.64132],[153.31082,-27.64131],[153.31074,-27.64114],[153.31167,-27.6409],[153.31219,-27.64108],[153.31214,-27.64154],[153.31234,-27.64196],[153.31356,-27.64314],[153.31367,-27.64139],[153.3148,-27.63965],[153.31463,-27.63936],[153.31359,-27.6394],[153.31287,-27.63906],[153.31144,-27.63723],[153.3117,-27.63547],[153.31135,-27.63413],[153.31212,-27.63308],[153.31225,-27.63254],[153.31198,-27.63188],[153.31202,-27.63085],[153.31119,-27.62893],[153.31025,-27.62791],[153.30992,-27.62714],[153.30992,-27.62666],[153.31016,-27.62608],[153.30995,-27.62533],[153.31025,-27.6246],[153.30985,-27.62348],[153.30989,-27.62316],[153.3102,-27.62243],[153.31141,-27.62121],[153.31147,-27.62086],[153.31125,-27.61968],[153.31157,-27.61945],[153.31205,-27.61942],[153.31383,-27.61807],[153.31357,-27.61744],[153.31203,-27.617],[153.31115,-27.61749],[153.31058,-27.61679],[153.30993,-27.61682],[153.30905,-27.61597],[153.3091,-27.61573],[153.30959,-27.6155],[153.30961,-27.61517],[153.30904,-27.61549],[153.30898,-27.6153],[153.31004,-27.61488],[153.31003,-27.61479],[153.30891,-27.61528],[153.30848,-27.61508],[153.30619,-27.61317],[153.30583,-27.61238],[153.30471,-27.61237],[153.30416,-27.61199],[153.30375,-27.61139],[153.30292,-27.60839],[153.30325,-27.6067],[153.30388,-27.60591],[153.30397,-27.60526],[153.30333,-27.60476],[153.30285,-27.6041],[153.30202,-27.6037],[153.30136,-27.60244],[153.30034,-27.60141],[153.30005,-27.60087],[153.29963,-27.59913],[153.30029,-27.59772],[153.29962,-27.59522],[153.29901,-27.59451],[153.29843,-27.59415],[153.298,-27.59418],[153.29781,-27.59448],[153.29797,-27.59531],[153.29878,-27.59634],[153.29857,-27.59654],[153.29785,-27.59667],[153.29645,-27.59627],[153.29518,-27.59709],[153.29449,-27.59793],[153.29355,-27.59843],[153.29397,-27.59897],[153.29455,-27.59928],[153.29463,-27.59969],[153.2942,-27.60005],[153.29314,-27.60022],[153.29329,-27.60054],[153.29326,-27.60123],[153.29273,-27.60148],[153.29274,-27.60161],[153.29394,-27.60144],[153.29416,-27.60186],[153.29386,-27.60291],[153.29323,-27.60364],[153.29235,-27.60368],[153.29189,-27.60341],[153.29224,-27.60306],[153.29298,-27.60333],[153.29344,-27.60319],[153.29369,-27.60287],[153.29394,-27.60167],[153.29322,-27.60209],[153.29285,-27.60197],[153.29259,-27.60169],[153.29263,-27.59999],[153.29124,-27.59883],[153.29038,-27.599],[153.28953,-27.59888],[153.28961,-27.59861],[153.29016,-27.59879],[153.29092,-27.59874],[153.29101,-27.59856],[153.29069,-27.59838],[153.29086,-27.59826],[153.2919,-27.59861],[153.29303,-27.59841],[153.29402,-27.59782],[153.29572,-27.59617],[153.2962,-27.59589],[153.29703,-27.59582],[153.29725,-27.59523],[153.29735,-27.59375],[153.29788,-27.59289],[153.29837,-27.59296],[153.29869,-27.59348],[153.29991,-27.59266],[153.3004,-27.59256],[153.30163,-27.59336],[153.30255,-27.59363],[153.30323,-27.59421],[153.30372,-27.59421],[153.30494,-27.59303],[153.30578,-27.5916],[153.30673,-27.59055],[153.30849,-27.58942],[153.31,-27.58894],[153.31233,-27.58942],[153.31224,-27.58865],[153.31259,-27.58802],[153.31296,-27.58775],[153.31215,-27.58736],[153.31193,-27.58683],[153.31197,-27.58526],[153.31224,-27.58484],[153.31268,-27.58431],[153.31372,-27.58353],[153.31607,-27.58222],[153.31736,-27.58191],[153.31783,-27.58226],[153.31807,-27.58202],[153.31771,-27.58102],[153.31661,-27.58004],[153.31551,-27.57943],[153.31559,-27.57911],[153.31545,-27.57908],[153.31537,-27.57938],[153.31512,-27.57932],[153.31485,-27.57947],[153.31467,-27.57996],[153.314,-27.58072],[153.31213,-27.58173],[153.30995,-27.58134],[153.30835,-27.57991],[153.30841,-27.57972],[153.30813,-27.57937],[153.30814,-27.57883],[153.30791,-27.57824],[153.30526,-27.57488],[153.30499,-27.5743],[153.3049,-27.57352],[153.30523,-27.57243],[153.30601,-27.57122],[153.30749,-27.57019],[153.30867,-27.5689],[153.30857,-27.56832],[153.3089,-27.56706],[153.30849,-27.56642],[153.30853,-27.56545],[153.3082,-27.56499],[153.30632,-27.56422],[153.30492,-27.56398],[153.30492,-27.56194],[153.31903,-27.56194],[153.33672,-27.54108],[153.33305,-27.53269],[153.31569,-27.5307],[153.30872,-27.54326],[153.28972,-27.54326],[153.28972,-27.5655],[153.29111,-27.5655],[153.29112,-27.56574],[153.29084,-27.56672],[153.29001,-27.56768],[153.28948,-27.56862],[153.28949,-27.56908],[153.29004,-27.57035],[153.29041,-27.57035],[153.29019,-27.57126],[153.2896,-27.57219],[153.2907,-27.57217],[153.29199,-27.57245],[153.29236,-27.5721],[153.29251,-27.57147],[153.29296,-27.57117],[153.29402,-27.5711],[153.29466,-27.57065],[153.29572,-27.57101],[153.29635,-27.57072],[153.29679,-27.57027],[153.29746,-27.57022],[153.29787,-27.57038],[153.29796,-27.57061],[153.2983,-27.57066],[153.29852,-27.57117],[153.29814,-27.57186],[153.29856,-27.57314],[153.29832,-27.57373],[153.29445,-27.57351],[153.29395,-27.5744],[153.29627,-27.57499],[153.29534,-27.57548],[153.29513,-27.57644],[153.29373,-27.57621],[153.2942,-27.5766],[153.29481,-27.57746],[153.29492,-27.57781],[153.29474,-27.57843],[153.29333,-27.57888],[153.2927,-27.57848],[153.29218,-27.57901],[153.29195,-27.57957],[153.29174,-27.57936],[153.29093,-27.58011],[153.29045,-27.58023],[153.29003,-27.58012],[153.28949,-27.58046],[153.28925,-27.58045],[153.28875,-27.58001],[153.28745,-27.57989],[153.2872,-27.57968],[153.28586,-27.58038],[153.28546,-27.5801],[153.28517,-27.58014],[153.28505,-27.57991],[153.28588,-27.57954],[153.2859,-27.57919],[153.28557,-27.57916],[153.28482,-27.57953],[153.28449,-27.57942],[153.28436,-27.57913],[153.28403,-27.57917],[153.28302,-27.57887],[153.2824,-27.57938],[153.28227,-27.58009],[153.28178,-27.58059],[153.2817,-27.58147],[153.28142,-27.58161],[153.28072,-27.58148],[153.28142,-27.58121],[153.2816,-27.58076],[153.28204,-27.58018],[153.28227,-27.57941],[153.28297,-27.57882],[153.28391,-27.57901],[153.28573,-27.57881],[153.28624,-27.57938],[153.28593,-27.57972],[153.28612,-27.57989],[153.28662,-27.57983],[153.287,-27.57923],[153.28741,-27.57927],[153.28798,-27.57977],[153.28871,-27.57914],[153.28906,-27.57915],[153.28927,-27.5794],[153.28918,-27.57992],[153.2903,-27.57726],[153.29103,-27.57689],[153.29146,-27.57581],[153.29226,-27.57501],[153.29302,-27.57509],[153.2937,-27.57417],[153.29412,-27.57325],[153.29391,-27.57309],[153.2926,-27.573],[153.29119,-27.57258],[153.2902,-27.57272],[153.28594,-27.5723],[153.28553,-27.57256],[153.28506,-27.57175],[153.28554,-27.57145],[153.2853,-27.57094],[153.28325,-27.56911],[153.28405,-27.56446],[153.28344,-27.56238],[153.28274,-27.56227],[153.28255,-27.56188],[153.28283,-27.56104],[153.28313,-27.56082],[153.28319,-27.56039],[153.28295,-27.56021],[153.28223,-27.56011],[153.28176,-27.55916],[153.28253,-27.55928],[153.28219,-27.55812],[153.2855,-27.55608],[153.28522,-27.55568],[153.283,-27.55476],[153.28246,-27.55435],[153.28173,-27.55342],[153.28117,-27.55355],[153.28058,-27.55346],[153.28018,-27.55382],[153.27918,-27.55373],[153.27847,-27.55357],[153.27726,-27.55272],[153.27736,-27.55261],[153.27947,-27.5531],[153.28031,-27.55283],[153.28053,-27.55211],[153.28059,-27.55084],[153.28027,-27.55071],[153.27933,-27.55085],[153.2793,-27.55027],[153.27903,-27.54963],[153.27955,-27.5483],[153.27949,-27.54759],[153.27963,-27.54685],[153.27999,-27.54636],[153.28087,-27.54594],[153.28177,-27.54605],[153.28258,-27.54652],[153.28294,-27.5462],[153.28287,-27.54586],[153.282,-27.54538],[153.28141,-27.54471],[153.27967,-27.54421],[153.27664,-27.54406],[153.27627,-27.54419],[153.27601,-27.54393],[153.27509,-27.54364],[153.2742,-27.54373],[153.27451,-27.54413],[153.27449,-27.54444],[153.27293,-27.54443],[153.27274,-27.54426],[153.27414,-27.54299],[153.27406,-27.54276],[153.27426,-27.54267],[153.27409,-27.54238],[153.27446,-27.54217],[153.27428,-27.54179],[153.27435,-27.54116],[153.27492,-27.54062],[153.27444,-27.53928],[153.2746,-27.53899],[153.27602,-27.53879],[153.27644,-27.53847],[153.27696,-27.53863],[153.27752,-27.53944],[153.27824,-27.5391],[153.27905,-27.538],[153.27954,-27.53687],[153.28004,-27.5367],[153.28038,-27.53601],[153.28179,-27.53485],[153.2817,-27.53447],[153.28234,-27.53444],[153.28355,-27.53488],[153.28395,-27.53444],[153.28384,-27.53401],[153.28286,-27.53358],[153.28226,-27.53289],[153.28215,-27.53259],[153.28223,-27.53085],[153.28194,-27.5303],[153.28128,-27.52972],[153.28109,-27.52889],[153.28199,-27.5281],[153.28198,-27.52782],[153.28231,-27.52783],[153.2824,-27.5283],[153.28215,-27.52875],[153.28424,-27.52937],[153.28425,-27.529],[153.28394,-27.52887],[153.2843,-27.52871],[153.28443,-27.52827],[153.28413,-27.5279],[153.28434,-27.5278],[153.28431,-27.52726],[153.28496,-27.52597],[153.28654,-27.52392],[153.28696,-27.52215],[153.28808,-27.52019],[153.28829,-27.51795],[153.28885,-27.51484],[153.28971,-27.51191],[153.29056,-27.51115],[153.28988,-27.51034],[153.28973,-27.50959],[153.28922,-27.50928],[153.28882,-27.50955],[153.28908,-27.5107],[153.28862,-27.5107],[153.28862,-27.5121],[153.28769,-27.5144],[153.28611,-27.51398],[153.2865,-27.51415],[153.28649,-27.51444],[153.28598,-27.51565],[153.28471,-27.51554],[153.28463,-27.51502],[153.28233,-27.51514],[153.2823,-27.51555],[153.2817,-27.51568],[153.2814,-27.5156],[153.28135,-27.51519],[153.28051,-27.51521],[153.27947,-27.51574],[153.27937,-27.51604],[153.27823,-27.51577],[153.27807,-27.51567],[153.27813,-27.51538],[153.27787,-27.51588],[153.27685,-27.51567],[153.27676,-27.51538],[153.27661,-27.5159],[153.27551,-27.51576],[153.27534,-27.51565],[153.27539,-27.51544],[153.27522,-27.51598],[153.27499,-27.51601],[153.27415,-27.51592],[153.27393,-27.51583],[153.27398,-27.51559],[153.27378,-27.51625],[153.27356,-27.51628],[153.27217,-27.51597],[153.27213,-27.51565],[153.27168,-27.51642],[153.27057,-27.51608],[153.27042,-27.51596],[153.27047,-27.51578],[153.27,-27.51653],[153.26902,-27.51614],[153.26892,-27.51601],[153.26906,-27.51581],[153.26558,-27.51596],[153.26524,-27.51586],[153.26359,-27.5161],[153.26325,-27.51649],[153.26279,-27.51634],[153.26275,-27.51608],[153.26252,-27.51628],[153.26163,-27.5162],[153.26114,-27.5147],[153.26049,-27.51362],[153.26052,-27.51172],[153.26082,-27.51061],[153.2611,-27.51036],[153.26243,-27.50772],[153.26097,-27.50436],[153.26051,-27.5022],[153.25985,-27.50175],[153.25958,-27.50095],[153.25999,-27.50003],[153.2598,-27.49972],[153.25986,-27.49947],[153.25956,-27.49939],[153.25957,-27.49843],[153.25986,-27.4985],[153.25995,-27.49834],[153.2598,-27.49804],[153.26015,-27.49807],[153.25974,-27.49676],[153.25991,-27.49619],[153.2604,-27.4955],[153.26005,-27.49432],[153.25958,-27.49389],[153.25897,-27.49369],[153.25796,-27.49392],[153.25676,-27.49367],[153.25527,-27.49406],[153.25319,-27.49366],[153.25151,-27.49311],[153.2517,-27.49433],[153.25122,-27.49543],[153.25129,-27.49605],[153.25153,-27.49645],[153.25118,-27.49676],[153.2513,-27.49732],[153.25158,-27.49765],[153.25141,-27.49821],[153.25159,-27.49888],[153.2507,-27.49996],[153.25052,-27.50078],[153.25062,-27.50103],[153.2523,-27.5014],[153.25247,-27.50224],[153.25223,-27.50324],[153.25269,-27.50345],[153.25261,-27.5038],[153.2529,-27.50414],[153.25347,-27.50411],[153.25363,-27.50427],[153.2537,-27.5046],[153.25356,-27.50494],[153.25296,-27.50495],[153.25235,-27.50542],[153.25252,-27.50501],[153.25328,-27.50481],[153.25337,-27.5046],[153.25321,-27.50432],[153.2527,-27.50429],[153.25205,-27.50346],[153.2523,-27.50162],[153.25197,-27.50135],[153.25121,-27.50134],[153.25117,-27.50174],[153.25166,-27.50207],[153.25173,-27.50229],[153.25135,-27.50278],[153.25104,-27.50283],[153.2507,-27.50263],[153.2503,-27.50116],[153.25028,-27.50029],[153.25121,-27.49886],[153.25032,-27.49848],[153.24848,-27.49916],[153.24788,-27.49693],[153.248,-27.49578],[153.24947,-27.49568],[153.24977,-27.49555],[153.24985,-27.49531],[153.24921,-27.49451],[153.24845,-27.49422],[153.24793,-27.49379],[153.24724,-27.49247],[153.24824,-27.49172],[153.24909,-27.49056],[153.25012,-27.49005],[153.2505,-27.4896],[153.25048,-27.48944],[153.24811,-27.48838],[153.2467,-27.48651],[153.24637,-27.48635],[153.24538,-27.48673],[153.24518,-27.48719],[153.245,-27.48725],[153.24425,-27.4871],[153.24363,-27.48642],[153.24122,-27.48694],[153.23939,-27.48427],[153.23914,-27.48323],[153.23954,-27.48205],[153.2395,-27.48138],[153.23981,-27.4813],[153.2389,-27.47917],[153.23901,-27.47833],[153.23944,-27.47716],[153.24026,-27.47684],[153.24065,-27.47645],[153.24146,-27.47603],[153.24048,-27.47494],[153.23939,-27.47238],[153.23937,-27.47178],[153.24011,-27.47052],[153.24038,-27.46942],[153.24055,-27.46918],[153.24112,-27.46897],[153.24076,-27.46776],[153.24126,-27.46727],[153.24116,-27.46689],[153.2413,-27.46583],[153.24087,-27.46545],[153.24003,-27.46507],[153.23961,-27.46554],[153.23932,-27.46639],[153.23781,-27.46732],[153.23737,-27.46862],[153.23743,-27.46996],[153.23784,-27.47078],[153.23855,-27.4715],[153.23898,-27.47238],[153.23839,-27.47351],[153.2375,-27.47422],[153.23756,-27.47441],[153.23774,-27.47441],[153.23817,-27.47479],[153.23824,-27.47533],[153.23858,-27.47541],[153.23881,-27.47574],[153.23889,-27.47662],[153.23877,-27.47662],[153.23875,-27.47685],[153.23889,-27.47687],[153.23899,-27.47724],[153.2388,-27.47791],[153.23867,-27.47808],[153.23849,-27.47799],[153.23694,-27.47975],[153.23615,-27.47993],[153.23563,-27.48043],[153.23439,-27.48067],[153.23295,-27.48173],[153.23269,-27.48159],[153.23276,-27.48204],[153.23108,-27.48251],[153.22924,-27.48264],[153.22804,-27.48318],[153.22787,-27.48273],[153.22714,-27.48269],[153.22208,-27.48318],[153.21948,-27.48245],[153.21832,-27.48143],[153.21798,-27.48134],[153.21466,-27.48214],[153.21228,-27.48243],[153.21056,-27.48206],[153.20968,-27.4821],[153.20841,-27.48186],[153.2065,-27.48127],[153.20415,-27.48003],[153.20348,-27.47943],[153.20303,-27.47875],[153.20288,-27.47786],[153.2022,-27.47628],[153.20166,-27.47573],[153.20005,-27.47481],[153.19915,-27.47511],[153.19903,-27.47598],[153.19854,-27.47676],[153.19807,-27.47825],[153.1987,-27.47892],[153.19892,-27.47941],[153.19906,-27.48053],[153.1997,-27.4811],[153.20005,-27.48196],[153.19991,-27.48315],[153.19836,-27.48503],[153.1977,-27.4856],[153.19667,-27.48574],[153.19645,-27.48604],[153.19591,-27.48602],[153.19494,-27.48547],[153.19468,-27.48485],[153.19499,-27.48336],[153.19462,-27.48289],[153.19111,-27.48359],[153.19046,-27.48249],[153.19126,-27.48172],[153.19189,-27.48143],[153.19193,-27.4795],[153.19123,-27.47926],[153.19091,-27.4787],[153.18916,-27.47728],[153.18798,-27.47718],[153.18789,-27.47596],[153.18801,-27.4741],[153.18844,-27.47419],[153.18867,-27.47374],[153.18868,-27.47295],[153.18895,-27.47234],[153.18943,-27.4719],[153.18946,-27.47158],[153.1896,-27.47159],[153.1896,-27.47189],[153.18889,-27.47316],[153.18888,-27.47456],[153.18914,-27.47499],[153.19038,-27.47552],[153.19157,-27.47563],[153.19356,-27.47324],[153.19266,-27.47327],[153.19191,-27.47258],[153.19247,-27.47118],[153.19247,-27.47032],[153.19277,-27.46948],[153.19348,-27.46935],[153.19332,-27.46807],[153.19248,-27.46538],[153.19108,-27.4628],[153.19012,-27.46199],[153.19461,-27.45899],[153.19427,-27.4585],[153.19399,-27.45742],[153.19494,-27.4563],[153.1941,-27.45235],[153.19271,-27.45224],[153.19179,-27.45072],[153.18934,-27.45173],[153.1875,-27.45182],[153.18657,-27.45111],[153.18638,-27.45026],[153.18679,-27.44881],[153.18798,-27.44768],[153.18713,-27.44643],[153.18688,-27.44627],[153.18462,-27.44602],[153.18141,-27.44532],[153.17907,-27.44399],[153.17681,-27.4418],[153.17843,-27.44055],[153.17858,-27.4407],[153.17867,-27.44062],[153.17837,-27.44031],[153.17828,-27.44039],[153.17841,-27.44052],[153.17689,-27.4417],[153.17619,-27.44076],[153.17655,-27.44047],[153.176,-27.4408],[153.17546,-27.44042],[153.17475,-27.43702],[153.1739,-27.43468],[153.17226,-27.43332],[153.17152,-27.43189],[153.17149,-27.42997],[153.17114,-27.42847],[153.17016,-27.4274],[153.16956,-27.42709],[153.16802,-27.4256],[153.16722,-27.42518],[153.16748,-27.4236],[153.16771,-27.42318],[153.16796,-27.42314],[153.16783,-27.4205],[153.16761,-27.42047],[153.16694,-27.4213],[153.16577,-27.4221],[153.16533,-27.42228],[153.1652,-27.4221],[153.16699,-27.41906],[153.16765,-27.41743],[153.16778,-27.41627],[153.16808,-27.41575],[153.1679,-27.41551],[153.1675,-27.41165],[153.16692,-27.40904],[153.16697,-27.4083],[153.1668,-27.40773],[153.16685,-27.40738],[153.1674,-27.40693],[153.16769,-27.40644],[153.16799,-27.40525],[153.16689,-27.40347],[153.19478,-27.36357],[153.24533,-27.37217],[153.22,-27.37217],[153.22,-27.40783],[153.24533,-27.40783],[153.24533,-27.44907],[153.30628,-27.49325],[153.34114,-27.4605],[153.29018,-27.43317],[153.30434,-27.42183],[153.33501,-27.40367],[153.35412,-27.3685],[153.378,-27.3685],[153.378,-27.25991],[153.37521,-27.25518],[153.37322,-27.25145],[153.37162,-27.24753],[153.3708,-27.24595],[153.37001,-27.24378],[153.36762,-27.23863],[153.36708,-27.23615],[153.36672,-27.22796],[153.36619,-27.22527],[153.36497,-27.22103],[153.36277,-27.21601],[153.36073,-27.21269],[153.35878,-27.20993],[153.35708,-27.20679],[153.35627,-27.20468],[153.35586,-27.20272],[153.35496,-27.20072],[153.35464,-27.19897],[153.35472,-27.19705],[153.35517,-27.19533],[153.35635,-27.19319],[153.35723,-27.19003],[153.36008,-27.1829],[153.36273,-27.17746],[153.36301,-27.17554],[153.36286,-27.17343],[153.36219,-27.16984],[153.36178,-27.16874],[153.3606,-27.16684],[153.35985,-27.16474],[153.35962,-27.16262],[153.35987,-27.16043],[153.35787,-27.15537],[153.35598,-27.14892],[153.35414,-27.14442],[153.35509,-27.1382],[153.35266,-27.13125],[153.35576,-27.12244],[153.35918,-27.11111],[153.35982,-27.10748],[153.36023,-27.10314],[153.36005,-27.09625],[153.35977,-27.09318],[153.35979,-27.09082],[153.359,-27.08753],[153.35817,-27.08118],[153.35723,-27.07727],[153.35702,-27.07542],[153.35491,-27.07155],[153.3541,-27.06957],[153.35324,-27.06686],[153.35297,-27.06396],[153.2795,-27.0355],[153.33333,-27.0355],[153.33333,-26.94167],[153.235,-26.91067],[153.17983,-26.85733],[153.44284,-26.94553]],[[153.37132,-27.41302],[153.37087,-27.41322],[153.37031,-27.41304],[153.36993,-27.41313],[153.36893,-27.41383],[153.36804,-27.41481],[153.36786,-27.41569],[153.36795,-27.41731],[153.36854,-27.41892],[153.36811,-27.41861],[153.3675,-27.4174],[153.36725,-27.41461],[153.36748,-27.41387],[153.36735,-27.41355],[153.36254,-27.41391],[153.36001,-27.41453],[153.359,-27.41512],[153.35753,-27.41496],[153.35289,-27.41658],[153.35012,-27.41806],[153.34852,-27.41862],[153.34801,-27.41905],[153.34802,-27.41939],[153.34843,-27.41964],[153.35059,-27.42012],[153.35072,-27.42044],[153.35041,-27.42067],[153.34953,-27.42089],[153.34562,-27.42257],[153.34331,-27.42279],[153.34159,-27.42333],[153.33997,-27.42401],[153.33691,-27.42573],[153.33491,-27.4262],[153.32816,-27.42829],[153.32666,-27.42887],[153.32578,-27.42959],[153.32507,-27.43029],[153.32475,-27.43094],[153.32508,-27.4316],[153.3251,-27.43276],[153.32495,-27.43429],[153.32466,-27.43534],[153.32513,-27.43639],[153.32526,-27.438],[153.32575,-27.43886],[153.32688,-27.43982],[153.3281,-27.44123],[153.32959,-27.44214],[153.33046,-27.44297],[153.33079,-27.44424],[153.33145,-27.44527],[153.33151,-27.44562],[153.33137,-27.44591],[153.32995,-27.44731],[153.32943,-27.4481],[153.32928,-27.44917],[153.32964,-27.45075],[153.33315,-27.454],[153.33521,-27.45505],[153.33702,-27.45557],[153.33876,-27.4555],[153.34176,-27.45388],[153.34236,-27.45366],[153.34298,-27.45378],[153.34337,-27.45415],[153.34338,-27.45608],[153.34268,-27.45761],[153.34161,-27.45869],[153.34135,-27.45923],[153.34153,-27.46005],[153.34205,-27.46038],[153.34383,-27.46057],[153.34433,-27.46041],[153.34444,-27.46013],[153.34426,-27.45941],[153.34443,-27.45901],[153.34468,-27.45885],[153.34852,-27.4585],[153.35288,-27.45846],[153.35407,-27.45827],[153.35702,-27.45636],[153.35837,-27.45578],[153.35939,-27.45448],[153.35992,-27.45425],[153.36096,-27.45459],[153.36333,-27.45685],[153.38134,-27.40925],[153.37865,-27.41025],[153.3729,-27.41195],[153.37202,-27.41238],[153.37132,-27.41302]],[[153.35054,-27.46976],[153.34921,-27.47005],[153.34762,-27.46986],[153.34673,-27.47063],[153.34655,-27.47104],[153.34607,-27.47128],[153.34571,-27.4723],[153.34556,-27.4738],[153.34513,-27.47401],[153.34508,-27.47469],[153.34469,-27.47486],[153.34468,-27.47522],[153.34449,-27.47541],[153.34431,-27.47633],[153.34456,-27.47676],[153.34494,-27.47694],[153.34504,-27.47746],[153.34486,-27.47818],[153.34572,-27.47982],[153.34634,-27.48026],[153.34617,-27.48058],[153.34628,-27.4808],[153.34569,-27.48079],[153.34556,-27.48042],[153.34456,-27.47968],[153.34354,-27.47953],[153.34246,-27.4802],[153.342,-27.48071],[153.3416,-27.48076],[153.34161,-27.48112],[153.34116,-27.48108],[153.34064,-27.48179],[153.3406,-27.48219],[153.33996,-27.48325],[153.3393,-27.48369],[153.33838,-27.48467],[153.33799,-27.48467],[153.33757,-27.48441],[153.33739,-27.48472],[153.33688,-27.48485],[153.33633,-27.4853],[153.33598,-27.48598],[153.33575,-27.48588],[153.3359,-27.48526],[153.33548,-27.48539],[153.33515,-27.48588],[153.33511,-27.48746],[153.33432,-27.48802],[153.33433,-27.48862],[153.33383,-27.48898],[153.33342,-27.48976],[153.33334,-27.49066],[153.33282,-27.49186],[153.33105,-27.49375],[153.33062,-27.4939],[153.33033,-27.49426],[153.32877,-27.49525],[153.32726,-27.49654],[153.32684,-27.49667],[153.32599,-27.49757],[153.3253,-27.49844],[153.32409,-27.50065],[153.32375,-27.50169],[153.32375,-27.50257],[153.32482,-27.50341],[153.32609,-27.50363],[153.32658,-27.50349],[153.32708,-27.50367],[153.32741,-27.50355],[153.32863,-27.50355],[153.32902,-27.50372],[153.32952,-27.50357],[153.33005,-27.50375],[153.33031,-27.50362],[153.3311,-27.50377],[153.33218,-27.50359],[153.33517,-27.50364],[153.33735,-27.50462],[153.33795,-27.50509],[153.33831,-27.50515],[153.33793,-27.50573],[153.33819,-27.50607],[153.33816,-27.50667],[153.33866,-27.50701],[153.33853,-27.50747],[153.33867,-27.50785],[153.33832,-27.5082],[153.33894,-27.51108],[153.33867,-27.51149],[153.33888,-27.5119],[153.3388,-27.51255],[153.3391,-27.51295],[153.3393,-27.51549],[153.33975,-27.51693],[153.34043,-27.51787],[153.34334,-27.51888],[153.34515,-27.51906],[153.34703,-27.51903],[153.34818,-27.51864],[153.34952,-27.51848],[153.35013,-27.51852],[153.35151,-27.51907],[153.35311,-27.51915],[153.35388,-27.519],[153.35483,-27.51845],[153.35634,-27.51699],[153.35688,-27.51549],[153.35661,-27.5134],[153.35625,-27.51267],[153.35548,-27.51182],[153.35486,-27.51075],[153.35474,-27.50987],[153.35505,-27.50885],[153.35603,-27.50759],[153.35616,-27.50668],[153.35649,-27.5062],[153.35957,-27.50478],[153.36615,-27.50256],[153.36875,-27.50206],[153.37269,-27.5019],[153.37474,-27.50131],[153.37645,-27.50015],[153.3774,-27.49919],[153.3781,-27.49809],[153.37882,-27.49624],[153.37793,-27.49338],[153.37806,-27.49263],[153.37671,-27.49062],[153.37571,-27.48776],[153.375,-27.48644],[153.37436,-27.48559],[153.37385,-27.48518],[153.37247,-27.48458],[153.37109,-27.4842],[153.36527,-27.48332],[153.36279,-27.48256],[153.36127,-27.48133],[153.36095,-27.4808],[153.36061,-27.47939],[153.36011,-27.47838],[153.35876,-27.47727],[153.35794,-27.47715],[153.3574,-27.47748],[153.35718,-27.47789],[153.35677,-27.47817],[153.35595,-27.47815],[153.35508,-27.47887],[153.3544,-27.48025],[153.354,-27.48209],[153.35269,-27.48321],[153.35162,-27.4871],[153.35114,-27.48702],[153.35112,-27.48615],[153.35212,-27.48278],[153.35222,-27.48154],[153.35198,-27.48077],[153.35112,-27.48008],[153.35063,-27.4804],[153.35054,-27.48029],[153.35274,-27.47662],[153.35318,-27.47475],[153.35301,-27.47424],[153.35315,-27.47344],[153.35272,-27.47231],[153.35277,-27.47206],[153.35233,-27.4714],[153.35223,-27.47097],[153.35144,-27.47028],[153.35054,-27.46976]],[[153.48455,-26.99661],[153.48834,-26.9965],[153.49204,-26.99576],[153.49552,-26.99441],[153.49865,-26.9925],[153.5005,-26.99095],[153.50211,-26.9892],[153.50405,-26.98628],[153.50533,-26.98308],[153.50592,-26.97972],[153.5058,-26.97633],[153.50497,-26.97301],[153.50346,-26.9699],[153.50134,-26.96709],[153.49865,-26.96468],[153.49552,-26.96277],[153.49204,-26.96142],[153.48834,-26.96068],[153.48455,-26.96058],[153.4808,-26.96111],[153.47724,-26.96226],[153.47397,-26.96398],[153.47113,-26.96623],[153.4688,-26.96892],[153.46708,-26.97194],[153.4663,-26.9741],[153.46583,-26.97633],[153.46571,-26.97972],[153.4663,-26.98308],[153.46708,-26.98524],[153.46816,-26.98729],[153.47029,-26.9901],[153.47297,-26.9925],[153.47502,-26.99383],[153.47724,-26.99492],[153.4808,-26.99608],[153.48455,-26.99661]],[[153.35919,-27.58172],[153.35906,-27.58336],[153.35842,-27.5838],[153.35767,-27.58376],[153.35711,-27.58305],[153.35702,-27.58311],[153.35752,-27.58453],[153.3576,-27.58665],[153.35807,-27.58726],[153.35805,-27.588],[153.35751,-27.58883],[153.35653,-27.58961],[153.35617,-27.59012],[153.35412,-27.59129],[153.35475,-27.59252],[153.35476,-27.59312],[153.35442,-27.59473],[153.35388,-27.59592],[153.35342,-27.59641],[153.3532,-27.59692],[153.35313,-27.5977],[153.3533,-27.59811],[153.35308,-27.59879],[153.35194,-27.6006],[153.35046,-27.60155],[153.3495,-27.60196],[153.34934,-27.60221],[153.34953,-27.60319],[153.34934,-27.60415],[153.34987,-27.60644],[153.34959,-27.60745],[153.34964,-27.60845],[153.34998,-27.6096],[153.34995,-27.61172],[153.35033,-27.61233],[153.34998,-27.61353],[153.34942,-27.61462],[153.34949,-27.6163],[153.35185,-27.61826],[153.35248,-27.61928],[153.35051,-27.6216],[153.34892,-27.62235],[153.34877,-27.62256],[153.35001,-27.62369],[153.35089,-27.62418],[153.35184,-27.62409],[153.35236,-27.62421],[153.35289,-27.62484],[153.35324,-27.62496],[153.35605,-27.62515],[153.35697,-27.62571],[153.35729,-27.62639],[153.35954,-27.62783],[153.36017,-27.62845],[153.36081,-27.62997],[153.36079,-27.63132],[153.36123,-27.63183],[153.36214,-27.63234],[153.36336,-27.63138],[153.36486,-27.63111],[153.36531,-27.63152],[153.36567,-27.63159],[153.36579,-27.63113],[153.36641,-27.63117],[153.36726,-27.6306],[153.36791,-27.62932],[153.36885,-27.62855],[153.3694,-27.62697],[153.37052,-27.62654],[153.37004,-27.6259],[153.37024,-27.62517],[153.37079,-27.62538],[153.37155,-27.62527],[153.37269,-27.62458],[153.37249,-27.62299],[153.37188,-27.62093],[153.37215,-27.61971],[153.37275,-27.61933],[153.37434,-27.61987],[153.37521,-27.61912],[153.37535,-27.61837],[153.37551,-27.61823],[153.37478,-27.61767],[153.37437,-27.61652],[153.37335,-27.6158],[153.37314,-27.61539],[153.37239,-27.6155],[153.37188,-27.6148],[153.37161,-27.61394],[153.3716,-27.61295],[153.37226,-27.61178],[153.37186,-27.61098],[153.36968,-27.61095],[153.36906,-27.61077],[153.36826,-27.61],[153.36806,-27.60952],[153.36833,-27.60865],[153.36821,-27.6076],[153.36849,-27.6071],[153.36835,-27.60661],[153.36791,-27.60702],[153.3678,-27.60765],[153.36798,-27.60769],[153.3679,-27.60808],[153.36755,-27.60819],[153.367,-27.60902],[153.36716,-27.60927],[153.3679,-27.60961],[153.36825,-27.61059],[153.36812,-27.61124],[153.36892,-27.61199],[153.36891,-27.61268],[153.36921,-27.61367],[153.37031,-27.61384],[153.371,-27.61377],[153.37141,-27.61398],[153.37158,-27.61491],[153.37171,-27.61491],[153.37218,-27.61565],[153.37193,-27.61599],[153.37204,-27.61822],[153.37167,-27.61879],[153.37158,-27.6187],[153.37123,-27.61947],[153.3705,-27.61982],[153.36981,-27.61973],[153.36889,-27.61897],[153.36801,-27.61972],[153.36774,-27.61974],[153.36727,-27.61862],[153.36637,-27.61737],[153.36496,-27.61663],[153.36326,-27.61642],[153.36267,-27.61575],[153.36282,-27.61563],[153.36264,-27.6153],[153.36192,-27.61495],[153.36124,-27.61493],[153.36061,-27.6147],[153.35987,-27.61386],[153.36018,-27.61259],[153.36007,-27.61203],[153.35975,-27.61173],[153.35977,-27.61103],[153.35962,-27.61072],[153.36,-27.61026],[153.36056,-27.61],[153.36083,-27.60949],[153.36064,-27.60903],[153.35993,-27.60868],[153.35922,-27.60794],[153.35892,-27.60659],[153.35937,-27.60523],[153.36016,-27.60462],[153.36016,-27.60328],[153.3605,-27.60256],[153.36104,-27.60207],[153.36241,-27.6017],[153.36238,-27.6004],[153.36171,-27.59864],[153.36178,-27.5977],[153.3623,-27.59715],[153.36208,-27.59649],[153.36222,-27.59556],[153.36255,-27.59488],[153.36258,-27.59363],[153.36306,-27.59289],[153.36488,-27.59122],[153.36572,-27.59074],[153.367,-27.59035],[153.36736,-27.58967],[153.36631,-27.58974],[153.36555,-27.59015],[153.36324,-27.58963],[153.36258,-27.58914],[153.36161,-27.58783],[153.36156,-27.58691],[153.36167,-27.58645],[153.36224,-27.58558],[153.36379,-27.58539],[153.36431,-27.58472],[153.36417,-27.5839],[153.36379,-27.58327],[153.36375,-27.5827],[153.36326,-27.5822],[153.36157,-27.58179],[153.36131,-27.58154],[153.36121,-27.581],[153.36134,-27.58071],[153.36115,-27.58054],[153.35919,-27.58172]],[[153.39555,-27.79065],[153.39664,-27.79049],[153.3969,-27.79137],[153.39735,-27.79174],[153.39726,-27.79193],[153.39633,-27.79265],[153.39433,-27.79354],[153.39354,-27.79424],[153.39073,-27.79604],[153.39057,-27.79616],[153.39072,-27.79657],[153.39205,-27.79722],[153.39334,-27.79751],[153.39465,-27.79834],[153.39593,-27.79863],[153.39634,-27.79845],[153.3973,-27.79699],[153.39781,-27.7966],[153.39874,-27.79685],[153.40142,-27.79644],[153.40129,-27.79659],[153.39888,-27.79775],[153.39765,-27.79915],[153.39699,-27.80031],[153.39543,-27.80108],[153.3927,-27.80023],[153.39156,-27.79961],[153.39102,-27.80001],[153.39108,-27.80044],[153.38953,-27.79957],[153.38753,-27.79987],[153.38667,-27.80043],[153.38606,-27.80116],[153.38476,-27.80179],[153.38149,-27.80427],[153.38123,-27.80473],[153.38126,-27.80501],[153.38225,-27.80582],[153.38229,-27.80657],[153.38188,-27.80688],[153.38135,-27.8069],[153.38053,-27.80632],[153.38006,-27.80642],[153.37879,-27.80895],[153.3787,-27.80999],[153.37912,-27.81028],[153.37976,-27.81038],[153.3807,-27.81018],[153.38107,-27.80929],[153.38198,-27.80924],[153.38243,-27.80885],[153.3835,-27.80869],[153.38295,-27.80905],[153.38288,-27.80968],[153.38208,-27.81019],[153.38188,-27.81058],[153.38187,-27.81133],[153.38069,-27.81214],[153.38066,-27.81258],[153.38193,-27.81431],[153.38248,-27.81547],[153.3835,-27.81596],[153.38368,-27.81668],[153.38415,-27.81698],[153.38545,-27.81746],[153.38597,-27.81745],[153.38739,-27.81671],[153.38859,-27.81637],[153.38873,-27.8161],[153.38856,-27.81581],[153.38905,-27.81557],[153.38947,-27.81559],[153.38995,-27.8163],[153.39027,-27.81638],[153.39077,-27.81584],[153.39084,-27.81523],[153.39204,-27.81473],[153.39288,-27.81394],[153.39326,-27.81383],[153.39272,-27.81452],[153.39179,-27.81521],[153.39204,-27.81602],[153.39182,-27.81639],[153.39109,-27.81675],[153.38997,-27.81699],[153.38854,-27.81678],[153.38832,-27.81698],[153.38852,-27.81738],[153.38921,-27.81758],[153.39036,-27.8175],[153.39135,-27.81722],[153.39308,-27.81615],[153.39622,-27.81484],[153.39733,-27.81418],[153.39871,-27.81319],[153.39968,-27.8122],[153.40301,-27.80939],[153.40479,-27.80747],[153.40514,-27.80682],[153.40524,-27.80599],[153.40507,-27.80589],[153.40363,-27.80618],[153.40298,-27.80669],[153.40207,-27.80662],[153.40169,-27.80344],[153.40094,-27.802],[153.40146,-27.80003],[153.4015,-27.79901],[153.40196,-27.79909],[153.40234,-27.79967],[153.40175,-27.80112],[153.40179,-27.80133],[153.40348,-27.80238],[153.40403,-27.80296],[153.40387,-27.80387],[153.4031,-27.80423],[153.40305,-27.8044],[153.4031,-27.80484],[153.40349,-27.80526],[153.40448,-27.80527],[153.4049,-27.80507],[153.40649,-27.80288],[153.40677,-27.80205],[153.40781,-27.80097],[153.40845,-27.79991],[153.40858,-27.79851],[153.40813,-27.79736],[153.40797,-27.79593],[153.40756,-27.79529],[153.40569,-27.7934],[153.40294,-27.79203],[153.39945,-27.79056],[153.39625,-27.79001],[153.39532,-27.79017],[153.39516,-27.79036],[153.39555,-27.79065]],[[153.39573,-27.33917],[153.39572,-27.33959],[153.3953,-27.33969],[153.39571,-27.3401],[153.39533,-27.34008],[153.39558,-27.34029],[153.39548,-27.34076],[153.39514,-27.34121],[153.39568,-27.34163],[153.39571,-27.34199],[153.39597,-27.34206],[153.39628,-27.34245],[153.39699,-27.34273],[153.39652,-27.3429],[153.39669,-27.34338],[153.39715,-27.34365],[153.39692,-27.34385],[153.39672,-27.34375],[153.3965,-27.34388],[153.39657,-27.34429],[153.3968,-27.34475],[153.39719,-27.34504],[153.39777,-27.34503],[153.39791,-27.34537],[153.39753,-27.34564],[153.39751,-27.34583],[153.39811,-27.34623],[153.39832,-27.34678],[153.39872,-27.34694],[153.40049,-27.34836],[153.40265,-27.34969],[153.40362,-27.34959],[153.40423,-27.34935],[153.40515,-27.34937],[153.40618,-27.34898],[153.4068,-27.34843],[153.40706,-27.34776],[153.40736,-27.34752],[153.40804,-27.34624],[153.40804,-27.34505],[153.40734,-27.34326],[153.40627,-27.34206],[153.40493,-27.33904],[153.40501,-27.3382],[153.4045,-27.33637],[153.40459,-27.3357],[153.4056,-27.33332],[153.40557,-27.33243],[153.40594,-27.33234],[153.40615,-27.3317],[153.40619,-27.33082],[153.40603,-27.33033],[153.40535,-27.32985],[153.40584,-27.32874],[153.4056,-27.32799],[153.40563,-27.3274],[153.40537,-27.32703],[153.4049,-27.3268],[153.40348,-27.32656],[153.40284,-27.32668],[153.40158,-27.32726],[153.40094,-27.32775],[153.40079,-27.32826],[153.39897,-27.33118],[153.3988,-27.3319],[153.39853,-27.33224],[153.39855,-27.33273],[153.39802,-27.33337],[153.39798,-27.33372],[153.39649,-27.33503],[153.39631,-27.33692],[153.39606,-27.33738],[153.39645,-27.33781],[153.39646,-27.33829],[153.39665,-27.3385],[153.39592,-27.3389],[153.39573,-27.33917]],[[153.32964,-27.56627],[153.3277,-27.57058],[153.32719,-27.57104],[153.32638,-27.57144],[153.32444,-27.57176],[153.32312,-27.57239],[153.32243,-27.57218],[153.32241,-27.57155],[153.32145,-27.57157],[153.32104,-27.57182],[153.32109,-27.57214],[153.32184,-27.57298],[153.32002,-27.57209],[153.31962,-27.57232],[153.31864,-27.57339],[153.32271,-27.57382],[153.32338,-27.57467],[153.32432,-27.57487],[153.32794,-27.57491],[153.33303,-27.57445],[153.33402,-27.57453],[153.33512,-27.57488],[153.33646,-27.57388],[153.33745,-27.57337],[153.33797,-27.57172],[153.33825,-27.57067],[153.33829,-27.56799],[153.33873,-27.56657],[153.33807,-27.56459],[153.33665,-27.56484],[153.33478,-27.56477],[153.33383,-27.56457],[153.33224,-27.56376],[153.33062,-27.56364],[153.33029,-27.56404],[153.32964,-27.56627]],[[153.36842,-27.7403],[153.36929,-27.74353],[153.36999,-27.74236],[153.37031,-27.74208],[153.37115,-27.74149],[153.37285,-27.74065],[153.37375,-27.73876],[153.37436,-27.7384],[153.37533,-27.7383],[153.3766,-27.73896],[153.37897,-27.74149],[153.37932,-27.74099],[153.37886,-27.74092],[153.37862,-27.7406],[153.37866,-27.74033],[153.37765,-27.7398],[153.37711,-27.73868],[153.37678,-27.73871],[153.37676,-27.73836],[153.37634,-27.738],[153.37646,-27.73759],[153.37627,-27.73731],[153.37542,-27.73718],[153.37545,-27.73746],[153.37527,-27.7375],[153.3749,-27.73716],[153.37436,-27.73712],[153.37334,-27.73662],[153.37264,-27.73574],[153.37202,-27.73536],[153.37133,-27.73455],[153.37092,-27.73459],[153.37105,-27.73417],[153.37016,-27.73272],[153.36878,-27.73217],[153.36632,-27.73171],[153.36558,-27.73209],[153.36553,-27.73235],[153.36582,-27.7345],[153.36583,-27.73665],[153.36768,-27.73885],[153.36738,-27.73906],[153.36842,-27.7403]],[[153.38581,-27.84428],[153.38506,-27.84429],[153.38335,-27.84532],[153.38379,-27.84661],[153.38406,-27.84666],[153.38457,-27.84623],[153.3848,-27.84564],[153.3852,-27.84558],[153.38723,-27.84695],[153.38769,-27.8478],[153.39086,-27.8497],[153.39105,-27.84947],[153.39119,-27.84872],[153.39262,-27.8465],[153.39274,-27.84526],[153.39262,-27.84506],[153.39222,-27.84528],[153.39126,-27.84637],[153.3906,-27.84654],[153.38981,-27.84626],[153.38977,-27.84532],[153.38925,-27.84383],[153.38873,-27.84384],[153.38789,-27.84354],[153.38581,-27.84428]],[[153.33939,-27.61512],[153.33656,-27.61513],[153.335,-27.61594],[153.33594,-27.61652],[153.33699,-27.6175],[153.33754,-27.61868],[153.33728,-27.61979],[153.33829,-27.61885],[153.33986,-27.61652],[153.33987,-27.61541],[153.33939,-27.61512]],[[153.37911,-27.8789],[153.3809,-27.87914],[153.38094,-27.87937],[153.38169,-27.87955],[153.38218,-27.88001],[153.38202,-27.87985],[153.38211,-27.87927],[153.38264,-27.87864],[153.38265,-27.87812],[153.38304,-27.87761],[153.38292,-27.87752],[153.3824,-27.87833],[153.38111,-27.87777],[153.37847,-27.87743],[153.37884,-27.87785],[153.37862,-27.87794],[153.37911,-27.8789]],[[153.2904,-27.57981],[153.2909,-27.57983],[153.29157,-27.57903],[153.29181,-27.57828],[153.29243,-27.57806],[153.29245,-27.5779],[153.29091,-27.57775],[153.29033,-27.57919],[153.29053,-27.57953],[153.2904,-27.57981]],[[153.42869,-27.76103],[153.42959,-27.76295],[153.42992,-27.76317],[153.43058,-27.76274],[153.43069,-27.76219],[153.43016,-27.7617],[153.42935,-27.76146],[153.42874,-27.76083],[153.42869,-27.76103]],[[153.34179,-27.47864],[153.34207,-27.47858],[153.34194,-27.47845],[153.34212,-27.47785],[153.34199,-27.47767],[153.34224,-27.47729],[153.34201,-27.47642],[153.34174,-27.47623],[153.34141,-27.47696],[153.34117,-27.47835],[153.34179,-27.47864]],[[153.42408,-27.75541],[153.42465,-27.75526],[153.42611,-27.75442],[153.42776,-27.75281],[153.42747,-27.75288],[153.42408,-27.75541]],[[153.33693,-27.48408],[153.33739,-27.48319],[153.3377,-27.48305],[153.33754,-27.48237],[153.33764,-27.4815],[153.33741,-27.48175],[153.33701,-27.48308],[153.33667,-27.48322],[153.33644,-27.48354],[153.3364,-27.48404],[153.33693,-27.48408]],[[153.23425,-27.45689],[153.23384,-27.45607],[153.23336,-27.45665],[153.23322,-27.45743],[153.23335,-27.45771],[153.2336,-27.45778],[153.23432,-27.45739],[153.23425,-27.45689]],[[153.41492,-27.89975],[153.41529,-27.89955],[153.41509,-27.89904],[153.41449,-27.89935],[153.41469,-27.89968],[153.41492,-27.89975]],[[153.33647,-27.48209],[153.33625,-27.48209],[153.33606,-27.48237],[153.33606,-27.48265],[153.33636,-27.48278],[153.33658,-27.48228],[153.33647,-27.48209]],[[153.33773,-27.48131],[153.33831,-27.48144],[153.33816,-27.48101],[153.33778,-27.48087],[153.33787,-27.48109],[153.33773,-27.48131]],[[153.33816,-27.48043],[153.33829,-27.48021],[153.33799,-27.47981],[153.33784,-27.48022],[153.33816,-27.48043]],[[153.33699,-27.48052],[153.33708,-27.48031],[153.33696,-27.48015],[153.33682,-27.48038],[153.33699,-27.48052]]]}},{"type":"Feature","properties":{"name":"Peel Island","zt":"MNP","zid":"MNP23","notake":true,"plan":"Moreton Bay MP","src":"https://parks.qld.gov.au/parks/moreton-bay/zoning/app-and-maps"},"geometry":{"type":"MultiPolygon","coordinates":[[[[153.35102,-27.47002],[153.35226,-27.47101],[153.35233,-27.4714],[153.35277,-27.47206],[153.35272,-27.47231],[153.35315,-27.47344],[153.35301,-27.47424],[153.35318,-27.47466],[153.35257,-27.47706],[153.35054,-27.48029],[153.35063,-27.4804],[153.35112,-27.48008],[153.35198,-27.48077],[153.35222,-27.48154],[153.35212,-27.48278],[153.35112,-27.48615],[153.35105,-27.48685],[153.35127,-27.48712],[153.35162,-27.4871],[153.35269,-27.48321],[153.354,-27.48209],[153.3544,-27.48025],[153.35508,-27.47887],[153.35595,-27.47815],[153.35677,-27.47817],[153.35718,-27.47789],[153.3574,-27.47748],[153.35794,-27.47715],[153.3584,-27.47716],[153.3584,-27.49206],[153.35692,-27.49226],[153.35489,-27.49294],[153.35083,-27.49362],[153.34939,-27.49348],[153.34526,-27.49353],[153.34446,-27.4939],[153.34367,-27.49463],[153.34342,-27.4954],[153.34344,-27.49697],[153.34361,-27.49735],[153.34446,-27.49825],[153.34526,-27.49956],[153.34518,-27.50121],[153.3457,-27.50206],[153.34598,-27.50315],[153.34596,-27.50363],[153.34572,-27.50416],[153.34497,-27.50448],[153.34426,-27.50542],[153.34414,-27.5058],[153.34431,-27.50712],[153.33862,-27.50712],[153.33866,-27.50701],[153.33814,-27.50664],[153.33819,-27.50607],[153.33793,-27.50573],[153.33837,-27.50521],[153.33517,-27.50364],[153.33218,-27.50359],[153.3311,-27.50377],[153.33031,-27.50362],[153.32999,-27.50374],[153.32952,-27.50357],[153.32902,-27.50372],[153.32863,-27.50355],[153.32741,-27.50355],[153.32708,-27.50367],[153.32658,-27.50349],[153.32609,-27.50363],[153.32469,-27.50335],[153.32375,-27.50257],[153.32375,-27.50169],[153.32409,-27.50065],[153.3253,-27.49844],[153.32684,-27.49667],[153.32726,-27.49654],[153.32877,-27.49525],[153.33033,-27.49426],[153.33062,-27.4939],[153.33105,-27.49375],[153.33243,-27.49237],[153.33285,-27.4918],[153.33332,-27.4907],[153.33342,-27.48976],[153.33383,-27.48898],[153.33433,-27.48862],[153.33432,-27.48802],[153.33511,-27.48746],[153.33515,-27.48588],[153.33548,-27.48539],[153.3359,-27.48526],[153.33575,-27.48588],[153.33598,-27.48598],[153.33633,-27.4853],[153.33688,-27.48485],[153.33739,-27.48472],[153.33757,-27.48441],[153.33799,-27.48467],[153.33838,-27.48467],[153.3393,-27.48369],[153.33996,-27.48325],[153.3406,-27.48219],[153.34064,-27.48179],[153.34116,-27.48108],[153.34161,-27.48112],[153.3416,-27.48076],[153.342,-27.48071],[153.34246,-27.4802],[153.34354,-27.47953],[153.34456,-27.47968],[153.34556,-27.48042],[153.34569,-27.48079],[153.34628,-27.4808],[153.34617,-27.48058],[153.34634,-27.48026],[153.34572,-27.47982],[153.34486,-27.47818],[153.34504,-27.47746],[153.34494,-27.47694],[153.34456,-27.47676],[153.34431,-27.47633],[153.34469,-27.47486],[153.34508,-27.47469],[153.34513,-27.47401],[153.34556,-27.4738],[153.34571,-27.4723],[153.34607,-27.47128],[153.34655,-27.47104],[153.34673,-27.47063],[153.34771,-27.46983],[153.34921,-27.47005],[153.35035,-27.46971],[153.35102,-27.47002]]],[[[153.3417,-27.47868],[153.34117,-27.47835],[153.34141,-27.47696],[153.34174,-27.47623],[153.34201,-27.47642],[153.34224,-27.47729],[153.34199,-27.47767],[153.34212,-27.47785],[153.34194,-27.47845],[153.34207,-27.47858],[153.3417,-27.47868]]],[[[153.33696,-27.48405],[153.3364,-27.48404],[153.33644,-27.48354],[153.33667,-27.48322],[153.33701,-27.48308],[153.33741,-27.48175],[153.33764,-27.4815],[153.33754,-27.48237],[153.3377,-27.48305],[153.33739,-27.48319],[153.33696,-27.48405]]],[[[153.33638,-27.48278],[153.33606,-27.48261],[153.33625,-27.48209],[153.33657,-27.48222],[153.33638,-27.48278]]],[[[153.3383,-27.48149],[153.33776,-27.48135],[153.33787,-27.48109],[153.33774,-27.4809],[153.33816,-27.48101],[153.3383,-27.48149]]],[[[153.33825,-27.48043],[153.33784,-27.48022],[153.33799,-27.47981],[153.33829,-27.48021],[153.33825,-27.48043]]],[[[153.33695,-27.48053],[153.33682,-27.48034],[153.33696,-27.48015],[153.33708,-27.48035],[153.33695,-27.48053]]]]}},{"type":"Feature","properties":{"name":"Cleveland Point","zt":"GUZ","zid":"GUZ09","notake":false,"plan":"Moreton Bay MP","src":"https://parks.qld.gov.au/parks/moreton-bay/zoning/app-and-maps"},"geometry":{"type":"Polygon","coordinates":[[[153.28837,-27.51412],[153.28769,-27.5144],[153.28862,-27.5121],[153.28862,-27.5107],[153.28908,-27.5107],[153.2893,-27.51173],[153.28909,-27.51223],[153.28919,-27.51223],[153.28837,-27.51412]]]}},{"type":"Feature","properties":{"name":"South Passage-Boat Rock","zt":"CPZ","zid":"CPZ07","notake":false,"plan":"Moreton Bay MP","src":"https://parks.qld.gov.au/parks/moreton-bay/zoning/app-and-maps"},"geometry":{"type":"Polygon","coordinates":[[[153.44667,-27.3725],[153.56667,-27.3725],[153.57582,-27.43851],[153.54097,-27.43851],[153.54218,-27.43674],[153.54357,-27.43719],[153.54371,-27.4371],[153.54286,-27.43618],[153.54292,-27.43599],[153.54343,-27.43598],[153.54395,-27.43647],[153.5446,-27.43675],[153.54448,-27.43652],[153.54509,-27.43696],[153.54581,-27.43706],[153.54593,-27.43701],[153.54577,-27.4369],[153.54623,-27.43692],[153.54643,-27.43651],[153.54635,-27.43568],[153.54605,-27.43579],[153.54616,-27.43558],[153.54596,-27.43536],[153.54456,-27.43483],[153.54652,-27.43517],[153.5468,-27.43477],[153.54646,-27.43417],[153.54577,-27.43382],[153.54586,-27.43371],[153.54549,-27.4336],[153.54514,-27.43305],[153.54413,-27.43234],[153.5438,-27.43156],[153.54262,-27.43078],[153.54276,-27.43066],[153.54259,-27.43019],[153.54283,-27.42927],[153.5427,-27.42856],[153.54285,-27.42756],[153.54312,-27.42655],[153.54352,-27.42655],[153.54372,-27.42627],[153.54345,-27.42573],[153.54304,-27.42551],[153.54245,-27.42556],[153.54182,-27.42517],[153.54087,-27.42501],[153.5396,-27.42526],[153.53838,-27.42514],[153.53712,-27.42456],[153.53633,-27.42441],[153.5358,-27.42401],[153.53514,-27.42388],[153.53443,-27.42419],[153.53457,-27.42496],[153.53347,-27.42595],[153.53347,-27.40849],[153.49121,-27.40849],[153.45495,-27.38413],[153.45495,-27.38898],[153.45369,-27.38849],[153.45317,-27.38853],[153.4503,-27.39023],[153.44743,-27.39133],[153.44263,-27.39194],[153.44116,-27.39234],[153.43969,-27.39327],[153.43905,-27.394],[153.43862,-27.39514],[153.43808,-27.39603],[153.4381,-27.39752],[153.43772,-27.39819],[153.43775,-27.39891],[153.43755,-27.3998],[153.4376,-27.4008],[153.43783,-27.40106],[153.43786,-27.40153],[153.4374,-27.40252],[153.43746,-27.40291],[153.43682,-27.40399],[153.43691,-27.40424],[153.4366,-27.40531],[153.43687,-27.4055],[153.437,-27.40598],[153.43772,-27.40603],[153.43824,-27.40643],[153.43911,-27.40624],[153.44089,-27.40552],[153.44111,-27.40416],[153.44131,-27.40405],[153.44262,-27.40495],[153.44267,-27.40545],[153.44077,-27.40762],[153.44054,-27.40842],[153.44085,-27.41021],[153.43395,-27.41021],[153.43031,-27.41527],[153.42929,-27.417],[153.42874,-27.41836],[153.42778,-27.41996],[153.42658,-27.42277],[153.42583,-27.42527],[153.42338,-27.42928],[153.42281,-27.43171],[153.41605,-27.41913],[153.42979,-27.3978],[153.43372,-27.38584],[153.43423,-27.38194],[153.42996,-27.3857],[153.42216,-27.38734],[153.41622,-27.38059],[153.41366,-27.34862],[153.41987,-27.34862],[153.41899,-27.35054],[153.41886,-27.35208],[153.41853,-27.35334],[153.41857,-27.35439],[153.41884,-27.3548],[153.4189,-27.3552],[153.41927,-27.35566],[153.4205,-27.3565],[153.42319,-27.35787],[153.42518,-27.35913],[153.42701,-27.36084],[153.42755,-27.36028],[153.4281,-27.35931],[153.42925,-27.35665],[153.42934,-27.35588],[153.4316,-27.34915],[153.43342,-27.34586],[153.43417,-27.34387],[153.43503,-27.34271],[153.43667,-27.34157],[153.43777,-27.34053],[153.43821,-27.3395],[153.44667,-27.3395],[153.44667,-27.3725]],[[153.54403,-27.38141],[153.54232,-27.38276],[153.54053,-27.38496],[153.53963,-27.38683],[153.53913,-27.38882],[153.53913,-27.39154],[153.53963,-27.39353],[153.54054,-27.3954],[153.54233,-27.39759],[153.54405,-27.39894],[153.54601,-27.39997],[153.54816,-27.40066],[153.55117,-27.401],[153.55346,-27.40081],[153.55565,-27.40023],[153.55768,-27.39931],[153.56003,-27.39758],[153.56142,-27.39596],[153.56246,-27.39415],[153.56309,-27.39219],[153.5633,-27.39016],[153.56308,-27.38813],[153.56245,-27.38617],[153.56141,-27.38436],[153.56001,-27.38275],[153.55829,-27.3814],[153.557,-27.38067],[153.55491,-27.37987],[153.55268,-27.37942],[153.5504,-27.37936],[153.54814,-27.37968],[153.54599,-27.38038],[153.54403,-27.38141]]]}},{"type":"Feature","properties":{"name":"Flat Rock","zt":"MNP","zid":"MNP19","notake":true,"plan":"Moreton Bay MP","src":"https://parks.qld.gov.au/parks/moreton-bay/zoning/app-and-maps"},"geometry":{"type":"Polygon","coordinates":[[[153.55194,-27.40098],[153.54966,-27.40092],[153.54671,-27.40024],[153.54468,-27.39932],[153.54287,-27.39807],[153.54136,-27.39654],[153.5402,-27.39479],[153.53942,-27.39287],[153.53906,-27.39086],[153.53913,-27.38882],[153.53963,-27.38683],[153.54053,-27.38496],[153.54232,-27.38276],[153.54403,-27.38141],[153.54599,-27.38038],[153.54814,-27.37968],[153.5504,-27.37936],[153.55268,-27.37942],[153.55562,-27.38009],[153.55766,-27.38102],[153.55947,-27.38227],[153.56098,-27.3838],[153.56214,-27.38555],[153.56292,-27.38747],[153.56328,-27.38948],[153.56321,-27.39152],[153.56246,-27.39415],[153.56142,-27.39596],[153.56003,-27.39758],[153.55831,-27.39892],[153.55635,-27.39996],[153.5542,-27.40066],[153.55194,-27.40098]]]}},{"type":"Feature","properties":{"name":"Castlereagh Point-North Reef","zt":"CPZ","zid":"CPZ05","notake":false,"plan":"Moreton Bay MP","src":"https://parks.qld.gov.au/parks/moreton-bay/zoning/app-and-maps"},"geometry":{"type":"Polygon","coordinates":[[[153.13138,-27.19272],[153.1147,-27.19272],[153.1149,-27.19173],[153.11462,-27.19136],[153.11393,-27.19118],[153.11342,-27.19059],[153.11311,-27.19072],[153.1125,-27.19056],[153.11196,-27.19126],[153.11196,-27.18314],[153.13283,-27.18383],[153.13138,-27.19272]]]}},{"type":"Feature","properties":{"name":"Redcliffe","zt":"HPZ","zid":"HPZ06","notake":false,"plan":"Moreton Bay MP","src":"https://parks.qld.gov.au/parks/moreton-bay/zoning/app-and-maps"},"geometry":{"type":"Polygon","coordinates":[[[153.1147,-27.19272],[153.13138,-27.19272],[153.12334,-27.24183],[153.11905,-27.25504],[153.11057,-27.25504],[153.11062,-27.25464],[153.10998,-27.25437],[153.10964,-27.25373],[153.10983,-27.25212],[153.11008,-27.25173],[153.11025,-27.25031],[153.1106,-27.24927],[153.1114,-27.24525],[153.11497,-27.23561],[153.11574,-27.23417],[153.11618,-27.23363],[153.11714,-27.23322],[153.11768,-27.23336],[153.1178,-27.23359],[153.11771,-27.23176],[153.11729,-27.23039],[153.117,-27.22977],[153.11586,-27.22859],[153.11546,-27.22795],[153.1151,-27.22679],[153.11541,-27.22593],[153.1151,-27.22564],[153.11524,-27.22552],[153.11529,-27.22334],[153.11596,-27.22118],[153.11583,-27.22091],[153.11608,-27.22082],[153.11666,-27.22004],[153.11691,-27.22011],[153.11666,-27.21979],[153.11656,-27.2189],[153.1163,-27.21824],[153.11658,-27.21613],[153.11754,-27.21407],[153.11887,-27.21241],[153.11943,-27.21243],[153.11854,-27.21215],[153.11776,-27.21155],[153.11689,-27.21037],[153.11637,-27.20909],[153.11624,-27.20764],[153.11635,-27.20679],[153.11665,-27.20629],[153.11702,-27.20643],[153.11651,-27.20605],[153.11641,-27.20552],[153.11686,-27.20435],[153.11704,-27.20426],[153.1158,-27.20303],[153.1155,-27.20193],[153.11551,-27.20122],[153.11585,-27.20007],[153.11683,-27.19834],[153.11575,-27.1973],[153.11577,-27.19576],[153.11511,-27.19488],[153.1147,-27.19272]]]}},{"type":"Feature","properties":{"name":"Myora Reef","zt":"MNP","zid":"MNP22","notake":true,"plan":"Moreton Bay MP","src":"https://parks.qld.gov.au/parks/moreton-bay/zoning/app-and-maps"},"geometry":{"type":"Polygon","coordinates":[[[153.41886,-27.47494],[153.4164,-27.47642],[153.41523,-27.47667],[153.41464,-27.47722],[153.41426,-27.47811],[153.41265,-27.47892],[153.41245,-27.47971],[153.41181,-27.47994],[153.41098,-27.48091],[153.4105,-27.48251],[153.41017,-27.4831],[153.40943,-27.4843],[153.40759,-27.4865],[153.40735,-27.48726],[153.39935,-27.48726],[153.39935,-27.48087],[153.40294,-27.47545],[153.40495,-27.47388],[153.4073,-27.47244],[153.40944,-27.47144],[153.41368,-27.47144],[153.41368,-27.47281],[153.40944,-27.47281],[153.40944,-27.47494],[153.41886,-27.47494]]]}},{"type":"Feature","properties":{"name":"Wynnum Creek","zt":"GUZ","zid":"GUZ07","notake":false,"plan":"Moreton Bay MP","src":"https://parks.qld.gov.au/parks/moreton-bay/zoning/app-and-maps"},"geometry":{"type":"Polygon","coordinates":[[[153.17421,-27.43568],[153.17436,-27.43599],[153.17329,-27.43653],[153.17311,-27.43691],[153.17325,-27.43758],[153.17315,-27.4378],[153.17292,-27.43792],[153.17195,-27.43786],[153.17122,-27.43903],[153.1712,-27.43932],[153.17174,-27.44059],[153.1717,-27.44094],[153.17136,-27.44102],[153.17024,-27.44083],[153.17002,-27.44029],[153.17023,-27.44038],[153.17042,-27.44086],[153.17157,-27.44093],[153.17146,-27.44012],[153.17095,-27.43917],[153.17147,-27.43837],[153.17154,-27.43781],[153.17297,-27.43757],[153.17251,-27.43683],[153.17371,-27.43606],[153.17356,-27.43606],[153.17401,-27.43568],[153.17421,-27.43568]]]}},{"type":"Feature","properties":{"name":"Cabbage Tree Point","zt":"GUZ","zid":"GUZ13","notake":false,"plan":"Moreton Bay MP","src":"https://parks.qld.gov.au/parks/moreton-bay/zoning/app-and-maps"},"geometry":{"type":"Polygon","coordinates":[[[153.35115,-27.72554],[153.35661,-27.72554],[153.36012,-27.73128],[153.36012,-27.73848],[153.354,-27.74698],[153.354,-27.75256],[153.35773,-27.75729],[153.35326,-27.75729],[153.35296,-27.75632],[153.35199,-27.75454],[153.35144,-27.75292],[153.35171,-27.75199],[153.35121,-27.7508],[153.3513,-27.74949],[153.3516,-27.7486],[153.35177,-27.74854],[153.35216,-27.74735],[153.35314,-27.74613],[153.35369,-27.74452],[153.35408,-27.74388],[153.35505,-27.74263],[153.35689,-27.7409],[153.35746,-27.73714],[153.3582,-27.73481],[153.3579,-27.73377],[153.35746,-27.7333],[153.35734,-27.73285],[153.35659,-27.7333],[153.35182,-27.72701],[153.35061,-27.72613],[153.34834,-27.72627],[153.34809,-27.72665],[153.34794,-27.72654],[153.34808,-27.72636],[153.34783,-27.72652],[153.34742,-27.72614],[153.34765,-27.72623],[153.34829,-27.72594],[153.35091,-27.72575],[153.35115,-27.72554]]]}},{"type":"Feature","properties":{"name":"Pannikin Island","zt":"MNP","zid":"MNP28","notake":true,"plan":"Moreton Bay MP","src":"https://parks.qld.gov.au/parks/moreton-bay/zoning/app-and-maps"},"geometry":{"type":"Polygon","coordinates":[[[153.32537,-27.67707],[153.32965,-27.67047],[153.32911,-27.67051],[153.32896,-27.66986],[153.32891,-27.66842],[153.32873,-27.66789],[153.32826,-27.66317],[153.32765,-27.65991],[153.3271,-27.65821],[153.32561,-27.65561],[153.32329,-27.65283],[153.3229,-27.65182],[153.32322,-27.65033],[153.32366,-27.64943],[153.3246,-27.64913],[153.325,-27.64856],[153.32507,-27.64751],[153.32576,-27.64712],[153.32609,-27.64671],[153.32634,-27.64517],[153.32628,-27.64462],[153.32694,-27.6431],[153.32728,-27.64276],[153.32736,-27.64221],[153.32753,-27.64222],[153.32746,-27.64149],[153.32763,-27.64083],[153.32792,-27.64013],[153.32836,-27.63961],[153.32823,-27.63844],[153.32835,-27.63754],[153.32857,-27.63713],[153.32869,-27.63505],[153.32943,-27.63522],[153.33062,-27.63586],[153.33094,-27.63589],[153.33099,-27.63561],[153.33139,-27.63568],[153.33234,-27.63622],[153.33374,-27.63716],[153.33403,-27.63791],[153.33553,-27.639],[153.3364,-27.64008],[153.33651,-27.64037],[153.3364,-27.64061],[153.33728,-27.64097],[153.33756,-27.64129],[153.33826,-27.64245],[153.3383,-27.64292],[153.33911,-27.6441],[153.34099,-27.6461],[153.34157,-27.64822],[153.34155,-27.64915],[153.35409,-27.64915],[153.3551,-27.64963],[153.35576,-27.65032],[153.35619,-27.65292],[153.35566,-27.65493],[153.35589,-27.65645],[153.35579,-27.65818],[153.35545,-27.65882],[153.35566,-27.65913],[153.35544,-27.66207],[153.35567,-27.66321],[153.35541,-27.66414],[153.35573,-27.66466],[153.35564,-27.66517],[153.35587,-27.66701],[153.35631,-27.6684],[153.35659,-27.6688],[153.3571,-27.67081],[153.35762,-27.67139],[153.35794,-27.67214],[153.358,-27.67406],[153.35835,-27.67505],[153.35827,-27.6755],[153.3587,-27.6763],[153.35892,-27.67738],[153.35996,-27.6793],[153.36047,-27.68161],[153.36134,-27.68307],[153.36149,-27.6837],[153.36174,-27.6836],[153.36163,-27.68491],[153.3608,-27.68604],[153.35955,-27.6867],[153.35808,-27.68702],[153.3574,-27.68692],[153.35585,-27.6872],[153.35167,-27.69167],[153.33897,-27.69509],[153.33766,-27.69504],[153.33343,-27.69417],[153.33101,-27.69414],[153.32764,-27.69482],[153.3275,-27.69476],[153.32709,-27.69366],[153.32617,-27.69265],[153.32551,-27.69239],[153.32277,-27.69198],[153.32225,-27.69177],[153.32185,-27.69136],[153.32145,-27.69042],[153.32091,-27.6872],[153.31971,-27.68351],[153.31959,-27.68233],[153.31939,-27.68186],[153.31934,-27.68071],[153.31954,-27.67991],[153.32423,-27.67726],[153.32537,-27.67707]]]}},{"type":"Feature","properties":{"name":"Amity Banks (west)","zt":"MNP","zid":"MNP21","notake":true,"plan":"Moreton Bay MP","src":"https://parks.qld.gov.au/parks/moreton-bay/zoning/app-and-maps"},"geometry":{"type":"Polygon","coordinates":[[[153.37132,-27.41302],[153.37202,-27.41238],[153.3729,-27.41195],[153.37865,-27.41025],[153.38134,-27.40925],[153.36333,-27.45685],[153.36096,-27.45459],[153.35992,-27.45425],[153.35939,-27.45448],[153.35837,-27.45578],[153.35702,-27.45636],[153.35407,-27.45827],[153.35288,-27.45846],[153.34852,-27.4585],[153.34468,-27.45885],[153.34443,-27.45901],[153.34426,-27.45941],[153.34444,-27.46013],[153.34433,-27.46041],[153.34383,-27.46057],[153.34205,-27.46038],[153.34153,-27.46005],[153.34135,-27.45923],[153.34161,-27.45869],[153.34268,-27.45761],[153.34338,-27.45608],[153.34337,-27.45415],[153.34298,-27.45378],[153.34236,-27.45366],[153.34176,-27.45388],[153.33876,-27.4555],[153.33702,-27.45557],[153.33521,-27.45505],[153.33315,-27.454],[153.32964,-27.45075],[153.32928,-27.44917],[153.32943,-27.4481],[153.32995,-27.44731],[153.33137,-27.44591],[153.33151,-27.44562],[153.33145,-27.44527],[153.33079,-27.44424],[153.33046,-27.44297],[153.32959,-27.44214],[153.3281,-27.44123],[153.32688,-27.43982],[153.32575,-27.43886],[153.32526,-27.438],[153.32513,-27.43639],[153.32466,-27.43534],[153.32495,-27.43429],[153.3251,-27.43276],[153.32508,-27.4316],[153.32475,-27.43094],[153.32507,-27.43029],[153.32578,-27.42959],[153.32666,-27.42887],[153.32816,-27.42829],[153.33491,-27.4262],[153.33691,-27.42573],[153.33997,-27.42401],[153.34159,-27.42333],[153.34331,-27.42279],[153.34562,-27.42257],[153.34953,-27.42089],[153.35041,-27.42067],[153.35072,-27.42044],[153.35059,-27.42012],[153.34843,-27.41964],[153.34802,-27.41939],[153.34801,-27.41905],[153.34852,-27.41862],[153.35012,-27.41806],[153.35289,-27.41658],[153.35753,-27.41496],[153.359,-27.41512],[153.36001,-27.41453],[153.36254,-27.41391],[153.36735,-27.41355],[153.36748,-27.41387],[153.36725,-27.41461],[153.3675,-27.4174],[153.36811,-27.41861],[153.36854,-27.41892],[153.36795,-27.41731],[153.36786,-27.41569],[153.36804,-27.41481],[153.36893,-27.41383],[153.36993,-27.41313],[153.37031,-27.41304],[153.37087,-27.41322],[153.37132,-27.41302]]]}},{"type":"Feature","properties":{"name":"Peel Island","zt":"CPZ","zid":"CPZ08","notake":false,"plan":"Moreton Bay MP","src":"https://parks.qld.gov.au/parks/moreton-bay/zoning/app-and-maps"},"geometry":{"type":"Polygon","coordinates":[[[153.34431,-27.50712],[153.34458,-27.50877],[153.34392,-27.50958],[153.3436,-27.5113],[153.34282,-27.51198],[153.34384,-27.51235],[153.34466,-27.51329],[153.34519,-27.51363],[153.34631,-27.51358],[153.3469,-27.51293],[153.34699,-27.51172],[153.34712,-27.51151],[153.34958,-27.5092],[153.35113,-27.50703],[153.35301,-27.50522],[153.35591,-27.50331],[153.36082,-27.50131],[153.36432,-27.50023],[153.36704,-27.49966],[153.36853,-27.49949],[153.36983,-27.49957],[153.37014,-27.49977],[153.37033,-27.50017],[153.37024,-27.50059],[153.37007,-27.50063],[153.37013,-27.50081],[153.37041,-27.50119],[153.37101,-27.50126],[153.37256,-27.50032],[153.37257,-27.49983],[153.37305,-27.4994],[153.37412,-27.4992],[153.37421,-27.49876],[153.37481,-27.4983],[153.3749,-27.4981],[153.37459,-27.4974],[153.37457,-27.4959],[153.37419,-27.49364],[153.37387,-27.49303],[153.37227,-27.49206],[153.37139,-27.49202],[153.37099,-27.49186],[153.37059,-27.49193],[153.36998,-27.49104],[153.36873,-27.49055],[153.36703,-27.48953],[153.36599,-27.49036],[153.36554,-27.49143],[153.36485,-27.49191],[153.36278,-27.49215],[153.36102,-27.49185],[153.35929,-27.49215],[153.3584,-27.49206],[153.3584,-27.47716],[153.35966,-27.4779],[153.36011,-27.47838],[153.36061,-27.47939],[153.36103,-27.48097],[153.36127,-27.48133],[153.36279,-27.48256],[153.36527,-27.48332],[153.37041,-27.48406],[153.37247,-27.48458],[153.37385,-27.48518],[153.37469,-27.48593],[153.37571,-27.48776],[153.37671,-27.49062],[153.37806,-27.49263],[153.37793,-27.49338],[153.37882,-27.49624],[153.3781,-27.49809],[153.37762,-27.49889],[153.37689,-27.49978],[153.3755,-27.50089],[153.3738,-27.50168],[153.37269,-27.5019],[153.36875,-27.50206],[153.36615,-27.50256],[153.35957,-27.50478],[153.35649,-27.5062],[153.35616,-27.50668],[153.35603,-27.50759],[153.35505,-27.50885],[153.35474,-27.50987],[153.35486,-27.51075],[153.35548,-27.51182],[153.35625,-27.51267],[153.35661,-27.5134],[153.35688,-27.51549],[153.35634,-27.51699],[153.35483,-27.51845],[153.35388,-27.519],[153.35311,-27.51915],[153.35151,-27.51907],[153.35013,-27.51852],[153.34952,-27.51848],[153.34818,-27.51864],[153.34703,-27.51903],[153.34515,-27.51906],[153.34282,-27.51879],[153.34035,-27.5178],[153.33984,-27.51713],[153.33932,-27.5156],[153.3391,-27.51295],[153.33878,-27.51248],[153.33888,-27.5119],[153.33867,-27.51149],[153.33894,-27.51108],[153.33832,-27.5082],[153.33867,-27.50785],[153.33858,-27.50722],[153.34431,-27.50712]]]}},{"type":"Feature","properties":{"name":"Northern Wedge","zt":"MNP","zid":"MNP03","notake":true,"plan":"Moreton Bay MP","src":"https://parks.qld.gov.au/parks/moreton-bay/zoning/app-and-maps"},"geometry":{"type":"Polygon","coordinates":[[[153.2795,-27.0355],[153.16667,-26.85733],[153.17983,-26.85733],[153.235,-26.91067],[153.33333,-26.94167],[153.33333,-27.0355],[153.2795,-27.0355]]]}}]}