{"type":"FeatureCollection","features":[{"type":"Feature","properties":{"plan":"FHA-014","name":"Kippa-Ring","mgmt":"A"},"geometry":{"type":"Polygon","coordinates":[[[153.07687500008228,-27.185277779377284],[153.05833250114517,-27.185277769484724],[153.05833249664852,-27.18083572741825],[153.0436106496129,-27.180835721122953],[153.04361020085128,-27.196111756483443],[153.03944483071552,-27.196112990353242],[153.03786433697076,-27.196917323306852],[153.03833415270014,-27.197168281821778],[153.0382614524052,-27.19759282567937],[153.0390152992178,-27.19839446246546],[153.04226662180827,-27.200691290501616],[153.04299559337312,-27.202308110561766],[153.04428234695388,-27.20340621335694],[153.0469110464088,-27.204826183512417],[153.04869066894037,-27.20649185744408],[153.050608923764,-27.20739188006201],[153.05280942541583,-27.20923816304159],[153.05411674109587,-27.20961652491345],[153.05953002669048,-27.208631768172364],[153.06122663640133,-27.19920920597104],[153.0644294684463,-27.201440959963254],[153.06780437317445,-27.203111439871957],[153.0724332404028,-27.20396831391742],[153.07458332965803,-27.203472219098526],[153.07574936724063,-27.206757268963624],[153.07687500008228,-27.206787568922007],[153.07687500008228,-27.185277779377284]]]}},{"type":"Feature","properties":{"plan":"FHA-008","name":"Maroochy","mgmt":"A"},"geometry":{"type":"Polygon","coordinates":[[[153.06561528931525,-26.59347293547035],[153.0659563014433,-26.592999151932087],[153.06572932065274,-26.5921933413924],[153.06599983582487,-26.591107687912306],[153.06679895360992,-26.59079710254706],[153.06681495974374,-26.589472524380334],[153.06611150464335,-26.58814004027351],[153.06614072001935,-26.587549864677385],[153.0640778344257,-26.587285770664664],[153.06378902524443,-26.588471971047497],[153.06142106802895,-26.59079624639247],[153.06094595799073,-26.59162200839174],[153.0591159608341,-26.592957012398983],[153.05701429377575,-26.596402935689635],[153.0562100030903,-26.5970849914219],[153.05369181862363,-26.59773549264154],[153.05275010433502,-26.59844697239255],[153.05214431111222,-26.5994631334595],[153.05131930903997,-26.59975992142584],[153.0497534724459,-26.601017421859147],[153.04953764414813,-26.602365156669226],[153.05000853636602,-26.603620133604835],[153.0540466749153,-26.605096941812963],[153.05514527233754,-26.605812392970083],[153.05608338933803,-26.608107768601133],[153.05561742090833,-26.610904394864335],[153.05276775263076,-26.61235009012696],[153.05256383855146,-26.613508744275467],[153.0507329699517,-26.613470091413944],[153.04731136522844,-26.614969268459305],[153.04580830580983,-26.616076413937673],[153.0446260048874,-26.617974987997588],[153.04429411368358,-26.621807689915165],[153.04623500444302,-26.621921985653337],[153.046007000224,-26.61842300685852],[153.0462100059881,-26.61751300716182],[153.0468069984454,-26.61682800165323],[153.05162967497063,-26.615872212974594],[153.0537034576496,-26.61513649649445],[153.0546458886979,-26.616083411562514],[153.05562918943667,-26.614683399161866],[153.0559042686682,-26.613141871242703],[153.05653481932757,-26.612190312974942],[153.05707404113525,-26.612156709806733],[153.0573449151368,-26.611641085310275],[153.05664750168194,-26.61131848320382],[153.05920293067186,-26.605381897399173],[153.05967327160533,-26.602644286447216],[153.05768486876286,-26.599499703491162],[153.05811057184656,-26.59860917231812],[153.06188045521992,-26.598391785495167],[153.06226706567372,-26.598147183388466],[153.06021873470797,-26.59784274399013],[153.06150350798168,-26.596448658121798],[153.06341252496918,-26.595228171985262],[153.0646372657983,-26.59378033094026],[153.06561528931525,-26.59347293547035]]]}},{"type":"Feature","properties":{"plan":"FHA-008","name":"Maroochy","mgmt":"B"},"geometry":{"type":"MultiPolygon","coordinates":[[[[153.09599955463682,-26.635616744858815],[153.0917251578909,-26.638142753427214],[153.090902949113,-26.638115415835646],[153.08770997004024,-26.63909282421635],[153.08803570268662,-26.63733715512749],[153.0865660090152,-26.637325910903986],[153.08522495616796,-26.636889852126895],[153.08484513289773,-26.636327884666073],[153.08476073602026,-26.63888051586498],[153.08300364330466,-26.63852340767097],[153.083055884023,-26.637017948861168],[153.0806820173624,-26.63817801314664],[153.07956010141868,-26.638093541625523],[153.07933524212888,-26.637603372439553],[153.07878439658373,-26.637384462165112],[153.07855596878403,-26.637457035655565],[153.07888195503938,-26.638264863374637],[153.0786285422745,-26.638443323042825],[153.07629310184632,-26.63820775732401],[153.0758183992009,-26.637956723266054],[153.07578389671062,-26.63754507658591],[153.0764537162671,-26.637260731639337],[153.07693249643864,-26.6365594582943],[153.07748306679127,-26.6364000822399],[153.0775954172958,-26.636816475541817],[153.07781306042557,-26.636662933389573],[153.07782441436632,-26.636403855795212],[153.07681896332565,-26.635777136247736],[153.07530975973873,-26.637139008400414],[153.07486061042994,-26.63739980549853],[153.07462713293694,-26.63721779890419],[153.07433975457718,-26.639012022828485],[153.0735286218495,-26.638861755107783],[153.07326977807895,-26.638151777224635],[153.07263040327166,-26.638225883159816],[153.0731150551169,-26.638309655008435],[153.0733168782724,-26.638863888299696],[153.07037274430786,-26.638891277152606],[153.06880155584827,-26.639520754021426],[153.068126478855,-26.641463679946657],[153.07128690876493,-26.640698848814658],[153.07391593827106,-26.640676505158385],[153.07921774930082,-26.64336757709377],[153.08161008084164,-26.643990968250336],[153.08464591417874,-26.642430498810263],[153.08776941163012,-26.64243049791094],[153.09025521600654,-26.647286941281],[153.09165173274243,-26.649007544903935],[153.09472222235377,-26.651388889427317],[153.09708333123183,-26.6513888795348],[153.09708333123183,-26.64243049791094],[153.09923440524472,-26.64243049791094],[153.09872831805853,-26.64225193302207],[153.09893794373227,-26.641949705955955],[153.09859196015202,-26.641588459081927],[153.09968079093687,-26.6400142318132],[153.0987874520804,-26.63874907185404],[153.0997017298521,-26.63940874525924],[153.10035345414974,-26.638555196906697],[153.10047856693348,-26.63718394122781],[153.09853782456207,-26.636314920039418],[153.09847383869783,-26.637263988983808],[153.0982938097127,-26.637507400388113],[153.09837196709373,-26.63640390885525],[153.0972008267579,-26.63683336930643],[153.09650701328917,-26.636672622685293],[153.09599955463682,-26.635616744858815]]],[[[153.0556580199028,-26.646965957054952],[153.05516801079625,-26.64658095638775],[153.05543760955914,-26.645193420281892],[153.05494899889834,-26.643237000928632],[153.05523387984078,-26.6429112484971],[153.05357612893636,-26.6425778023655],[153.0523908809355,-26.644788692086202],[153.0523913099122,-26.64573552261798],[153.05185527799983,-26.646853877246336],[153.05106616067587,-26.64694783211845],[153.05072606315844,-26.64750997584641],[153.05114487114008,-26.64777332252249],[153.05079215793285,-26.648016371500045],[153.05005582092053,-26.647741375905483],[153.0504753447625,-26.64841418840574],[153.04993851155416,-26.64892593232757],[153.04939709000485,-26.64898357707209],[153.04928273131418,-26.649639625310133],[153.0487621452579,-26.650110232442913],[153.0472059889663,-26.649082599623945],[153.04610850040808,-26.64973844281652],[153.04603973374788,-26.64907167735769],[153.04576570042786,-26.64894866628957],[153.04380793299083,-26.6491339446175],[153.04294369439708,-26.64993538984802],[153.04310646629153,-26.65038138793233],[153.0412969556911,-26.65070902264491],[153.04094601234976,-26.651240010259865],[153.0393287318367,-26.650420566897267],[153.03727783960176,-26.650377079280442],[153.0358266153072,-26.650766900313847],[153.03561000369984,-26.65113104750145],[153.03591897298338,-26.6514029413343],[153.0351531346106,-26.651835262528937],[153.0332057237663,-26.651823207116923],[153.03256098899953,-26.652376002392174],[153.0308546639127,-26.652622148634837],[153.0299149308305,-26.65313495555536],[153.0292900126251,-26.654288023115324],[153.02834700780932,-26.654411263510543],[153.02728103869015,-26.65496554086859],[153.02911400810615,-26.654541997956407],[153.02969698462925,-26.654146044445945],[153.03027200035365,-26.653108967846162],[153.0312630316647,-26.652686013090626],[153.03215496218286,-26.652585982398783],[153.03229141182032,-26.653341524433376],[153.0329811342731,-26.653380787934577],[153.03240104097642,-26.654005988527103],[153.0318400178037,-26.654080032409126],[153.0320780197859,-26.654764965072648],[153.03063420140836,-26.655719509988923],[153.03005900132302,-26.656710966679277],[153.0290718370967,-26.65747737702081],[153.02907662059067,-26.657890118175917],[153.02856499717802,-26.65783768859993],[153.02775582497247,-26.658540481799278],[153.02786733191294,-26.658731854832705],[153.02819436587845,-26.658292799514555],[153.0289333828705,-26.658216832882005],[153.02944569336523,-26.658466562023676],[153.02850708443555,-26.65887057795625],[153.02931499489227,-26.658645002806132],[153.02959802143266,-26.658847964503437],[153.03032802811708,-26.657901039542857],[153.03104000519318,-26.65768802882096],[153.03108603519354,-26.657228983372416],[153.03139920970693,-26.65829789687191],[153.03168986789422,-26.657995547498025],[153.03129102306343,-26.65721197359521],[153.03088200869888,-26.657169006685827],[153.0304023031249,-26.657677321492695],[153.03017100109196,-26.65754198881323],[153.0307520188917,-26.656917981621064],[153.03075041000454,-26.656456097012786],[153.03240439364902,-26.655041582144836],[153.03328595588334,-26.65466426618449],[153.03407205867973,-26.65334493196464],[153.03618937843817,-26.652592103184606],[153.03764851227015,-26.651511321332013],[153.03901878858733,-26.652463632332374],[153.04019086691608,-26.652663387946596],[153.04033129965092,-26.65223553368455],[153.04272218867925,-26.651187786628668],[153.0452860002498,-26.651266998914483],[153.0462660049733,-26.65212899999497],[153.0466999566388,-26.65423499728887],[153.04865799027516,-26.654996952388988],[153.05048797933796,-26.65510401038333],[153.0516173542586,-26.654741890267573],[153.05166041919415,-26.654491007295686],[153.05391298259917,-26.65441397586585],[153.05541697821207,-26.651036962227632],[153.0552329706262,-26.65039501445996],[153.05385000307626,-26.649291969890132],[153.05549803410815,-26.647475966184587],[153.0556580199028,-26.646965957054952]]],[[[153.04713801281014,-26.625127038124436],[153.04589261095634,-26.623970463208455],[153.0459777605663,-26.622388927149473],[153.0441579824061,-26.622228242581507],[153.04380703007155,-26.624709971230356],[153.04331002334004,-26.625851981625754],[153.04377401595923,-26.627424023541963],[153.0452070020027,-26.629395028999433],[153.0476409640604,-26.63082703028522],[153.0495469943994,-26.633704982241117],[153.04978904063285,-26.634802966325807],[153.051354020173,-26.635452998998655],[153.0506530031347,-26.63663005057827],[153.05083799278032,-26.63717803358127],[153.04986998411357,-26.6373020249104],[153.04774497515166,-26.63630003356161],[153.04548552563767,-26.63369155536293],[153.0447560027884,-26.63335599582451],[153.04317599557692,-26.63325599481028],[153.03862000401114,-26.633851005161713],[153.0388306872875,-26.634492551831784],[153.04333800844347,-26.63393802895881],[153.04515603922096,-26.634186968495776],[153.04711599740654,-26.636610999340064],[153.0485959964093,-26.637543946138106],[153.0499540347521,-26.637965969196006],[153.051507002947,-26.63760703088165],[153.05303896207954,-26.635529018691177],[153.0543815563649,-26.63513339882925],[153.05560717133505,-26.639198935224563],[153.05397597021602,-26.64027027059834],[153.05365330785503,-26.642134860177475],[153.05521163421065,-26.642462775478517],[153.05658261469705,-26.640679901897766],[153.05749194260022,-26.641085862164605],[153.05794534840027,-26.642118580649772],[153.0600890893411,-26.642412051017114],[153.0621559589315,-26.641901567944803],[153.06215540315043,-26.640666609917943],[153.06418479889044,-26.64159928691938],[153.0672934629241,-26.641659045970023],[153.067593611657,-26.63978320227482],[153.06641671116347,-26.63978998945827],[153.06504870923163,-26.639346434831964],[153.06406461529093,-26.63948065055342],[153.0619045201786,-26.638433738068404],[153.06135064391822,-26.636917053920786],[153.06008360527528,-26.63495124744404],[153.0576919770043,-26.633176913825483],[153.05679202003682,-26.632950192939017],[153.05674974560543,-26.63317750198212],[153.05600492618748,-26.63264927888311],[153.05367736561902,-26.63246386565689],[153.04987730189714,-26.62679228038152],[153.04713801281014,-26.625127038124436]]],[[[153.06372203834258,-26.572775972975943],[153.0646849046857,-26.569202772233407],[153.06329117135158,-26.566767736385223],[153.06481397178845,-26.56446999913449],[153.0649609560844,-26.562910010831704],[153.0634852342573,-26.558912215869498],[153.0597124280872,-26.56131057286803],[153.05931530365945,-26.565937658539415],[153.0596484772965,-26.567138732809553],[153.06155804466914,-26.569409130670078],[153.0607998127623,-26.572989970254074],[153.0619610731461,-26.573163955795103],[153.06218893257426,-26.571909853899818],[153.0630125793682,-26.572025735142763],[153.06308678782614,-26.572898665684026],[153.06487078915677,-26.575546299465277],[153.06487881110934,-26.576693477365183],[153.06151678467302,-26.575573025517826],[153.05784845184576,-26.57620423987684],[153.0554350168137,-26.575800649323586],[153.0540449329285,-26.574707910085106],[153.05350464002822,-26.573765761423868],[153.05410569832043,-26.571150442082438],[153.05308086419166,-26.5698930162929],[153.05417201702608,-26.568652018419165],[153.0540410280721,-26.567781015125032],[153.05377737202923,-26.567797362101818],[153.05401897489696,-26.56860603968026],[153.0526959111885,-26.569941410610856],[153.0480338949494,-26.569978303499116],[153.04806749991633,-26.56846022000642],[153.04775396027821,-26.570093840301706],[153.04618001000063,-26.5717270073387],[153.04362103318522,-26.575517021136715],[153.04016362914933,-26.578087834828757],[153.03798001226892,-26.580142958373855],[153.0353348408314,-26.581801972825765],[153.03391260618298,-26.583181910559667],[153.03315298302493,-26.58453702790445],[153.03226199139897,-26.584905996357573],[153.03085896537004,-26.584613009825496],[153.02728661178878,-26.582108102949565],[153.02655372007928,-26.582877011607735],[153.0295860469596,-26.584984017940986],[153.02967052207805,-26.585462026494266],[153.02984096878686,-26.585165970575982],[153.03165296421412,-26.585664955816],[153.03320699990422,-26.58533898664784],[153.03579699973284,-26.58274005205474],[153.03872100956812,-26.58076003808829],[153.0415399893801,-26.5780690309041],[153.04428796501873,-26.576041030012615],[153.04778297960195,-26.571079044905197],[153.04943901280137,-26.570616006466757],[153.0523199729895,-26.57076698555112],[153.05339298380034,-26.571358963388644],[153.0527359840795,-26.57282804642034],[153.05288860892335,-26.57436943764256],[153.05429842303488,-26.57592277006291],[153.05661716665008,-26.57688332424912],[153.05912496214842,-26.57661303840409],[153.0612679944236,-26.57694902332183],[153.0641029920606,-26.578407047390392],[153.06558703711323,-26.579617015056247],[153.06594799620416,-26.580510012170304],[153.06564598587465,-26.581496019868386],[153.06585200166967,-26.581908016384826],[153.0644600391007,-26.584457955912857],[153.06406398126887,-26.58716397547995],[153.06614072001935,-26.587549864677385],[153.06621009821856,-26.585995397312647],[153.06564959035745,-26.585291005118727],[153.06571004458408,-26.584253578682656],[153.06595101882556,-26.58304333582428],[153.0668352016844,-26.58147032443891],[153.06727853417817,-26.581336437869318],[153.06734402460813,-26.57914677124956],[153.06613031126597,-26.577313928637956],[153.0657961969381,-26.574935674185113],[153.06372203834258,-26.572775972975943]]]]}},{"type":"Feature","properties":{"plan":"FHA-020","name":"Currumbin Creek","mgmt":"B"},"geometry":{"type":"Polygon","coordinates":[[[153.47704264460356,-28.13446107343327],[153.47954531036896,-28.131129517826547],[153.4793661096594,-28.13091033685608],[153.478225716245,-28.13111096481272],[153.47754164872924,-28.1298080899849],[153.47555878840853,-28.134203424861663],[153.47701971998526,-28.13501886983846],[153.47704264460356,-28.13446107343327]]]}},{"type":"Feature","properties":{"plan":"FHA-016","name":"Coombabah","mgmt":"B"},"geometry":{"type":"MultiPolygon","coordinates":[[[[153.38347755304778,-27.888989962634657],[153.38374427937617,-27.887296370149393],[153.38024258462872,-27.885510191560144],[153.37948913081982,-27.886183983422164],[153.37865638738356,-27.888069807793375],[153.37745332830957,-27.88899962585005],[153.37671127070973,-27.889084122552184],[153.37554010789086,-27.88866044384238],[153.3726356331291,-27.888949668510364],[153.3719016316561,-27.88819491787915],[153.37241689912173,-27.887237905223174],[153.3665343679678,-27.891948161995998],[153.36324223144493,-27.892191715493215],[153.3590968109702,-27.891348397828253],[153.35754486170708,-27.89041817777463],[153.35632557256827,-27.890148472891667],[153.35299787685165,-27.890262968279323],[153.35192566284024,-27.889813422369528],[153.34966015009695,-27.887142233545276],[153.34592138956157,-27.888681210087753],[153.34415633964454,-27.889989396311535],[153.34629014757343,-27.89244301395185],[153.3469169138856,-27.891612967582358],[153.34877097690025,-27.89183804181014],[153.35115624966238,-27.891321382193983],[153.3521400549207,-27.891568333329857],[153.3504755204301,-27.893858252774063],[153.3514860868146,-27.893996900354576],[153.35348823579454,-27.893083356429656],[153.354921891833,-27.894107005251996],[153.35416532367185,-27.897819144955392],[153.35292287788968,-27.89990765493212],[153.3528290597145,-27.901448941832964],[153.3518735839998,-27.901773951424463],[153.35013377625387,-27.901241235312533],[153.3465980808379,-27.89615293502778],[153.34427555557352,-27.893857888548595],[153.34258217263027,-27.893218606371484],[153.3403046953066,-27.894033856195378],[153.3397775972594,-27.89521627133174],[153.34244433084234,-27.898872412049972],[153.3444220497389,-27.899182906583693],[153.34720590023323,-27.90265877460052],[153.34306085657443,-27.910081294933413],[153.3452657316293,-27.913665397257798],[153.34559262619985,-27.9134578022533],[153.34732550287083,-27.915729871054218],[153.3477546341702,-27.91690159415074],[153.34776988037686,-27.918185174024014],[153.3440931811565,-27.91818506160876],[153.34298782802693,-27.919860743196153],[153.34166885893183,-27.920981281378435],[153.34158933907793,-27.921783298577726],[153.34202637631734,-27.922448925494898],[153.34184255489117,-27.923686317087192],[153.3422018646255,-27.92444337807677],[153.34354260630732,-27.924927516409056],[153.34522202637652,-27.92419739730941],[153.34571114335574,-27.924679755883332],[153.34578663244827,-27.92543624940069],[153.34547561540842,-27.925962864511877],[153.3445456102928,-27.926304727398545],[153.3435394829619,-27.926142349407208],[153.3421995560658,-27.92536028366747],[153.34137267620918,-27.92574826378867],[153.34116343364667,-27.926825156972725],[153.34203621040388,-27.928660569846695],[153.3416466942407,-27.92957663547061],[153.3398885547142,-27.93078786578461],[153.3418522783611,-27.929920886956623],[153.34218953312154,-27.929256866228652],[153.3436613788707,-27.928961854423296],[153.3437680789349,-27.927586844074877],[153.34461942304904,-27.927726054631005],[153.34587998927122,-27.92933303251069],[153.34633939894525,-27.93137397734437],[153.3462334893852,-27.93240522094138],[153.3467204785684,-27.933758522554907],[153.34762104527613,-27.934860521213214],[153.34922000030394,-27.93536794389265],[153.34955388890194,-27.93601043215285],[153.34919113296553,-27.936582666274152],[153.34864940115006,-27.936489989338668],[153.34795421081935,-27.935800932384222],[153.34743767800762,-27.935914521255263],[153.34726793277002,-27.936773988046227],[153.34682479992568,-27.93713657760808],[153.34602484577113,-27.937105733559854],[153.34436021055637,-27.938144231987813],[153.34299945626105,-27.937511499573116],[153.34253232230992,-27.937713299346374],[153.34205394503465,-27.938285722325325],[153.34227693013736,-27.938407171270992],[153.34281654404936,-27.937693142841372],[153.3444096777655,-27.93832818831234],[153.34599548920164,-27.937403554847243],[153.34687234438434,-27.937481032340866],[153.34785038768632,-27.93602994384396],[153.34872597662365,-27.936810987953823],[153.34957795475998,-27.936720999091964],[153.34983726617804,-27.936240164868828],[153.3494013000311,-27.935116166095302],[153.34785448859486,-27.934402554951106],[153.34682510119865,-27.93320859881493],[153.34629072224016,-27.929073233660024],[153.34564219233448,-27.928016877394267],[153.34428036784584,-27.92725157591679],[153.34345249963428,-27.92747532184592],[153.342723088301,-27.928272709335356],[153.34205707827266,-27.927649488150617],[153.3417059640601,-27.926409519101323],[153.3419956024162,-27.925723843597805],[153.3423829799916,-27.92570348834264],[153.3435868457575,-27.92683446405654],[153.3442570430293,-27.926953477638172],[153.34578602090926,-27.92623009985654],[153.34615686804614,-27.92508479344581],[153.34598069895128,-27.924535341849882],[153.34528813374152,-27.92400364287119],[153.34329549868949,-27.92460935515492],[153.34239532138815,-27.924213798245546],[153.34251497079038,-27.922219619057532],[153.34221561166225,-27.920980966615733],[153.34314416886946,-27.92041917722066],[153.34410079571626,-27.91857943590968],[153.34660410899357,-27.918538621077964],[153.34817614371525,-27.919389813206717],[153.3491317858044,-27.919070817381787],[153.35006389803164,-27.917834906972825],[153.35032424367,-27.916918576048907],[153.3498883548648,-27.915794580872713],[153.3487806248271,-27.91503599103566],[153.3490144773374,-27.91439466200155],[153.35033132313322,-27.914076364949793],[153.3521097243854,-27.914950861210794],[153.35379978163576,-27.91491568063168],[153.3567126227905,-27.913767486497846],[153.35799813170956,-27.912069529602668],[153.35782749884117,-27.91041492542606],[153.35734478323627,-27.90924305394139],[153.35866495202708,-27.90675501564912],[153.3621785133289,-27.90581296321534],[153.36518426973942,-27.90589186523505],[153.3628409800283,-27.905664644325558],[153.3605045323594,-27.9060883005523],[153.3584520294387,-27.905927223879928],[153.35826324555353,-27.90373963019747],[153.35668991580815,-27.901454767641173],[153.35645136344078,-27.900130702088006],[153.35671355628676,-27.89740579495928],[153.358462848283,-27.89365752679134],[153.36045571356146,-27.893279307012335],[153.3608004533794,-27.89367267407255],[153.36055942697715,-27.894431337653973],[153.360878006416,-27.89474497621755],[153.36514718709418,-27.89550870478077],[153.36777876977555,-27.89693647565564],[153.37087673817211,-27.896466016011686],[153.372181802849,-27.896924220594137],[153.37102811835416,-27.89621233794692],[153.37510658160454,-27.894965960328676],[153.37745448933435,-27.893377667663117],[153.3783537160523,-27.89311270400601],[153.3787737183336,-27.893384158969635],[153.37852446763122,-27.89290669450624],[153.37873429025638,-27.892756303578455],[153.38069808405044,-27.892127572247574],[153.38204880191176,-27.891267835660063],[153.38347755304778,-27.888989962634657]]],[[[153.37772196569733,-27.8793194798283],[153.37747291374512,-27.882731391658506],[153.3767075771941,-27.884330427625223],[153.37581719440914,-27.884637005611403],[153.37673142721474,-27.885309793829983],[153.37939803579184,-27.88488589658493],[153.381247939442,-27.88334460338884],[153.37772196569733,-27.8793194798283]]]]}},{"type":"Feature","properties":{"plan":"FHA-017","name":"Myora - Amity Banks","mgmt":"A"},"geometry":{"type":"MultiPolygon","coordinates":[[[[153.3074894069117,-27.413916147239306],[153.30568674644735,-27.41884831442498],[153.304957792869,-27.419695101674392],[153.30522738084005,-27.423203865092987],[153.30642291078982,-27.425851989904057],[153.3135966696517,-27.433523782523036],[153.31574495666553,-27.43543329413767],[153.32004657229265,-27.437318974617437],[153.32532368883835,-27.43855942660268],[153.32810252831018,-27.441221543965458],[153.33045851464988,-27.442956798443802],[153.33148447293127,-27.445689857027574],[153.32807677622338,-27.447369002803484],[153.32816550243717,-27.449201545041504],[153.330327489723,-27.451628004055305],[153.3330006507606,-27.45385924543398],[153.33433624202507,-27.454566323003547],[153.33947001113324,-27.455965739153605],[153.34179196263005,-27.456139669835963],[153.34198493555743,-27.456852696420903],[153.34163448144727,-27.45920884553783],[153.34199420576908,-27.459460400303257],[153.34684893772942,-27.459145023350167],[153.35380764710635,-27.460052974391303],[153.36162840522786,-27.45919705362717],[153.3617800588038,-27.458778697105235],[153.36100278914853,-27.45784686366786],[153.36069078465312,-27.45684940760018],[153.36070253429568,-27.45593214587791],[153.3610160676385,-27.455553997145344],[153.36424853684161,-27.45757405162723],[153.3707166579485,-27.459618702567106],[153.3727978996045,-27.45978508254153],[153.37419882841436,-27.46051948781009],[153.37669809384306,-27.46571900725228],[153.3766242460133,-27.4660211246011],[153.37596199605036,-27.46591838964785],[153.37551750163254,-27.466198738007257],[153.37532454219502,-27.466932868982614],[153.37554416113528,-27.467387451095878],[153.37959209240228,-27.469134573027954],[153.38137954263289,-27.46914528125555],[153.38217540307357,-27.469460634826277],[153.38228337208113,-27.47067653981628],[153.3815744931694,-27.471377092804396],[153.37977051879557,-27.472054472062013],[153.37785877236558,-27.472246359507693],[153.3785261475648,-27.472564042322485],[153.38125919985328,-27.472385795793592],[153.38155629089124,-27.47271012010176],[153.38142594495253,-27.47407360653744],[153.3794382004138,-27.47518416044639],[153.3781753193366,-27.477142435100966],[153.3771450263231,-27.477747285834234],[153.3761777389127,-27.477692910125405],[153.3754213254349,-27.47699005217487],[153.37356535765628,-27.47607765488558],[153.36861227223972,-27.474905510906336],[153.37141127361247,-27.47623093263714],[153.3731248948991,-27.477976980778724],[153.37477050315738,-27.478835836930003],[153.37777947914083,-27.483768247831946],[153.37889779060174,-27.484808481052102],[153.3794928800935,-27.484783559039574],[153.3817063211909,-27.48296694379502],[153.3838186533094,-27.482384394449813],[153.38483761576447,-27.482580852250127],[153.38437153042298,-27.483334354622333],[153.38157274758532,-27.48418719251047],[153.38163231328178,-27.485404195572713],[153.38095696469327,-27.48831078643912],[153.38130370820068,-27.49084065489776],[153.38154948032536,-27.491022613827973],[153.38217260528268,-27.49081079111058],[153.38211799575004,-27.490525201502262],[153.3826458294426,-27.49037240039141],[153.38244751544164,-27.490146709228704],[153.3842088673465,-27.48898288757567],[153.3886933771987,-27.482196053031043],[153.39092425794922,-27.479734287533006],[153.39190063930414,-27.477338034948044],[153.39338180113032,-27.475907012124612],[153.39624485042066,-27.47364853028119],[153.3979251985902,-27.471769545254094],[153.39891847370973,-27.471550938051156],[153.40151204564552,-27.46948362509508],[153.40210608023256,-27.46941552033585],[153.40307746585347,-27.470357816485844],[153.4035898635825,-27.47023387821674],[153.40406751330625,-27.4692939355925],[153.40849647023708,-27.465817329232255],[153.40946379631828,-27.464534870813573],[153.41117934035537,-27.459555331839102],[153.41098961937655,-27.452276980024756],[153.41041323308536,-27.447842114548205],[153.40984055739693,-27.445073458999243],[153.40849421293876,-27.444287371491317],[153.4071496221585,-27.445333640961078],[153.4059899652658,-27.445323813169722],[153.40579476381845,-27.44325528612889],[153.40639149727087,-27.4418832912073],[153.4079227045703,-27.43984937547471],[153.4094086597829,-27.436540868592683],[153.41006221599957,-27.432634640802554],[153.409408207424,-27.433233229556407],[153.40923910340302,-27.433091748212156],[153.41244404885492,-27.424825623330513],[153.41712265488775,-27.417142232155115],[153.41697097343285,-27.41633326319635],[153.41568544742654,-27.415626945553935],[153.41660899361125,-27.414204213580483],[153.416955478114,-27.412620045205834],[153.41902139172498,-27.408726414219625],[153.4230738438839,-27.403341940205483],[153.4230518347755,-27.40134759554223],[153.4268062803867,-27.398147890439994],[153.42821923403153,-27.397471638032886],[153.42913272309784,-27.396395408548464],[153.43135911892932,-27.39043345196954],[153.40222345435006,-27.39037899891899],[153.4014989748989,-27.39115850338956],[153.40133494395366,-27.39251175823837],[153.39953385190688,-27.39644702333866],[153.3999264644359,-27.39812454314035],[153.40177264669137,-27.399855676925117],[153.4017838846197,-27.400659276031906],[153.40030593697054,-27.401316768581125],[153.39758606064936,-27.4012043758084],[153.39375848127008,-27.401593194097757],[153.38739470490282,-27.405509059022894],[153.3836357437957,-27.409240669048618],[153.3811209515718,-27.40928910023873],[153.37281998875267,-27.411966136454936],[153.37102906534028,-27.413172304485173],[153.36992844983922,-27.413116064481713],[153.36830062837248,-27.414423453006847],[153.36792930819217,-27.415155430105898],[153.36796945392825,-27.417402412318317],[153.3684824811827,-27.418934321088848],[153.36725894904237,-27.416654204254943],[153.36708242831253,-27.41503863155444],[153.36737070419576,-27.413547394623446],[153.36131104526964,-27.413764521542305],[153.35610920018053,-27.411056514473497],[153.3508892616312,-27.410292741843538],[153.34774988664913,-27.408348207930416],[153.34434971366943,-27.404422956781115],[153.34103293572252,-27.40623211035066],[153.3386207327618,-27.405930585655067],[153.33656642130438,-27.403922411217373],[153.3345794187063,-27.404582105306996],[153.33209303426725,-27.40844338677987],[153.32746429744054,-27.40789049887445],[153.32143379093782,-27.40562905916077],[153.31600633562505,-27.407438210931687],[153.31178498179258,-27.409850412993155],[153.31012659236944,-27.411659565663367],[153.30834601205993,-27.41282159496752],[153.3074894069117,-27.413916147239306]]],[[[153.43777525472535,-27.422035268039913],[153.4396727226192,-27.418529588396567],[153.44007569533824,-27.413797474500704],[153.44107303359476,-27.410993199503476],[153.4405472656449,-27.408240497927633],[153.44103041472295,-27.406968750434498],[153.4422366322159,-27.405746724658663],[153.44193245272163,-27.40497137955258],[153.4410884335855,-27.40472921550794],[153.44076540340177,-27.40539281715182],[153.43808608470613,-27.406517325840937],[153.43476346116597,-27.406519935673515],[153.43305164122137,-27.40930014301417],[153.431566407265,-27.41083138808505],[153.42829339212744,-27.416737420322537],[153.42617022137972,-27.422442460377976],[153.42471405620984,-27.424874996110884],[153.42543852756717,-27.42425334694114],[153.4229283551606,-27.42945517134567],[153.42234410429808,-27.433591882785677],[153.42249240160413,-27.43511857099172],[153.42166601277745,-27.44256463737449],[153.4217019946525,-27.445142306598463],[153.42071319995534,-27.450892901812132],[153.42014482662364,-27.457021901165866],[153.4175163996632,-27.46459254253773],[153.4156610281351,-27.46795074235877],[153.41476703187413,-27.468984528339185],[153.41588996225312,-27.468806310588576],[153.4173899280039,-27.46751796700642],[153.4178580611018,-27.467566739938945],[153.416152817,-27.470449451107086],[153.4153644632006,-27.471180286067177],[153.40904463400375,-27.472083476996634],[153.405042525893,-27.473947465828637],[153.4033410877222,-27.475597434899413],[153.40244595112085,-27.477304501926923],[153.39958474813875,-27.48070613990204],[153.39830321871966,-27.482859151953903],[153.3979425429152,-27.483761600942703],[153.4066987668358,-27.48971015492519],[153.40722750974294,-27.488858290103444],[153.40704007484067,-27.487706996006533],[153.4072831795762,-27.48692658501941],[153.40997729571677,-27.483377463624592],[153.41040215613577,-27.481945386795783],[153.4117941258993,-27.47963137901059],[153.4124882010708,-27.47950571044583],[153.41259723127837,-27.47902657863933],[153.41436894337312,-27.47801117390221],[153.41447225928846,-27.477276653520438],[153.41500438004925,-27.476837215990425],[153.4181048881312,-27.475667707024762],[153.42093201759963,-27.47353551517762],[153.42433293072133,-27.469370572219965],[153.42481396998983,-27.467950225248558],[153.4274127184234,-27.463782524969503],[153.42835586533204,-27.461670427574173],[153.43045765919476,-27.45437488701757],[153.4320084798086,-27.4511159300823],[153.43274193359446,-27.447623310393716],[153.43236454478904,-27.445043432434748],[153.43374631084475,-27.44170957726155],[153.43342006738328,-27.440032810192417],[153.4342377894436,-27.438177255202607],[153.43429740010606,-27.435909288209555],[153.43627807777216,-27.432049911500762],[153.43679174534395,-27.42943389878199],[153.4374016062003,-27.428677461921964],[153.43719016659406,-27.42700625086442],[153.4386615752726,-27.425102546172255],[153.43759477787785,-27.42388427956256],[153.43777525472535,-27.422035268039913]]]]}},{"type":"Feature","properties":{"plan":"FHA-010","name":"Peel Island","mgmt":"A"},"geometry":{"type":"MultiPolygon","coordinates":[[[[153.37384985458823,-27.48517153466413],[153.3710904881367,-27.48418934278952],[153.36527399240197,-27.483304690484648],[153.36279335193274,-27.48254662045577],[153.36103518093,-27.480958970805467],[153.3604598414497,-27.478991854915833],[153.35982652537496,-27.478028788023806],[153.3580984609763,-27.477070813093217],[153.35677011015355,-27.478154837001764],[153.35551918736178,-27.478377731272964],[153.3544709429808,-27.479026877214277],[153.35291043666848,-27.481977752496864],[153.35203193122982,-27.485919502608503],[153.35162299510625,-27.48708752859207],[153.35126920271261,-27.48710803763132],[153.35111879199974,-27.48613634624091],[153.3522341186108,-27.481975573439584],[153.35198173377114,-27.480761995895],[153.35114229218414,-27.4799458512457],[153.35283375957147,-27.477809525215072],[153.35355758431615,-27.475604202297838],[153.35255946634743,-27.47198242557429],[153.3514498720151,-27.47059793097555],[153.34913525089223,-27.470037264833717],[153.34767346316096,-27.47019231065242],[153.3460827342319,-27.471782294942766],[153.34517993900408,-27.474635439099966],[153.3448017542986,-27.477192691015595],[153.3453022396078,-27.47943355963673],[153.34393270702992,-27.479386095217762],[153.34278083466893,-27.47972175637961],[153.34156548096325,-27.48083228780545],[153.34009041114473,-27.483294323100093],[153.3385412156058,-27.484597124183473],[153.33703359392632,-27.484867265237668],[153.33599625562385,-27.4860176995827],[153.33567607629107,-27.48537844438523],[153.3352521026036,-27.487320450304054],[153.3338614332597,-27.489250638231855],[153.33344105506183,-27.49063363545936],[153.3322300450817,-27.492675493104894],[153.32678058605632,-27.49676918907212],[153.32367417122714,-27.499989759345187],[153.32315251227976,-27.50155473528803],[153.3249783707563,-27.503420829432915],[153.32966546638932,-27.503821541256293],[153.33496894296343,-27.50367455965841],[153.3361557198117,-27.504183870914122],[153.33756642515152,-27.50591535093782],[153.33858189374052,-27.509026985432136],[153.33894885310826,-27.511055180577184],[153.3383872013094,-27.513097924054986],[153.33886479437592,-27.5150239777993],[153.3397893576938,-27.517015537262168],[153.34044953921602,-27.51773451196308],[153.3452661489148,-27.519211103434593],[153.34914758059745,-27.51846862854928],[153.3518515533077,-27.519108347796934],[153.35387832662457,-27.518986304399334],[153.35634632982044,-27.51697941059625],[153.35687679223133,-27.51547976410479],[153.35660481296293,-27.513392595916557],[153.35485426731168,-27.510729965940232],[153.35473821969424,-27.509857860976577],[153.35508520691792,-27.508354297038263],[153.35602420615328,-27.507570996529406],[153.35649252361225,-27.506187081094055],[153.3595693822224,-27.50477108054608],[153.36615493500335,-27.50254695999941],[153.37413635341113,-27.501544209622804],[153.37689850596246,-27.499760924152582],[153.37810084557873,-27.498077155861314],[153.37881610518025,-27.496230201088252],[153.37793061021068,-27.493365903539],[153.3780586287039,-27.49261849587229],[153.3767092598256,-27.490608043451886],[153.37500514976898,-27.486425954919394],[153.37384985458823,-27.48517153466413]]],[[[153.3840452186131,-27.518904550629436],[153.38554188565058,-27.518132471861026],[153.3872714114476,-27.515550745795224],[153.38800454237685,-27.513058736996125],[153.38966190657288,-27.51156726624138],[153.38960209716015,-27.511052507792016],[153.3887757973663,-27.510121718467573],[153.38860887869794,-27.50843392840815],[153.3887962416544,-27.508172628589058],[153.38968447505965,-27.508285436848528],[153.39014739928416,-27.50738868326624],[153.39200499933236,-27.50264102638746],[153.39186084880032,-27.500537164983434],[153.39212558313034,-27.500131172340975],[153.39286135986504,-27.50205238323615],[153.3927772381801,-27.504031292835066],[153.39330277770216,-27.5037638686328],[153.3938717409892,-27.50257860804155],[153.3938571647775,-27.50193395781113],[153.39269340967428,-27.500321509355402],[153.39294776402926,-27.496605841611615],[153.3934382749576,-27.495507967244226],[153.39321204959754,-27.494766955555928],[153.39279579569052,-27.494874676350616],[153.39150159482392,-27.49674661518949],[153.3890649168136,-27.503668506321684],[153.38618311396067,-27.50585539853297],[153.38588147055452,-27.506763672430683],[153.38604779926766,-27.507706378671546],[153.3848301783712,-27.505851131249837],[153.38421585058222,-27.505747574316242],[153.38465928919595,-27.50469368219283],[153.38391767316318,-27.501798174571302],[153.38258252436515,-27.502581770957157],[153.3811056891774,-27.504227408892973],[153.37864875124,-27.503827524445843],[153.37756210041175,-27.504205165960787],[153.38285758740892,-27.506216349530018],[153.3843679547184,-27.506060066244192],[153.38379167814458,-27.507646626815507],[153.3841881199869,-27.509516675279432],[153.38216194292045,-27.512519144667817],[153.38162606209426,-27.51519395506196],[153.38184422862935,-27.517009906606845],[153.383279326281,-27.518517142477048],[153.3840452186131,-27.518904550629436]]]]}},{"type":"Feature","properties":{"plan":"FHA-015","name":"Moreton Banks","mgmt":"A"},"geometry":{"type":"Polygon","coordinates":[[[153.4204945342965,-27.328458584224816],[153.41583657310048,-27.320763661042804],[153.41554363782973,-27.319440617119458],[153.4140442611349,-27.317008114661483],[153.41332456517773,-27.315119057227484],[153.41166828466476,-27.31257232917845],[153.40834961094697,-27.305834717227366],[153.40598521414745,-27.30238355628508],[153.40495567836297,-27.299950398221377],[153.40548687372143,-27.294643952085885],[153.40281528290006,-27.285852467546697],[153.39757604759768,-27.272554240115664],[153.3931452776336,-27.265464491422872],[153.3889295238796,-27.25946953062417],[153.38494168261366,-27.252244047254923],[153.3778931417562,-27.237943796998874],[153.37653066975577,-27.233729391328684],[153.37649618884916,-27.223485571832203],[153.37513800661486,-27.220476388105382],[153.3744559221043,-27.21806780221792],[153.37309984068622,-27.2156611147993],[153.3717398418214,-27.212049209034525],[153.36767621378738,-27.20603406295251],[153.3656386513038,-27.20121875996877],[153.364965722791,-27.198778161813728],[153.36154093986363,-27.198787020135864],[153.36153872573277,-27.199821307937995],[153.36256519123174,-27.20330085508133],[153.365400829186,-27.20807771024897],[153.36684517996218,-27.21144689259079],[153.36841852229816,-27.21354363855875],[153.37053096863042,-27.217443997373184],[153.37177120567776,-27.22048955507948],[153.37283678808842,-27.224512419542993],[153.37344362632348,-27.232537139407828],[153.37322470165975,-27.23477708622386],[153.36924417008356,-27.239976360151115],[153.36703969702558,-27.24180267638256],[153.3668785088372,-27.243121828939383],[153.37210384961406,-27.246548412309433],[153.37478005485673,-27.249230275187085],[153.3765138011721,-27.25248362844667],[153.37893919269072,-27.255910514888285],[153.38279473828766,-27.263740716790394],[153.38376209134856,-27.266777013278226],[153.38404459628225,-27.269017156146464],[153.3832623245977,-27.27208158522657],[153.38181757991856,-27.274956171020012],[153.381884738591,-27.27630745995083],[153.38269376690494,-27.277955183414427],[153.3851527948667,-27.280214627532455],[153.3869071626366,-27.28111640742568],[153.38961555281662,-27.284249031197206],[153.3933340732101,-27.286417687855334],[153.3960832719266,-27.288552649614356],[153.3975592122889,-27.291103838300725],[153.39771999308437,-27.292533129929176],[153.39734909918275,-27.294304553341647],[153.39647397429565,-27.296325565601492],[153.3937788383239,-27.299458836884877],[153.38319284207716,-27.31037553633078],[153.38074772842606,-27.312250789171397],[153.378672683099,-27.31336663109394],[153.37749451725927,-27.31534445341252],[153.37452745417977,-27.318054903939352],[153.3741583670162,-27.319491489968943],[153.37294306637057,-27.321413413127168],[153.36948762735324,-27.324985415073435],[153.36900917363562,-27.324993138451177],[153.36913337270812,-27.323856904401232],[153.36880207325817,-27.324072185011904],[153.36786907789678,-27.327477886124075],[153.36804490255133,-27.328935215915994],[153.36498626780315,-27.332117475069843],[153.3634186343636,-27.33567368492101],[153.3626349273611,-27.338723562071046],[153.36337305042707,-27.338693552593675],[153.36352480112976,-27.339039600925165],[153.36188113630658,-27.3442651566399],[153.360964239709,-27.346022801539263],[153.35700165140622,-27.35069767358687],[153.35571825589398,-27.352895288414874],[153.35526541936474,-27.354872311236175],[153.3559158270549,-27.357136857208154],[153.35984915411632,-27.359410975564014],[153.36071653044462,-27.360511428287666],[153.36190305368416,-27.361330177373688],[153.36208731487886,-27.361928999951285],[153.36007580485568,-27.365843102205186],[153.3580489479018,-27.367509103490107],[153.3583206609709,-27.37094845003863],[153.35772794299135,-27.37308077408611],[153.35595717518459,-27.374613913129227],[153.3503184115666,-27.37812229613462],[153.3485650069706,-27.379989470365288],[153.3474385179744,-27.382058639522057],[153.3477143751195,-27.384812316862362],[153.34840558415158,-27.385521343262802],[153.35040375722872,-27.386480070925938],[153.35103912735497,-27.387542152275888],[153.35079509182117,-27.387958800985277],[153.34920816522583,-27.388363576844966],[153.34719234834938,-27.3899367105381],[153.3476105663757,-27.39078375409432],[153.34788966377812,-27.394909839144997],[153.35018197272097,-27.397954309570903],[153.35023949066112,-27.39844197144704],[153.34975469672304,-27.39911461487474],[153.35065554132132,-27.399822539605662],[153.35128059262638,-27.40229207164888],[153.35075992832913,-27.40390308029],[153.35151703338556,-27.40484394561867],[153.35640039796112,-27.40697753950884],[153.36025932590826,-27.406690071216836],[153.36320228715692,-27.40561383183994],[153.37087013984626,-27.40106761050898],[153.37311109120503,-27.400755050232494],[153.37502238257798,-27.399760614987535],[153.37644927301665,-27.399580219978336],[153.37635896039887,-27.399964426544194],[153.37500706082835,-27.400233509096296],[153.37430888384904,-27.40147089349405],[153.37189695518146,-27.403585893900953],[153.37208166693654,-27.405354854969616],[153.3725993589744,-27.405714705196523],[153.37342619926085,-27.403571358158754],[153.37640936380228,-27.403216072890558],[153.3787057934387,-27.401716116132945],[153.38066654122906,-27.398258314596724],[153.38250719715052,-27.396302205509578],[153.38420583483253,-27.391612640338415],[153.38600513902713,-27.39211130541969],[153.38913066175178,-27.39450188328256],[153.39058390592368,-27.394562482299957],[153.39074067574268,-27.39375116431203],[153.39170196917166,-27.39337566588158],[153.39061307633358,-27.392929510415847],[153.38991421676883,-27.39048876746999],[153.38874028044074,-27.389236766390983],[153.38956546867257,-27.387267561376216],[153.3897289968968,-27.38474847848691],[153.38947477384284,-27.38264273300321],[153.3899077560393,-27.381755283806775],[153.38962184627235,-27.380336816418442],[153.39024663767327,-27.37872039745592],[153.39383114469274,-27.374389256186877],[153.39382779561743,-27.37390894446988],[153.42913819187515,-27.373804842547102],[153.4291033080724,-27.364760323857656],[153.42837592201238,-27.364079675564398],[153.4276173042963,-27.361675372248513],[153.4238133725902,-27.358187518067474],[153.42007311378427,-27.356437921201074],[153.41888259215898,-27.355003591570522],[153.4184480910077,-27.353295564067096],[153.41896027289943,-27.35218103155742],[153.41934786001684,-27.349512621638297],[153.42012653531253,-27.34781222758038],[153.42248196227388,-27.34437206984337],[153.42397747188397,-27.339561543158975],[153.42323531176135,-27.33486959208638],[153.42245211467446,-27.33235908962872],[153.4204945342965,-27.328458584224816]]]}},{"type":"Feature","properties":{"plan":"FHA-012","name":"Hay's Inlet","mgmt":"A"},"geometry":{"type":"Polygon","coordinates":[[[153.04506366715566,-27.22763097881706],[153.04488411481123,-27.22711210507006],[153.04520360975994,-27.225635274378867],[153.04400092300534,-27.225225372383484],[153.04387034504157,-27.224451101067952],[153.04322438000224,-27.224032901028057],[153.04248466513627,-27.22256300680783],[153.0421806268356,-27.22252611841616],[153.04289145008147,-27.223999833855746],[153.04363287186072,-27.224687188393503],[153.0435563629369,-27.225284501009423],[153.04506682557462,-27.225791028863345],[153.04467213920896,-27.22703803960431],[153.04488463012274,-27.227765655890735],[153.04615458077046,-27.228478900111558],[153.04951942658136,-27.22804974722846],[153.05053688626947,-27.22892312563214],[153.05131146155588,-27.22892472013012],[153.05232165741972,-27.22830288030412],[153.05278278120147,-27.227570011976884],[153.05274565538878,-27.225145049434975],[153.0531471891926,-27.22412592150456],[153.05654765625047,-27.223833530323677],[153.05830273718266,-27.224499113174055],[153.05849923904975,-27.225498340006883],[153.05799339737848,-27.226379430097086],[153.05691463540325,-27.226979419095393],[153.05495513317396,-27.226950517582775],[153.05280596662317,-27.228944769615854],[153.05255418972524,-27.229804180648816],[153.0531502891556,-27.231025299908037],[153.05421290740094,-27.23181787692385],[153.05377380621735,-27.232033222285718],[153.0540611971677,-27.232478572858195],[153.05441437712295,-27.236379778833992],[153.05586903592837,-27.237619377362634],[153.0577380357829,-27.242511786419946],[153.0606217011317,-27.246172351802684],[153.06021554121537,-27.24921816401706],[153.06045149993793,-27.250702760354073],[153.06086137225566,-27.250420450573337],[153.0605533121867,-27.24957020543064],[153.06072351427986,-27.249166658944148],[153.06153558859762,-27.250323188894054],[153.0621189167557,-27.250419899288918],[153.06206122794447,-27.251330360337843],[153.06252198480286,-27.251194922437676],[153.06251476684417,-27.25058633861862],[153.0629548500874,-27.250377132029016],[153.06329916272728,-27.251117721035964],[153.06227462807271,-27.253229787854345],[153.06134951796696,-27.254166058546698],[153.06086727090894,-27.25420365290616],[153.06141700579133,-27.25234864650281],[153.0599146937093,-27.25283816368027],[153.05921325129168,-27.25221236683722],[153.05917671993086,-27.25154319209465],[153.05882897997458,-27.251275664470334],[153.05856870178525,-27.251843727535984],[153.0576357621818,-27.251876911620123],[153.05665543819907,-27.251465089572225],[153.055784798231,-27.250303714974496],[153.0540386808416,-27.250700816019815],[153.05335582830992,-27.25046612264342],[153.05310822336696,-27.25001390214986],[153.0539170358437,-27.249346844411377],[153.05371022055135,-27.248619518605913],[153.05414236997558,-27.247833982382453],[153.05279608757053,-27.246821432093487],[153.0525573571374,-27.2462878661222],[153.05198599266055,-27.24621152087508],[153.05186987669458,-27.247546850436866],[153.0511250797598,-27.249011551971595],[153.05069376580582,-27.250947490164517],[153.05008935933756,-27.251154927787663],[153.04772899959482,-27.250303268011386],[153.04748857933555,-27.25314610413936],[153.04842176265538,-27.253640903035183],[153.0487914145932,-27.25455158711595],[153.04872266232212,-27.25495641513636],[153.0472427910231,-27.255704596220028],[153.04771289903215,-27.257417119434383],[153.04863878255492,-27.257546989631706],[153.04916665581766,-27.258041507039763],[153.04970715196464,-27.25777514943344],[153.05162593738828,-27.2587932710225],[153.05277469090038,-27.260220839549927],[153.05253834097277,-27.261235021209075],[153.05156203426156,-27.262461102028038],[153.05094112613324,-27.264092689855485],[153.05009168408503,-27.264869838102296],[153.05064553786247,-27.265080436842403],[153.0514937856109,-27.264242401795112],[153.05213515511446,-27.26416280100221],[153.05147883258314,-27.266004010006736],[153.051872580956,-27.26739703827234],[153.05026227198744,-27.268385186356948],[153.04991554556716,-27.268340124027166],[153.04995855744255,-27.26760427534667],[153.0492362012908,-27.26750771603792],[153.04877409365065,-27.267901605604248],[153.04905603111206,-27.26841787851195],[153.048354997886,-27.268508824252518],[153.04829727939705,-27.268889541448832],[153.0496128949203,-27.269425353926597],[153.05102796916663,-27.269392153654582],[153.05140343971811,-27.269812584013163],[153.05095805856865,-27.2701345386077],[153.05198189714793,-27.270133971135465],[153.05224717376916,-27.27060663681646],[153.0528406957427,-27.270446986468862],[153.05301271536564,-27.26991414894843],[153.0536529876964,-27.269569142931253],[153.0555903171405,-27.270459070659225],[153.0564955998932,-27.270365355906055],[153.056696398721,-27.271500981114997],[153.05732370192845,-27.272089927337866],[153.0572080679991,-27.272983871438107],[153.0567226481328,-27.27369721098705],[153.05478958687104,-27.274669512117814],[153.0535999456821,-27.274829498811837],[153.0523972139614,-27.274516157024586],[153.05095840930426,-27.275214232380478],[153.05014605170004,-27.27525337717112],[153.05016071424666,-27.274540990004233],[153.04633691921458,-27.27695747463723],[153.04371215968956,-27.27701359233291],[153.03934257510093,-27.27819101982916],[153.0388434972308,-27.27806088163387],[153.03885166397424,-27.27773821297764],[153.03995918357055,-27.27668939482918],[153.03862114255287,-27.277298241250307],[153.03694342130302,-27.276850260160863],[153.0360063906835,-27.276096944847612],[153.03563682058393,-27.276856674125707],[153.0339816426398,-27.277138776163078],[153.03254491002076,-27.27805724657414],[153.029629655985,-27.281748375416623],[153.02836406255255,-27.286306321209086],[153.02684616971612,-27.288355341954734],[153.02502926399052,-27.28961990746203],[153.0254355453153,-27.29158653951639],[153.02613525114202,-27.290904052109575],[153.02777872980562,-27.292700170905366],[153.02701912013742,-27.29444286097838],[153.02709603285678,-27.294897951208654],[153.0299735684266,-27.297018453667818],[153.02907490018765,-27.29680459128798],[153.02899046284074,-27.297773636872922],[153.0315816218955,-27.29874941478274],[153.03454850960713,-27.298553848210613],[153.03586030570966,-27.29727657438348],[153.03657705009198,-27.292574335066686],[153.03616858881048,-27.290779987035997],[153.03532360020517,-27.28912139526544],[153.03536645919587,-27.286737687323722],[153.03641770461456,-27.282589875551693],[153.0377512193444,-27.280864703372764],[153.03956317789948,-27.279879287428603],[153.04248226214781,-27.279121055521728],[153.0524298026944,-27.27811589136475],[153.05563977805446,-27.27824885433064],[153.0624501370653,-27.27959590925325],[153.0656440388425,-27.279663602122973],[153.07850659870167,-27.26293359953573],[153.07733520026045,-27.262495299648133],[153.07707129960193,-27.260939698238307],[153.07660669994038,-27.260700900356102],[153.0768760999532,-27.260372399596367],[153.07622389991423,-27.25769249903944],[153.07189129904532,-27.253334798991702],[153.07131109872932,-27.250953899632776],[153.07118708581652,-27.251249796371006],[153.0706447136837,-27.25074229994718],[153.07029305538128,-27.24940152409107],[153.06920579121538,-27.24798466109328],[153.06880765505036,-27.246192677380243],[153.0695191330027,-27.24369052602708],[153.06913767026845,-27.24245856633993],[153.07033649083746,-27.240698097569343],[153.07150403388516,-27.23642901941398],[153.07203565372356,-27.235873086404112],[153.07122421162921,-27.235248333673944],[153.06997770001203,-27.235159269315144],[153.06923194979584,-27.234115681623738],[153.06929963906828,-27.233441411322378],[153.07029540171254,-27.232257894516568],[153.07009069802848,-27.23161889652522],[153.06781004339996,-27.231119229599148],[153.0675876293667,-27.23128741990888],[153.06784057628272,-27.231558665330507],[153.06686803683158,-27.231955408445675],[153.06517927370567,-27.231880813279247],[153.06351838236856,-27.2325777168185],[153.06310411596337,-27.233343310575634],[153.0612537050955,-27.233631103522914],[153.06090863162922,-27.233538513821685],[153.06060927429974,-27.232689855982382],[153.0614991561623,-27.231996677435063],[153.06045093516366,-27.231928309174457],[153.0605738320179,-27.23144828524056],[153.0582726449677,-27.23210307083041],[153.05746350513778,-27.2319125233746],[153.05718492034896,-27.231304020494527],[153.05763923356494,-27.2304976514758],[153.05764573656268,-27.22968532085126],[153.06022238775415,-27.227786458109005],[153.0616806888139,-27.2252380995891],[153.06170310171785,-27.22452247126554],[153.06106174120748,-27.22299465351096],[153.05976472816076,-27.221910767198672],[153.05552872976818,-27.222212574281407],[153.05129252363224,-27.223446085299127],[153.051059590229,-27.224439210231836],[153.05178756264706,-27.225147947050583],[153.05159909981978,-27.22580122807471],[153.05204432538642,-27.2273361145005],[153.0514602220128,-27.22833792148829],[153.05087564829364,-27.22835989912045],[153.04934355606144,-27.227391242941923],[153.04781381105965,-27.227985702008954],[153.04652293768459,-27.22789084151954],[153.04797374559303,-27.227682211395365],[153.04868742778365,-27.227260239598845],[153.04894788583738,-27.226660840555812],[153.0482896558441,-27.226133903487316],[153.0465685126279,-27.22719069412566],[153.0459227724191,-27.228022038216935],[153.04506366715566,-27.22763097881706]]]}},{"type":"Feature","properties":{"plan":"FHA-022","name":"Pimpama","mgmt":"B"},"geometry":{"type":"Polygon","coordinates":[[[153.38305234189318,-27.788559786524797],[153.3822463164155,-27.787519133321247],[153.3807951442816,-27.795598550852155],[153.3793121874087,-27.799643211284806],[153.3780823420276,-27.799002355294117],[153.3771010269919,-27.799164205383413],[153.37662402478009,-27.799441291002424],[153.37612392797803,-27.800380266855456],[153.3756321301198,-27.80248162904352],[153.37474404330408,-27.802146716117637],[153.37355493001712,-27.799935472963355],[153.37178162522298,-27.799074855939505],[153.37103865301253,-27.799114486364125],[153.36981045429013,-27.800028368434113],[153.3687489997676,-27.800134001902308],[153.36899445173367,-27.799427897399184],[153.37107835808092,-27.79807548701377],[153.37096986836582,-27.797593882971025],[153.36805649840983,-27.796501039411137],[153.36513533402956,-27.796214363421864],[153.358159116651,-27.79722825459995],[153.35806009319992,-27.797779529121623],[153.35656949838483,-27.797675810310093],[153.35132038582833,-27.799387185989513],[153.34974874500972,-27.800326108782507],[153.349783487619,-27.800782933804957],[153.35078555181292,-27.801884353299894],[153.34724272837036,-27.803438618317166],[153.34367890665737,-27.804244597929426],[153.3417016194353,-27.80508602252148],[153.34052411279868,-27.80400024313628],[153.34003979460192,-27.803010502352407],[153.33853347424156,-27.804647867424702],[153.34009081763827,-27.805043830827675],[153.3440153673165,-27.80703825283263],[153.34528315779266,-27.80533070107053],[153.34608294017664,-27.805143996417822],[153.34655599976077,-27.80393328321402],[153.3496729582415,-27.802897541208118],[153.35119988656663,-27.80291783620877],[153.35333677377423,-27.80398065500277],[153.35363907368549,-27.805322662030775],[153.35486851527094,-27.804775774401996],[153.35472647005167,-27.803492610914837],[153.35447944697,-27.802750988586837],[153.3532436858486,-27.802270844143763],[153.35299260142858,-27.80170346816015],[153.3560339062409,-27.80138640677688],[153.35707755328758,-27.80083122739882],[153.3603468389366,-27.80068262612191],[153.3611063946455,-27.800894490208197],[153.36105383286917,-27.801564171269092],[153.35819645920037,-27.804085909856393],[153.35807550578113,-27.804544991277858],[153.36002674144208,-27.803944184795867],[153.36145107510822,-27.802512964121593],[153.36272893169598,-27.802184280799498],[153.3640958301596,-27.801361560307388],[153.36751843942557,-27.802624278607176],[153.36876734413875,-27.803539827120865],[153.3688742519463,-27.80495153340609],[153.36771114885153,-27.80782744929683],[153.36801703256117,-27.808889716806483],[153.36666553408827,-27.811618438859274],[153.36700586992606,-27.812264984860548],[153.366572492028,-27.81298007718819],[153.3666393827025,-27.81400248314747],[153.36592227319545,-27.81482294184465],[153.3645913233321,-27.81561570591943],[153.36452929709048,-27.816362999372245],[153.36517846641425,-27.81707818163209],[153.3651328528,-27.816106438080972],[153.36726352479297,-27.813993489926983],[153.36768157824338,-27.81229267948296],[153.36738248891186,-27.81173784904192],[153.3683264398145,-27.81146302701653],[153.3697602982004,-27.812151104609228],[153.3710235057314,-27.81663068347859],[153.37311235834977,-27.81939117498201],[153.37486614156035,-27.820294752619986],[153.37683666498128,-27.82046022877579],[153.37744530995428,-27.821450643151906],[153.37691910583317,-27.82221619014429],[153.37331323272065,-27.82283432746147],[153.37248478714434,-27.823387055287583],[153.3702559550494,-27.8230912754612],[153.3686040263559,-27.82416927840868],[153.36766128863871,-27.82396308994382],[153.3672500934182,-27.823295159862933],[153.36643158714912,-27.823552361471503],[153.36545236393658,-27.82413781292891],[153.36527070358125,-27.82470278322605],[153.3662062512186,-27.826899386316754],[153.36566729830827,-27.828631982399155],[153.36301533878805,-27.830318366818265],[153.35992022573896,-27.831084860796775],[153.3593649123619,-27.83156187739775],[153.36319070298964,-27.830538480385638],[153.3656981648396,-27.82913630421615],[153.36669932341613,-27.826903850551375],[153.3658072121343,-27.82474878444802],[153.36681839815174,-27.824065953500153],[153.3672104548997,-27.824088990533692],[153.3680305187945,-27.825226209341224],[153.37074091176476,-27.824767321274035],[153.37068369869485,-27.82504767143208],[153.37157081784005,-27.82501247466515],[153.3728651706922,-27.82591708652347],[153.37307213257395,-27.826916186551884],[153.37369310185625,-27.827253818128366],[153.37418007215376,-27.82830940097717],[153.37546677087596,-27.828307635608006],[153.37589712525323,-27.826828098856797],[153.37729222375822,-27.825926280292776],[153.37723131537405,-27.823300480252158],[153.37753675122121,-27.82263117960446],[153.37872685466175,-27.822146870400978],[153.37904975624235,-27.821540793891778],[153.38000859362285,-27.821313827490396],[153.3804208221643,-27.821516510397846],[153.38041869077108,-27.820341471500956],[153.37578477924535,-27.81920805322837],[153.37416978930548,-27.818302416142867],[153.37200230536325,-27.815606863785046],[153.37112349595373,-27.813129951905147],[153.37220887244268,-27.808248599113018],[153.37106792144857,-27.804391789968694],[153.36983972092753,-27.80211000399309],[153.36875815936276,-27.800839473282686],[153.3709459733791,-27.799374102652372],[153.37175945063927,-27.799290820934264],[153.37348314882934,-27.80015092534458],[153.37462187130348,-27.802252764173303],[153.37553868965995,-27.802644373958266],[153.37609301468206,-27.802141637646045],[153.3762886963674,-27.80036770602444],[153.37689498331792,-27.799389271517303],[153.3783759589844,-27.799275057617457],[153.37969973495592,-27.8009119253647],[153.38012870437728,-27.799314617894975],[153.3809968990887,-27.799989255119634],[153.38305234189318,-27.788559786524797]]]}},{"type":"Feature","properties":{"plan":"FHA-023","name":"Coomera","mgmt":"B"},"geometry":{"type":"Polygon","coordinates":[[[153.3832876683923,-27.838781174330666],[153.3827389002812,-27.838333332636118],[153.38186957692062,-27.83833332903885],[153.38125375265975,-27.836665376225106],[153.3808896963036,-27.834797975365237],[153.38144255992734,-27.832801437255544],[153.3798561279591,-27.832795060162926],[153.37801658359956,-27.833671099660503],[153.3774917122738,-27.834107898579663],[153.37682040793663,-27.83560299809885],[153.3770008766902,-27.837528601282845],[153.37510739998766,-27.83790874561107],[153.37580057223977,-27.841162017931644],[153.37805930499405,-27.84033728925337],[153.37858038477805,-27.840708754224522],[153.37825013663564,-27.84192363039011],[153.37795087643292,-27.842239913859803],[153.3757838691314,-27.84251455961809],[153.37479829760446,-27.84396768328077],[153.37449344991387,-27.846301965382196],[153.3739258940659,-27.846141374343713],[153.37289383298514,-27.847507370787298],[153.37423524196402,-27.849139825561245],[153.37498343833613,-27.8488007253919],[153.37687732333097,-27.849117337114162],[153.37653671769647,-27.85004735032368],[153.37564402815053,-27.850560634784188],[153.37433341105918,-27.850665806900167],[153.37134592977202,-27.849826110805072],[153.36902403133513,-27.849577947383086],[153.36681034382343,-27.850388847186252],[153.3688069961471,-27.852030691781668],[153.37092760922292,-27.85322783781311],[153.37645395758523,-27.853527097116473],[153.37741632930124,-27.853778241791073],[153.37726330785654,-27.85428456819692],[153.37904497994305,-27.854816361604417],[153.37984156523714,-27.85437172599299],[153.37988972573135,-27.855279430619834],[153.38198673789873,-27.858211866203217],[153.38241036174998,-27.860305204639978],[153.3828595488302,-27.860840990138108],[153.3828112111696,-27.861435672236972],[153.38226015068653,-27.861358196542053],[153.3820237683833,-27.862721056150292],[153.3822388853174,-27.86741133808115],[153.3811198418084,-27.87073416666677],[153.38123989320763,-27.872997976094027],[153.38398497212984,-27.874942827467752],[153.3859695195788,-27.875755799308926],[153.38903401071218,-27.876207678959442],[153.39168935168334,-27.875936045929997],[153.39447244584778,-27.87488928722906],[153.3955491519729,-27.87415165519299],[153.39635816859573,-27.873277202998832],[153.3970541611218,-27.871230865830128],[153.39836286535512,-27.869916215279478],[153.39897557616302,-27.868042389662897],[153.40172656093318,-27.86691160460525],[153.39496537865045,-27.867673173896236],[153.39128496073351,-27.870812721548216],[153.3912422582248,-27.85772910653161],[153.3902534167629,-27.855982907303947],[153.3920658879315,-27.854087969203057],[153.3927346543819,-27.850447698820965],[153.39269682080283,-27.845522817942467],[153.39302767598758,-27.844890368814273],[153.39367843081607,-27.839457719916744],[153.39327014400305,-27.8390375521602],[153.39257944218866,-27.83908066565912],[153.39007852830252,-27.84023258658348],[153.38866974931057,-27.84020991647334],[153.38599687066016,-27.840781039032617],[153.3847662329764,-27.839912981018156],[153.38498660285063,-27.839254687173003],[153.3843334414363,-27.838913234377145],[153.38419424167205,-27.838260072063584],[153.38366421723094,-27.838030454460807],[153.3832876683923,-27.838781174330666]]]}},{"type":"Feature","properties":{"plan":"FHA-019","name":"Tallebudgera Creek","mgmt":"B"},"geometry":{"type":"Polygon","coordinates":[[[153.44969131680193,-28.10230922300629],[153.4485618933179,-28.102357930288317],[153.44701770610334,-28.10320593342113],[153.44537202320146,-28.105245708236872],[153.44572383888521,-28.10596461458927],[153.44549854882007,-28.106495700230376],[153.44636330002743,-28.106711922431252],[153.4468660201518,-28.10782022713571],[153.44789306121697,-28.10791578819701],[153.44877550029025,-28.107185013491563],[153.44880128565194,-28.108076265920925],[153.44825929393244,-28.109177983990744],[153.44782283225902,-28.10962501000012],[153.44540189238455,-28.110178111944204],[153.4428056323752,-28.11156260834158],[153.44204319883568,-28.11282746343056],[153.44213847930848,-28.113815173545262],[153.44323680603486,-28.114079110176636],[153.44606990430373,-28.11258976811718],[153.44646120022537,-28.11218205057504],[153.4449838767057,-28.111954338635734],[153.44581110100262,-28.110789900047774],[153.44681787494608,-28.110338604956535],[153.4472790661771,-28.110867789430852],[153.44779477431052,-28.110842479810497],[153.45011106907168,-28.108891366457335],[153.45025654070787,-28.107368804340794],[153.44870200679327,-28.106123049952767],[153.44861621416806,-28.104714072210676],[153.44941763601628,-28.103060088566295],[153.44977755099433,-28.106353074049093],[153.45010723795986,-28.106717503623884],[153.4502223502824,-28.105198495628063],[153.4508050300293,-28.10356103612697],[153.44969131680193,-28.10230922300629]]]}},{"type":"Feature","properties":{"plan":"FHA-051","name":"Noosa River (Rev.2)","mgmt":"B"},"geometry":{"type":"MultiPolygon","coordinates":[[[[153.0320109744281,-26.392175246537136],[153.03072863471982,-26.392946989858437],[153.03035245909984,-26.394389839666097],[153.03285963496535,-26.395764181818194],[153.03249266030912,-26.397585753226572],[153.0309816427897,-26.397439608897475],[153.03177118279496,-26.3981118845025],[153.03371887332844,-26.39841003943836],[153.03451806036128,-26.39767365296336],[153.03478177935676,-26.398769821316804],[153.03629290839217,-26.400555245374857],[153.03612290504918,-26.400785568046114],[153.03641246696293,-26.400658410204016],[153.03952580477323,-26.402466949536667],[153.0392046280922,-26.40425929657578],[153.0440568689305,-26.404787052027338],[153.0436554367501,-26.401367353866863],[153.04248972742016,-26.398627441549806],[153.04194334610963,-26.398542473602895],[153.0418095557675,-26.396810739970334],[153.04219947212903,-26.395609639619856],[153.0394113192781,-26.39395769563784],[153.03877252813083,-26.393158733435534],[153.03601495942394,-26.393698823088954],[153.03394504562846,-26.392347640278096],[153.0320109744281,-26.392175246537136]]],[[[153.07245485830617,-26.410982922270406],[153.07318544505335,-26.4104687636689],[153.0714167582779,-26.40985246546529],[153.07128795737447,-26.41070696619992],[153.07245485830617,-26.410982922270406]]],[[[153.02862461503514,-26.324851173490952],[153.02424828912842,-26.324174324833333],[153.02422477905145,-26.32430926001244],[153.0265365160485,-26.324797237550555],[153.02862461503514,-26.324851173490952]]]]}},{"type":"Feature","properties":{"plan":"FHA-051","name":"Noosa River (Rev.2)","mgmt":"A"},"geometry":{"type":"MultiPolygon","coordinates":[[[[153.0375549306167,-26.211670505639656],[153.03682573781873,-26.21066814466951],[153.03585307426113,-26.206731491915278],[153.03410997589583,-26.204525490009868],[153.03129474715604,-26.202972623438352],[153.03085527365306,-26.202213935575223],[153.03073652267346,-26.192320462270256],[153.02982504359204,-26.192320653825863],[153.02963785600343,-26.193348371181113],[153.03016750542713,-26.194491735955562],[153.03056208207556,-26.198998130809688],[153.0303202130085,-26.199161301103796],[153.03025078174926,-26.201885271138913],[153.03117428656526,-26.203819367520296],[153.03397424841398,-26.205516396315126],[153.0354584076805,-26.207279812164025],[153.03589824181154,-26.2085387677004],[153.03594027522468,-26.210062998059303],[153.03717541761262,-26.211869213543732],[153.03681800274978,-26.212271006352193],[153.03614376392466,-26.211782983848003],[153.03551284364391,-26.212078317610597],[153.0351780916967,-26.212669686607068],[153.03544079715618,-26.21338192268792],[153.03423882536265,-26.214015615578525],[153.03362894382178,-26.21560517269087],[153.03373003391505,-26.216835625114282],[153.0348324723418,-26.21885153102358],[153.0350398173348,-26.22012712761503],[153.0331944093956,-26.217781836013177],[153.03124119072947,-26.211161060384967],[153.02918922830133,-26.20824070539468],[153.02488099995935,-26.199615385891935],[153.02299759656296,-26.19801074355163],[153.02069345883717,-26.198673121218185],[153.0200357045852,-26.199072162101228],[153.02007196525017,-26.199395165305248],[153.01857021524438,-26.200154596907705],[153.01908881559746,-26.201118849106155],[153.01920630033158,-26.202182929649037],[153.02054523887284,-26.203781798341844],[153.02117471664099,-26.20535363251462],[153.02325897102583,-26.207505130108125],[153.02345713933664,-26.208218019096748],[153.02461094524006,-26.209322666258426],[153.0247790761946,-26.20992314448791],[153.02551483044624,-26.21023579739449],[153.02751817462524,-26.21249240055415],[153.0274959856523,-26.212880053322124],[153.02864916113106,-26.214288446504927],[153.02868643623117,-26.21515392886103],[153.02914273065358,-26.215459186642427],[153.0299899711614,-26.21712421755885],[153.0321857351846,-26.21928279641411],[153.03432083903658,-26.22052213234074],[153.0345574317812,-26.221145972258977],[153.03569856443835,-26.225938659991208],[153.03533129480456,-26.226263737931237],[153.03115128460524,-26.227137699095586],[153.0298967717198,-26.22798061026696],[153.02910703296436,-26.22954872394446],[153.0281980737832,-26.230211711351384],[153.02906757161225,-26.231539780686294],[153.03046552366607,-26.231261086180133],[153.0302670181095,-26.231731926237355],[153.02955559411646,-26.23199873530333],[153.02864546311878,-26.231878139814242],[153.02750775687866,-26.230563193386672],[153.02600386738573,-26.229687877843283],[153.02417316336198,-26.227453756835473],[153.02271885799007,-26.226767838515013],[153.01735987795712,-26.226220915812657],[153.01441566395283,-26.22527386944363],[153.0105579806674,-26.22631264846003],[153.00661625573673,-26.2281722405065],[153.0058313202603,-26.229509464939856],[153.00496822560422,-26.230185506905624],[153.00370182997665,-26.230527046036336],[153.00228342733942,-26.230188190482576],[153.00011600814844,-26.231706489812627],[152.9987725586078,-26.231002509508176],[152.9976065543002,-26.229693741423045],[152.9976430622786,-26.228559126152767],[152.997191028844,-26.22733695019014],[152.99555096130894,-26.226239407672576],[152.99437909342157,-26.226911480030825],[152.99085683837347,-26.226924311557763],[152.98965405359286,-26.22826234717961],[152.9888534456311,-26.228294753350195],[152.98783609026452,-26.227696213159728],[152.98740484825623,-26.22776054796093],[152.9859840534225,-26.228653947971313],[152.985724637683,-26.22959145523147],[152.9861528390834,-26.228641771150848],[152.98731909160392,-26.228048778878065],[152.98974995909452,-26.22858354724296],[152.9909049592976,-26.227217435686164],[152.9927868059675,-26.227004406977876],[152.9945278322948,-26.22728314645008],[152.99530600217145,-26.226686456165062],[152.99587522716115,-26.226660929808144],[152.99715418272046,-26.2280424656373],[152.9972849027772,-26.2298928783037],[152.99867142264918,-26.23143185754416],[153.0000833780466,-26.232090355535455],[153.00265964702623,-26.230538365802936],[153.0036708015674,-26.23096636125852],[153.00512783368367,-26.230787000469654],[153.00644131421643,-26.229605414508296],[153.00705951718408,-26.22850690162225],[153.0111537248656,-26.226746686460466],[153.01185759275484,-26.226859909307397],[153.0145558349849,-26.22599571028385],[153.01720922442735,-26.226955610662987],[153.02314908736162,-26.22763377233076],[153.02489811585644,-26.230226186839044],[153.02658179601417,-26.23103087592413],[153.02781626211197,-26.232334051125473],[153.02745312036632,-26.2333933283893],[153.02631151376647,-26.233158178157332],[153.02621188866885,-26.233976961417557],[153.0236914990645,-26.236146161266213],[153.0234647601917,-26.236116981863123],[153.0235976700975,-26.235416607840037],[153.02468195301083,-26.234711273156645],[153.025571814189,-26.23312002441952],[153.02409989829277,-26.23344223801882],[153.02327522896974,-26.234080013831456],[153.0215172917907,-26.23378643824342],[153.02063408469644,-26.234937333041355],[153.01836079461611,-26.23644995225333],[153.0171421826667,-26.236494060402425],[153.01503303324898,-26.237434904147364],[153.01033642998334,-26.241953273474557],[153.00825740695495,-26.245595784967147],[153.00857470485983,-26.24761164680966],[153.00975144437484,-26.248625394995564],[153.01028422703655,-26.249352852102067],[153.01032646279714,-26.24998760619264],[153.0099593748264,-26.250373861414165],[153.00934809573914,-26.250033923076664],[153.00905787911893,-26.250191478003888],[153.00863274800406,-26.25178523045358],[153.0066263803044,-26.251266518584533],[153.00277974698884,-26.252653374802954],[153.0022203551864,-26.253230537209046],[152.99971602027927,-26.254520475289176],[152.99916555694608,-26.255233883186637],[152.99917962773873,-26.256105206639464],[152.99756355231727,-26.25691408926324],[152.99478742520068,-26.259713263305834],[152.9945359046094,-26.261050016494444],[152.9931321798074,-26.2629775712073],[152.99270799567864,-26.26407779820113],[152.9917754490789,-26.264364857301643],[152.9902698670619,-26.26670782505535],[152.99011285172787,-26.267589094110622],[152.99042458103077,-26.26808178409628],[152.9892438728076,-26.26964489034862],[152.98930613377217,-26.27065660966399],[152.98869821455207,-26.271492596954968],[152.98899427136962,-26.272237327339905],[152.9885734237257,-26.27263073127238],[152.9884752195569,-26.27331707946876],[152.98920835858007,-26.274664722547996],[152.9897224928999,-26.27699023715874],[152.9907198707266,-26.278388391560046],[152.99317205664624,-26.28028506984909],[152.99499830003265,-26.282378980254666],[152.99745704830525,-26.282840809105007],[152.99815427200315,-26.28387285849454],[152.99833033228015,-26.28484200480356],[152.99765131355844,-26.285231293438333],[152.99749273070609,-26.286242679105236],[152.99629304319058,-26.286640682170578],[152.99605804944053,-26.28704834395478],[152.99474158315866,-26.287153582620583],[152.99337373141373,-26.287655177693114],[152.99286870362891,-26.28819885114487],[152.991913009379,-26.288269829238033],[152.98897140520728,-26.291951279576633],[152.9886283102494,-26.293489851424205],[152.98646916661983,-26.294852648079946],[152.98577528660132,-26.29637712665173],[152.98308586402254,-26.29891309880905],[152.98285190898957,-26.299735061172747],[152.98303959300392,-26.300478911121402],[152.9814327850961,-26.302882358282744],[152.98078655205882,-26.30523339925047],[152.9811165906592,-26.30584772344215],[152.98238911966325,-26.30630381641647],[152.98241947178235,-26.30725967883955],[152.9828280301906,-26.307705533032376],[152.98447892286515,-26.307699399656013],[152.98447208981622,-26.30796221753074],[152.9805457882586,-26.309943623647708],[152.97911807044375,-26.309877867018308],[152.97880744730696,-26.309398075109478],[152.9784308211266,-26.309395144218914],[152.97538071375004,-26.311711233035364],[152.9739752298741,-26.310437530416085],[152.9726200459795,-26.310691255245594],[152.97379850769607,-26.31080570027124],[152.97479448617776,-26.31202508114093],[152.97543765072817,-26.312088197360776],[152.9770237139744,-26.31132854002847],[152.9787265613828,-26.309955889501115],[152.98106752274907,-26.310077365426473],[152.9835318989791,-26.309148899050868],[152.9860386341768,-26.307502974231326],[152.9863272167288,-26.308588222117145],[152.98596204521334,-26.310083791981807],[152.98653341058957,-26.310081244202415],[152.9854540649543,-26.31403631956883],[152.98672165757955,-26.31619719799054],[152.99068313791759,-26.318232317016054],[152.99047024500692,-26.31898051968345],[152.9908070492071,-26.318260505366258],[152.9934025070212,-26.318432716544862],[152.9962778752249,-26.31776136454358],[152.99854559580376,-26.317658018950645],[153.00024654834067,-26.317873166461723],[153.00579102343806,-26.321076589361265],[153.0086396494014,-26.321644100243187],[153.01182374676966,-26.321495881178127],[153.01487732642863,-26.320185038357035],[153.01667206386583,-26.320181069648832],[153.01894070894764,-26.321163880257018],[153.02145891140083,-26.32295077020998],[153.02422477905145,-26.32430926001244],[153.03017102267575,-26.32515952224222],[153.03313551009683,-26.324724084896715],[153.03446475214776,-26.325064474693853],[153.03518803639986,-26.325587720944636],[153.03599213912707,-26.327455158676667],[153.03467218707294,-26.329654981340298],[153.03401873427833,-26.333714751282663],[153.0331328481036,-26.335098162198335],[153.03319122939286,-26.337863126929566],[153.03195780111275,-26.339743599435362],[153.02892383926485,-26.34044108843325],[153.02932599180224,-26.341018678017345],[153.02849728812043,-26.34150857201075],[153.0283753598361,-26.343051090982808],[153.02658883141055,-26.34337794958044],[153.0264456854212,-26.34372532890853],[153.0244631515543,-26.344790829480907],[153.02440783785255,-26.347572188853054],[153.02272528544472,-26.347059158001397],[153.02118813272727,-26.347655713388104],[153.0171515176296,-26.350889488406754],[153.01664768774174,-26.35100778432938],[153.01406197138397,-26.353856770021462],[153.01345206736016,-26.356010973674973],[153.01375840612673,-26.35696300408685],[153.01507312682452,-26.3584427431855],[153.0154527747269,-26.359402937642844],[153.01640717215446,-26.36006314884261],[153.0173137868029,-26.361308912223876],[153.0181520979421,-26.363469453399894],[153.01935420373468,-26.365122194181236],[153.01943110026616,-26.3675187192607],[153.02041246566387,-26.366420611069604],[153.0207068533398,-26.365385801660715],[153.02134889103968,-26.364703535487063],[153.0217194971582,-26.36482649889113],[153.0213827622058,-26.366653100207657],[153.02003924521614,-26.36840810559683],[153.01986351409107,-26.369326896166527],[153.01687471979358,-26.370839311232398],[153.01602080541693,-26.371573351376203],[153.01339993096315,-26.37226330765266],[153.012074725969,-26.372475659171467],[153.01067607514187,-26.37181682213579],[153.01032134475543,-26.37127503995829],[153.01023333170406,-26.373453034277233],[153.009270004908,-26.373085337465497],[153.00844849400391,-26.373191997959445],[153.00670117871755,-26.37268158413497],[153.00647006644158,-26.37270605019119],[153.00645461878673,-26.373043688062907],[153.0059869245581,-26.373012454608208],[153.00663427275458,-26.373204333060624],[153.00668349894545,-26.37277232393074],[153.00852915509756,-26.373331535868815],[153.01009068214046,-26.373508845304094],[153.01073646191935,-26.373329326234558],[153.01133596708235,-26.3747696066791],[153.01105046920497,-26.373498968949356],[153.0113340101576,-26.372999196802635],[153.0151968798333,-26.372232031030542],[153.0193376301287,-26.370062989462607],[153.0202337361991,-26.36932119086749],[153.02170948500589,-26.366842450665853],[153.02266769286086,-26.367132373207703],[153.023111473217,-26.366956483801903],[153.02478126334574,-26.364762773830243],[153.0260246812951,-26.364350563275185],[153.02633388440233,-26.364680489460323],[153.02779551565163,-26.364426939998552],[153.0292357709152,-26.363382139121732],[153.0352334521632,-26.3610702915081],[153.03561215307957,-26.36076877850372],[153.03545006377055,-26.359921424681392],[153.0356758331743,-26.359609785310763],[153.0379580301401,-26.359876550309945],[153.03856412373648,-26.360570903371876],[153.03835788311096,-26.361501759246146],[153.03528337712726,-26.36562336387444],[153.035552620658,-26.366951479074768],[153.03701472764874,-26.369060584425664],[153.03796102937918,-26.373362496828907],[153.03628366336147,-26.37496964468046],[153.03395670443945,-26.376287182954208],[153.03297725279913,-26.375849008971656],[153.03185217933571,-26.37454403782421],[153.02986574420981,-26.373590182687877],[153.0289034471375,-26.372337282286882],[153.02838090775379,-26.372095198281908],[153.0270529958002,-26.37292606932977],[153.02472962427385,-26.373412174479405],[153.0245788106647,-26.373862268076287],[153.0249956437351,-26.375053935437855],[153.02564029666348,-26.37548970912985],[153.02490805966033,-26.375564394228494],[153.0249830829041,-26.376318301295658],[153.02434210460558,-26.3767663885051],[153.0239990995799,-26.379670418102332],[153.02482207817752,-26.38073463354346],[153.02532617786198,-26.3821073524193],[153.02338314941392,-26.383911051600656],[153.023486673972,-26.384165317822067],[153.02533657402478,-26.38264487091097],[153.02560336060776,-26.382034989370233],[153.02430011795718,-26.379631361445178],[153.02445199006843,-26.376840577177944],[153.0250431333351,-26.376540146057977],[153.02508117465766,-26.37569892741066],[153.0255503680562,-26.37582315436218],[153.02589463393133,-26.37543681190641],[153.02522551584605,-26.374857774413847],[153.0252621389377,-26.374310790557637],[153.0247796391701,-26.373882879638273],[153.02499056976012,-26.373558951031878],[153.02719591695916,-26.373188909687585],[153.02855823967218,-26.372348117318896],[153.02953832083801,-26.37364026503335],[153.03195455366085,-26.374852722921904],[153.0329119503274,-26.376134362957522],[153.0338146861999,-26.37649558824789],[153.03462739993574,-26.37638056945477],[153.0368936123515,-26.374988315505448],[153.03771025342655,-26.374468948030618],[153.03792799368307,-26.37374268612317],[153.0383182616796,-26.373669601817795],[153.04031822710567,-26.37528833923256],[153.04111833864158,-26.376820372109563],[153.04249552175202,-26.381185696609577],[153.04417888624778,-26.383002533087357],[153.04166242038548,-26.38384368518485],[153.03993968357065,-26.38508455535484],[153.03963706529942,-26.386162976487025],[153.03788411216317,-26.3871203506705],[153.03769462770606,-26.3895327074153],[153.0394140028551,-26.389581818492957],[153.04079032891173,-26.39082643164128],[153.04095122212232,-26.39113874550347],[153.04066199925296,-26.391277562156535],[153.0418973071162,-26.392927078868336],[153.04240403731762,-26.39512992325406],[153.0435094857753,-26.39486445957386],[153.04632449777853,-26.395954844387223],[153.06211611266963,-26.39658946897547],[153.06678906916136,-26.395214583632818],[153.07012703063913,-26.393370826848905],[153.076045915088,-26.380986783660088],[153.0746781550739,-26.38054762851722],[153.0747523887129,-26.379525986981687],[153.07352895010206,-26.377989241657197],[153.07257739363297,-26.377883234071028],[153.07145594803467,-26.378761300640498],[153.07008133518661,-26.381412367134022],[153.07005799598085,-26.382829892032834],[153.07102849397097,-26.386405882472342],[153.07008719696773,-26.389279335120033],[153.0703276019384,-26.39025689098951],[153.06988039516523,-26.39053810899331],[153.0689356015979,-26.39012526801348],[153.06836322088702,-26.39029028731368],[153.06809837414175,-26.39114704444731],[153.0684135739284,-26.391265541818054],[153.06924466890746,-26.3907023620711],[153.06961861420882,-26.391165556991645],[153.06820672715992,-26.392524317490032],[153.0662254559412,-26.393818765670208],[153.06349012117323,-26.394645328066144],[153.05854370512907,-26.395079524347246],[153.05537221895383,-26.393233147838245],[153.04939837333734,-26.39096425544281],[153.04582585518017,-26.39215792829248],[153.04403807489837,-26.393838205415566],[153.04320619930775,-26.393084454830433],[153.04230815609765,-26.39077440136433],[153.04376481769327,-26.38822358140002],[153.04631423561466,-26.386249319497395],[153.04686706776215,-26.385440881138628],[153.04771447014787,-26.382880699231826],[153.04750782123006,-26.380357267221097],[153.0470088611711,-26.378923163320326],[153.04505102628502,-26.376854495985274],[153.03969075482564,-26.372922776012437],[153.03946194571336,-26.372098830643672],[153.0395919427151,-26.369238478420247],[153.0368234148698,-26.365715457149882],[153.03840528277874,-26.36384294634223],[153.04036815206973,-26.360479732800815],[153.04025876303263,-26.35992832428016],[153.0379238666942,-26.35716820689467],[153.03751932375894,-26.35577965815219],[153.0413602292923,-26.35202412616003],[153.04224416034083,-26.35010414643681],[153.04238403639533,-26.348774768588285],[153.0415967770707,-26.34585529223564],[153.03898609733164,-26.34103931116307],[153.03693909556398,-26.339022795513404],[153.0345267855838,-26.337546190552082],[153.0352137426213,-26.329893218944907],[153.0368913568518,-26.327320784674484],[153.0356283894398,-26.32475112301402],[153.03434665857253,-26.323947967273007],[153.03358170243473,-26.323839954198657],[153.0295650657763,-26.32441251657246],[153.02532367504875,-26.324088813695877],[153.0168890163162,-26.319459544470615],[153.01392802455985,-26.319909388955324],[153.01223311456772,-26.320910352379034],[153.0104787872674,-26.321120404331346],[153.00697450427106,-26.32057668321552],[153.00019093966125,-26.317101017546136],[152.99663026107885,-26.316953133928255],[152.99158075394973,-26.317678945275315],[152.98985422919043,-26.317248808533936],[152.98780824185803,-26.31613103666624],[152.98696693237912,-26.31480328299343],[152.98689258362697,-26.312396408515788],[152.9874343199391,-26.31150451936642],[152.98807602039312,-26.311149878912122],[152.9897817537261,-26.310934956231602],[152.99232501039205,-26.309238287165634],[152.99515250588456,-26.308755699264527],[152.99817532783027,-26.307706638299155],[153.00001852523587,-26.306373697336717],[153.00494924001657,-26.30627621442421],[153.00692374473613,-26.305778495429678],[153.00906367524954,-26.30475083383242],[153.01094556778492,-26.30458561128545],[153.01203456494432,-26.30407165682999],[153.01385155880348,-26.303792174517756],[153.0151762916537,-26.302714136496753],[153.01636642477183,-26.300960484587286],[153.0170829002568,-26.298958514572394],[153.01841683227212,-26.297559164072787],[153.01962320085113,-26.297319415607177],[153.02146105268662,-26.297796703803446],[153.0242527398732,-26.2970499454473],[153.02475030058702,-26.297160348020295],[153.02521852631503,-26.298085341214122],[153.0268056714457,-26.29805029913064],[153.02907115720927,-26.2963920320153],[153.03234089971386,-26.29514775791137],[153.03427871569136,-26.29313505358856],[153.0352302946435,-26.29287437699964],[153.03914996729827,-26.28709367068518],[153.03891073594286,-26.285008243584436],[153.0401938202897,-26.2801796342317],[153.0411154743008,-26.279529208555157],[153.0418040770976,-26.27850238152871],[153.04208969278625,-26.27671057498211],[153.04190667895125,-26.27280093696282],[153.04126437055538,-26.27224454350001],[153.0430616800536,-26.267916043539778],[153.04336668692417,-26.265585003494408],[153.04519333320684,-26.265087104635466],[153.04650318317647,-26.26388274334324],[153.04755481620293,-26.26463044868557],[153.04937214820723,-26.26445379305738],[153.05155801339276,-26.261934035676564],[153.05285963096833,-26.261142536947897],[153.05320049380884,-26.259751620290416],[153.0545093743093,-26.257331352209604],[153.05373690793306,-26.24931900521752],[153.05251211584266,-26.24756961519523],[153.04918002423983,-26.24062693893184],[153.04696978293032,-26.23810524261269],[153.04629347026855,-26.23667224847535],[153.04244753482703,-26.233945234235062],[153.0413607482011,-26.23232146781142],[153.04063620220006,-26.229442919605066],[153.0426767306477,-26.224283505429533],[153.04234597169034,-26.22204906786032],[153.04141809257203,-26.22173325923268],[153.0404234891538,-26.22213212025132],[153.0392268179644,-26.221991183896186],[153.0384487578051,-26.221262149378855],[153.0372232903237,-26.218957673508037],[153.03740118521762,-26.218062942501053],[153.03963415599264,-26.21575052921384],[153.03921827080774,-26.215718621267637],[153.03693151877576,-26.217489750601736],[153.0363026948146,-26.216666975250966],[153.0361202232708,-26.216955251134184],[153.03673220113126,-26.21994630093126],[153.0385331627764,-26.22224913014337],[153.03817333503252,-26.223418744329724],[153.03849194235045,-26.224268171089317],[153.03814264566768,-26.224481672841023],[153.03744817929123,-26.222322236931852],[153.035945213402,-26.22027512184959],[153.03443814300704,-26.216543761835386],[153.03462165326778,-26.21516427915846],[153.0361238070692,-26.213668214666697],[153.03577002366876,-26.21256126703919],[153.03624266776603,-26.212353222373643],[153.03694015496535,-26.213017381597187],[153.0375611764083,-26.212950633914954],[153.0375549306167,-26.211670505639656]]],[[[153.0765031097319,-26.42028615522806],[153.074861213875,-26.419082919887032],[153.07341987672703,-26.415254416904073],[153.0724304066391,-26.411045858625837],[153.07128795737447,-26.41070696619992],[153.07153577365818,-26.411957232486667],[153.07146435939376,-26.417100862660924],[153.07256883388573,-26.419440678290897],[153.0737817342408,-26.42092034634311],[153.07398138913095,-26.421834355217452],[153.0718885201402,-26.422711926260515],[153.06955599261607,-26.42519427454224],[153.06746409399386,-26.42618624024886],[153.06669792017397,-26.42596421382349],[153.06566633393527,-26.424599793891492],[153.06496329881827,-26.424319950951084],[153.06452299074454,-26.42489630216873],[153.06435932582338,-26.42781690537195],[153.06384514473882,-26.42730642229963],[153.0628660105591,-26.424739513463905],[153.06235131236429,-26.424171776852106],[153.06132673993818,-26.423551364250173],[153.05918243512247,-26.423164951647337],[153.05910204472468,-26.423628620510563],[153.06171570121978,-26.424291968545607],[153.06248881960448,-26.425258046367826],[153.0630136891316,-26.4269132234126],[153.0625728189815,-26.427432342674525],[153.06295860026034,-26.427829534551424],[153.06149768936803,-26.427995297590975],[153.06080770970914,-26.42933707709045],[153.06078464209872,-26.433687360429282],[153.06111201960516,-26.434657023848455],[153.0635008096158,-26.436789174326783],[153.06408498493522,-26.43859196249491],[153.06376263643767,-26.439118904959336],[153.062211819421,-26.439461302043274],[153.062003075083,-26.439849001575993],[153.06078263571123,-26.439698120517644],[153.06062539644597,-26.440040515802952],[153.05968743682683,-26.43970919207138],[153.0577568819757,-26.441293968387697],[153.05745715142757,-26.442804691828794],[153.05648268382993,-26.443321713871747],[153.05483255737772,-26.44683639213144],[153.05468733665236,-26.448211183944608],[153.05427481043523,-26.448596651360013],[153.05457323516782,-26.449150451177964],[153.05416742778573,-26.450718697955132],[153.05460613506625,-26.452237473026518],[153.05775807717464,-26.454680404022902],[153.0608456404151,-26.45620499590932],[153.063157150783,-26.456688823076178],[153.0642434652649,-26.456499811662447],[153.06737725455775,-26.457807158818767],[153.0689824841554,-26.45783004746415],[153.07122465499492,-26.458518062104282],[153.07323756076596,-26.458632638430966],[153.07810358101653,-26.45777529583865],[153.07927565215073,-26.457316451838228],[153.080524392288,-26.456346924216668],[153.08101482677398,-26.456370646533617],[153.0800055886881,-26.457298119158295],[153.08071789131873,-26.457901574143776],[153.08017380867545,-26.459528113177303],[153.0803852356912,-26.459877500691526],[153.08120309534775,-26.46025232193252],[153.08149606209474,-26.461269182672016],[153.07965329276635,-26.46377362999437],[153.08019340580222,-26.465002324243173],[153.07961301932653,-26.46583062233063],[153.08010638560233,-26.46619450781556],[153.0797790080959,-26.465790641170447],[153.0802840331827,-26.464925518543154],[153.07977675439486,-26.463777801949337],[153.08143093858803,-26.461635660902395],[153.0816552411976,-26.460959324858326],[153.08114759998284,-26.460000869689758],[153.08035851503462,-26.459621130955806],[153.08083979532148,-26.45786709503586],[153.08021663169336,-26.457350007342445],[153.08135889120103,-26.45630809328934],[153.08346335065426,-26.455419519041072],[153.08422291805437,-26.45351642858587],[153.0839261633629,-26.452676516653465],[153.08264334971193,-26.451418869630714],[153.08153234434337,-26.449665826562235],[153.0811503959751,-26.447789279597238],[153.08138338063964,-26.446158207081243],[153.08299895963546,-26.44311267725398],[153.08598784386504,-26.439868348691128],[153.0875797473086,-26.438864386927712],[153.0892233338909,-26.435901480514794],[153.08948094289235,-26.433528633685434],[153.08854458586507,-26.42884377826375],[153.08633599121413,-26.42428497721602],[153.08490367336697,-26.423292718330416],[153.08271404361938,-26.42284228748773],[153.0813639660753,-26.421480933344576],[153.079002348181,-26.420872854944488],[153.07547637263758,-26.418312822325113],[153.0766295463177,-26.42001634602374],[153.0765031097319,-26.42028615522806]]],[[[153.0815142203062,-26.39748723519439],[153.08191521271806,-26.396680760055723],[153.08196593088417,-26.39522810853708],[153.08114853437849,-26.393796898654642],[153.0797104060116,-26.394637149631443],[153.0806098764458,-26.394929464369973],[153.08108408356475,-26.395626243802777],[153.08103949967426,-26.39680789361605],[153.0802427839784,-26.397497731182014],[153.07824837096666,-26.39715304262548],[153.07744346424556,-26.397956932213283],[153.07642407461253,-26.39814554612667],[153.07562004473039,-26.397773301443358],[153.07483390686048,-26.39652593636949],[153.07373638592662,-26.39623265306117],[153.07073954089822,-26.39686607705445],[153.06979154664373,-26.397767053853116],[153.0691995930879,-26.398974999842995],[153.0693785491818,-26.40075384086362],[153.0705052935856,-26.402428365922862],[153.07145608922826,-26.40322309591569],[153.0732651411745,-26.403957648673046],[153.0753525296966,-26.403653879269662],[153.0761317382902,-26.40284134359965],[153.07693067621085,-26.40063802527124],[153.0783515843592,-26.400529110176887],[153.0778399060879,-26.40177663263204],[153.07978162422376,-26.40266204936066],[153.08140157932053,-26.40591546557273],[153.08098925635022,-26.40651720734969],[153.08005292090672,-26.40701479054661],[153.0786645070625,-26.407234199944806],[153.0796527073078,-26.406845216180216],[153.07772817161901,-26.406908107569564],[153.07522144721315,-26.40732597755827],[153.07180718365578,-26.40932846738127],[153.0714167582779,-26.40985246546529],[153.07318544505335,-26.4104687636689],[153.0770888183954,-26.408181292179304],[153.08051131344746,-26.407352542632164],[153.08174483165976,-26.406522011528075],[153.08197702671953,-26.404816231430445],[153.0812104913722,-26.404654459582137],[153.0824207162442,-26.403998710818367],[153.08126268622516,-26.400446414816788],[153.08095099019715,-26.40033578831255],[153.0810119660306,-26.401556916565017],[153.0796624496635,-26.39966309002617],[153.0776753337508,-26.399027808033555],[153.07818198930852,-26.39876128585126],[153.08035498159825,-26.399191199560832],[153.0806161528143,-26.398946963478227],[153.08014717705169,-26.398516319519157],[153.0815142203062,-26.39748723519439]]]]}},{"type":"Feature","properties":{"plan":"FHA-011","name":"Pumicestone Channel","mgmt":"A"},"geometry":{"type":"Polygon","coordinates":[[[153.1342217452385,-26.861905053812702],[153.1332531061471,-26.85304916882174],[153.13265975774277,-26.843031821099533],[153.13390249490533,-26.834037230971493],[153.13637419431473,-26.82264427754961],[153.13638888024377,-26.812499999513836],[153.13305549991253,-26.809722219443376],[153.1291666011589,-26.808333299280882],[153.12555500026417,-26.809999999338977],[153.12555555604524,-26.817222220867144],[153.1266515562255,-26.820637876575045],[153.1266515562255,-26.823388373912604],[153.1254732878631,-26.82907402818197],[153.12340096838113,-26.83542180111326],[153.12227576541534,-26.837515929154783],[153.11851498587907,-26.841230137298876],[153.11716419337392,-26.843098115523492],[153.11584890790186,-26.8458216898569],[153.11494998335615,-26.848716043648267],[153.1141571689193,-26.853694952197944],[153.11409223786757,-26.85812877086367],[153.11590217025014,-26.865930467854245],[153.11229921903487,-26.865493282226637],[153.11285673125428,-26.867802746636833],[153.1123974339955,-26.86918766031965],[153.10881969437457,-26.875432557104087],[153.10712340302382,-26.87637553314156],[153.10621194642533,-26.878008919613144],[153.1070861342189,-26.88341784349576],[153.10871866633454,-26.884773809800524],[153.10869317684978,-26.886596888472642],[153.10533417663203,-26.887917044672836],[153.10465865537378,-26.88883071000625],[153.09995682255044,-26.89163212156207],[153.09118283701946,-26.89498688237558],[153.09138879975444,-26.895833332379237],[153.0805554998376,-26.896944398901695],[153.0802744077389,-26.896642280653534],[153.07819104188422,-26.89841627252974],[153.077685624693,-26.90049538638972],[153.0755560183967,-26.902687680828507],[153.07481243464724,-26.904390341177994],[153.0725789035946,-26.90629806943698],[153.07255080337802,-26.908162183274765],[153.07106076973992,-26.908938183986567],[153.06942769803095,-26.907421475557264],[153.06937140226955,-26.90583487541581],[153.06682768874794,-26.904434910679235],[153.0662251888425,-26.903026188344615],[153.0661037668765,-26.9012377992218],[153.0654075657077,-26.899291255323963],[153.0633547830979,-26.895938076417956],[153.0632193991571,-26.894993058919408],[153.06357087309846,-26.89399470442894],[153.06327783980157,-26.893901280156825],[153.0633663762584,-26.89322347102324],[153.0627274268304,-26.892618462009295],[153.0610708594337,-26.892025910404357],[153.06096848870595,-26.89124761462264],[153.06208419123357,-26.88783466767276],[153.0620586873597,-26.8864617635366],[153.06174023382584,-26.886138423986104],[153.06137273396564,-26.886677727632048],[153.0606018450003,-26.886798574031957],[153.05910896590717,-26.885866805345838],[153.0617705059052,-26.88465060987481],[153.061860614377,-26.884367205619107],[153.060175308245,-26.884734591265417],[153.0589744893823,-26.885695605005214],[153.05933557527771,-26.88639950706863],[153.0604392268899,-26.8869064728924],[153.0612808817085,-26.88686170284234],[153.06181813669878,-26.886322325452007],[153.06197433095178,-26.887425913212308],[153.06086925481338,-26.8908480548308],[153.06072808103727,-26.892387463047896],[153.05938042626678,-26.892462938650617],[153.0572817467563,-26.89144693946164],[153.0587608752154,-26.892780607975556],[153.05972804031796,-26.892966767639102],[153.0593940330093,-26.893355405164677],[153.0579458843962,-26.893589101192934],[153.05665827466078,-26.893090128543506],[153.05600189637153,-26.892435490442445],[153.05303498257956,-26.888176924462496],[153.0510551098066,-26.887745117679998],[153.05110199776016,-26.886889672657265],[153.0506120839816,-26.88645125855578],[153.049658149705,-26.886214457168478],[153.04882245469366,-26.886781959057203],[153.04892287299333,-26.887695238581365],[153.0495731448858,-26.887906519906984],[153.0494733003536,-26.88831032719682],[153.0500903270081,-26.888933672487966],[153.0496435321245,-26.889787916915786],[153.05032525420825,-26.889512031891744],[153.05081159498025,-26.889782494903155],[153.05056037116537,-26.89037899633057],[153.04936445540648,-26.890640035346316],[153.0483638409197,-26.890199332470154],[153.04591806266956,-26.887252286500807],[153.04390538442703,-26.88568451186776],[153.0423788500051,-26.883093118090027],[153.04302564242062,-26.882978066022048],[153.0444634623201,-26.883433699442772],[153.04529468680153,-26.88322293702601],[153.04570517695345,-26.88255623631837],[153.04526432478985,-26.88066188817272],[153.04685428839582,-26.879563882504343],[153.0471087173945,-26.878998405888897],[153.04603177384843,-26.87792874864999],[153.0432938175568,-26.877528697828332],[153.0429754098884,-26.877859569200957],[153.04417701206057,-26.878154896668313],[153.04502111033707,-26.87882120886887],[153.04401572944346,-26.880174725420385],[153.04135448622173,-26.877030618205662],[153.04093669986992,-26.875692977386212],[153.04018277661498,-26.875158673071542],[153.03937245957252,-26.87505866396337],[153.0356945597573,-26.876023278588637],[153.03599772391692,-26.876239628493266],[153.03514716670952,-26.877122417402806],[153.0359791664065,-26.87841960761596],[153.0359279742977,-26.879868454103033],[153.03773249995606,-26.882178154135637],[153.03426856594274,-26.883425272795193],[153.0303513781147,-26.882738670989973],[153.02418735736182,-26.87995832245578],[153.0234930816415,-26.88037943090314],[153.0234446513507,-26.882598437005377],[153.02302423088463,-26.883186152056343],[153.02181139707943,-26.882572388142282],[153.021244004908,-26.881739258896783],[153.01833986379484,-26.880959614131996],[153.01298121381308,-26.881516597550036],[153.0117488647195,-26.88066594321582],[153.01128897840476,-26.87821894728375],[153.00897610016807,-26.877401321451046],[153.00909505889103,-26.87775994949925],[153.01108314876944,-26.878306261561924],[153.0115237976862,-26.880706628545227],[153.01243480282506,-26.881493418423627],[153.01363747698906,-26.881938777089967],[153.01728752929716,-26.881416275477864],[153.02075668477437,-26.881706644982767],[153.02195672662276,-26.883038707307566],[153.0230785607281,-26.88344552282968],[153.0236563076936,-26.882853641219647],[153.02374220733816,-26.880385830478822],[153.02425629669187,-26.880150183821073],[153.02996066315518,-26.88292034483511],[153.03420541375,-26.883735068555666],[153.0356918878715,-26.88345403221491],[153.03773597583574,-26.882610960964172],[153.0380264433668,-26.882199911433855],[153.0364722152217,-26.880275762453625],[153.03612188881527,-26.879161037489073],[153.03618861041718,-26.878098501981466],[153.03548895495248,-26.87708199017892],[153.03741169739305,-26.875999970859173],[153.0398423589388,-26.87543295910103],[153.04050183269453,-26.875613203024155],[153.04076845919815,-26.87689102993427],[153.0424073639099,-26.879382363342554],[153.04522594802017,-26.882024653352154],[153.0451017543436,-26.882848725525335],[153.0444812473129,-26.883000911499956],[153.04341754988116,-26.882539785020146],[153.04377255456086,-26.882070883901257],[153.04319731940188,-26.88198128984177],[153.04311303044312,-26.8823304165526],[153.042106204339,-26.88268013951394],[153.04217502495862,-26.88365367721252],[153.04317709095108,-26.88568051797854],[153.044128113223,-26.886337465538645],[153.04549893003275,-26.88794823765803],[153.04575014755244,-26.8888031089133],[153.04688422322943,-26.889879208895298],[153.04885760739376,-26.89107636931592],[153.0500872207498,-26.891156129288877],[153.05145242938727,-26.890251538114946],[153.0514516460778,-26.888545735534276],[153.05226691928408,-26.88846421918534],[153.05308248926656,-26.8890325124774],[153.05396445799443,-26.890533892861793],[153.05326108563168,-26.889919943687396],[153.05328999343953,-26.89025517407395],[153.0528666303918,-26.890364109852705],[153.05670847122008,-26.89382360121507],[153.0591546667556,-26.89414750733848],[153.0610568830698,-26.89365932295627],[153.0613675565686,-26.895731604666643],[153.06017363730462,-26.89622381981028],[153.06150783282135,-26.89879210550804],[153.06240294873828,-26.899777718403715],[153.06276667144584,-26.901234045451588],[153.06194773979746,-26.902616150551612],[153.0614368691173,-26.902529015238585],[153.0598920361897,-26.9036815818762],[153.0587129962089,-26.903673148933372],[153.0572093432378,-26.905906974064255],[153.05602874563124,-26.90631781405252],[153.05511309189683,-26.907871282270474],[153.05494918775594,-26.909179091678322],[153.05575967477034,-26.909281156636617],[153.05678887600698,-26.908426577661007],[153.05713863044457,-26.90743736208121],[153.05882748260342,-26.907449386916305],[153.0595154891496,-26.907013997234806],[153.05923273960036,-26.905163407402018],[153.06261120834176,-26.90440489310799],[153.06361665668453,-26.90447496558386],[153.06527613788455,-26.90681430727108],[153.06733172368126,-26.908955691088824],[153.06809313559086,-26.910537972685855],[153.06745509807547,-26.915576590823438],[153.06639047614067,-26.91645768900758],[153.06321932990932,-26.917365484465947],[153.06137273396564,-26.918583951624445],[153.06316040542947,-26.919489271249216],[153.06313925967027,-26.921429247398184],[153.06445477177147,-26.922319059113633],[153.06400191725584,-26.92283499027886],[153.06302295664523,-26.922623142380456],[153.0627529846637,-26.92356026832802],[153.06224987693145,-26.923755400527586],[153.0600869363642,-26.923679008515734],[153.05807736617862,-26.92309376390241],[153.05644903299765,-26.921959993994836],[153.0557265950075,-26.920931763126728],[153.05459831725966,-26.920352324536537],[153.05335815485614,-26.92037456746866],[153.05114807992106,-26.921092189589228],[153.04884055444916,-26.92289199650472],[153.04852616225367,-26.923925599023462],[153.0486723794279,-26.924868656899257],[153.04741857970487,-26.925146094153206],[153.04739058830614,-26.925987331686226],[153.04534830168393,-26.926735482192974],[153.04496221283694,-26.928493938280813],[153.04345908776781,-26.929931639469782],[153.04493512975353,-26.928852742596202],[153.04564655734384,-26.92673385801738],[153.04727339135502,-26.92637545479962],[153.04801326989764,-26.925185665222546],[153.04933288740392,-26.925346508970495],[153.04980512141037,-26.925079188190235],[153.04986302515965,-26.9246406553782],[153.0490264667991,-26.923253155245245],[153.0514322683856,-26.921380630048365],[153.05467069829524,-26.920630066660603],[153.05745540584348,-26.923354140117755],[153.05900766717127,-26.923943242822716],[153.0614894407862,-26.924264683904322],[153.0635415390119,-26.92375192824518],[153.0653776002971,-26.922724468995376],[153.06649983010425,-26.91981348314213],[153.06711442768983,-26.919541008347256],[153.06634763603574,-26.922379127531023],[153.06688750535523,-26.92402244341731],[153.0676420122702,-26.925101421229893],[153.06634326173332,-26.93092934734766],[153.06606145197554,-26.93625551291762],[153.0666848629172,-26.938066399480785],[153.06620174711406,-26.938963830252533],[153.0648000089144,-26.93976421608169],[153.06312423919337,-26.94000355805377],[153.06095322990882,-26.939611360112156],[153.0594268231905,-26.938708096337578],[153.05757077807004,-26.938319079298104],[153.05566445005547,-26.938568502670268],[153.05267732220182,-26.938034610245076],[153.0509221666258,-26.938379377042644],[153.0485680670638,-26.94052363239567],[153.04739439963294,-26.940986621371422],[153.04591668940486,-26.942150131859023],[153.0453616997837,-26.943102986949192],[153.04521430000113,-26.945537177434677],[153.04627657830258,-26.947101059801884],[153.04766400109395,-26.948400854451673],[153.04733697792028,-26.949823499190956],[153.04796532524074,-26.949932671491375],[153.04865529410768,-26.951518200540296],[153.04965494542057,-26.952398248316257],[153.05097115899298,-26.95259603081789],[153.05324823431965,-26.954819685515748],[153.05367626215093,-26.956005697940277],[153.05306624930904,-26.957275393180506],[153.05376933478806,-26.958522497450897],[153.05564793940198,-26.96044164799922],[153.0583917349917,-26.962116837657458],[153.0631072366108,-26.96287594640334],[153.0659320512243,-26.964843809629613],[153.0665060956809,-26.96579238754412],[153.06649711684963,-26.968275963400416],[153.06703414790877,-26.968491963468754],[153.06762727328112,-26.969358130208928],[153.0682883343403,-26.971702858835208],[153.06994016590704,-26.973697876191366],[153.0695531138863,-26.97829166626261],[153.0677808891778,-26.980318657215427],[153.06632559095442,-26.98116654253708],[153.06535649410807,-26.98134423688218],[153.06300331455247,-26.980721726161892],[153.06168064564645,-26.98000893699805],[153.06160419337994,-26.979475488837934],[153.0604339982316,-26.979029355855317],[153.0586547839922,-26.978949465480667],[153.05661728266261,-26.97653590904021],[153.0558630077727,-26.975125750488285],[153.05473834979614,-26.974159315635248],[153.0512849684277,-26.973079741572143],[153.04403315470745,-26.96913261621266],[153.04251361521233,-26.96942746524075],[153.04233548019943,-26.971006304232922],[153.04268401065974,-26.972174166539887],[153.04441630097267,-26.97297573857484],[153.04561154493797,-26.974136210253228],[153.04561460802893,-26.975154578256472],[153.04440472939586,-26.980189270853366],[153.0448301222135,-26.98109536659306],[153.04818603415924,-26.98146826148625],[153.04867576087884,-26.98198768381971],[153.0481820924308,-26.983216136150936],[153.0469191457031,-26.984296186854674],[153.04561881685606,-26.984856530139865],[153.04475200979857,-26.986008629130037],[153.0390724916033,-26.98957790433183],[153.0368070238262,-26.988889387869968],[153.03659221535963,-26.987726807281415],[153.03518716225892,-26.987237408814426],[153.0345205370943,-26.988189950041225],[153.03464004260502,-26.989088452804886],[153.03279359594887,-26.990345105177465],[153.03127928780998,-26.990061796249893],[153.0304000602157,-26.989416307851343],[153.02994564177902,-26.988408891791963],[153.02997121310216,-26.98686290413478],[153.02925577093822,-26.986533744172046],[153.02830150661032,-26.987174019200708],[153.0271074029854,-26.98694029349485],[153.0249256863725,-26.98734391462504],[153.02504003067406,-26.986723728652233],[153.025813660773,-26.985761105125974],[153.02572418002796,-26.98538432156427],[153.02430637993666,-26.984766527788146],[153.023227483063,-26.983169838152655],[153.0232715237629,-26.980911118888223],[153.02266707142928,-26.9799686959338],[153.02183608706684,-26.97918461930997],[153.0212402205609,-26.979359119263183],[153.0211155268612,-26.978758513329954],[153.0207001273102,-26.97851769646977],[153.01862252610988,-26.9795449452782],[153.01794288325857,-26.97837591205392],[153.01763869027445,-26.978374599043757],[153.01751325193618,-26.97897644334338],[153.01827909930216,-26.979994051419517],[153.0200627139243,-26.98023202822071],[153.02041968002538,-26.980657747492266],[153.0223804404061,-26.98077440844735],[153.02264877292362,-26.983700357220858],[153.02329904571548,-26.98436656510004],[153.02283844983572,-26.984686433267402],[153.02296467238284,-26.985667846329147],[153.0238580031455,-26.985739274083315],[153.02457602366565,-26.98529419960274],[153.02520544027993,-26.985567196004368],[153.02528906733767,-26.986022703520007],[153.0243406441066,-26.98686666060295],[153.02455644182749,-26.987424811341022],[153.02391007479127,-26.987594111414168],[153.0228011747356,-26.987163468354474],[153.02281787244794,-26.987635715850647],[153.0245245087002,-26.988157763305157],[153.02700840561454,-26.987517026924284],[153.02867888642265,-26.987833239347566],[153.02946670422614,-26.98701964337691],[153.0295828291853,-26.988208270130613],[153.02898726575086,-26.988221407427048],[153.02912431343748,-26.98855046756508],[153.0286158934099,-26.98870278933731],[153.02864871057068,-26.989236391281448],[153.0277373942664,-26.990014211321782],[153.0286561794403,-26.990020535354443],[153.02903369864737,-26.989402249649117],[153.02949850335438,-26.989281771971203],[153.03016211758882,-26.990006594064074],[153.02955225133644,-26.990862441983126],[153.029882809745,-26.991217030276704],[153.03023870295488,-26.99120394154364],[153.03059080911964,-26.99060518101928],[153.03304128362947,-26.991132548863003],[153.03494361056028,-26.990289508189253],[153.03702157778469,-26.990396142602926],[153.03723701128013,-26.99073593255227],[153.03687843719126,-26.99161168336748],[153.03784927692368,-26.99224825948453],[153.03864189261037,-26.991378515241262],[153.04167629782398,-26.989993758939857],[153.0433982225511,-26.988499119873513],[153.0439122012882,-26.988752916648828],[153.04426928609985,-26.98847028491077],[153.0453507316521,-26.98899750436636],[153.04615161480626,-26.988043016107355],[153.04718772373565,-26.987887008913365],[153.04800140963846,-26.986825831382067],[153.05021856763392,-26.986862538110675],[153.0513929212475,-26.986464291329078],[153.05355879720184,-26.98693915405379],[153.05408105329911,-26.986534788284928],[153.05418313264659,-26.985960915598877],[153.05261714136907,-26.983035228528152],[153.05251526706706,-26.981828219631808],[153.05394422055042,-26.981656976123734],[153.05497665125256,-26.982396304281185],[153.05987831343452,-26.98045191695758],[153.06209513418423,-26.982398963576447],[153.06799530913736,-26.98521332536975],[153.06908281881817,-26.98612181690339],[153.07018833562438,-26.988582491523818],[153.07017159474447,-26.990729881014172],[153.06894829912585,-26.99325777546094],[153.0672917299305,-26.99372219885535],[153.0949079728258,-26.99372219885535],[153.09357344276134,-26.992251867564615],[153.0942555272719,-26.991050960568323],[153.09469943623117,-26.991319636626898],[153.09481009960757,-26.98891448794831],[153.0963289160478,-26.98751338556931],[153.0968574682987,-26.98753171914856],[153.09661460907807,-26.987133771841155],[153.097939383297,-26.986444084461983],[153.09829692316566,-26.986324275879717],[153.09838787789943,-26.98661663468504],[153.09794455799613,-26.986741106252108],[153.09877096480932,-26.98676218186425],[153.09942560470904,-26.986279485145197],[153.10038377569185,-26.986942392512493],[153.10072359801677,-26.986584497411666],[153.100514081161,-26.986353814112306],[153.10070981320848,-26.985714047200602],[153.1002466299791,-26.986282692127645],[153.09755673435689,-26.984467940278346],[153.09726549700622,-26.98458811308606],[153.0973362772486,-26.98510701830937],[153.0964424131879,-26.985374167319048],[153.0964641920699,-26.985761171675804],[153.09396567217914,-26.98666518188769],[153.09310473139942,-26.985061348037878],[153.093490973131,-26.983462090837985],[153.09321622664868,-26.982686935488825],[153.09226684833754,-26.982025982348343],[153.09088101195027,-26.98197099420119],[153.09112542879666,-26.981425851257182],[153.0918392126107,-26.98095636827695],[153.0935300477746,-26.981136489892243],[153.09571178776991,-26.980179515007833],[153.1002119512217,-26.98020017243522],[153.10163114796023,-26.981268930352005],[153.1046985034343,-26.982211975637338],[153.10464662334414,-26.98295921153352],[153.10518343856597,-26.982775096928336],[153.10622333364108,-26.981131974396295],[153.10759545356848,-26.981022990953473],[153.10789484687086,-26.980594964920897],[153.10678808000705,-26.980819459085957],[153.10590341061504,-26.980394790222594],[153.1054480676753,-26.978160674610695],[153.1040832493436,-26.976502112517743],[153.1033276974165,-26.97610848555345],[153.10234179493898,-26.97491487295831],[153.10177742898634,-26.975208665282974],[153.1013921873007,-26.975002786184906],[153.1013400500044,-26.9746359806013],[153.10206008230807,-26.97403143204026],[153.10140004827474,-26.97411923285166],[153.10119268799326,-26.973831953417246],[153.1016025360293,-26.97348122411451],[153.10136819158993,-26.972957115413895],[153.10158837800236,-26.971882675580385],[153.10240055394354,-26.97247649253148],[153.10259528504548,-26.971841552281195],[153.10147112079676,-26.9708234783562],[153.1010524989748,-26.97111008599706],[153.10035012755748,-26.97104500026195],[153.0999664731753,-26.97025461129668],[153.0995539163813,-26.97059216013545],[153.09949617990594,-26.97112972808988],[153.10059157664114,-26.97150012016976],[153.10105843539964,-26.972763655053974],[153.10080234175575,-26.974603212003952],[153.10041403518073,-26.97494811280045],[153.10053409557315,-26.97601859291901],[153.10230890493312,-26.97657616359432],[153.1025046693561,-26.977771881502395],[153.10188272790674,-26.978231404490984],[153.10037489398735,-26.978501730805455],[153.09919484316856,-26.9780020063228],[153.09829121966516,-26.977425582260086],[153.0975128195621,-26.97584741686009],[153.09699971226803,-26.97583211219748],[153.0967165877015,-26.976748722810573],[153.09510915476483,-26.977076874633322],[153.09548763984378,-26.97728086335639],[153.09503405058206,-26.9775802584574],[153.09478534756693,-26.977315494449794],[153.0940878216968,-26.978356618898076],[153.09227405100773,-26.978099603449195],[153.09200978882188,-26.975727338481164],[153.09094225218428,-26.974545417072637],[153.09027685639296,-26.973065390190953],[153.09070971718086,-26.97259133415808],[153.0926414627345,-26.974190545492604],[153.0940997826799,-26.97447444617405],[153.09482466502743,-26.974026296911408],[153.09595089232096,-26.97407285211574],[153.0968059911047,-26.973356833486402],[153.09665969568948,-26.971501361234182],[153.0963807952386,-26.97293056652777],[153.09489356029076,-26.973219234515426],[153.0926928553921,-26.973084691440672],[153.09160664163437,-26.97242132901645],[153.09155927614086,-26.97196626936316],[153.0880059153419,-26.971441836906596],[153.08763430198258,-26.973017670364555],[153.08936944764298,-26.974853950184972],[153.08986483379613,-26.97607001435497],[153.08983116857473,-26.977108326623238],[153.09041748338132,-26.978645203248767],[153.09010237262748,-26.979232677281423],[153.08883744919,-26.979041715238193],[153.08704920216007,-26.97811717800059],[153.08748515481716,-26.979366956854804],[153.08703317174457,-26.9805228995474],[153.08614255603527,-26.979503212238637],[153.08602000631936,-26.979262723631006],[153.08634905296753,-26.979003284509222],[153.08569939171468,-26.9782483234366],[153.08500773482024,-26.97904344193651],[153.08446500565663,-26.978352051241398],[153.0839799787941,-26.97842966453263],[153.08430802989278,-26.979298174906052],[153.08407211793508,-26.979700340933174],[153.08308886665895,-26.97950904524148],[153.08323909391015,-26.97857696628919],[153.08275460394293,-26.97834957900509],[153.0852965314109,-26.978343874605375],[153.08558706279382,-26.978022858003712],[153.085546228177,-26.977318650170844],[153.0858506289045,-26.97785115404273],[153.0864064683849,-26.977912030950723],[153.08644141334173,-26.977307203599814],[153.084800358351,-26.975052917093745],[153.08435823724403,-26.973626660677176],[153.08335376196771,-26.972180284627814],[153.08346852355464,-26.971816316405235],[153.08398678935998,-26.971676699355548],[153.0843528017415,-26.97046664445545],[153.08491459113657,-26.971008280942794],[153.0857987560089,-26.970872096605337],[153.0863412189732,-26.97124069543714],[153.08663803931518,-26.97097345559589],[153.0864777090801,-26.97000489744342],[153.08712345828212,-26.968699050356292],[153.08772647439844,-26.968867964620294],[153.0881548592605,-26.969615628593804],[153.0890562065798,-26.97003940712833],[153.0902203942569,-26.970065774351408],[153.09101171671853,-26.969327815861433],[153.09165089817157,-26.968073417189895],[153.09314545539962,-26.96778863607213],[153.09301381533646,-26.96733138926762],[153.09211268475372,-26.96756476963386],[153.09148353074147,-26.96710791313515],[153.09010307859535,-26.969698009191145],[153.08945369163564,-26.96986761233584],[153.08881474490568,-26.969524967938337],[153.08822567817367,-26.96897713332345],[153.08858888197244,-26.96790244527705],[153.08750962986664,-26.967376929137423],[153.0873747450496,-26.966978520477802],[153.08745500684427,-26.965827667048707],[153.0870286040879,-26.963906515508803],[153.08672027961836,-26.96372378855754],[153.08733321255886,-26.963015179442486],[153.08814029294126,-26.962845908147692],[153.08884982116342,-26.963772820494775],[153.0893520520567,-26.96368485780549],[153.0894514379346,-26.963156063636962],[153.09076003604798,-26.962894363619505],[153.09115512171263,-26.961361549231658],[153.09200765203263,-26.96070048547459],[153.0924949838576,-26.958755515390315],[153.09423141824652,-26.957897030659048],[153.09314145341648,-26.957355973335147],[153.09334947020307,-26.957023135145214],[153.0947326508923,-26.956515562279037],[153.09649069598993,-26.95509022496963],[153.0989559913271,-26.954233109006502],[153.10010773598435,-26.954003769294207],[153.1012914371512,-26.954316332268597],[153.10315582168494,-26.9568389629834],[153.1034103981725,-26.957976349064875],[153.10381083929997,-26.957985735289103],[153.10246770182414,-26.953508816614328],[153.102403841865,-26.952338433507663],[153.1009445704367,-26.95208681848764],[153.0992346813366,-26.952659130849927],[153.0959096512106,-26.953125329506072],[153.09246771911103,-26.95450946797325],[153.08732225521908,-26.953634851203113],[153.08756932686413,-26.950655564538476],[153.08810058067843,-26.949956985562228],[153.08781069500867,-26.949781990981904],[153.0893314701724,-26.949006571232065],[153.09068368360624,-26.947387760972237],[153.09049759858647,-26.946083038037646],[153.09101416916974,-26.944989409369615],[153.09104478209213,-26.94410828780311],[153.09044735796033,-26.942829956373313],[153.08931655131892,-26.941996541143396],[153.08790337644075,-26.941356931613054],[153.08560126218958,-26.941130660387635],[153.0848333104101,-26.94068939903249],[153.08495455790762,-26.939924603873337],[153.08555843197723,-26.939273031561132],[153.08627272390822,-26.93882573755373],[153.08688007655542,-26.938947152325238],[153.0887975228885,-26.937126107919582],[153.0877004714008,-26.93687357379246],[153.08668043425575,-26.93824995740565],[153.0847164336177,-26.938720675155043],[153.0833711485608,-26.937400533343954],[153.0837330888121,-26.9368161925493],[153.08481696882916,-26.93699738885447],[153.08556510224878,-26.93634596403109],[153.08590131379572,-26.934395888495533],[153.08259435015032,-26.927494793286307],[153.07961597539804,-26.925960102013363],[153.07835226064947,-26.92481386930092],[153.07727097517648,-26.92310150256858],[153.07554421029818,-26.920108552504043],[153.07572225537888,-26.918097509229092],[153.07648133804446,-26.916895703810134],[153.07663454564886,-26.91565182990445],[153.07798504857226,-26.912744338816704],[153.0779584915922,-26.911554295630793],[153.08035194188972,-26.912234505954206],[153.08030653062303,-26.911673534942192],[153.07838419557527,-26.911314683862127],[153.07797561558334,-26.910380168646437],[153.07844067120118,-26.90862303815927],[153.0799942419418,-26.9071360658134],[153.08294976042419,-26.905777049008265],[153.08411215305455,-26.905758738811382],[153.08474219110042,-26.904565752144435],[153.08708233138566,-26.90367129992724],[153.08843423994938,-26.904101513111023],[153.08737718760824,-26.90500474001338],[153.0857189097011,-26.90575777204017],[153.08580313660661,-26.907314691856172],[153.0896031220875,-26.908929903928502],[153.09394569733718,-26.90681502942671],[153.09793465915834,-26.90552413446786],[153.0967166056879,-26.90317711886566],[153.09767030883881,-26.902087717011273],[153.09753492130073,-26.901910984041404],[153.0969199891673,-26.90236047689117],[153.0952188207931,-26.901917433079795],[153.0942815581485,-26.90241660268074],[153.09380396328345,-26.901825139255482],[153.09667071688125,-26.899826019192208],[153.1010912021984,-26.899235405626246],[153.10026462990993,-26.898593519012472],[153.10309425139974,-26.897314733425016],[153.10744851783602,-26.894246250201174],[153.10918420219036,-26.89354191016791],[153.111462846834,-26.893879986908725],[153.11145162869082,-26.89289796140871],[153.11028059717296,-26.892262981588253],[153.1118895877354,-26.8911594073177],[153.11202941162912,-26.890386979612387],[153.11511478681905,-26.886634050258237],[153.11554084783302,-26.88537947801753],[153.1174689484344,-26.884545175156777],[153.11932322368898,-26.884906436419925],[153.11938785886377,-26.884334280539676],[153.12034949763233,-26.884199203267695],[153.1216136449549,-26.88259355908262],[153.12347318394143,-26.883914033642835],[153.12439863039356,-26.885615295546483],[153.12591734970704,-26.886507981495193],[153.12670930529134,-26.887633394002915],[153.1262018079682,-26.887802471943516],[153.13825269640597,-26.88962032195724],[153.13627280834453,-26.882802137945372],[153.1348443998503,-26.875099682041924],[153.1344007678823,-26.871009211043553],[153.1342217452385,-26.861905053812702]]]}},{"type":"Feature","properties":{"plan":"FHA-011","name":"Pumicestone Channel","mgmt":"B"},"geometry":{"type":"MultiPolygon","coordinates":[[[[153.09782220433237,-26.99191281056272],[153.09742677242878,-26.991465701815645],[153.09633122730543,-26.991640065971247],[153.0964585668105,-26.99237448652831],[153.0957730585809,-26.99265540235989],[153.09497649307184,-26.993831150821862],[153.065030625664,-26.993547109846155],[153.06387083297375,-26.993861353653482],[153.06292665004605,-26.99493344805512],[153.06251292683123,-26.994872956956332],[153.06289447769916,-26.995824611451543],[153.06356651408453,-26.99642819144279],[153.0650855967241,-26.996665031500893],[153.0652711466472,-26.99754767112297],[153.06619805629634,-26.998482132379362],[153.06629165413767,-26.99787746420845],[153.067431522348,-26.99880355187723],[153.06797720128793,-26.998196039150734],[153.06891453767696,-26.998170892307705],[153.07162981936176,-26.999777053602955],[153.07191009127882,-27.00076778184245],[153.07173543664226,-27.003227119170973],[153.07292896200318,-27.00616648762799],[153.07156057696022,-27.008975547917846],[153.07101291681374,-27.00890445021488],[153.07117702779874,-27.011257446308697],[153.07184300635083,-27.01265908648225],[153.07277919340618,-27.01283463954154],[153.0749717126755,-27.014021351638604],[153.07508997622256,-27.014604582669858],[153.07573474336482,-27.014693767537853],[153.07549650126361,-27.015800803298923],[153.07247608860177,-27.01884915519882],[153.0708669946173,-27.019813908319662],[153.06928693434566,-27.021752260293],[153.0685764168693,-27.02167991523032],[153.06770206989574,-27.020574635845165],[153.06582509035673,-27.019680739409058],[153.06416923612244,-27.01796861639299],[153.06128504916683,-27.016549891798594],[153.05805052141557,-27.014264933014797],[153.0524597977826,-27.013385644266616],[153.0489384393586,-27.014198407465095],[153.0489769204496,-27.015320330603302],[153.05524633814912,-27.02169226022403],[153.0572182905928,-27.019981531157182],[153.05610008615122,-27.018803954373425],[153.05636346430356,-27.01744160737874],[153.06140220115185,-27.01822620560938],[153.06110314959176,-27.019657424484972],[153.06230279843658,-27.021558358365954],[153.06217699497347,-27.022332264556766],[153.0640047132481,-27.0223038864496],[153.06636039831483,-27.02352915518073],[153.06666596995967,-27.027867532394957],[153.0659013852419,-27.02903436048163],[153.06435455312123,-27.029826089436725],[153.06658814802574,-27.03249851392947],[153.06948706497724,-27.023607676787222],[153.07297392091084,-27.021353616010973],[153.0775347499299,-27.025053985387437],[153.07712966919996,-27.03160143389327],[153.07770115058872,-27.032981805100412],[153.07778967985098,-27.03580093959579],[153.07553140035498,-27.03493388612409],[153.07500971892455,-27.037048792102198],[153.07740644365356,-27.038034766525325],[153.07623951844016,-27.039695558936945],[153.07457270506745,-27.039481177648266],[153.07348037502038,-27.03842581783131],[153.07302516697905,-27.037888028643724],[153.07377325003654,-27.037487074003337],[153.07326488127035,-27.03578179932471],[153.07180272841435,-27.034075646008414],[153.0696975890736,-27.033084415047885],[153.06694591092617,-27.032667651225275],[153.0657443330357,-27.033050006087084],[153.06431145940746,-27.0329762400956],[153.06337954143385,-27.033368051328686],[153.0613946315582,-27.03505107857856],[153.0611477559653,-27.036330550348733],[153.06159849527546,-27.03759663481091],[153.06102097044254,-27.03696411013969],[153.06027059321445,-27.034084677000386],[153.0594300409648,-27.033211454179426],[153.0550796011438,-27.03257606696611],[153.0540865949215,-27.031997308263353],[153.05252990892927,-27.03015298400727],[153.0516693080932,-27.029750055355013],[153.04875332830454,-27.029160646880612],[153.04804447996992,-27.029459952049375],[153.04751574965326,-27.03049532263526],[153.047094501811,-27.03054147134606],[153.0468322999718,-27.030104479972017],[153.047228113188,-27.028738938585413],[153.04634381881328,-27.028312711196953],[153.0448825652793,-27.028190181266144],[153.04246643138185,-27.029242656957333],[153.04040023718233,-27.03071150886325],[153.04057258415855,-27.02837467088862],[153.04211944415817,-27.02760907083626],[153.04250484682234,-27.026952161947012],[153.0443111810173,-27.025720745450347],[153.04428926903563,-27.024946555073814],[153.04369700611312,-27.024691251934083],[153.04163967922898,-27.024958981905836],[153.04182075682365,-27.023731827296338],[153.0402287085892,-27.02324401523347],[153.03923701537713,-27.023668533910055],[153.03650554229807,-27.025732993317295],[153.034586026625,-27.02398429037703],[153.03226661661222,-27.02373559005981],[153.03232497631768,-27.02293531484727],[153.0307227972205,-27.020609258844633],[153.03152360033505,-27.020770883204094],[153.03220251833272,-27.02157972715707],[153.03271675067867,-27.021674602035663],[153.03318288098626,-27.020881198542913],[153.03245469183173,-27.020430630103895],[153.03323973792465,-27.020259164463273],[153.03349120185862,-27.019661135087734],[153.03245066916418,-27.018131873921288],[153.0311762102151,-27.01736434482316],[153.03044315392958,-27.016439920900137],[153.03026351974677,-27.016558675477015],[153.0307623880749,-27.01707720748162],[153.02998494305177,-27.017390272277698],[153.02927721976903,-27.017508379342722],[153.02836635672315,-27.01701366048653],[153.029581264365,-27.01438535583403],[153.02980603282333,-27.012038744027407],[153.02725318129046,-27.009288302447835],[153.02571565625362,-27.00502945408076],[153.02318843360047,-27.004089474584298],[153.02091027908727,-27.001709131006397],[153.01867695937528,-26.998345955236505],[153.01983866762157,-27.00092578643069],[153.0214269324082,-27.00281256318398],[153.02326956414015,-27.00453723264188],[153.0255940274435,-27.00543983181748],[153.02698027302233,-27.00953775639699],[153.02944826362761,-27.0121182413983],[153.02940040800354,-27.013811618046276],[153.02878700112035,-27.0155587480723],[153.02812681959813,-27.01646445530484],[153.02810916230908,-27.017293899128642],[153.02936273720172,-27.017779676025693],[153.03042610098487,-27.017413407337386],[153.03112199188752,-27.017533353515912],[153.03207034677018,-27.01849343555807],[153.03169570179637,-27.019505850948722],[153.03311492461523,-27.01988217135957],[153.03171899243864,-27.02071184630906],[153.03067400270425,-27.02041075238874],[153.03043615000945,-27.0210889194525],[153.03134957072723,-27.022300108397673],[153.0296291640558,-27.022777140287165],[153.02952948320024,-27.023110567533042],[153.03036864779597,-27.02340433647528],[153.03112520336663,-27.023144498054506],[153.03200420702967,-27.023476757081042],[153.0317912844414,-27.024149744949117],[153.03217760531334,-27.024402885219335],[153.03399734210484,-27.024361304165225],[153.03483512174466,-27.024732268213928],[153.03556359508502,-27.025549366144652],[153.03530005325604,-27.025751799040588],[153.035403496875,-27.026188730160097],[153.03706522997754,-27.025886296249865],[153.0387631733829,-27.02485655901733],[153.03931810005145,-27.023803822522733],[153.04028534789165,-27.023506364561413],[153.0414430415642,-27.023812211398774],[153.04147646576746,-27.025252431588786],[153.04379636681006,-27.025133891050565],[153.04389263743644,-27.02564076334486],[153.04029822438463,-27.028117186892914],[153.03995845511974,-27.03122722239258],[153.040691024872,-27.03139470403657],[153.04480518401317,-27.028523617505233],[153.04696123307554,-27.028878471998134],[153.04649192816112,-27.030306606199126],[153.04666083343182,-27.030729583437726],[153.04743207942806,-27.03113881993481],[153.0477876138085,-27.03109157764838],[153.04892446119607,-27.029556549129694],[153.05220948138356,-27.030524580279398],[153.0540779830136,-27.03268530941372],[153.05631083957473,-27.033426759071855],[153.05828784261098,-27.03360861458008],[153.05934475285915,-27.034299051993784],[153.05992239730188,-27.035414769809915],[153.05979796530494,-27.03605286668056],[153.05883597670015,-27.03648617712946],[153.05852181383182,-27.037509602919926],[153.05888900072796,-27.03861388495689],[153.0591579897506,-27.038489319860286],[153.05972431532598,-27.039351373101443],[153.06074536600693,-27.039406947606597],[153.06125693725903,-27.039025894963128],[153.0614652031577,-27.038057572433125],[153.06228009685015,-27.037313364554205],[153.06188841871665,-27.035072869151723],[153.06312137755071,-27.034012257294002],[153.06513116537212,-27.03343847993607],[153.06671739409364,-27.033873140267353],[153.06904301842167,-27.03380045885824],[153.07069496060512,-27.034241049319085],[153.07161906436943,-27.035038530338024],[153.07279390811345,-27.036983757628416],[153.07274647696943,-27.03731189596133],[153.07192760827365,-27.037508807019925],[153.07082498728448,-27.038312404328078],[153.07004196196806,-27.039823314828197],[153.07243753286696,-27.041128374109203],[153.07438445807736,-27.041582977806172],[153.0771274190962,-27.043427988245043],[153.07738064210412,-27.043104133383036],[153.07981012014204,-27.042340478564252],[153.08146531067666,-27.040408044129972],[153.0816577601986,-27.039697184911223],[153.08121500237155,-27.039031161393048],[153.08159812615372,-27.03927167428241],[153.08132239401436,-27.038861877507724],[153.0827166426601,-27.036663979393268],[153.0834407282082,-27.03265892060688],[153.08397019686822,-27.03160556447942],[153.08942255800582,-27.032140890423953],[153.09033082291023,-27.03057310320036],[153.09147146543694,-27.030385725854792],[153.09168125568658,-27.029243862948153],[153.0911034871374,-27.029062179210452],[153.0916194236986,-27.02696681010451],[153.09354247190868,-27.027372464601854],[153.09787530390327,-27.03109452112948],[153.0983817409258,-27.03137630210885],[153.09844575017235,-27.03088044830826],[153.0997787459935,-27.03164377937114],[153.100755765867,-27.032336168313705],[153.1016515751612,-27.03358511259704],[153.10294692985804,-27.03431563099574],[153.10391907720475,-27.037844350370534],[153.1038546776524,-27.039525889242434],[153.1050420957173,-27.040874372288464],[153.10571133700978,-27.043200835684022],[153.10854883026548,-27.04568449068061],[153.11009395817075,-27.048993383371833],[153.11030957242997,-27.050006417495993],[153.10978321002824,-27.049935467281866],[153.11032858409806,-27.052664726229946],[153.10964971826104,-27.055751635663196],[153.10834664917968,-27.056905321057453],[153.1073090950398,-27.057190551836236],[153.10388616381658,-27.055894841907186],[153.10275839238705,-27.055800406797076],[153.09746221381124,-27.054142794388202],[153.0947369928191,-27.049631079144852],[153.09457033855142,-27.048504202540798],[153.0938935420545,-27.04773632990157],[153.09295129806503,-27.047299801678392],[153.09214817020302,-27.044983453857242],[153.09285209205154,-27.04042651530549],[153.0908495347793,-27.04014494926405],[153.08814364021794,-27.0427860620611],[153.0854681058695,-27.047318480597333],[153.084105527749,-27.053722983662567],[153.08193332056737,-27.054542577211905],[153.07817522460812,-27.051747119168038],[153.07247038779929,-27.05156817926188],[153.0709014989062,-27.050712152377752],[153.06880225282282,-27.047515719908468],[153.06940963784564,-27.046649164661144],[153.06930188917204,-27.045091948968214],[153.06872910286688,-27.04405308361687],[153.06813473283273,-27.043094141915077],[153.06710618000739,-27.043446308334442],[153.06655643793044,-27.04189106755274],[153.06524338637428,-27.041225074611546],[153.06255076940363,-27.0414460236491],[153.06179157612144,-27.042624792933857],[153.0604461660588,-27.043168723591727],[153.05989408484527,-27.042940250825875],[153.05998827533972,-27.04523783159459],[153.05918397026517,-27.04514345404112],[153.05904582180835,-27.046376830160483],[153.06120496274002,-27.04872819038757],[153.061154976622,-27.049794144218225],[153.06198596907836,-27.051982276594607],[153.0609433706412,-27.05429330402653],[153.0598647813357,-27.055144897252976],[153.0581229842894,-27.055061071445014],[153.05720739800415,-27.055491529244456],[153.05694685181686,-27.05467513818085],[153.05516390359242,-27.052230722403724],[153.05502611396514,-27.05071100484281],[153.0546010359102,-27.050108200067214],[153.05333776722534,-27.050033643571638],[153.05206634079013,-27.050627350805442],[153.05140773308153,-27.051332979567167],[153.05055560116125,-27.0515320588912],[153.04935484435168,-27.05027180113656],[153.04928708223417,-27.050742081815432],[153.04808136116696,-27.05045099465151],[153.04738530388977,-27.05066016886554],[153.0470264330246,-27.05133471525874],[153.0462443753787,-27.05129264947003],[153.04565532483446,-27.05062873396276],[153.04554927318156,-27.048552430484154],[153.04606047301354,-27.04616202978778],[153.0465777603565,-27.045460519920987],[153.0477287333955,-27.045885979288453],[153.0486568949009,-27.044780410321607],[153.04780342478932,-27.043463206595707],[153.04513206959052,-27.042169472477152],[153.04423964084788,-27.041963756156406],[153.04340975006107,-27.042770116181938],[153.04399704872594,-27.044324181549673],[153.04339287518212,-27.04554865438086],[153.04431534397906,-27.04504766095471],[153.044286555781,-27.044271028019487],[153.04357539888667,-27.042694769182262],[153.04413372858983,-27.042227885242703],[153.04504365364278,-27.04227933096036],[153.04755503833553,-27.043569019928306],[153.04840501368153,-27.044582067542315],[153.04776491222208,-27.045690467574943],[153.04659431417736,-27.045225455124584],[153.04597921027346,-27.045767418065843],[153.04536203343218,-27.04841606088638],[153.04554783606488,-27.05078311967908],[153.0462202789439,-27.051458015009178],[153.047009059022,-27.05150107185078],[153.04757893062424,-27.050813166927927],[153.04842957236804,-27.050666457824605],[153.05064931591437,-27.05198004807458],[153.05276919874063,-27.05081982910565],[153.054138824848,-27.05059432140463],[153.0545299867706,-27.05090352001526],[153.05450163744172,-27.052389338530958],[153.05578896389068,-27.05415667542399],[153.05648323871162,-27.05591521335016],[153.05695028632783,-27.056154913252403],[153.0583743672844,-27.055457195826673],[153.06079491955109,-27.05570247692152],[153.0641722902202,-27.04953784462967],[153.06526883718823,-27.049407832339423],[153.06540268598633,-27.052146710436123],[153.06640854621855,-27.053415402032968],[153.0679733665787,-27.054256401245695],[153.07895936778175,-27.054577095889996],[153.08123093925758,-27.058095604362375],[153.081374191367,-27.05740694580759],[153.08308872636474,-27.05764118412706],[153.08414661777329,-27.059362657394395],[153.08498349089655,-27.059880785603415],[153.08609532633932,-27.06126396899063],[153.08526795275498,-27.05975718008347],[153.08422245130623,-27.058677530477347],[153.08360745801895,-27.05728102453337],[153.08549081465048,-27.057309022227276],[153.08703061856932,-27.05833671080425],[153.09131181958594,-27.05802349582135],[153.09106096539233,-27.05945975899437],[153.0947948120321,-27.06226075596272],[153.0969185862249,-27.062905310865006],[153.10107719435814,-27.065054175243528],[153.10613887830777,-27.066137483291737],[153.10894062531077,-27.065762966021623],[153.11281079118623,-27.06416504611357],[153.11722741301583,-27.063847031448947],[153.12225126338626,-27.062857538877893],[153.1249999998513,-27.063263799518314],[153.12916665961484,-27.05666660051691],[153.10999999970136,-27.030555555628613],[153.11803904126987,-27.02572702361758],[153.11696811778552,-27.024918049262904],[153.11627754187623,-27.02484977363245],[153.11418400738717,-27.023696951587418],[153.11304542520736,-27.022714443151386],[153.10818819672897,-27.02097492498719],[153.10692921331372,-27.019528999498146],[153.1049256173245,-27.018179498419578],[153.10170268273373,-27.016746468309332],[153.1010426460025,-27.015518642805663],[153.10141386366,-27.01592483959416],[153.10211338332715,-27.015580499974597],[153.1013285566687,-27.015645514663284],[153.09979773967507,-27.014575269267784],[153.09913859866856,-27.013730417359437],[153.09892425335272,-27.012607535543914],[153.09962719044358,-27.01189580847934],[153.098831458606,-27.012398140995973],[153.09902485871135,-27.01199782667295],[153.0983176543374,-27.010423854811663],[153.09820934088953,-27.008490446411614],[153.0986010190229,-27.009274262232072],[153.09969317370212,-27.00940548950638],[153.09991095622684,-27.00896816268518],[153.10037363133915,-27.009928516322592],[153.10057105860858,-27.00982070379706],[153.10071596726925,-27.008839914864794],[153.0996424141672,-27.0066916179585],[153.09999824802185,-27.006155509603804],[153.1011742662805,-27.00693363091699],[153.10213669735185,-27.006710857155046],[153.10302280835708,-27.00774733660499],[153.10312345508453,-27.008327439794154],[153.10360930662534,-27.00832390995512],[153.10385497892526,-27.00886295639494],[153.10458701627886,-27.00924546324218],[153.10398964430772,-27.006852402351175],[153.10449205416614,-27.005149124167456],[153.10399710958006,-27.00420259850585],[153.105111651083,-27.00455492230656],[153.10561955400033,-27.00421074006834],[153.10685244268723,-27.005501710570204],[153.10713406808395,-27.00376684909554],[153.10692318605732,-27.003587105195496],[153.106559573067,-27.003896257041383],[153.1059647182982,-27.003615695542635],[153.10639878957363,-27.002749875940786],[153.10615916431516,-27.002291656069847],[153.10605429617,-27.00290592810088],[153.10496553103553,-27.00315298265879],[153.10506041760527,-27.00257263935058],[153.10411706295326,-27.002925723977754],[153.10306814138278,-27.00219275222852],[153.10272581624452,-27.002545955566145],[153.10107152143473,-27.002633597197494],[153.10116954933642,-27.001839011096298],[153.10066819708072,-27.000986265838318],[153.1016637348946,-27.000426121303256],[153.1014134265895,-26.999985438212224],[153.09966493498985,-26.999839689584824],[153.09809422856688,-26.996634055252315],[153.0977689518768,-26.996309104116765],[153.09750971510243,-26.996699033968103],[153.0964306617468,-26.99596935733487],[153.0961890013225,-26.996238299592765],[153.09667795822236,-26.997866530251034],[153.09725916577906,-26.998350002185703],[153.0966509992453,-26.99809205054254],[153.09587344720296,-26.996768571347356],[153.0955916968005,-26.995231548132328],[153.0963531626694,-26.99541046195814],[153.09700444629925,-26.995148973281403],[153.09754358716793,-26.994650621164183],[153.0973937394307,-26.994197968996005],[153.09769933805512,-26.99378853015147],[153.09807712436088,-26.99402159305699],[153.09770375642438,-26.99437481438111],[153.09826376696037,-26.99456046502838],[153.09885939334742,-26.993859376943618],[153.09998731406438,-26.993565883193902],[153.10054904320486,-26.993947387297016],[153.10124006697663,-26.99361674705019],[153.10059374040998,-26.99293431180397],[153.09901562986852,-26.992860157305337],[153.09829179972792,-26.99192583724254],[153.09782220433237,-26.99191281056272]]],[[[153.20220444398103,-27.09703552500244],[153.2033161571161,-27.09475581016551],[153.20476111133735,-27.090235867024695],[153.20716271219055,-27.087833366849548],[153.20804312599057,-27.08750345505352],[153.20895235856563,-27.086667915624957],[153.21044943929132,-27.084482423658113],[153.2120229309147,-27.083906428572046],[153.21139132175324,-27.08166659956718],[153.2069476537124,-27.081862552847756],[153.20621991242012,-27.08398219825306],[153.20384498725753,-27.085523463570162],[153.20076215894767,-27.08916467913975],[153.19928101420862,-27.09412072512437],[153.19873780031037,-27.095063395392344],[153.1973958544363,-27.096221774348383],[153.19245741627788,-27.09746153385563],[153.18680971879462,-27.09765452117216],[153.18425423044948,-27.098066261381803],[153.17641804265963,-27.10016831604784],[153.17258742537047,-27.100349604083842],[153.16634765921822,-27.09969929621846],[153.16520919035304,-27.09885574742769],[153.16421943158264,-27.097160323922726],[153.16314414099043,-27.094916238426677],[153.16304171900128,-27.092577524466197],[153.16214723890505,-27.0911879082284],[153.16004180818402,-27.090000007227605],[153.15583333264328,-27.089999999133717],[153.15837194880748,-27.093289671514167],[153.15921673416608,-27.095948549518923],[153.16183087629508,-27.10088663064636],[153.1629429293738,-27.102017350053515],[153.1656440908033,-27.10339136844972],[153.1706572167583,-27.10368418500992],[153.17179500483678,-27.104046229582643],[153.17574532009155,-27.103900294795558],[153.18710135994093,-27.10128254728459],[153.19461380708265,-27.100819905447175],[153.19935304900514,-27.099397142896724],[153.20097365970776,-27.09841462636683],[153.20220444398103,-27.09703552500244]]],[[[153.02763785370507,-27.017347786505606],[153.0276214087022,-27.01734638895917],[153.02763365926705,-27.01734826584427],[153.02763785370507,-27.017347786505606]]],[[[153.1792207834136,-27.016884053790562],[153.17665410210623,-27.011350605280796],[153.17454244178134,-27.007677137324702],[153.17395859201656,-27.00560874788013],[153.1716945118933,-27.001510596671494],[153.1717968448496,-27.00064310792789],[153.17090358693213,-26.99948555904612],[153.1703200438361,-26.997951181636555],[153.1692862245808,-26.994063932239634],[153.16514217827,-26.984160657223683],[153.16150238093132,-26.973236121984794],[153.15909595431594,-26.963726531489762],[153.15175231262026,-26.938977185184974],[153.14925084385254,-26.931630714222234],[153.14397328573966,-26.913226684800176],[153.13825269640597,-26.88962032195724],[153.1262018079682,-26.887802471943516],[153.1301966909257,-26.90523275682294],[153.1431027419991,-26.952313899102904],[153.15217116376937,-26.98139372387644],[153.15794369524644,-26.99416629127627],[153.16133969896907,-27.002736780013173],[153.16448555176794,-27.00933758079935],[153.16732717381115,-27.01705812566647],[153.17019889076732,-27.023362458644918],[153.17661137081927,-27.020476392106247],[153.18018615796598,-27.02771722420481],[153.1887191413764,-27.0420950580745],[153.18968360131828,-27.043138317513346],[153.1907758872985,-27.045437767972537],[153.19620031909062,-27.052447296239535],[153.1995806530258,-27.057499981572604],[153.2041086639848,-27.0574999860692],[153.1997046488516,-27.050468232856478],[153.19445253795539,-27.043876683396164],[153.18376476273477,-27.02596019893835],[153.18350581194477,-27.024910367253987],[153.1792207834136,-27.016884053790562]]],[[[153.11590217025014,-26.865930467854245],[153.11409223786757,-26.85812877086367],[153.1139856753997,-26.855639724431366],[153.11494998335615,-26.848716043648267],[153.1165281208772,-26.844291559046074],[153.11157701756645,-26.84420420789573],[153.11208722634558,-26.844655616301473],[153.11198610837334,-26.845386341544216],[153.1102723557857,-26.846285111406576],[153.1098107175917,-26.84751497027744],[153.11011469383914,-26.85217571937163],[153.10891874120807,-26.856718232797792],[153.1116041168376,-26.86311124162797],[153.11148894515986,-26.864078020921372],[153.1110406520056,-26.864668599413754],[153.11175545295293,-26.864610410579445],[153.11229921903487,-26.865493282226637],[153.11590217025014,-26.865930467854245]]]]}},{"type":"Feature","properties":{"plan":"FHA-013","name":"Deception Bay","mgmt":"A"},"geometry":{"type":"MultiPolygon","coordinates":[[[[152.97742661115035,-27.089598825958145],[152.97626011761145,-27.0896022307914],[152.97768650892635,-27.090154095268343],[152.97806147495828,-27.09319032610568],[152.97903771961614,-27.094860404017428],[152.9809326900927,-27.096125511815888],[152.98366724604773,-27.096208704501052],[152.98443299628684,-27.09692907944642],[152.98602124578497,-27.10027087203602],[152.9879674389473,-27.100592165628836],[152.99125466517182,-27.099023229071683],[152.99445259591175,-27.101306388312015],[152.99498682468334,-27.102415340528392],[152.99453853962302,-27.10370119118984],[152.99287054633976,-27.103726288570172],[152.9916434501862,-27.104331029586152],[152.99167715677652,-27.104977315683342],[152.99246265163117,-27.10626109250816],[152.99362708572255,-27.10628540747833],[152.99541147825823,-27.105303316327795],[152.99875689331714,-27.104695155190065],[152.99973463264826,-27.104018814649404],[152.9999335258127,-27.10278823092497],[152.9986440239037,-27.101211972087697],[153.00066488777543,-27.101550346504155],[153.00096471275242,-27.102673499914918],[153.00172998994822,-27.10364067580935],[153.0046430451415,-27.1042647720344],[153.00635436236507,-27.103704332521723],[153.00690235885793,-27.101631058859127],[153.00750970790784,-27.10130832185444],[153.00743018085927,-27.102333455457455],[153.00671976770423,-27.10362032684941],[153.00698052882944,-27.104868529192046],[153.00766288493537,-27.10543698706008],[153.00906605305704,-27.105904213641303],[153.0102185531448,-27.105624815865344],[153.01112180163102,-27.104755416062392],[153.01207964526054,-27.105796044984256],[153.01188788371996,-27.10705228726601],[153.0086667540686,-27.107421546200158],[153.0070258357748,-27.108129440354144],[153.00491386608314,-27.111038564610716],[153.00321637683544,-27.11125757291135],[153.00190271374038,-27.1125413470382],[153.00044694517146,-27.113362639406937],[153.00217398344375,-27.112534082314717],[153.00244765703485,-27.114684930597683],[153.00358512315609,-27.11586280145969],[153.00770395157724,-27.116626284508],[153.00956394472144,-27.116380005165695],[153.01019599275196,-27.115398592103933],[153.0088081140044,-27.113528787356287],[153.00902145387818,-27.112568868990778],[153.01007406356837,-27.11282140761449],[153.01137336269164,-27.114120162647996],[153.01249652419642,-27.114172853027338],[153.01298163109857,-27.113538808501858],[153.01303363619445,-27.110022275840038],[153.01352544124722,-27.109328358049996],[153.0143049142415,-27.108727089316424],[153.0155087557256,-27.108634746928733],[153.01790396869433,-27.10961140617417],[153.01885558991466,-27.110440552322295],[153.01905816400415,-27.111019618593193],[153.0181576035917,-27.11288984782084],[153.01848140359505,-27.114871635250342],[153.01966082308968,-27.11650607662668],[153.01931529816363,-27.119607521802187],[153.01960324759295,-27.121017030144294],[153.021962041616,-27.12507857354973],[153.02354811295618,-27.126558178649386],[153.0255168853971,-27.127294235972563],[153.02931779088442,-27.12806954330709],[153.03117465528726,-27.128954896183846],[153.0328893467671,-27.135283084578905],[153.02939498329295,-27.134768489806213],[153.0296417311821,-27.133427700460228],[153.02814516307,-27.133207131835896],[153.0273854427851,-27.134418372941795],[153.02949800243198,-27.14036791527915],[153.03110780418297,-27.141953785171108],[153.03200106569773,-27.14209540141372],[153.03114451271017,-27.143549971186278],[153.03070777584435,-27.14571493882538],[153.03121997572248,-27.149225184326703],[153.03256945701594,-27.151530860792487],[153.034251141578,-27.15262907690223],[153.0373774278272,-27.15370689908599],[153.04149400794324,-27.153789503614533],[153.03864606096806,-27.154326674068606],[153.03810356203087,-27.157128896812935],[153.03615646055334,-27.15754835680303],[153.03429609598913,-27.155242143441995],[153.03242381720656,-27.154678492450326],[153.03211365812,-27.153182095209417],[153.03091177266128,-27.152428900405294],[153.02986935588717,-27.152695176173303],[153.02878209262065,-27.154884731277136],[153.02780188105305,-27.15544328581078],[153.02657063362892,-27.155489912061608],[153.02477559581826,-27.15445639048187],[153.02433842637845,-27.15404818011127],[153.0245287876745,-27.153469970894285],[153.025457510357,-27.1531171488692],[153.02572553800428,-27.154337642200293],[153.0264291630765,-27.15468019846423],[153.02852220113982,-27.153223854329283],[153.0290300779768,-27.152304297537157],[153.02838336739967,-27.151232000788127],[153.0270755903673,-27.15086906858455],[153.02546328490382,-27.152122324217753],[153.02367672410264,-27.14919974430471],[153.02129600460808,-27.149298876573805],[153.02116186532896,-27.149989716883876],[153.0217587309818,-27.15126255885189],[153.02152195117822,-27.15157864267212],[153.02083198231128,-27.15133444705896],[153.0200699372789,-27.150541841264864],[153.01906812579455,-27.150428890013213],[153.01696030467542,-27.1511031531199],[153.01648769924907,-27.152164890029542],[153.01559445482133,-27.150586104996663],[153.014485421666,-27.149750829069404],[153.01581760809722,-27.148316994065972],[153.01580135824724,-27.14789219210293],[153.01523938359185,-27.147746406603357],[153.01448228573008,-27.14788095597329],[153.0132032600236,-27.149185821000792],[153.01237091768485,-27.148408018047576],[153.01185692455851,-27.148397549938913],[153.01098090844334,-27.14946781152223],[153.01085445656906,-27.150863669954287],[153.00983063507692,-27.151664585484127],[153.00958374419554,-27.15165585036908],[153.00971683306648,-27.151158391278617],[153.00938385458232,-27.150912787327186],[153.00746334605776,-27.151340682958047],[153.0069200512205,-27.150523973534483],[153.00612262416087,-27.1502223481148],[153.00509430066256,-27.15032286264189],[153.00445849976109,-27.15113712141295],[153.0024479583078,-27.15054564000117],[153.0023756294329,-27.150839685035365],[153.0034182926213,-27.150856344076946],[153.00457820582062,-27.15137117357272],[153.00500839472272,-27.151122895936794],[153.0051379681438,-27.15047745250435],[153.00600809909565,-27.150405218957594],[153.00679426214663,-27.150637848389888],[153.0073435626564,-27.151552347394833],[153.0094938686483,-27.151127897066726],[153.00939482091542,-27.151748061455745],[153.00967241285275,-27.151884431952833],[153.01109768001504,-27.150865471296374],[153.01117442815848,-27.149684457303792],[153.01190914639108,-27.148662573850615],[153.01331790919528,-27.149445839285967],[153.01454579495362,-27.14814930467862],[153.01511183814193,-27.1479889384707],[153.0155262160631,-27.14831427541543],[153.01430996933072,-27.149426393245374],[153.01424245182886,-27.149819932975486],[153.0153181219349,-27.150757416853203],[153.0161160274339,-27.152262381035918],[153.01664850522548,-27.152438878383393],[153.01713780027035,-27.151365248839053],[153.01936816660873,-27.150625176042936],[153.01989012503043,-27.150735221585094],[153.02095140778238,-27.151815861344794],[153.02167401574434,-27.151878080041275],[153.02205074714539,-27.1513740334168],[153.02149024827747,-27.14972339435108],[153.02371143883295,-27.14993272684577],[153.02520313441823,-27.15260408833987],[153.02507753240332,-27.152995489482095],[153.0238254323989,-27.153607897218553],[153.02391016832075,-27.154104403926976],[153.0247997300247,-27.154922805874588],[153.02418095059159,-27.15525129314447],[153.02370336022307,-27.15475225214658],[153.02334971172093,-27.156291171132427],[153.02231159910218,-27.158021872343326],[153.02242364923313,-27.159605404897288],[153.02387099205373,-27.1615487544032],[153.02364174497166,-27.162388994588095],[153.02330675110682,-27.162577858513043],[153.02158352865808,-27.16180629145887],[153.02122094719005,-27.162307036672104],[153.0215634791724,-27.1626323520331],[153.0213712778633,-27.163067644587787],[153.02018297666416,-27.16253174757379],[153.02072574899523,-27.164183644791017],[153.01849909415898,-27.164388892564983],[153.01713863034468,-27.165564126614772],[153.01583503875713,-27.165869108304335],[153.01725240087876,-27.165667309430383],[153.0189848467744,-27.164377054788904],[153.02071982606026,-27.16439319312301],[153.02094773225315,-27.164090558664025],[153.02080495138853,-27.163418462923396],[153.02169890897858,-27.162942400503027],[153.02148892897208,-27.162028519332367],[153.0223337727865,-27.162170871220404],[153.02307958415656,-27.162767638847132],[153.0240322189129,-27.16285438835105],[153.02504879186938,-27.162608256497506],[153.02478671773395,-27.16183431343453],[153.02500453623145,-27.161437063101662],[153.02555041841822,-27.161902844472387],[153.02730312873757,-27.161379590127666],[153.02825287037479,-27.15999022839805],[153.0289212321303,-27.159787795502112],[153.0288601591701,-27.15880136152534],[153.02947662015106,-27.15857192828364],[153.02950207905883,-27.15797439893117],[153.0334828363649,-27.16370148856451],[153.0344545250574,-27.166278108279695],[153.03036032636908,-27.171245126892607],[153.02940037113137,-27.17643377083326],[153.0305051432989,-27.17751167665393],[153.02952826821615,-27.178774058607285],[153.02951138794128,-27.18083571662636],[153.05833475934276,-27.18083572741825],[153.05833475934276,-27.154446836084443],[153.0650014282744,-27.15444683698376],[153.0650014282744,-27.147780167152995],[153.04564062541567,-27.1477678212599],[153.0445487153521,-27.14831629889006],[153.03995497924006,-27.148981912317367],[153.037542666562,-27.14983367011972],[153.03659405896974,-27.14970297794199],[153.03557175373453,-27.148848973633154],[153.03547675205164,-27.14840839036686],[153.0354390812497,-27.14693592408563],[153.03609951638066,-27.144320599348212],[153.03763812779846,-27.140992453970647],[153.0400083441109,-27.139065175349685],[153.0401103029493,-27.137192276034902],[153.0395525353224,-27.135018279202455],[153.03972111234054,-27.13435658591993],[153.03938154362447,-27.134223779436116],[153.03900899497023,-27.132917156234008],[153.03864788479314,-27.129328912531633],[153.03797162339288,-27.12778709682941],[153.02957607437747,-27.122019788614804],[153.0288620369546,-27.12012393680274],[153.02830061268423,-27.116558916293503],[153.0293387549807,-27.11556397293157],[153.0297540286266,-27.116329492944306],[153.03089740059568,-27.116351857284933],[153.03211614924203,-27.11434356323744],[153.03196677904475,-27.11407235558737],[153.03054894477907,-27.116165927847874],[153.0297761339625,-27.115892655354347],[153.0294252409832,-27.114351658934513],[153.02802562428428,-27.11341378115371],[153.02318667902318,-27.115695922361503],[153.02274533582977,-27.117202311070375],[153.02324459086628,-27.11765911540836],[153.0245935343653,-27.117557839155527],[153.02517267617918,-27.117867693371885],[153.02563772730036,-27.11843368439952],[153.02637581709143,-27.120635807528995],[153.0258264644209,-27.121355830839377],[153.02397225391746,-27.121523760345735],[153.02230286218844,-27.123404143818647],[153.0207083372211,-27.121476299524105],[153.0200617687368,-27.119905784656712],[153.02046248325814,-27.117559469626393],[153.0203324412903,-27.116344458562462],[153.01904285664364,-27.113314717233035],[153.01997333839995,-27.110822371188178],[153.01947438283764,-27.10975707656054],[153.01640134814488,-27.107889932906776],[153.01432184937494,-27.10794009259391],[153.01268834509222,-27.10899256738578],[153.01215786739283,-27.109963857678565],[153.01202367235578,-27.11328502611569],[153.01153193385278,-27.113193407682278],[153.01007254731132,-27.111885733172723],[153.00904816823947,-27.111762016136776],[153.00824716727413,-27.112159199020496],[153.007867757692,-27.113473780323304],[153.00912999575382,-27.115167818872315],[153.00897011877714,-27.115639201220752],[153.0073811408281,-27.115762762673913],[153.00461076217812,-27.115336916597997],[153.00393909991067,-27.11511717624928],[153.00312734395288,-27.11429524356325],[153.00315579040853,-27.112217954427727],[153.00532302973522,-27.11166974119825],[153.00611666615237,-27.111010089376773],[153.00735922884644,-27.10889889220286],[153.00866359475026,-27.108175105229677],[153.01140183163034,-27.108014194931894],[153.01262080690583,-27.107397733951014],[153.01280811320498,-27.105303310032504],[153.01153462822163,-27.104027233203055],[153.0101956950764,-27.103968634277862],[153.00929506901332,-27.10510870753362],[153.00754438126933,-27.104765474080168],[153.00721677443573,-27.104410781465212],[153.00694441295548,-27.103541587606987],[153.0088845635729,-27.10158679512733],[153.0081728293137,-27.100783035041903],[153.0067746668185,-27.100329131017425],[153.00882767066162,-27.100611301403333],[153.00884363003058,-27.100497893296005],[153.0065630824214,-27.100309788398885],[153.00473789843636,-27.099543816027197],[153.0016605487964,-27.098841344785153],[153.00097023009323,-27.097873940462886],[153.00090656258897,-27.09726385657463],[153.00047193912985,-27.097046203552413],[153.00073074512886,-27.098000986789035],[153.00169306198632,-27.099034919358967],[153.00642733155723,-27.100443539170854],[153.00569900210837,-27.103168866282967],[153.0048150063086,-27.10367877199054],[153.00217369026473,-27.10319945852099],[153.00161935804806,-27.102733663660473],[153.00155466711533,-27.101477336842493],[153.00089660169795,-27.10053977202576],[152.99985603123196,-27.10023631828433],[152.99862189518547,-27.10038932354133],[152.9977452729271,-27.100613704391836],[152.99760884667205,-27.101213283299273],[152.99827450416615,-27.10214210940368],[152.99918924958536,-27.10269427965013],[152.99872927963372,-27.103650695156283],[152.99492149703065,-27.10455493379595],[152.99299346567705,-27.10569711596193],[152.99221993270487,-27.104396992160265],[152.99421645642542,-27.104236720381156],[152.99547564398688,-27.103287453585963],[152.99538419372675,-27.101430776242175],[152.9947536358727,-27.100465744331483],[152.9913266379151,-27.098030045683],[152.98859849592498,-27.099532677923634],[152.98653075758955,-27.099770150205156],[152.98594065034183,-27.09908367610369],[152.98563390957838,-27.097417762952333],[152.98488772678832,-27.096462105574663],[152.98350852020315,-27.09550791139394],[152.98347748100207,-27.09504547640058],[152.9833088985879,-27.094761254661137],[152.9832595590825,-27.095531193942396],[152.98121905491655,-27.09483690293371],[152.98195769509266,-27.09524961531048],[152.98176662782873,-27.09562002717546],[152.98061166899447,-27.09556386451374],[152.97978749070126,-27.094913526071366],[152.9786167622549,-27.09296768094674],[152.97833413681212,-27.090199557796424],[152.97742661115035,-27.089598825958145]]],[[[152.9594247558489,-27.086617662408337],[152.9593442971028,-27.087152614234906],[152.9597414206312,-27.08763913666994],[152.96160064305639,-27.088987125088867],[152.9648287217692,-27.08986714228785],[152.9672795775915,-27.0910138561376],[152.9683396390642,-27.091997793596306],[152.96852036682264,-27.092577657565865],[152.96791372463986,-27.093908293565864],[152.9682574922906,-27.09491486785982],[152.96720379262206,-27.096526025788382],[152.9672310097045,-27.096736400597337],[152.96790972805263,-27.096434167235977],[152.96834448910806,-27.09684117881031],[152.9681460312155,-27.096303961591538],[152.96732584861013,-27.096556044258968],[152.96833256409764,-27.095001235151873],[152.97007104444424,-27.09517723337557],[152.97149568567852,-27.094747028285724],[152.97189429218895,-27.09385544760383],[152.97337030989297,-27.0928063074981],[152.9742295806318,-27.090953535010694],[152.97491741990416,-27.09046749461224],[152.97496361268168,-27.0900962940418],[152.9738487069534,-27.090800299527274],[152.97289455594012,-27.09245870783615],[152.9713461877775,-27.093597120044056],[152.9709309411112,-27.094498022198948],[152.97017420837415,-27.09494242038938],[152.96970746382954,-27.094826713614914],[152.9682964113514,-27.094203978064133],[152.96885910906178,-27.092494985588132],[152.96779545030097,-27.090842260095286],[152.96505477625806,-27.08944992610627],[152.96131856260274,-27.08824445235271],[152.96026864818066,-27.0873888013852],[152.95996654522105,-27.08672477256335],[152.9594247558489,-27.086617662408337]]],[[[153.00201619379345,-27.095636648445502],[153.00170129617902,-27.093260434554434],[153.0010805049625,-27.092025248099738],[153.00121194897338,-27.091364107000988],[153.00182522815294,-27.091109259817554],[153.00210281469424,-27.090818790487884],[153.00202401789522,-27.090660325446756],[153.0011272292394,-27.09128167424292],[153.00094459311958,-27.092141580802316],[153.00153292690413,-27.093373519805127],[153.0014928423219,-27.09429663881181],[153.00004701306034,-27.093356593664886],[152.99943340742698,-27.092297121248183],[152.99883613797851,-27.091640560396577],[152.99855462499704,-27.09162633042384],[152.99980301529808,-27.093417785335518],[153.0014107378164,-27.094545152969445],[153.00173502255439,-27.095705097645112],[153.00080562088385,-27.096474330958543],[153.00106614368872,-27.096609670832585],[153.00201619379345,-27.095636648445502]]],[[[153.02430034638496,-27.09746508887567],[153.0227911203151,-27.097460506829876],[153.02190440496543,-27.09799440105373],[153.0213957762952,-27.099540881539358],[153.0187062646835,-27.099777490471713],[153.01777601495223,-27.100354991922202],[153.01768737597274,-27.100627817452693],[153.01828079722213,-27.101010530244654],[153.0195390881595,-27.100722059208532],[153.02030725307839,-27.101699619574653],[153.0186523970916,-27.103170007522653],[153.0182318938879,-27.10434291502633],[153.0183738869465,-27.10491450883034],[153.01971071387948,-27.105579882138635],[153.02072116964735,-27.106989270870884],[153.0223054540346,-27.10790803266234],[153.0228601486781,-27.10784463495467],[153.0231331981397,-27.107517502063825],[153.02320712960648,-27.106854400442955],[153.02263406990755,-27.105722836572422],[153.02378461127194,-27.105506032510185],[153.0246507321467,-27.10491538746792],[153.02496986286997,-27.106148041431734],[153.02648362512036,-27.107488996252908],[153.0305028041622,-27.106466747675036],[153.03056900235867,-27.106790071937045],[153.02977883822393,-27.107743418956357],[153.02984807612893,-27.109036683628766],[153.03029005244514,-27.10962552553026],[153.03184315823626,-27.10967171111326],[153.0326121226525,-27.1113764345075],[153.03259542583942,-27.112212560294058],[153.0321741609099,-27.112975507346444],[153.03242099603324,-27.11307175459047],[153.03284332935732,-27.112396388015565],[153.0329171196305,-27.111399217032933],[153.03211077309481,-27.10968030143745],[153.03119093211694,-27.108255624230402],[153.0316251670689,-27.109436161582277],[153.03041266871082,-27.109453452847283],[153.02999468091093,-27.108550212455075],[153.03012619866627,-27.107819072624842],[153.03095170885547,-27.106984748180313],[153.0307062209165,-27.10637041679406],[153.03005866857382,-27.106262436994612],[153.02647630284025,-27.10727703593921],[153.02506537716658,-27.10587704782025],[153.02501802066627,-27.105008452011237],[153.02460417424436,-27.104682757136338],[153.0223772711953,-27.105599097053442],[153.02231314323808,-27.105983696623085],[153.02293554334176,-27.106876551644298],[153.02296529921034,-27.107499851969344],[153.02251101567197,-27.10773863546239],[153.02124319461882,-27.107120587178088],[153.02005764984176,-27.105611591334682],[153.01858659819413,-27.104766614420484],[153.0185004404441,-27.104135289444844],[153.01895543894352,-27.10305865796354],[153.02033678411647,-27.102283291273725],[153.02050586025837,-27.101565718615852],[153.019721220659,-27.100601268566557],[153.01841854637996,-27.100838587064015],[153.0179721040305,-27.10044863742754],[153.0192657410223,-27.099828599842876],[153.0215849729692,-27.099662132634226],[153.02200990173674,-27.098218962667882],[153.02332244067918,-27.097672312460197],[153.0242024587776,-27.097613527375305],[153.0248587876041,-27.09806521097364],[153.02674317575804,-27.100036718252817],[153.02665300972978,-27.100587419906407],[153.02484523032422,-27.101479760515428],[153.0248341066099,-27.102034663801508],[153.0254348438441,-27.10268017468317],[153.0262444908917,-27.10272859688009],[153.0282792753694,-27.10142563931462],[153.02827483271847,-27.10120730280766],[153.02786656658986,-27.101286881117506],[153.0264791348054,-27.102370530008816],[153.0253334192031,-27.102313905095496],[153.02518368478036,-27.10153590788872],[153.02673393522412,-27.10082129310104],[153.0270953331842,-27.10028365230159],[153.02612797202937,-27.099023726396737],[153.02430034638496,-27.09746508887567]]]]}},{"type":"Feature","properties":{"plan":"FHA-013","name":"Deception Bay","mgmt":"B"},"geometry":{"type":"MultiPolygon","coordinates":[[[[152.9683439692999,-27.096841346983545],[152.96805650730312,-27.098189590809906],[152.96725357819116,-27.099670654609927],[152.96686645962052,-27.09924079306107],[152.9665989490834,-27.099186202414206],[152.96601981356469,-27.099919711958048],[152.96522659443292,-27.100109164938896],[152.96511538786604,-27.099573194180476],[152.96569756129452,-27.099326213366943],[152.96533540430664,-27.098954379673767],[152.96477083510706,-27.098828479083963],[152.96376181375786,-27.09892350324997],[152.96350425961498,-27.099015309641732],[152.96340788196926,-27.09928011411886],[152.96406631880666,-27.098944167871977],[152.9654277772712,-27.099080441242265],[152.96558153526075,-27.09926420241389],[152.96506781732705,-27.099493844298394],[152.96488767682592,-27.09981540409048],[152.96522082977856,-27.100205932890344],[152.96611956276877,-27.099999292965848],[152.96665962724114,-27.099287291608142],[152.96727505220304,-27.099746731859085],[152.96825168267014,-27.098047777615754],[152.9683439692999,-27.096841346983545]]],[[[152.97006215104852,-27.095088150131],[152.9696467550948,-27.09517201011317],[152.97007051024696,-27.09517723337557],[152.97006215104852,-27.095088150131]]],[[[153.00694444443172,-27.103541599298193],[153.00864232308584,-27.102215624484344],[153.0088845635729,-27.10158679512733],[153.00694444443172,-27.103541599298193]]]]}},{"type":"Feature","properties":{"plan":"FHA-021","name":"Jumpinpin-Broadwater","mgmt":"A"},"geometry":{"type":"Polygon","coordinates":[[[153.35777777712383,-27.695277798852935],[153.34846200581808,-27.695278976964783],[153.3484699189528,-27.695564400198503],[153.34629260272254,-27.695913523312047],[153.34417786221968,-27.69709822002836],[153.33992551325298,-27.698378286250417],[153.33852793261917,-27.698389797572634],[153.333659506682,-27.697068772627304],[153.32963053132505,-27.696538589006217],[153.32873200607833,-27.696540734788666],[153.32693709417265,-27.69725589456544],[153.32524593165556,-27.699303745293125],[153.32455153003025,-27.700816056936965],[153.32462025442237,-27.702835246271057],[153.3293473123298,-27.701969615526796],[153.33150159602292,-27.701852686573698],[153.33251824182457,-27.702124222476325],[153.3330145551787,-27.702741518028084],[153.33301677560485,-27.70538088614038],[153.3332961868707,-27.70582179586059],[153.33581626441025,-27.706710777501772],[153.33969101502942,-27.70697686531145],[153.33993114031102,-27.70781295512515],[153.33932277682584,-27.709744002804825],[153.33809795505772,-27.7116159659254],[153.33591058260845,-27.71085827630969],[153.33459253082174,-27.709889655204744],[153.33326824223673,-27.710369659353603],[153.33015887583258,-27.71039467039901],[153.32971105122522,-27.71286911903587],[153.32465145909873,-27.712143769040956],[153.3237171633176,-27.717431937355204],[153.33084704065948,-27.71790750784638],[153.33900091576083,-27.71895483491887],[153.3406935117972,-27.709366788467836],[153.34099479907184,-27.709408906417202],[153.33930379933201,-27.71899217117289],[153.3424056860747,-27.719827888667286],[153.3444451632148,-27.720889610288406],[153.34494520425892,-27.72083582003815],[153.3519749879565,-27.716586580027847],[153.35219460060148,-27.716069680292723],[153.35119544211705,-27.713143279160242],[153.35157411155717,-27.710347420918076],[153.3558208217746,-27.71104327764645],[153.35659406606442,-27.712080388420496],[153.35663489978197,-27.712424155171906],[153.3551475488215,-27.713912044826237],[153.35502992019576,-27.715785702269557],[153.3541619997776,-27.716971466481173],[153.35302333396078,-27.716782054869135],[153.34544022169007,-27.721386544174788],[153.36138888878736,-27.71986939957427],[153.36138888968662,-27.739940585910073],[153.35499999975127,-27.74833333353715],[153.35425814809616,-27.75194443890525],[153.35799999960147,-27.758166665579562],[153.36366666558524,-27.764166665279696],[153.3659557216804,-27.774464543024354],[153.3661717109568,-27.76963193258782],[153.36720212268096,-27.767454099247526],[153.3700594001224,-27.767454099247516],[153.3700594001224,-27.77404157747697],[153.36914596681402,-27.77404157747697],[153.36851152209022,-27.77666036640285],[153.36988391091484,-27.779090177189932],[153.37357361073464,-27.78046256601458],[153.36992943010023,-27.78046256961193],[153.37891886081786,-27.78597144954267],[153.38221627096527,-27.78655694236891],[153.3833265002189,-27.787192201878476],[153.3809968990887,-27.799989255119634],[153.38215661173933,-27.800890409984063],[153.38054674433795,-27.80088398702601],[153.3798516331475,-27.800335431154867],[153.37969973495592,-27.8009119253647],[153.37854252242062,-27.799384513204398],[153.37721564828462,-27.799255504557532],[153.376364839267,-27.80015260258019],[153.37599750218408,-27.80235985454327],[153.3753930669376,-27.80265198851803],[153.37452043137398,-27.802123104417305],[153.37350984160707,-27.800192042348527],[153.37175945063927,-27.799290820934264],[153.3709459733791,-27.799374102652372],[153.36875815936276,-27.800839473282686],[153.36983464335526,-27.802118531364712],[153.37106792144857,-27.804391789968694],[153.37220887244268,-27.808248599113018],[153.37112349595373,-27.813129951905147],[153.37131155588474,-27.813924821292854],[153.37200230536325,-27.815606863785046],[153.37416978930548,-27.818302416142867],[153.37578477924535,-27.81920805322837],[153.38043096022182,-27.820341815042013],[153.38164422839952,-27.820997775146434],[153.38156561865947,-27.822357390900102],[153.38200401297593,-27.823376103343698],[153.38399979115854,-27.824623618604292],[153.3848745392297,-27.826609880161016],[153.3847069118956,-27.827515922840714],[153.38611499211436,-27.82891309338368],[153.38608643863938,-27.82936138294059],[153.38538973385027,-27.829879146924196],[153.38330246763587,-27.830319354273836],[153.38131085960958,-27.833063348613653],[153.3808896963036,-27.835152039354117],[153.38186957692062,-27.83833332903885],[153.3827389002812,-27.838333332636118],[153.3833477494003,-27.838772846608475],[153.38380579390343,-27.83802212583936],[153.384327492421,-27.838401650534646],[153.38442742868403,-27.839028638080077],[153.3849747048199,-27.839228513304178],[153.3847662329764,-27.839912981018156],[153.38587235682496,-27.840771593453162],[153.38866974931057,-27.84020991647334],[153.39007852830252,-27.84023258658348],[153.39257944218866,-27.83908066565912],[153.39327014400305,-27.8390375521602],[153.39367713489298,-27.839464914493117],[153.39302741878146,-27.844892707950905],[153.39269682080283,-27.845522817942467],[153.39273467056978,-27.850447727599267],[153.39206590501863,-27.854087997981356],[153.39025343385003,-27.855982935182915],[153.39124227531192,-27.857729134410576],[153.39128497692127,-27.87081274942718],[153.3949653957376,-27.867673203573887],[153.4017787746718,-27.866901409890527],[153.40411904356017,-27.86492281865157],[153.4079519379327,-27.860300757492492],[153.41144914596248,-27.863898874851632],[153.41333333266834,-27.869027989068798],[153.41333333266834,-27.8749999991689],[153.41194549978616,-27.88055554941719],[153.41194549978616,-27.88805555443831],[153.4072222001456,-27.892499999493293],[153.4072222001456,-27.89999999911844],[153.41096757969115,-27.909333333284337],[153.42037290009046,-27.909333332385017],[153.42081739810556,-27.906578360920303],[153.4215756363077,-27.90440735883024],[153.42157917513998,-27.90054895518789],[153.42072984460776,-27.90054895518789],[153.4174315998896,-27.88898037766032],[153.4174315998896,-27.88586666663142],[153.4188331986943,-27.8858711650403],[153.41866436626867,-27.884080319868932],[153.4207837733536,-27.883403187924856],[153.4224835567719,-27.881151793638484],[153.42323828581937,-27.879306597039978],[153.42400553972504,-27.875790638145684],[153.42379164766749,-27.87412984483474],[153.42268626486032,-27.872322773195716],[153.42094099733026,-27.87066110754241],[153.42102997895154,-27.869752277863693],[153.42036723526087,-27.868344968363953],[153.42055765681152,-27.867912894482874],[153.41812086278867,-27.86477965647438],[153.41736652764428,-27.860771541791724],[153.4127878938474,-27.854804447385927],[153.41259496138946,-27.853241821371636],[153.4111154093498,-27.850824503067084],[153.40901834592103,-27.845989448273233],[153.40886389635284,-27.835493525424848],[153.40793522583112,-27.82759753361839],[153.40825205518934,-27.826968277982797],[153.40543020743928,-27.82657391807099],[153.40569907235545,-27.82463282316544],[153.4079124226214,-27.818706484236174],[153.41559429843926,-27.814082910417373],[153.4194115661919,-27.812189517351758],[153.42240381298666,-27.809816076070504],[153.42475314794058,-27.80719571153237],[153.42557190601974,-27.803888572519156],[153.42599789239,-27.800089418911202],[153.42561512204134,-27.797522663859546],[153.42578863633764,-27.79641540057001],[153.42633121531446,-27.79532771102475],[153.43092604500214,-27.795971636401642],[153.4319585863209,-27.79327553455804],[153.43292967966215,-27.789373881619152],[153.43355081172172,-27.783680758480166],[153.43796665204047,-27.778584137667885],[153.4384523111264,-27.774873189566158],[153.43952380118367,-27.772519519880085],[153.4381313520813,-27.76739502008434],[153.4372792093692,-27.76629024611824],[153.43678953481037,-27.764807900784263],[153.43788309423053,-27.76261861547708],[153.43824683132732,-27.760765090257074],[153.43908648875163,-27.75928070346207],[153.43919714493347,-27.756818687952535],[153.43870785798242,-27.754032029774844],[153.43873367482036,-27.75211689559877],[153.43933992130144,-27.751095644369034],[153.43987487312802,-27.750823236123985],[153.4411820916813,-27.750750600580293],[153.44248283691456,-27.751121571823628],[153.44327345520696,-27.75070735038449],[153.44323752819048,-27.748094073403394],[153.44386165589185,-27.74726869091795],[153.44259073577496,-27.742263353091996],[153.4415719729693,-27.741057574468222],[153.44063456373522,-27.740844650980588],[153.44133464997526,-27.74022366820845],[153.4401222469453,-27.740427336772935],[153.43979024872215,-27.740724868478637],[153.43998897820995,-27.741286590424558],[153.43802027411755,-27.74092739760208],[153.43638247287402,-27.741851821525042],[153.4360745548979,-27.740922256177942],[153.43649534858264,-27.7404931104894],[153.43873126823462,-27.740164577354104],[153.4391843161044,-27.73934540109015],[153.44390626316465,-27.739611558147672],[153.44335906976642,-27.739083192056412],[153.44371840378244,-27.738608306848644],[153.44558925174374,-27.738912470155157],[153.44705441732867,-27.740037423109367],[153.4480504992323,-27.741507417154285],[153.4490589567066,-27.743796847367317],[153.4493264627472,-27.745933374846015],[153.44924355334842,-27.72876603104844],[153.44789045318305,-27.72919610843461],[153.44687861875434,-27.72916012206296],[153.44484308424205,-27.728357022979193],[153.443967051939,-27.7275372585586],[153.44408248442028,-27.725633486417273],[153.44552735500451,-27.72243519954589],[153.44577933335074,-27.719186465204345],[153.44653730895084,-27.717595091461508],[153.4464632776593,-27.717152632209412],[153.44738976013048,-27.716329075347737],[153.4471302058954,-27.715437147527567],[153.44764416934413,-27.714473466398584],[153.4480840025758,-27.714099843054534],[153.448655074773,-27.71438537780418],[153.44899771737187,-27.713985629154696],[153.44894060862327,-27.711879806329268],[153.44794837401935,-27.71235807748458],[153.44724627689527,-27.711965539599262],[153.44568907828943,-27.71229048443958],[153.4460732875533,-27.711470296438318],[153.44570692173818,-27.711323012668192],[153.4449843290647,-27.711775637856665],[153.4449843290647,-27.710724843897744],[153.44349042924102,-27.709830192930383],[153.44335839437554,-27.70929571144923],[153.44408174967418,-27.707987008115282],[153.4456188817071,-27.70637373318261],[153.44517630194593,-27.705526645559676],[153.44421500042301,-27.704698592987064],[153.44179270796826,-27.703799155827824],[153.44159283364354,-27.702971104154603],[153.4426017245911,-27.70161957060815],[153.44366296507496,-27.70080103646017],[153.4445665427129,-27.70060515512529],[153.44510249008897,-27.69986664625023],[153.4450729500577,-27.698938233833953],[153.44385757386908,-27.69788744077431],[153.44388711479962,-27.698912914321028],[153.44302200386358,-27.699377120079557],[153.44273242666134,-27.700889934444426],[153.44211155630444,-27.701690954295582],[153.44175939618037,-27.702019319257634],[153.44017943393487,-27.70186227514533],[153.4397273366484,-27.702528524393323],[153.43892433199346,-27.702934624055118],[153.43901295298656,-27.70450870383501],[153.43819848197552,-27.704339901986312],[153.43791573872147,-27.705432896632278],[153.43737700344707,-27.705540478032013],[153.4378267211274,-27.706161518360773],[153.4398780639226,-27.706597631097168],[153.44016924821335,-27.70704917709924],[153.43981476334181,-27.70805777037115],[153.44030006899413,-27.70951368822745],[153.44013126714538,-27.7099905546417],[153.43932523717115,-27.710910526021266],[153.43868800904556,-27.711138408831772],[153.43851498577908,-27.710446320262797],[153.43645560124617,-27.710176237664538],[153.43697509282742,-27.71117310557563],[153.43562846957934,-27.714476471932848],[153.4335296335869,-27.714187883085547],[153.4330727770881,-27.714456762390885],[153.4333032202685,-27.714953338347094],[153.4326955321742,-27.716029450919624],[153.43236498635622,-27.7184835730796],[153.4329445148786,-27.71889486812484],[153.43259425232407,-27.71960805748698],[153.4318116631788,-27.71926327360233],[153.4313833601551,-27.71969157662612],[153.43129447476133,-27.720751691158707],[153.43033230269475,-27.722254030220423],[153.42961911423185,-27.722756217046868],[153.42998625796054,-27.72397581195522],[153.42956425288912,-27.724220575040547],[153.4292899497725,-27.72368040804546],[153.42874556315837,-27.72420369566506],[153.42843327897378,-27.72414461380392],[153.4283066769127,-27.72368040804545],[153.42747110600783,-27.723646648395135],[153.42640343177413,-27.722692915566707],[153.42604472818277,-27.722722456497237],[153.42473229086363,-27.724456898887812],[153.42356333588043,-27.725292468893365],[153.4215588108915,-27.725642733246556],[153.42027591540227,-27.72552035260321],[153.41906475883263,-27.726267301615714],[153.41813634821506,-27.72530512954909],[153.41653272660517,-27.725068806601204],[153.41541441334562,-27.72642344460727],[153.41565917643095,-27.726617565968887],[153.41386987359692,-27.72762615924087],[153.41215231058175,-27.726761048304727],[153.41107762793126,-27.725500064797178],[153.40929069031426,-27.724836731151246],[153.40684395518554,-27.72278167595464],[153.4053622105987,-27.72247061125078],[153.40519688912627,-27.72178979928089],[153.40274976638977,-27.718625309831342],[153.4018473893467,-27.71661891065542],[153.39887232409956,-27.712968317854862],[153.3991267333132,-27.711867043150807],[153.39813509585917,-27.710350868918784],[153.3979816832092,-27.709491434503445],[153.39836710206123,-27.709203700012054],[153.39836918579044,-27.709776944971352],[153.3987784366766,-27.710138825867425],[153.39891940630673,-27.70934389442654],[153.39804196836326,-27.70682521353415],[153.39816733025918,-27.70536522714494],[153.3987850997537,-27.704382643165893],[153.3998155105785,-27.703608709995418],[153.4005306811472,-27.702313161044998],[153.40061974370735,-27.701388888208097],[153.39917981579697,-27.701388885510134],[153.38541665955233,-27.710416669614904],[153.38145829986183,-27.71041666511831],[153.3750000002509,-27.70833332894133],[153.37083332969553,-27.70833333253862],[153.36916666021432,-27.709649999369283],[153.36250000027587,-27.709649999369294],[153.35777777712383,-27.695277798852935]]]}},{"type":"Feature","properties":{"plan":"FHA-021","name":"Jumpinpin-Broadwater","mgmt":"B"},"geometry":{"type":"MultiPolygon","coordinates":[[[[153.3700594001224,-27.767454099247516],[153.36720212268096,-27.767454099247526],[153.3661717109568,-27.76963193258782],[153.3659557216804,-27.774464543024354],[153.36686804612452,-27.77722011253821],[153.36992942740233,-27.78046150391526],[153.37357361073464,-27.78046256601458],[153.36988391091484,-27.779090177189932],[153.36851152209022,-27.77666036640285],[153.36914596681402,-27.77404157747697],[153.3700594001224,-27.77404157747697],[153.3700594001224,-27.767454099247516]]],[[[153.42022051716424,-27.891427471618478],[153.4191312574028,-27.889200329349727],[153.4192230026406,-27.887392720815456],[153.41884700958292,-27.88629469266399],[153.41908459697765,-27.885866664832772],[153.4174315998896,-27.88586666663142],[153.4174315998896,-27.88898037766032],[153.42072984460776,-27.90054895518789],[153.42157917513998,-27.90054895518789],[153.42206741078348,-27.89825181598635],[153.42127366374973,-27.89670868907256],[153.4215653390703,-27.895132674850945],[153.42036136178854,-27.89281635580807],[153.42027940567118,-27.891862346887738],[153.4206339723811,-27.891253254052383],[153.42022051716424,-27.891427471618478]]]]}},{"type":"Feature","properties":{"plan":"FHA-031","name":"Baffle Creek","mgmt":"A"},"geometry":{"type":"MultiPolygon","coordinates":[[[[152.04300166669475,-24.50001032660133],[152.0420576861145,-24.498821936369342],[152.0429203580892,-24.498812622090913],[152.0412596610057,-24.495967655469066],[152.0402965095774,-24.496421433588424],[152.041831627129,-24.49882437892806],[152.04033960419054,-24.49884048758447],[152.04030532383274,-24.501020258963795],[152.0407760370856,-24.502395346653934],[152.04057329931948,-24.50288307597918],[152.0395282727128,-24.502159706291426],[152.03675480938807,-24.502327881312688],[152.03652124915743,-24.501259028067718],[152.0348476171249,-24.502542837268088],[152.03383587262852,-24.505105763006508],[152.0315636023795,-24.50666335101871],[152.02968161631463,-24.5089760646795],[152.02897345326335,-24.510673246359026],[152.03298204368753,-24.508297390398116],[152.03407081241915,-24.507977805517214],[152.03520001467007,-24.508202447171072],[152.03721058400242,-24.50928322092973],[152.0377772666087,-24.50985405570595],[152.038380101062,-24.51148514351034],[152.03897228844153,-24.510766215574215],[152.04115971215208,-24.509381524023947],[152.0385247021544,-24.50881925888755],[152.03763450732777,-24.50601433907643],[152.03976779364984,-24.506521395731703],[152.04031803485054,-24.50348123845433],[152.0415284260971,-24.505183316043134],[152.0433268696405,-24.503583393344883],[152.04364209640676,-24.503983310167566],[152.04308012894592,-24.504444196528375],[152.0434572101832,-24.504671885984695],[152.04333581789479,-24.505532173856686],[152.04427882271068,-24.506158753109872],[152.0445961430986,-24.507017201868234],[152.04459954793197,-24.507762318961735],[152.0439130135759,-24.508395686297764],[152.0444784092523,-24.50867992512432],[152.04523763131272,-24.51022434886045],[152.04480599630085,-24.511773734156314],[152.04355429109876,-24.51218017825843],[152.04437014526707,-24.512406050184858],[152.04462506619495,-24.513322077137882],[152.04388237727107,-24.515388622072976],[152.0433182640278,-24.515390969303503],[152.0432542556805,-24.515104635955893],[152.04299411238947,-24.513042278264265],[152.0433038254123,-24.512238538863258],[152.0420421593193,-24.51046691760002],[152.04211060042496,-24.511727623217],[152.04148983169148,-24.51304852945186],[152.03974083827018,-24.51437407618837],[152.03911457198103,-24.514491304615746],[152.03873879476066,-24.513767465481905],[152.03917073464277,-24.513671539295828],[152.03905529496706,-24.512919894023643],[152.03839900301273,-24.512341334071102],[152.03752680092225,-24.50991239292842],[152.03589202499813,-24.508772752246582],[152.03451108182207,-24.508319868952633],[152.03348369182004,-24.508352629456155],[152.03248293703905,-24.50881528028684],[152.0296707084376,-24.510660916653816],[152.0278543755801,-24.51095490143335],[152.02553404915818,-24.510677671922842],[152.0254069048059,-24.510276972689955],[152.02428201570365,-24.511026665534008],[152.0231976248716,-24.511293562733538],[152.02290785161722,-24.511811770982224],[152.02257942190397,-24.51166330190566],[152.02260590963613,-24.511245883376635],[152.0220933113584,-24.511162375928713],[152.02209350830992,-24.511812677498842],[152.02127684115442,-24.511812677498845],[152.02127682136938,-24.510825045625143],[152.019763268661,-24.509669206354616],[152.0155912642266,-24.510287820312502],[152.01127525405082,-24.512311040407972],[152.0107104105581,-24.512141323948715],[152.01026722015717,-24.51111134839583],[152.0095765444231,-24.51082748098928],[152.00481359727087,-24.51096079469073],[152.00235852632602,-24.511567971970095],[152.00193826863733,-24.51193334853101],[152.00046950576416,-24.511783815556416],[151.99745319760814,-24.51430795263562],[151.9958903791388,-24.51419383226531],[151.99508407666997,-24.513461454967892],[151.9912731572316,-24.51249708945489],[151.98807915293173,-24.512064708904994],[151.98553004077985,-24.512279234085174],[151.98332344712048,-24.5118158233274],[151.9801008695606,-24.512480414225497],[151.97563755493036,-24.51287411133694],[151.96742559171878,-24.51194881507156],[151.9657506871456,-24.512514106426654],[151.9622540618766,-24.51553462340985],[151.95842339062813,-24.516068666021848],[151.95467284267863,-24.515414967712275],[151.9517119012844,-24.5133277023973],[151.95064991706113,-24.51217931400988],[151.94963907458475,-24.511725417180024],[151.94518352290243,-24.51192752901803],[151.94288379005604,-24.511604770429617],[151.93556330410433,-24.511470920732194],[151.93311451402474,-24.5109254342472],[151.9304559157091,-24.509890906326067],[151.929138586078,-24.508940293245793],[151.92842120677437,-24.507988176498998],[151.92645226975753,-24.508394829243837],[151.92690855338822,-24.509152634872034],[151.92860148127443,-24.510525747650934],[151.93230923318572,-24.512743710539564],[151.93326611813802,-24.514220073583292],[151.93391928764618,-24.516740053096644],[151.9349526842201,-24.517443030656988],[151.9362042985906,-24.516100376117137],[151.93877390809052,-24.514581724252903],[151.94115759444855,-24.51428196492648],[151.94184139396634,-24.514468714545306],[151.94202651761088,-24.515038281277402],[151.9424505677406,-24.515137410848535],[151.94218108768814,-24.514447330465686],[151.94315586195455,-24.514212481506572],[151.94743937962483,-24.515441029165864],[151.95021852936281,-24.515844478525587],[151.95533091618995,-24.518667294845436],[151.95816817921923,-24.519750557028235],[151.96036209873296,-24.519038684273465],[151.96246189610076,-24.516977563149716],[151.9674767478548,-24.515319421040154],[151.969285026384,-24.514343231240872],[151.9730669480823,-24.51476748911405],[151.97458834197948,-24.51536844668215],[151.97619163173954,-24.516523003519495],[151.97814350501983,-24.516729348466335],[151.9792601716208,-24.517562680958644],[151.97991017191805,-24.51761268146573],[151.98034350485,-24.516996014540126],[151.98084350542456,-24.516879347289755],[151.98267683816664,-24.517062680384043],[151.9849935052472,-24.51611268064141],[151.9852262443968,-24.516580624881588],[151.9906293298808,-24.517704522931027],[151.99355043490573,-24.51772762741372],[151.9945833530404,-24.517202786664974],[151.99513778777987,-24.51759449357669],[151.99701540943477,-24.517650587890007],[151.99663794778417,-24.518704361302856],[151.99526877673384,-24.520037151179185],[151.99254489663076,-24.52161776903039],[151.99209630490168,-24.524926915330393],[151.99049587498575,-24.525973394342145],[151.98998232882252,-24.528039379898885],[151.99022423476174,-24.52882238453082],[151.9927216538823,-24.53040404559564],[151.9934462313596,-24.53211903565032],[151.99589639920055,-24.534061088333882],[151.99598755718114,-24.534858874222937],[151.99457150717046,-24.536278329066885],[151.99286420631915,-24.536087303171776],[151.99113395117206,-24.536386272893438],[151.98959783537293,-24.534590608255247],[151.988474636996,-24.534875750001145],[151.98597291911608,-24.53663244071982],[151.98628359980944,-24.53772890495023],[151.98707188705907,-24.538609511205163],[151.98863552481077,-24.53894848996607],[151.99077779805805,-24.538485146657383],[151.99181665531557,-24.53950612898983],[151.99285404398006,-24.539978943058912],[151.99312184769622,-24.540316551253035],[151.99296987755895,-24.540800041174144],[151.99219716296977,-24.54145491849484],[151.9916044845604,-24.541483811014196],[151.99044091291898,-24.540402739579953],[151.98930547386965,-24.539912386932304],[151.98792578344933,-24.540079541223037],[151.98533888178508,-24.54148720865289],[151.9847640099522,-24.542509555256906],[151.98484439405468,-24.543676197183867],[151.9872011169391,-24.544004036941836],[151.98760378388863,-24.54441818553591],[151.98649800627913,-24.54817658636539],[151.9856020063287,-24.54756092937839],[151.98496709755466,-24.547581888078685],[151.9814044683427,-24.54866041173361],[151.98039570509889,-24.549871667228615],[151.97913969304352,-24.549368447980445],[151.97969705597552,-24.55008002305959],[151.98045329678337,-24.55013038149689],[151.98143271424954,-24.54887933909523],[151.98513516016067,-24.547700933136582],[151.9862143097438,-24.54851154965329],[151.98676139072677,-24.548522315437513],[151.986883483587,-24.549160390724428],[151.98468653875386,-24.550636343677272],[151.98416197319762,-24.550562999467825],[151.98259970511344,-24.549307330054212],[151.98174291110763,-24.549244052855734],[151.98145887282988,-24.549828059102605],[151.98222549990805,-24.55113355005822],[151.98224304568112,-24.551841339890824],[151.98330900760573,-24.55273523093109],[151.97911487535237,-24.5549379206334],[151.97654083399345,-24.55682362539479],[151.97575347124678,-24.559863581224032],[151.97422531984375,-24.562830805282154],[151.9691382804084,-24.568335242561943],[151.96720580010867,-24.568804777702876],[151.9659331586895,-24.569608583653775],[151.96469592267977,-24.571488297131726],[151.96292349022804,-24.571285746424554],[151.96347817767685,-24.571768051938516],[151.96474768226085,-24.57165694159907],[151.96584028030577,-24.570101998492955],[151.96665635660668,-24.569805621516736],[151.96707979609687,-24.569136440478907],[151.96809283561697,-24.56946458600638],[151.9688658568749,-24.56872940012629],[151.96829038069768,-24.569868079432844],[151.96828766204715,-24.570804512902445],[151.97000880526332,-24.573091618367936],[151.97009958283058,-24.57439117020077],[151.967879726869,-24.57648695209553],[151.9686307606022,-24.580174862264393],[151.96578751528273,-24.58110086539689],[151.9650429926411,-24.58321407345496],[151.96346968358012,-24.58528298000974],[151.95917815744713,-24.586950972393645],[151.9590149745626,-24.590020818989718],[151.95832452905495,-24.590167268188942],[151.95682830358453,-24.589391238698795],[151.95555509559233,-24.589315682157125],[151.95517615185906,-24.58967496401248],[151.9548153222704,-24.59159674417846],[151.95504153503998,-24.591552638727368],[151.95538254087273,-24.589822902489058],[151.95598633580187,-24.58949231350357],[151.9581692143389,-24.590385071398014],[151.95919443697483,-24.59029902426463],[151.95947995823462,-24.587073839570223],[151.96379627328054,-24.585463687083717],[151.96530418094437,-24.583387672287486],[151.96607853499756,-24.58125498851123],[151.968755499268,-24.580613053334066],[151.9690284507036,-24.5796204940749],[151.96835628211784,-24.57690096489198],[151.96881718196846,-24.57585255053921],[151.97037158188414,-24.574672041965616],[151.97044111027014,-24.57348184229761],[151.9697761677371,-24.572027362457305],[151.9686646686407,-24.570650152367147],[151.96920610188124,-24.57010224400787],[151.9692794613792,-24.569035193903616],[151.96995358868833,-24.56794838569403],[151.9713895317027,-24.56699053127258],[151.97277079503726,-24.565132624555606],[151.97481204564053,-24.563473149650786],[151.9775330802886,-24.556686080383106],[151.97930019325042,-24.555584310152643],[151.9799237031175,-24.556192106165586],[151.98060631822818,-24.55629013406728],[151.98385772085828,-24.554219066441604],[151.98492837004937,-24.5539264000682],[151.9850525412429,-24.553415618420942],[151.98603300012394,-24.553574144615965],[151.98562981156772,-24.55435215621193],[151.9857700086801,-24.554780117493305],[151.98717090511434,-24.555286369255388],[151.9881092235629,-24.554705515132305],[151.98808207392972,-24.55333495013273],[151.9886807427232,-24.55312545486077],[151.98896107129758,-24.553431182088254],[151.98837353341298,-24.554490699471057],[151.98934946240888,-24.555139831023215],[151.98950307830557,-24.555742717637134],[151.99088799198842,-24.55527742909492],[151.98978359303953,-24.555379128928504],[151.98936372295861,-24.55475763893873],[151.98867400680115,-24.55454242937447],[151.9885830727518,-24.554127111661764],[151.98922698194076,-24.55331434216803],[151.9887215566556,-24.552916258163677],[151.98792991763275,-24.553120351208165],[151.9878832248321,-24.554463587609362],[151.9874709702102,-24.555005363491606],[151.98592627757682,-24.554518684574496],[151.98631842425698,-24.55371316451582],[151.98618418695185,-24.55334037394401],[151.98481342859793,-24.553223706693636],[151.9840097431562,-24.552669181122724],[151.98202596642636,-24.5496421890208],[151.98372396828768,-24.550965390325448],[151.98459769023236,-24.551272190444163],[151.98725034312997,-24.549568450908232],[151.98737261405597,-24.546747117570447],[151.98809271290952,-24.54531459467789],[151.9882356898264,-24.54427673656722],[151.9877263830673,-24.543282739292096],[151.98725718337346,-24.54302502327133],[151.98606039617152,-24.543490223679978],[151.9852988349744,-24.543449170527904],[151.98539413523224,-24.542343249926205],[151.98581386411968,-24.541914939707848],[151.98830942074426,-24.54057313412798],[151.9896179657976,-24.540824166387342],[151.99158626789313,-24.541896886717097],[151.99281701439486,-24.54161534405803],[151.99360822893777,-24.54073182399966],[151.99324525086877,-24.539675183548063],[151.9910459893821,-24.538139208043248],[151.98748253998838,-24.538392133375474],[151.986601083874,-24.537532425566194],[151.9866215740276,-24.53665798146591],[151.9893522925754,-24.535009525054786],[151.98993399655785,-24.53641818443692],[151.9909660216657,-24.537008143296397],[151.99257361108437,-24.536699585003074],[151.9949224001498,-24.536919131098266],[151.99586623234188,-24.536528743491946],[151.99679356107515,-24.535286433507363],[151.99672557412703,-24.533857345125693],[151.9948937666352,-24.531975118941936],[151.99348459374016,-24.529574959702057],[151.99118007020525,-24.527687280029433],[151.99349725169793,-24.525276675163934],[151.9934836332642,-24.522321022682632],[151.9982070183404,-24.520696401003715],[151.99867120431372,-24.52027066734304],[151.998724274207,-24.518316811956932],[151.9993823540135,-24.517947531439074],[152.00609567797426,-24.51772151831904],[152.0075585466907,-24.516745923870964],[152.007457949426,-24.51559583036896],[152.00788980027517,-24.51517904406337],[152.0094263477489,-24.51497019720257],[152.01060688510074,-24.515041797626576],[152.0135369230917,-24.516711458252903],[152.01396934680906,-24.516591712623136],[152.01445764270716,-24.517404339124607],[152.01742077574931,-24.518703661630344],[152.0190652562577,-24.520910070029295],[152.02103525267592,-24.524419480959782],[152.02068275620536,-24.524559005379306],[152.0232343819623,-24.526732652375454],[152.0246399188983,-24.529305152296377],[152.0255153252732,-24.530352429006797],[152.0257417116119,-24.530044472359886],[152.0279880436144,-24.53216291986819],[152.02786283909984,-24.532514132106858],[152.03055404143697,-24.532238319028554],[152.03344333923985,-24.53034397897683],[152.03650654074534,-24.531486287047862],[152.03898547609992,-24.53742650161699],[152.04251513616578,-24.537943905871803],[152.04267570382183,-24.540846883262205],[152.04446285997415,-24.540821291254712],[152.04645336363296,-24.537263467120553],[152.0509635284452,-24.537924371697642],[152.05137185033175,-24.53559240624983],[152.048234381013,-24.535132675517833],[152.04912684572844,-24.5299960069955],[152.0501101797421,-24.528846007023045],[152.05057684604571,-24.527679341713707],[152.05122684634307,-24.527446007212887],[152.05476018103866,-24.52892934000243],[152.05632916795787,-24.530449613344345],[152.0599338926362,-24.5310452352348],[152.0641895762891,-24.54107198806698],[152.0681148103514,-24.541626505543956],[152.0729158743692,-24.538404315591908],[152.06933039428338,-24.529935098611336],[152.0667908419249,-24.527064233313165],[152.06675111527284,-24.526611849143016],[152.06609392939242,-24.526516547985796],[152.06596583085957,-24.52631506207591],[152.06631597920023,-24.526143900406165],[152.0660990546288,-24.525823272311648],[152.0647552093866,-24.52557776009105],[152.06329538667387,-24.523497893498536],[152.06228143703981,-24.523126698324017],[152.0622047482517,-24.522715717142166],[152.06309188898058,-24.52155514743769],[152.0520659542815,-24.50945063602389],[152.04966985368196,-24.506365559408923],[152.04791814700604,-24.50499127931005],[152.04909096997346,-24.50662888540066],[152.05084954657048,-24.510753235659124],[152.05016288540992,-24.51028065091714],[152.04921686067075,-24.51027641960689],[152.04937938525154,-24.509954152048298],[152.04898098018919,-24.508852138101556],[152.04777497943292,-24.507236138223064],[152.04741597906536,-24.506120638042926],[152.0458134780107,-24.505139638669334],[152.0451604775751,-24.503805138282434],[152.04470697824559,-24.50357513846783],[152.04479147764573,-24.503139138146686],[152.04420047827057,-24.502664637848728],[152.04418297656423,-24.502094138519684],[152.04311747599183,-24.501840139396908],[152.04259747629362,-24.502446139463764],[152.04307697592287,-24.50080813947009],[152.04230997562604,-24.499874639588995],[152.0423617837704,-24.49938266726236],[152.04300166669475,-24.50001032660133]]],[[[151.89858351611747,-24.477759940855123],[151.89733447111007,-24.476609505610767],[151.8963316227074,-24.476721174429194],[151.89570144616596,-24.477751306464164],[151.89619986033642,-24.47855549192889],[151.89594195815596,-24.480618766029707],[151.8954407129197,-24.480617254269326],[151.89469047598584,-24.480156323841726],[151.89406961192424,-24.478549069870162],[151.89269447297272,-24.47762756694518],[151.8895617017123,-24.476728632506926],[151.88915681613526,-24.477568101972874],[151.89218714112485,-24.47934607334911],[151.89418558759587,-24.481186821001423],[151.8953117582322,-24.481648898963947],[151.89656688985121,-24.48107931694335],[151.89707740439985,-24.478443457985705],[151.89770515277166,-24.47810132710107],[151.89819673389331,-24.480854868643757],[151.89944864773804,-24.481202609499302],[151.90195007603631,-24.48258608516611],[151.90207259427598,-24.483389131189842],[151.90093918139928,-24.484991140315266],[151.90093278092422,-24.48682583013431],[151.90143204495405,-24.487400650705794],[151.90468753140556,-24.4882129795317],[151.90568768993603,-24.488903939451532],[151.90755959639944,-24.491202830532423],[151.90718205291057,-24.49166040828743],[151.90542517603217,-24.492343261718347],[151.90416758476738,-24.493600904244506],[151.90119108600095,-24.495464182612107],[151.90091944487756,-24.496895275582634],[151.9015655592043,-24.497832037304747],[151.90263921033238,-24.498466699664533],[151.90476056894624,-24.498585476724454],[151.9052994768905,-24.498415283624496],[151.90608750963202,-24.4974522805844],[151.90625572242482,-24.496288105497822],[151.90687914865487,-24.495416677723632],[151.90880121300665,-24.495718128674845],[151.9095050772986,-24.4961345192788],[151.90957682611077,-24.496500654867436],[151.90747658897453,-24.499828695024295],[151.90725652127253,-24.501099511719097],[151.9073134357676,-24.501798301136684],[151.90877506881554,-24.504232197543853],[151.90958053581426,-24.504748299580292],[151.91214060800382,-24.504708251870298],[151.91497056224273,-24.501946381706155],[151.9199640299172,-24.50143574844704],[151.92458107285938,-24.500245756522467],[151.92540229867825,-24.500303967839887],[151.92599325578522,-24.5007757980507],[151.92157858638382,-24.501890434881677],[151.91631623400815,-24.504953056324446],[151.91461066884847,-24.505611619966196],[151.91206955166956,-24.506039633408285],[151.90992704819587,-24.506889469359415],[151.90603458902615,-24.50780651614366],[151.90441469778125,-24.507719449179096],[151.90229301900877,-24.509799204255685],[151.90208340412698,-24.51043496198974],[151.90004954505162,-24.512670672099617],[151.89797294119944,-24.518255738996803],[151.8974281615815,-24.51822062496752],[151.89667679419983,-24.517298488919813],[151.89536232531225,-24.517450056160854],[151.8947443435777,-24.517205863245657],[151.89528082335244,-24.517654604262265],[151.8963031987348,-24.517528548089683],[151.89722083457502,-24.518482431104978],[151.89801587213594,-24.518729872371335],[151.8985379186911,-24.518286898707057],[151.89882666581912,-24.51694540609131],[151.89921639062504,-24.516615591422102],[151.8991570704436,-24.523533604677652],[151.8999994474177,-24.5250265512199],[151.9014936017495,-24.52653478713619],[151.89915389583678,-24.527384921662275],[151.89977091619596,-24.52984297925551],[151.89883011561847,-24.531235403176662],[151.90000148887873,-24.5302754632274],[151.8998300807947,-24.528251729619065],[151.8993927611681,-24.527546456988855],[151.9017096755622,-24.5268769333093],[151.90307357208883,-24.52761173158158],[151.9051794632627,-24.53118211744613],[151.90497531715835,-24.532600767396822],[151.9011668555671,-24.537257834666597],[151.90034178604571,-24.53993654272243],[151.90150243039398,-24.54159444561231],[151.90438041832283,-24.542671367574695],[151.90502648138818,-24.54345108518456],[151.90552521481789,-24.545165895374847],[151.90516713985278,-24.548167384502204],[151.90597394863994,-24.552921287172573],[151.90610145811695,-24.55274986469943],[151.90568341276037,-24.554910711644887],[151.9031598791263,-24.559112518712507],[151.89862616376763,-24.564188554043174],[151.89791317315553,-24.566717735419765],[151.89689845639975,-24.56761754220038],[151.89652927210932,-24.57165482549429],[151.89316804696898,-24.57620653448839],[151.89199297929372,-24.577106274719174],[151.88720381960172,-24.57820358071503],[151.87958678580264,-24.580813377319796],[151.87930563075145,-24.581039233957785],[151.87995608880362,-24.581326730128744],[151.87794106512922,-24.58204657537344],[151.87485418537347,-24.582788802045823],[151.8714057880478,-24.583044051226214],[151.86841023714385,-24.58274611752355],[151.86604869389328,-24.581564545052],[151.86510840772792,-24.581504702364384],[151.863835767208,-24.580707527114967],[151.86203809798099,-24.58017708358985],[151.8586883320021,-24.580514609046276],[151.85785935132913,-24.581257119005105],[151.85694694504662,-24.58037058262059],[151.85614585055168,-24.580178982958014],[151.8552775982837,-24.578394725320674],[151.8552983996026,-24.579035363675413],[151.8560133867096,-24.58024833327827],[151.856862754114,-24.58051843835956],[151.85789825779943,-24.581485069264833],[151.8584009779239,-24.580800338948812],[151.86002276134252,-24.58062606202744],[151.85896259464914,-24.581946408883937],[151.8585193898591,-24.583263150358356],[151.85844596471065,-24.58652920923977],[151.8596320077121,-24.588136939852024],[151.86295048088107,-24.589578553091876],[151.86332445586004,-24.590267209847955],[151.86319757321053,-24.590725287625986],[151.86174888860148,-24.592726937482194],[151.85948426258983,-24.59495555553843],[151.85653945773095,-24.59425982741312],[151.85322456836025,-24.59172932763046],[151.85197786159017,-24.591826743093755],[151.85069634026502,-24.592373637917092],[151.84806298501985,-24.594706392969673],[151.84810671995035,-24.596585832154364],[151.84745664860657,-24.59824918943245],[151.84556784478139,-24.599881760218924],[151.84618066260862,-24.600771410955748],[151.84692099710742,-24.600113376115306],[151.8489015767475,-24.597134424897728],[151.84901294069584,-24.59486918105188],[151.85292892163352,-24.59218774625157],[151.85378298170042,-24.593507252241945],[151.85478357999932,-24.5943122794721],[151.85578493013156,-24.594888074908734],[151.85816560735805,-24.595524966687872],[151.85634037121224,-24.59543430063642],[151.85547609574633,-24.596119068723993],[151.85526138530577,-24.596908255295673],[151.8555250611338,-24.598626873215526],[151.856513559954,-24.602286897206408],[151.85608966630616,-24.603544048702695],[151.85484573214592,-24.6043502315617],[151.856416807291,-24.603649422266848],[151.8569104820342,-24.60296725411933],[151.85568211963528,-24.597847833694512],[151.85616575884387,-24.596205301117752],[151.85654403258218,-24.5958395072714],[151.85829573116416,-24.59597282816744],[151.86054838360212,-24.59536439813245],[151.8634174169813,-24.592545046001124],[151.86432316918,-24.590964853529247],[151.86435116057874,-24.590201473902983],[151.86375012207156,-24.5890213610311],[151.8625954842953,-24.58824056333546],[151.86199298528913,-24.58832460498066],[151.86016497833225,-24.587549924473574],[151.85915086412217,-24.586612216664665],[151.8601569527823,-24.581627256576883],[151.86097879014017,-24.581374868139957],[151.86374458674436,-24.581876024343327],[151.8653209732854,-24.582753455991497],[151.868683405316,-24.58373252272198],[151.87594970261785,-24.583517550578744],[151.87919367055258,-24.582449458160205],[151.881131410987,-24.582357584319354],[151.8828870279151,-24.58041981510669],[151.88449757520402,-24.57980944973062],[151.88796029243463,-24.578880816081156],[151.89011485941433,-24.57871742455382],[151.88979396961713,-24.57941193859442],[151.88868622519033,-24.57971946806331],[151.88809461067888,-24.580306305376016],[151.88666567158464,-24.58053395166487],[151.88436561138496,-24.58238878719702],[151.8843622578131,-24.583088479533977],[151.88474641671485,-24.58361559286955],[151.88560806975772,-24.583138726455307],[151.8873613853208,-24.583338938025815],[151.88780987272855,-24.58255029464462],[151.88814081334897,-24.582574231899553],[151.88884066036928,-24.58332184641031],[151.88809310611305,-24.583782650033545],[151.8880176538927,-24.584322213583516],[151.88819687079013,-24.58444817352858],[151.88824085123542,-24.58390748402741],[151.88907217194435,-24.583475961430693],[151.88824363103993,-24.582462317566158],[151.88776598131608,-24.58238001161253],[151.88745623771638,-24.583020530357455],[151.88691575775715,-24.583258166315566],[151.88479980766613,-24.582955292636917],[151.88462852728583,-24.58259387219372],[151.8865319855638,-24.58099408349445],[151.8898500954067,-24.579650043099367],[151.89064990027384,-24.57883076341335],[151.89320533016303,-24.577379673117814],[151.8958486615876,-24.574709817088806],[151.8976657471776,-24.57202917998714],[151.8982604967257,-24.570574163251546],[151.89753388588122,-24.5698758801523],[151.89754775882318,-24.56828946527117],[151.8990753589418,-24.566485954947485],[151.90119925903969,-24.562741726534124],[151.90378744943234,-24.560735828280595],[151.90303156475602,-24.563501834426795],[151.90239568831146,-24.564654535962713],[151.90269499258102,-24.565199232842932],[151.90338753171034,-24.565231628221692],[151.90329728294444,-24.565864666405847],[151.90252593892205,-24.566296711508627],[151.9030215588989,-24.56693375797116],[151.90281569958597,-24.56630536838263],[151.90345104812855,-24.566057614152207],[151.90359036570396,-24.564940541057766],[151.9026809478686,-24.564628473609808],[151.90351418413343,-24.563813924357806],[151.90406677885994,-24.56259955451055],[151.90445103488844,-24.560251064020132],[151.90506084268486,-24.559513240428448],[151.9062065933607,-24.556853487383332],[151.9070676339653,-24.556789688578107],[151.90764179083715,-24.55621127701366],[151.90805110287727,-24.556983991602763],[151.90779440129177,-24.555976978439645],[151.9066398894205,-24.55640696589356],[151.90730810908315,-24.553490712711127],[151.90750250203996,-24.549550607459548],[151.90723292486075,-24.547388396242514],[151.90630768165533,-24.54613131219535],[151.90664797972158,-24.545717298499568],[151.90677338838225,-24.546021893480628],[151.9069977395552,-24.545854314709878],[151.90725842873462,-24.54477595473161],[151.9076396450547,-24.545112765227028],[151.90751060762955,-24.546322248158297],[151.90805146080743,-24.54525294795023],[151.90857636900535,-24.545617310975192],[151.90832822806635,-24.54477603656988],[151.90704113993775,-24.543451219183535],[151.9021013833733,-24.540029674714887],[151.90156544678905,-24.539237617507247],[151.9024530866418,-24.5374268208763],[151.9053328633221,-24.53477967452766],[151.9062621004167,-24.533464483484426],[151.9059532507431,-24.53080283826576],[151.9048626941592,-24.527462474698915],[151.90281110315107,-24.523108407012913],[151.90178667011992,-24.52293249152678],[151.90120882512826,-24.522238804862496],[151.90054912114613,-24.520145318037592],[151.90217643989195,-24.514514847967604],[151.90331727307478,-24.512051581501083],[151.9063363970082,-24.50914379903296],[151.90858095914507,-24.5085203790981],[151.9136576060148,-24.50828012071683],[151.91650758725643,-24.506914734013684],[151.9186841624453,-24.505314997475065],[151.92248266224624,-24.503975957310526],[151.92552955364715,-24.50374315610773],[151.92601790979984,-24.505127839564075],[151.92623951714108,-24.507512764288496],[151.92808467416955,-24.507104651044703],[151.92648424964955,-24.502363636558602],[151.92733483023937,-24.500967457068526],[151.92725542190135,-24.500094167697736],[151.92557561422439,-24.499428607330408],[151.9242224538043,-24.498246781250014],[151.92248548611747,-24.49878308116032],[151.92261683929678,-24.49950205406259],[151.92207281960611,-24.499856166614833],[151.91888735436908,-24.500261938923398],[151.91348895435294,-24.501657537451383],[151.91214670181,-24.503281175272008],[151.9109551909304,-24.50395643662622],[151.9093497769718,-24.503110706080225],[151.90817392598706,-24.501148826043536],[151.90863690507024,-24.50009828029743],[151.9108047631305,-24.49890620194573],[151.91094704667,-24.497848480509035],[151.91033021426915,-24.49505814140626],[151.90936771844656,-24.494716047393805],[151.90680536557625,-24.49459088514737],[151.9056922935656,-24.49529881707291],[151.9047249261156,-24.497681602310184],[151.90266201624024,-24.497723273296508],[151.90193326770725,-24.497299044201615],[151.90154118757687,-24.496718673913808],[151.90191882099793,-24.49595102610508],[151.9064970024358,-24.49321552316403],[151.90801648797162,-24.491962200980993],[151.9081679877636,-24.490333042222375],[151.9058161751775,-24.487986966411686],[151.90406530397172,-24.48694978638985],[151.9023134264246,-24.48637718624445],[151.9026931966348,-24.485111011850083],[151.9028288566675,-24.482129998487082],[151.90184147660398,-24.481093890457153],[151.89907631312246,-24.48016946743345],[151.89845339231135,-24.47913558702424],[151.89858351611747,-24.477759940855123]]],[[[151.83379919058132,-24.42062069447725],[151.83154432491176,-24.419473683851244],[151.82966458085684,-24.41729473265362],[151.82878448811482,-24.411389328142924],[151.82652835530052,-24.40766230106237],[151.82652696225068,-24.405254333009168],[151.82765337120725,-24.404337225970337],[151.82808968359313,-24.401069357652922],[151.82721005400197,-24.395679935568904],[151.82654436683015,-24.394512295394463],[151.8253185594051,-24.393322798096996],[151.8247323057525,-24.393846660383446],[151.826054006988,-24.394361108566628],[151.8270224032624,-24.39596655939747],[151.82664905511092,-24.399865097084792],[151.8267758640161,-24.402617088196223],[151.82640101759398,-24.403992995168682],[151.82496153574743,-24.40485269488409],[151.82452393283438,-24.405999250453128],[151.8247122472735,-24.406859285615568],[151.8257147296522,-24.40817812700697],[151.82640441523267,-24.409898243197354],[151.82772013507736,-24.411446466569124],[151.82803407311508,-24.412937178296097],[151.82797323937461,-24.415975786041532],[151.82872583702886,-24.41809721210445],[151.83048008428955,-24.419817499166037],[151.8327976237125,-24.42107921022511],[151.84068866115388,-24.423201545502607],[151.84238067263107,-24.425151019391677],[151.84256893401027,-24.425724356081798],[151.84156975933809,-24.429680220153593],[151.8419467884147,-24.431572220169365],[151.8435489009621,-24.435468285620303],[151.84565724368792,-24.4379942780009],[151.84766499004843,-24.445034771724565],[151.8479344548124,-24.447303905138313],[151.8495018256499,-24.447967952845925],[151.84890691242515,-24.448387279736348],[151.84903928633514,-24.44979947705133],[151.8481228870627,-24.45014785102961],[151.84700183626683,-24.45011830200514],[151.84585118968175,-24.451058706880897],[151.8459080897876,-24.451795145516613],[151.84741054486187,-24.45215985837787],[151.84710633029408,-24.452417425111154],[151.84483464100697,-24.45282539626208],[151.84337394685133,-24.452286919992453],[151.84112112983735,-24.453443176548415],[151.840742434317,-24.45373478621847],[151.84097081085542,-24.45407022884503],[151.84171144662707,-24.45370253113393],[151.84271355668648,-24.453702635455308],[151.84365259099536,-24.453072070406776],[151.84465494836832,-24.453416153719598],[151.84515567919232,-24.452957539945587],[151.84678406273542,-24.452900342164128],[151.8479737273068,-24.452441758067774],[151.848161377147,-24.452097779975663],[151.84747172124412,-24.451123080352982],[151.85003072773702,-24.44985776301246],[151.8512911950338,-24.449804648153133],[151.85511295490005,-24.451467409180697],[151.8551767096386,-24.452900722577326],[151.85580343817924,-24.453416719393136],[151.85693236433826,-24.455366043994733],[151.85968963087294,-24.45708602618614],[151.8606933875909,-24.45903532111012],[151.8600676060363,-24.45972331506586],[151.858626902011,-24.459608665894123],[151.85850214176162,-24.460239319975535],[151.85718772593395,-24.461385972671373],[151.85530900171022,-24.46184460712979],[151.85594238343538,-24.462221644300325],[151.8561608944109,-24.4627886479646],[151.8566036891101,-24.46195148615906],[151.85825221207108,-24.460984646611045],[151.8588150887465,-24.459952659274744],[151.85919080661154,-24.4598379939152],[151.86108105564733,-24.459882333190045],[151.8620437313342,-24.461194507007782],[151.86273390794463,-24.46321723517411],[151.86320790642083,-24.463833822959412],[151.86451883557697,-24.46453913965641],[151.865458450848,-24.464596442658515],[151.8673362280856,-24.463048360480286],[151.868651509061,-24.4629336141818],[151.8694099109398,-24.463984637467878],[151.86957213964365,-24.46590007021887],[151.87039958697244,-24.468479766514736],[151.87244347528724,-24.47264191437945],[151.8744630135584,-24.475713833013526],[151.8756166548858,-24.47611950190003],[151.87664278583702,-24.47524610820792],[151.87966871314177,-24.475227251223235],[151.8808970602522,-24.47703397212664],[151.88304293888166,-24.478400721302773],[151.8855486740332,-24.478523111838626],[151.8858005327695,-24.478179878385173],[151.88815267360815,-24.47741490426094],[151.8884840387085,-24.476606378668],[151.88768589488927,-24.47658029113409],[151.8854266702058,-24.47760539416012],[151.88392216018065,-24.47783009606862],[151.88242180592272,-24.476908109308326],[151.88055183030383,-24.474264919077356],[151.88005145561135,-24.474034033430524],[151.87754413495497,-24.474370225192317],[151.87621612767327,-24.475066467729874],[151.8755242225659,-24.47485077343103],[151.87411048291358,-24.47319570160699],[151.87217629659995,-24.469776748984447],[151.87075696136583,-24.46601025695457],[151.87043625143303,-24.464044898340187],[151.86948161568512,-24.462413787153437],[151.86719374399718,-24.46209464923552],[151.86605446034616,-24.462439827023232],[151.86500908390326,-24.463838926612002],[151.86397677730758,-24.463586165855684],[151.86301408723148,-24.461745446981666],[151.86268512242157,-24.46012080461833],[151.86124154236438,-24.45761588155466],[151.8602041447067,-24.456115386103168],[151.85845115829545,-24.455439298271976],[151.85780863496166,-24.454620733547024],[151.8571812058491,-24.453244737541674],[151.85692943614572,-24.451696760584152],[151.85623981081972,-24.450836769488408],[151.85442324683652,-24.45049273923563],[151.85130319019117,-24.448861456278365],[151.8504753255769,-24.447568639468333],[151.84897189563765,-24.44710989259466],[151.84834509335246,-24.44642186806194],[151.84840662766487,-24.44493123007941],[151.84683698424055,-24.439484528375658],[151.84589596782575,-24.43719116542735],[151.84382724023612,-24.43415236432764],[151.84276042935142,-24.43094164792627],[151.84275805963784,-24.427559025216425],[151.84325792621348,-24.426011092325677],[151.8429439144312,-24.424692414610913],[151.8419413942811,-24.423774994608042],[151.8417531176134,-24.423144325238134],[151.83949797585205,-24.42176809091238],[151.83379919058132,-24.42062069447725]]],[[[151.82412891641752,-24.393116565565418],[151.82460172329206,-24.392413686930468],[151.8242650180173,-24.390920750280795],[151.8246067540996,-24.38753533337739],[151.82424813414525,-24.387489134304577],[151.8237022240795,-24.39200995068706],[151.82376527824613,-24.392812616297576],[151.82412891641752,-24.393116565565418]]]]}},{"type":"Feature","properties":{"plan":"FHA-031","name":"Baffle Creek","mgmt":"B"},"geometry":{"type":"Polygon","coordinates":[[[152.02127682136938,-24.510825045625143],[152.02127684115442,-24.511812677498845],[152.02209350830992,-24.511812677498842],[152.0220933113584,-24.511162375928713],[152.02127682136938,-24.510825045625143]]]}},{"type":"Feature","properties":{"plan":"FHA-030","name":"Beelbi","mgmt":"B"},"geometry":{"type":"MultiPolygon","coordinates":[[[[152.6950551980401,-25.246487819127687],[152.6904278227869,-25.243124194596128],[152.68405407203898,-25.240077068472203],[152.68154257313233,-25.23822681858313],[152.68004769664503,-25.247179443646548],[152.67521607096603,-25.244848193159793],[152.67059643437904,-25.244115385087156],[152.66877143385568,-25.244115385087156],[152.6674603230366,-25.245687608666394],[152.6674603230366,-25.246689840134174],[152.6679132899675,-25.246455686350984],[152.6676671284364,-25.24637120134001],[152.66885335669815,-25.244706040921265],[152.66931767037534,-25.24456377986476],[152.67354719274988,-25.245024881163502],[152.67612733690817,-25.245895995973616],[152.68070175468335,-25.248063146267338],[152.6854636370383,-25.25100537366911],[152.68927747837404,-25.253835759582667],[152.69453653743244,-25.256559349204554],[152.7071468311625,-25.26139251002616],[152.7140070198093,-25.263576215939423],[152.720611639117,-25.26494501467044],[152.72344331016177,-25.26638620522892],[152.72563959399315,-25.257457410401095],[152.72445232611506,-25.256605696665524],[152.71646857486598,-25.254829321585905],[152.7104588238168,-25.252889945284792],[152.6994213238362,-25.24865656841604],[152.6950551980401,-25.246487819127687]]],[[[152.66263816542016,-25.264053463666194],[152.66214281973646,-25.259552765117906],[152.66098577537434,-25.259552761520624],[152.66051343794595,-25.260252907115824],[152.6609398496954,-25.26080711162872],[152.6605197637772,-25.26204390067534],[152.6614851284371,-25.262605145081224],[152.66141581498903,-25.26400291097537],[152.66051454141405,-25.263963639380233],[152.65972129979923,-25.263097523901397],[152.65966361008861,-25.26239663996278],[152.65903577987842,-25.262329995702594],[152.65770502426858,-25.261300920371024],[152.65654584761387,-25.26156599734276],[152.65560344264588,-25.262643442710537],[152.65546674299696,-25.26389497434339],[152.65687558134414,-25.266164972005605],[152.65650378182522,-25.26806133103531],[152.6569212300319,-25.26932412307947],[152.65659859015398,-25.269598884850332],[152.65694815663323,-25.269402242689033],[152.65727315093625,-25.27074725165402],[152.65829261431384,-25.271594546121065],[152.65687669110753,-25.272354527209245],[152.65663732575308,-25.271191140828115],[152.65612896508082,-25.270805051981235],[152.65333309784535,-25.271594769152923],[152.65148995080176,-25.273200816234286],[152.6494541392982,-25.276571534618185],[152.64804026474758,-25.27687479500528],[152.6472484098873,-25.277380637575867],[152.6457035167051,-25.279709919446674],[152.6456232890847,-25.28216820906503],[152.64454122569816,-25.282267055349717],[152.64198219042692,-25.284997984338844],[152.6404973144007,-25.285368066152692],[152.64103114567195,-25.28661060186709],[152.64116200782155,-25.288024908991655],[152.64179313224838,-25.288450917844855],[152.64135436021672,-25.288880787487646],[152.63920296694448,-25.289655759375066],[152.63879855710888,-25.290122456255602],[152.63805470626085,-25.292224131407732],[152.6379554390934,-25.29382069154083],[152.63673718867142,-25.295234691097267],[152.63618776855185,-25.29680443524559],[152.63668726370736,-25.2995606055066],[152.63691208522573,-25.299419662856234],[152.63651939535498,-25.296857483555137],[152.63701701182674,-25.29536807404649],[152.6384754387916,-25.29353044164574],[152.63829860060105,-25.292464747719105],[152.63910131477496,-25.29008906622668],[152.64252226838914,-25.288506015709352],[152.64239060134628,-25.288038052583335],[152.64145006966612,-25.28772052984786],[152.64126603330192,-25.28573166565316],[152.64272706380405,-25.284828816466046],[152.64447950612544,-25.282656236065822],[152.6459910353591,-25.282667509067682],[152.6461535653359,-25.279975315677707],[152.64762075169745,-25.2775006808812],[152.64995206603612,-25.27665344127283],[152.65192184571777,-25.273377701189574],[152.65401480284197,-25.271611250128693],[152.65612748299804,-25.27115986420599],[152.6563745069791,-25.272405191416052],[152.6567692760824,-25.272737659085294],[152.65873978331547,-25.27167005050208],[152.65874292734532,-25.270973576838724],[152.65780786444247,-25.270289279096623],[152.6571744233621,-25.268667794252995],[152.65704035782744,-25.267981521599648],[152.65743535805643,-25.266018926601955],[152.65616408720405,-25.264074503305444],[152.65627694312752,-25.26301456683863],[152.6571894438389,-25.262612558192846],[152.6571663537453,-25.26472766651835],[152.65894523973213,-25.26614706920165],[152.66214135294217,-25.264773904262018],[152.66263816542016,-25.264053463666194]]],[[[152.66302698910545,-25.24651260804061],[152.6618769891329,-25.245112608230453],[152.6613995633403,-25.245112608230453],[152.6632565185746,-25.246902761823122],[152.6653986623195,-25.247426618713597],[152.66536581907837,-25.24709594159456],[152.6646269891454,-25.24714594120237],[152.66302698910545,-25.24651260804061]]]]}},{"type":"Feature","properties":{"plan":"FHA-030","name":"Beelbi","mgmt":"A"},"geometry":{"type":"Polygon","coordinates":[[[152.66591404669703,-25.230449902411557],[152.65870983769003,-25.224058162524837],[152.6561764546808,-25.22060754747106],[152.64860476110198,-25.212054277154053],[152.64019765130172,-25.21714136425332],[152.649024016946,-25.22705965435016],[152.64886713021497,-25.228772676688227],[152.64802717421583,-25.230082854010995],[152.64774414227952,-25.231818206515467],[152.64737592565962,-25.232080593614967],[152.64743308656887,-25.23070834508454],[152.64850568009422,-25.228617263946106],[152.64869460517298,-25.227265104471535],[152.6398630072731,-25.21734383671943],[152.6280349636438,-25.215852051201967],[152.62757811523898,-25.21884450933737],[152.6280670640449,-25.218122311466235],[152.6287223460605,-25.217845832889637],[152.62910656431757,-25.21794631144389],[152.62884202244254,-25.21865685050397],[152.62909532279207,-25.218798697872323],[152.63072926324605,-25.21899967206796],[152.63104393872788,-25.218649220655784],[152.6316751656775,-25.218632514849443],[152.6322340637522,-25.220049312196714],[152.63309706397945,-25.220592312056244],[152.63377306367704,-25.220098312657708],[152.63423189238904,-25.218684978599633],[152.63482944872123,-25.218786048008422],[152.6343696703252,-25.21900186731305],[152.63460664078502,-25.219323869571657],[152.6343926282184,-25.219669278485156],[152.63465161498118,-25.21958151094871],[152.63467033976553,-25.220158398162276],[152.6352832376324,-25.220208658573444],[152.63517724263681,-25.220519972389546],[152.63569379523358,-25.22047345495669],[152.63558733618777,-25.221558090404244],[152.63688067370526,-25.223241885675137],[152.63808420582257,-25.223155543564147],[152.63773708729786,-25.222242675030127],[152.63692556516378,-25.22214531262675],[152.63691806481802,-25.221893812719987],[152.63790601774963,-25.221787434613123],[152.63988454873402,-25.222999142467092],[152.64012649874007,-25.22370316414032],[152.64059398792335,-25.223994850252776],[152.64187956519095,-25.224246812411067],[152.6414990647312,-25.225985312542743],[152.64199706521356,-25.22636131189563],[152.6421600646364,-25.227325312283924],[152.64263256484207,-25.227623312536398],[152.64250156509627,-25.229217812322705],[152.642234565374,-25.229450312252645],[152.64252354362782,-25.229830144516075],[152.64328306516245,-25.229705812343852],[152.64350256539217,-25.23082181254707],[152.6422910652816,-25.23155381212917],[152.64237356458943,-25.232875311916565],[152.6428755652563,-25.233087811823484],[152.64302206481761,-25.23360131212129],[152.64228606415168,-25.23451981220996],[152.64173206378484,-25.23605031264217],[152.63824756407496,-25.235494812206223],[152.63835977788256,-25.23628147348156],[152.6378085636154,-25.23673481183245],[152.63599019109563,-25.23610943857008],[152.63633997161355,-25.235181448835174],[152.63475168164598,-25.234785268695592],[152.63425199493474,-25.235299232144246],[152.63451254561858,-25.236034485473482],[152.63362381668696,-25.235392031387548],[152.6338720637459,-25.234613812048174],[152.6331725638638,-25.234132312326782],[152.63275276662796,-25.233962418701097],[152.631994648935,-25.234464149571238],[152.6315734559514,-25.234341487440073],[152.63157356297074,-25.23394031246587],[152.63096953241916,-25.233778320283673],[152.63065456285892,-25.23308231156987],[152.63157081374322,-25.232239845562887],[152.63108650004312,-25.231784999048955],[152.63130250011147,-25.230983498959773],[152.63064550039064,-25.23099349942097],[152.630921310771,-25.231316020588352],[152.63060250020635,-25.231993499670754],[152.62990949972482,-25.23204049914016],[152.62913800011972,-25.23104449907483],[152.6288944996826,-25.231266499419878],[152.6284934209358,-25.23090608351944],[152.62893673814108,-25.23253590507839],[152.63041435214177,-25.233347355266666],[152.63183366489284,-25.23490491450059],[152.6332087669722,-25.234855196380632],[152.63335040210052,-25.23632691712387],[152.6354676544098,-25.23705765585647],[152.63620849972358,-25.236600999007248],[152.6360791781127,-25.23730741287715],[152.63637560185373,-25.237050695103854],[152.63696000020502,-25.237645499510556],[152.63717106389458,-25.237227312061123],[152.63866806368128,-25.237103812661193],[152.6386805642578,-25.23776781270475],[152.63966756390812,-25.237448812383146],[152.64053256422756,-25.238068812196264],[152.6407070641808,-25.237885811851058],[152.64233356364423,-25.23866981203249],[152.6426560641272,-25.238302312172298],[152.64261206389676,-25.237186311969086],[152.64376756502224,-25.23649031224849],[152.64291967700262,-25.23565832694064],[152.6426085637354,-25.23603531195047],[152.64247506387426,-25.235408811837587],[152.64325806580825,-25.234876812485307],[152.64393606469878,-25.23517081255335],[152.64581556503742,-25.234793312231997],[152.64607606535924,-25.23402731198128],[152.6465695647347,-25.233768312627962],[152.64720806540106,-25.23396131253499],[152.64750806484642,-25.233703312328448],[152.64732856466264,-25.23317131207685],[152.64781206537566,-25.233412812421786],[152.64824156539703,-25.232173311919265],[152.64812656459037,-25.232851312608403],[152.64875306470333,-25.234001312580936],[152.64852906516535,-25.23439231262552],[152.6479690654212,-25.23399031207368],[152.64787106539848,-25.234471312671367],[152.64965706502267,-25.236337812410472],[152.6498025654372,-25.236041812250196],[152.64940856525425,-25.23575881268946],[152.64969606502257,-25.235235811953533],[152.64906856486346,-25.23467281207104],[152.6495660653228,-25.23354831237517],[152.6499180653675,-25.233785812535665],[152.65071755457257,-25.237153600028993],[152.6514950652462,-25.238082812841846],[152.65115956506304,-25.239709813227584],[152.6526405650112,-25.241514812828623],[152.65270450321134,-25.242376681708727],[152.65191756494482,-25.243056312868756],[152.6511565649247,-25.24552031318211],[152.65074556485706,-25.245049812169288],[152.65093236573728,-25.244723649646932],[152.649841565437,-25.244774312055043],[152.64847456535006,-25.244312812356597],[152.6491280649094,-25.24524781230684],[152.65012956522844,-25.24534481228348],[152.65091956478727,-25.246213311864988],[152.65135306499303,-25.248174813287115],[152.65212106533602,-25.248909813007543],[152.65349556486956,-25.25186681357261],[152.6537135650301,-25.251698312996826],[152.65457856534965,-25.252233813409795],[152.65477256530278,-25.251763813319364],[152.65518006520892,-25.252323313040463],[152.65585006462993,-25.2524738136856],[152.6568290648106,-25.252132313225705],[152.65826506538156,-25.253267313405804],[152.6576755651763,-25.2539293133571],[152.65794156485242,-25.25444431282476],[152.65884256503352,-25.25489781305359],[152.6588835651255,-25.25572481341937],[152.6593175653545,-25.255796313119294],[152.65906056519407,-25.256171813348434],[152.66035806477396,-25.257151813575238],[152.6599345650293,-25.258221813455826],[152.66098577537434,-25.259552761520624],[152.66214281973646,-25.259552765117906],[152.6627697128531,-25.256303778966185],[152.66278645373302,-25.255508004860484],[152.66154951629824,-25.252537592705753],[152.66248661256827,-25.24914792110978],[152.66217447137592,-25.248353115573934],[152.65977349105492,-25.246833539206623],[152.65877541895156,-25.245348333129243],[152.65840586503975,-25.243823868946585],[152.66093663102185,-25.244046872935062],[152.66244365555144,-25.245962607858235],[152.6638603233963,-25.24694594097255],[152.66536581907837,-25.24709594159456],[152.66691710104453,-25.246410272386335],[152.66743558628445,-25.246854005977728],[152.6677423423364,-25.246773473487142],[152.66784418426278,-25.247540622172107],[152.6688380538343,-25.24799645614167],[152.6688884419492,-25.247728414105165],[152.66810014120972,-25.247205696655694],[152.667913277377,-25.246455665666566],[152.6674603230366,-25.246689840134174],[152.6674603230366,-25.245687608666394],[152.66877143385568,-25.244115385087156],[152.67059643437904,-25.244115385087156],[152.67521613122062,-25.244848185965193],[152.68004774340977,-25.247179390586577],[152.6815425146765,-25.238226850958753],[152.67947206578435,-25.23690452289578],[152.6767500922441,-25.23623187047482],[152.6708064008958,-25.235741459371223],[152.66665818982472,-25.23227731401726],[152.66591404669703,-25.230449902411557]],[[152.64801174364823,-25.231640748692094],[152.64826602515802,-25.23029395007625],[152.64864672706597,-25.229888288384288],[152.65018432584714,-25.229772984506152],[152.65285141016557,-25.23133253214112],[152.6576777487303,-25.235735042708463],[152.65869263725654,-25.237690826240954],[152.65955574989903,-25.2386297040679],[152.66325137804984,-25.241594217569364],[152.66364024580184,-25.242407313516942],[152.66372483963073,-25.244284264277585],[152.6624438543016,-25.24211968424631],[152.6605050041038,-25.240790515040526],[152.6567151027209,-25.241450905205365],[152.65694331378404,-25.240463740079793],[152.65761571439486,-25.239863365272363],[152.65787062812808,-25.238122432474633],[152.65719063633992,-25.237883723625302],[152.65673915958564,-25.238720967269142],[152.65428303193755,-25.237326539658454],[152.65436060026263,-25.236406704975842],[152.65490777027856,-25.23569378900752],[152.65431631404783,-25.23387146666529],[152.65294753779972,-25.233283154464434],[152.65340906357858,-25.232329584413257],[152.65261054833923,-25.231622352160294],[152.6502113567699,-25.23011904902539],[152.64801174364823,-25.231640748692094]]]}},{"type":"Feature","properties":{"plan":"FHA-029","name":"Burrum","mgmt":"B"},"geometry":{"type":"MultiPolygon","coordinates":[[[[152.64860475840396,-25.182234831943468],[152.61150900014138,-25.182327114076553],[152.6086370043954,-25.182688676612603],[152.60786340397408,-25.183039582182463],[152.60785198618134,-25.183893033408246],[152.60920129570434,-25.18361347195565],[152.6092646277615,-25.183118388874057],[152.6098675926164,-25.18298347437935],[152.61024951130707,-25.18350752732203],[152.6113638486638,-25.183341910872],[152.61162400364594,-25.1829931852588],[152.61194629638555,-25.183254113657878],[152.6144879639495,-25.183267611582497],[152.6145445420981,-25.182673660632435],[152.61495474896367,-25.182559890098347],[152.61507409889168,-25.183350217909723],[152.6160566513945,-25.183938710874294],[152.62117770318957,-25.188953250563422],[152.62147459367873,-25.188736617372342],[152.6294826338176,-25.19892771411385],[152.64019765130172,-25.21714136425332],[152.64860476110198,-25.212054277154053],[152.64860475840396,-25.182234831943468]]],[[[152.54555197124762,-25.226135692678678],[152.54389232367294,-25.223383366120068],[152.53924973189078,-25.223371602088385],[152.53825120562976,-25.22517711610161],[152.5390007419918,-25.227912693686417],[152.54245341559374,-25.23019899335934],[152.54241690761535,-25.230738594680908],[152.5409225149632,-25.230484045173032],[152.5399672613811,-25.229169018705772],[152.53783983684013,-25.228018156283408],[152.5336514485566,-25.229912422590743],[152.5345105313371,-25.231029189016358],[152.537369362807,-25.231516248346637],[152.53764911671453,-25.23180651622818],[152.53749711060425,-25.233296825058876],[152.5377741683443,-25.23395050987854],[152.53660781689837,-25.234782821640295],[152.53452879207123,-25.234989791615984],[152.53365642630422,-25.23652397027537],[152.53143370240457,-25.237964681495196],[152.52942880239846,-25.240716142905953],[152.5278817787222,-25.24457663927071],[152.52665883293992,-25.245702512231325],[152.52685996901346,-25.247798852605065],[152.52834636039734,-25.249143845382235],[152.52725956567758,-25.252354979069057],[152.52756454826647,-25.253625302935408],[152.5283466346906,-25.254296399529196],[152.52815034956006,-25.254762857190066],[152.52839998157503,-25.255345642157657],[152.52971375708535,-25.25540593270758],[152.53077804986822,-25.25598538658625],[152.5343510293776,-25.25426857810242],[152.53474114089204,-25.255157805258506],[152.53433929412427,-25.256825535040374],[152.531538202727,-25.2572998923461],[152.52994549259154,-25.25824186923679],[152.52969545857968,-25.25889770613412],[152.52995786096767,-25.259863227276004],[152.52962515497802,-25.260240092676014],[152.52812267832007,-25.26053658026885],[152.5237007217121,-25.262783608346666],[152.52256574491435,-25.265694297423668],[152.52408983587839,-25.267494111533722],[152.52417171735203,-25.269501752673435],[152.52009438724735,-25.274647406322302],[152.5186355492923,-25.27512380418978],[152.5173910413646,-25.274971402377854],[152.51721567716288,-25.27441122996387],[152.51772076610166,-25.273775590940353],[152.51706232926426,-25.273116260176884],[152.51402624681498,-25.273859887093728],[152.51396633937622,-25.274251879090542],[152.51719384612022,-25.273530720835694],[152.5174051823044,-25.27378793683338],[152.51678936883548,-25.274614713267983],[152.51732404457016,-25.275274484699256],[152.5187729153389,-25.275448612333154],[152.52068258073768,-25.27473503985978],[152.52301511905364,-25.27128916962912],[152.5247163701655,-25.269511094830836],[152.52450914658095,-25.2671057420061],[152.5231419729248,-25.265890283979193],[152.52406663426893,-25.263001255073654],[152.52854753334316,-25.26071404618616],[152.52996022978186,-25.26063150101285],[152.5303516156357,-25.25982057962596],[152.5300437579142,-25.258622504594836],[152.53144627132951,-25.25780448216105],[152.5330339668452,-25.257338270015083],[152.53385949142353,-25.25783219117259],[152.5347777163197,-25.257311939664227],[152.53514615417282,-25.254914499074832],[152.53492154219657,-25.25415473292457],[152.53439632822915,-25.25368270935957],[152.5326105282544,-25.254144489646468],[152.53069593816815,-25.25521684305287],[152.5279190394333,-25.25348486750267],[152.527712165685,-25.252124905510048],[152.52912547366282,-25.24963888439712],[152.52885150869133,-25.248957529236673],[152.52728616402635,-25.24771381091376],[152.52709647272513,-25.245853282673],[152.52870221403703,-25.24408501318303],[152.52999260987212,-25.24033790064391],[152.53187774896003,-25.238266460698902],[152.5321163606826,-25.23844773254715],[152.53222563100917,-25.23817861042487],[152.53360988908628,-25.23799772528512],[152.53435112470572,-25.23755845323041],[152.5345753733559,-25.236617549230868],[152.53435094663996,-25.236013434143075],[152.53482155467213,-25.235394007198057],[152.5355733780101,-25.235491543170603],[152.53587906117082,-25.23632644048322],[152.5372267366257,-25.236997171052966],[152.53797558680503,-25.236728161345937],[152.5386490081463,-25.235898874004217],[152.53817175322501,-25.230691543950083],[152.5370617658889,-25.230240188604327],[152.53560172823825,-25.230878522896],[152.53470962505025,-25.230579785199414],[152.53452726502235,-25.2300820940839],[152.53814289038326,-25.228545128425495],[152.5405711381486,-25.230767718326007],[152.54241098468037,-25.23157032548063],[152.54304704098934,-25.231363355504936],[152.54313613502575,-25.228868602874247],[152.54261039855214,-25.22826060631248],[152.53959960503892,-25.227881378393445],[152.53918988290786,-25.227582275572143],[152.5392252649351,-25.226355701025344],[152.54006843960792,-25.224416389475433],[152.5413482926907,-25.227040676856333],[152.54409033100512,-25.228108531853803],[152.54745697186286,-25.231555893160433],[152.54885590058052,-25.231977051969814],[152.5517822576462,-25.23157469798441],[152.55435404890136,-25.233006566170534],[152.55872107312018,-25.234117999616394],[152.56079732623675,-25.23846723794302],[152.56209755525913,-25.239511721359136],[152.55953444515967,-25.24271993224932],[152.5588145927204,-25.24408630910612],[152.55832993188199,-25.247029758686573],[152.55749076638688,-25.249245038897502],[152.55744646488358,-25.250624827344],[152.55860858411995,-25.25212558359883],[152.56008833580916,-25.25315152839035],[152.56269732122553,-25.253904066689362],[152.5676270503492,-25.25820614996379],[152.5661989970872,-25.260313309181722],[152.56551404283994,-25.263919956610504],[152.5657529009767,-25.26478857400327],[152.5667296276713,-25.26591126516249],[152.56885705940692,-25.26675300271865],[152.56933591512154,-25.26725559603864],[152.56968834324357,-25.268645673628647],[152.56837588524002,-25.270171693638414],[152.56835346694004,-25.27163208202458],[152.5687447412779,-25.27315569634793],[152.56969274632434,-25.274365365438843],[152.56998809357674,-25.275377161196566],[152.57102500560063,-25.276368595403866],[152.5730150793836,-25.27718409164204],[152.57275325795763,-25.27760259745141],[152.57171592864836,-25.278006158327063],[152.57101603576257,-25.278863786903724],[152.5714418071948,-25.28186919437722],[152.57195532278104,-25.28285830383704],[152.57255673360748,-25.283539063646234],[152.57758800698207,-25.28566269484681],[152.5774476084215,-25.286196938906926],[152.57759666385607,-25.28631426356173],[152.577792807793,-25.28577399224526],[152.5791440904286,-25.286601445869334],[152.58121297539958,-25.29061701862971],[152.58311993563768,-25.293455063169816],[152.5848319462384,-25.294980018382308],[152.58535763594728,-25.297871887346833],[152.59005796870144,-25.30152122649244],[152.59069316076193,-25.30270469833214],[152.5902046193488,-25.305682844656463],[152.5879570687648,-25.30884046058764],[152.5871807928604,-25.310953892576887],[152.58668630602938,-25.31135030743955],[152.58703695978897,-25.313029489188363],[152.588564664229,-25.314590021580987],[152.58867607314335,-25.315308778645957],[152.58788777060522,-25.316264762477477],[152.58661647906843,-25.316572255074217],[152.58865763973938,-25.316828712044114],[152.58933021931534,-25.316088951312747],[152.58971650241574,-25.31493461840662],[152.59108171644914,-25.31389905446656],[152.5914069706563,-25.31483621099105],[152.5928867610163,-25.314744352438627],[152.5923784228271,-25.316090434294782],[152.59266331006484,-25.317386500355354],[152.59329179678014,-25.318160197903484],[152.5954113828302,-25.318946441893445],[152.59487377890287,-25.320557996422988],[152.5927311845976,-25.32263533771923],[152.5927380095526,-25.323534376478865],[152.5923312309027,-25.32417640698413],[152.59287263536498,-25.323616206691117],[152.59283773627362,-25.322749762959788],[152.59502369858592,-25.320659957059974],[152.59551777712488,-25.318828224211813],[152.59334432258356,-25.318033433065146],[152.59273583409265,-25.317215434013736],[152.59252460312905,-25.316064095850045],[152.59299170200654,-25.31462015966137],[152.5913628490174,-25.31461155314938],[152.59126088028654,-25.313757642370028],[152.58959799964907,-25.31469351016611],[152.5875229759057,-25.312225086986956],[152.5887534840872,-25.30916983548836],[152.5895012101139,-25.308665818541545],[152.5911043658749,-25.30560652818763],[152.59143521566375,-25.303011372545754],[152.59127580363656,-25.302196531014108],[152.59044141264224,-25.300982072133905],[152.58589390707925,-25.297293982100708],[152.58568762958157,-25.29507926846263],[152.58189452391423,-25.290543696903317],[152.58113083222327,-25.288483074903258],[152.5797266505656,-25.286155014311767],[152.57898301555485,-25.285531728375886],[152.5737012621047,-25.28317418620914],[152.57228729132657,-25.282240323001894],[152.57204544474257,-25.28078255703884],[152.573589422415,-25.278055875547697],[152.573655479418,-25.276667847512694],[152.5700578755716,-25.273892521692098],[152.56969790933215,-25.2725644028945],[152.5704826190787,-25.270689703136934],[152.5706241498857,-25.267593286071005],[152.56953764025104,-25.26510110460207],[152.56647992101273,-25.2631401715515],[152.5671029236621,-25.26061448404105],[152.568602196935,-25.25883270043869],[152.56853233310187,-25.257489792290002],[152.564731515748,-25.254718377621018],[152.56068046383348,-25.250925234182272],[152.5587579462234,-25.24996533110523],[152.56027515197786,-25.247623621503088],[152.5605696889411,-25.244222558194707],[152.56171692889427,-25.243804877962972],[152.56332503272517,-25.24227939394912],[152.56335183162287,-25.242767318427248],[152.56362068664646,-25.24241477968856],[152.56343790933317,-25.242091834041172],[152.56371501113995,-25.240774749925027],[152.56330319538733,-25.239665530610083],[152.56407387570994,-25.239204562410947],[152.5631075280911,-25.239393524361972],[152.5623699131421,-25.238484233331047],[152.56113152959756,-25.236357569616494],[152.56042047612516,-25.2339301249457],[152.55911850871337,-25.232847481496524],[152.5608492422998,-25.233089215665224],[152.5603315088931,-25.232775099561632],[152.56087267413568,-25.231739833297137],[152.56184118192618,-25.23294996463957],[152.5625364109278,-25.232969282976494],[152.56092506594018,-25.231443277355833],[152.56054689742246,-25.231555871576706],[152.56002315924252,-25.232796653613136],[152.55966539724147,-25.23259098765442],[152.55787692178365,-25.232776447645378],[152.55650331797483,-25.232380969876314],[152.55383026575532,-25.230878009383126],[152.54965566138083,-25.229987239889724],[152.5496587082839,-25.22936197994192],[152.54906243078767,-25.229289732006073],[152.5490189053993,-25.228725157410643],[152.5499235091637,-25.22887732719744],[152.55037734663836,-25.228539308912513],[152.55032805389772,-25.22770330183645],[152.5502639259406,-25.228370159026174],[152.54990609738957,-25.22867180333159],[152.54942321810813,-25.22876869808751],[152.54900734101716,-25.228385201986008],[152.54876282794328,-25.2292618440294],[152.54946960513928,-25.229519739015235],[152.54948697194732,-25.229928202095355],[152.54732080461258,-25.22955019725429],[152.54652321297704,-25.22865635837475],[152.54724460775356,-25.228527499914737],[152.54659604277424,-25.22824447517293],[152.54664263125358,-25.22798085959951],[152.54628775967353,-25.228063090909444],[152.54570921500942,-25.226775861587317],[152.54568535059957,-25.226202696667716],[152.54606510732003,-25.226078599218578],[152.54555197124762,-25.226135692678678]]],[[[152.46429362615106,-25.156551071147067],[152.46429362615106,-25.15692548589451],[152.46580728857668,-25.157365686049598],[152.46891964162933,-25.156993567271332],[152.47010087955312,-25.15720049947553],[152.4697929768655,-25.158658079278958],[152.46786441671054,-25.161849788508835],[152.46711972409707,-25.162472225484727],[152.4674001111274,-25.162653989262115],[152.4700474957964,-25.15916114204508],[152.4708653086882,-25.15684661894834],[152.48011717866598,-25.152942134943657],[152.4835167149256,-25.15167657208831],[152.48446342314958,-25.151633544924312],[152.48804245059978,-25.152699924134325],[152.48889863486522,-25.15424435506502],[152.49298001821444,-25.156273342512797],[152.49408089361953,-25.15785028753279],[152.49574316271787,-25.159033983303683],[152.49736087760357,-25.159494824698402],[152.5004156308778,-25.159669151981777],[152.50183373673872,-25.15912862795579],[152.5019525362817,-25.157886377326484],[152.5013130382672,-25.15738369407424],[152.50032615732744,-25.157438843200087],[152.4992829707336,-25.157072334392737],[152.49897496372478,-25.15418917626157],[152.49749708172612,-25.15234930005229],[152.49767163384,-25.151652401908937],[152.5003689749493,-25.15066733939836],[152.50195679816886,-25.149659342376957],[152.50400888200545,-25.14768207044342],[152.50516979435167,-25.14537247922879],[152.50581894119227,-25.14548992349347],[152.50707808918355,-25.146697124844675],[152.5087558553995,-25.14884544783135],[152.51119745539938,-25.149519621005908],[152.5115466000966,-25.149501487076154],[152.51163829137522,-25.148877270341966],[152.51052912332148,-25.149053416054503],[152.50919324877054,-25.148736506656675],[152.50632657071583,-25.145532816658424],[152.50525092309272,-25.14514360536538],[152.5041117149848,-25.145731813244875],[152.50287717604192,-25.14825738114547],[152.50067039622297,-25.14996578456551],[152.4981717171521,-25.150489478678654],[152.49708067583367,-25.151225327359146],[152.4953933210461,-25.149989261367484],[152.49376343923245,-25.150790175998],[152.49526646717482,-25.150426290513067],[152.49535755770626,-25.15014199862652],[152.4970088227002,-25.151351026500812],[152.49687771503568,-25.1525313704985],[152.49824508294535,-25.154928005295318],[152.49809190591782,-25.157125316152445],[152.49896789325476,-25.157877891323626],[152.5012390537405,-25.158139101210583],[152.50130388856473,-25.158606849398552],[152.5005396527839,-25.15910364658799],[152.49702570567297,-25.15877430855949],[152.4956876493667,-25.15831097964003],[152.49493198142693,-25.15781717629366],[152.493429764673,-25.155959993530942],[152.491134174104,-25.155033997592984],[152.48940295668228,-25.153900131457984],[152.48852413917882,-25.152302904927257],[152.48439011041637,-25.15104291517059],[152.4797873046415,-25.152031494929673],[152.47907329419832,-25.152661560854504],[152.47665423210822,-25.15355672623406],[152.47390857312325,-25.155116937568685],[152.47074673307645,-25.156100205032487],[152.46805238041418,-25.156680441321374],[152.46429362615106,-25.156551071147067]]]]}},{"type":"Feature","properties":{"plan":"FHA-029","name":"Burrum","mgmt":"A"},"geometry":{"type":"Polygon","coordinates":[[[152.5922773399284,-25.11896319217043],[152.58687531204714,-25.126392505082723],[152.5976477035798,-25.132911681601385],[152.60505721701804,-25.136567331289783],[152.61664120083185,-25.141690775281425],[152.62147984661874,-25.14487160631189],[152.62842625416943,-25.148160776870558],[152.63257467658116,-25.151731758086306],[152.63302146606895,-25.15305042950581],[152.6327625143797,-25.15422876801532],[152.6284165306995,-25.161951004507205],[152.6268192601019,-25.164210705831287],[152.62386058320044,-25.170323766500395],[152.62281948303382,-25.171435637916108],[152.6217518600614,-25.172150119604055],[152.6202792301035,-25.1723517476068],[152.61797702322212,-25.173319600690704],[152.61446567605128,-25.173738114593977],[152.6117818877251,-25.172983601383788],[152.60974981560264,-25.17317520734166],[152.6088593446841,-25.17218413106452],[152.60448772492964,-25.17046048413577],[152.6023640784406,-25.170079290298748],[152.6009160125651,-25.169375411617757],[152.59997861772013,-25.169664538259607],[152.59848204960804,-25.169219359457664],[152.59685984260875,-25.16947380464416],[152.59506734538286,-25.17034752658883],[152.5932281796379,-25.17029245840199],[152.5934936397208,-25.171162615434092],[152.58999364019542,-25.17212928321158],[152.58848367937946,-25.172277330506116],[152.58501030608193,-25.171795949495174],[152.58367697211565,-25.17134594942778],[152.58272697237305,-25.170045950631895],[152.58359058863584,-25.169461732145013],[152.58156363725323,-25.166052393275173],[152.5804824605982,-25.164812951228598],[152.57809255273025,-25.163998282366716],[152.5740840963051,-25.163700184987427],[152.5712893307392,-25.16394643465214],[152.57061605239005,-25.164861991259762],[152.56368859085694,-25.167985178445043],[152.5591958090405,-25.16817203868047],[152.55717778163046,-25.16863963758097],[152.55367428104432,-25.168630547233775],[152.55355154696747,-25.1690607667128],[152.55046523378462,-25.16902106883903],[152.5487376001613,-25.168508417501265],[152.54799057470643,-25.166684730887432],[152.5480649171633,-25.165904350477224],[152.54989194116126,-25.164420052715165],[152.54953531230592,-25.163462392547288],[152.54907929217677,-25.163847937304364],[152.54776783332,-25.164058893075318],[152.54650881123382,-25.163662738116738],[152.5456784438063,-25.164692013097795],[152.54516430229182,-25.16482478360875],[152.54536252456194,-25.165502525293135],[152.54490774100054,-25.166247374388675],[152.54520291828123,-25.166767938861145],[152.54287622106187,-25.16737587606763],[152.542300098272,-25.16720972092372],[152.54211613475297,-25.16779774354283],[152.5405341391404,-25.16866247316638],[152.53955894039393,-25.1699063623605],[152.54012149601135,-25.170355818338106],[152.54031532958993,-25.17141316026086],[152.54082269201479,-25.17136469399716],[152.5410381264095,-25.171765140520513],[152.54105346614563,-25.172089508895457],[152.54038843457977,-25.172057314964842],[152.5369804581827,-25.170774816076662],[152.53441049884657,-25.169101312647246],[152.53336876555727,-25.165041453672],[152.5316270215709,-25.16482327814366],[152.53008276241064,-25.1660588153339],[152.52924335679666,-25.16577239205409],[152.52997410991838,-25.16461621104116],[152.52957285220646,-25.164565942536107],[152.53038695539476,-25.164027898840352],[152.5317075252832,-25.15994317720785],[152.52995199019335,-25.15597787385184],[152.52885987598358,-25.155557229454658],[152.52590516239445,-25.155642948335476],[152.52461043722303,-25.155056975271254],[152.52384165716785,-25.15387009050437],[152.52249214080075,-25.14997145389164],[152.52124106062763,-25.148724480022942],[152.5195512848651,-25.148028738407795],[152.51426337735415,-25.147465981342187],[152.51279070243015,-25.148021235363956],[152.51163829137522,-25.148877270341966],[152.5115466000966,-25.149501487076154],[152.51609967606032,-25.148354947694877],[152.5198583682702,-25.148923918176507],[152.52167783706363,-25.150299130872394],[152.52205625199554,-25.15279436823761],[152.52161348607467,-25.153094209402376],[152.52232404761787,-25.153276822139738],[152.5235915332238,-25.155400081020975],[152.52327437741167,-25.155782891839067],[152.52373804897286,-25.15562166228194],[152.52473937662205,-25.156459709919712],[152.52584511016482,-25.156739114890268],[152.52735193144758,-25.156529664584404],[152.52912054178069,-25.15678580859024],[152.5295431170224,-25.15729205225845],[152.53039767621294,-25.158604092077216],[152.53078120918656,-25.159941248162035],[152.53060536114958,-25.160861402104004],[152.530036762088,-25.161382980112375],[152.52932161759975,-25.163005865200397],[152.5287575268395,-25.163714214411364],[152.5287853545616,-25.162736385147948],[152.52838492422597,-25.16251286045205],[152.52719642157876,-25.1624532030248],[152.52630296311236,-25.16262198958507],[152.52853162613474,-25.16271754345181],[152.52837441115128,-25.163620917843005],[152.52757965777607,-25.163835584216724],[152.52828315604393,-25.164100913897926],[152.5279950717163,-25.165099679378535],[152.5282021613018,-25.16613028805423],[152.53117841455332,-25.168559960345664],[152.53107111194345,-25.169237665157887],[152.5313453233291,-25.169137007638547],[152.53192572329465,-25.17013236828591],[152.53166464740673,-25.171403041988555],[152.5312033302706,-25.171682238316368],[152.5341163198134,-25.173545203719843],[152.53323939358427,-25.17432963737452],[152.53356578903106,-25.174739896400762],[152.53405493478851,-25.17473618669733],[152.5342402526867,-25.175430498390412],[152.53362174305016,-25.17532744237922],[152.53228160661195,-25.1758094789959],[152.53113259409508,-25.174997008077128],[152.53019595917726,-25.175090319034673],[152.52980340330555,-25.175377949204623],[152.52976036804773,-25.175963870108127],[152.5306546610849,-25.17726179956402],[152.53063703257408,-25.17771913809936],[152.52877906740116,-25.177108100929743],[152.52858196928355,-25.17814450663524],[152.52794929622416,-25.178573235038357],[152.5270265792144,-25.17810282036049],[152.52688417606498,-25.176788097864023],[152.52581059868135,-25.177717178476602],[152.52452213279128,-25.17695841866772],[152.52239459043915,-25.176735184452827],[152.52194482059815,-25.177531115040562],[152.52145232306736,-25.176818303393617],[152.52195061672876,-25.17657712050933],[152.52201356657395,-25.1763728251174],[152.52184708407685,-25.176159090441317],[152.52157910859012,-25.176227844511033],[152.52131298210952,-25.176542661186502],[152.5205133481137,-25.176033809484327],[152.51934993295413,-25.176486901420986],[152.519609235379,-25.176191880622444],[152.51936046041806,-25.17502066384424],[152.51912680306066,-25.17487197353438],[152.51889027686593,-25.175207107693495],[152.5184133133249,-25.17493578762815],[152.51852571239283,-25.174313976580457],[152.5182971056281,-25.174095682341566],[152.5178233679552,-25.17422031488731],[152.51791150061638,-25.17490370521347],[152.517366923346,-25.174806206113214],[152.51663352531807,-25.175312867966113],[152.51572460660645,-25.174740096949574],[152.51666696391044,-25.175447843614712],[152.51750025233594,-25.174900747343262],[152.51801078756887,-25.1749799020725],[152.51791612762827,-25.17430430617044],[152.51823691310415,-25.174179888562676],[152.51831057657296,-25.17503622841088],[152.51875461593386,-25.175321071581827],[152.51931005701465,-25.17532287472255],[152.5195177266629,-25.17612798469041],[152.51921216401126,-25.17650707051652],[152.51930888699667,-25.176654986510037],[152.52041830865915,-25.176200277592354],[152.52136538920251,-25.176620318544476],[152.52186965166425,-25.176230802381248],[152.52131962000556,-25.17691907242887],[152.52176668468587,-25.17757955792189],[152.52235463985585,-25.177559315081904],[152.5223816707786,-25.17790627442662],[152.52116500586146,-25.1779945932475],[152.52078541371702,-25.178644291372546],[152.52190760485325,-25.17886932782878],[152.52280533330065,-25.179473705518685],[152.5226298503884,-25.17976834500469],[152.52189384432654,-25.179278879088567],[152.5202241387342,-25.180024772296985],[152.51965665123464,-25.181025153859306],[152.51987142103042,-25.18208859048755],[152.5180148713904,-25.182498059009692],[152.51696791483857,-25.184195658874028],[152.5157686248233,-25.183961621103418],[152.51545704930447,-25.18431957735809],[152.51546157199505,-25.18479718931026],[152.51575276977564,-25.18411623614684],[152.51704511803894,-25.184347575951318],[152.5181482732254,-25.182568162062548],[152.5203794840271,-25.1822822684834],[152.51979790594976,-25.181350416160335],[152.52020147401993,-25.180172315971173],[152.52179291790992,-25.17940813235097],[152.52271541998175,-25.1798507345953],[152.52289338412356,-25.17948782307613],[152.5228103847926,-25.179318412386372],[152.52175380999142,-25.17872331210275],[152.52087650424835,-25.178625650225154],[152.52124892879613,-25.178048081325464],[152.52251649624043,-25.177901096130263],[152.52235915535186,-25.176868363255963],[152.52451928733637,-25.177074551720818],[152.52578175112808,-25.17788233537305],[152.52684491885907,-25.17708227689719],[152.52690879320733,-25.17822241760211],[152.52859921018648,-25.179187595202944],[152.53147955164116,-25.17755640937242],[152.53051528325489,-25.175966575268873],[152.53268108456552,-25.17627641509611],[152.53362475308097,-25.176904752523935],[152.53467831785122,-25.176329655860545],[152.53544425155212,-25.17680350594864],[152.53513418059913,-25.176142081563434],[152.53634687500937,-25.175416409611273],[152.53661487297916,-25.17534197002753],[152.53698471917062,-25.175798071995054],[152.53695480502142,-25.17525774132337],[152.53849204587232,-25.175034969360023],[152.54188071202634,-25.173844321829645],[152.54495923977822,-25.174225843019894],[152.5443894572088,-25.17489760331341],[152.54689560065253,-25.174001931615553],[152.54866154539513,-25.17407679567925],[152.55299179993278,-25.176462664691854],[152.5526179598521,-25.176970667433995],[152.55068729078698,-25.178070172272214],[152.55001384786192,-25.17823641644906],[152.54965207668317,-25.17794817653873],[152.54947673496451,-25.178462869337512],[152.54700019180655,-25.180807388421783],[152.54674735730578,-25.18056086446387],[152.54627979527743,-25.18170715833023],[152.54553352974972,-25.182299433843315],[152.5439282210117,-25.182816676220124],[152.54354918015167,-25.182631030069466],[152.54329813979848,-25.18192399207006],[152.54181227811523,-25.18308862221363],[152.5410433559672,-25.18238866187877],[152.54034405933203,-25.183149203244625],[152.53878562235968,-25.183475373860915],[152.53843402880852,-25.18403486818612],[152.53854833533853,-25.184341094537366],[152.5388078239231,-25.184091545260102],[152.5392823143285,-25.184399105305918],[152.54053653043763,-25.184368930353315],[152.54085351537856,-25.18466687844515],[152.54052015378318,-25.186134293234485],[152.53974192634996,-25.187305777111334],[152.53952127678667,-25.188635475118474],[152.5392400992523,-25.18884736258706],[152.53957042833372,-25.19050018430739],[152.5398379856357,-25.190535068110204],[152.53968047387593,-25.193863108267067],[152.5407545090145,-25.194571786629915],[152.5413603049352,-25.193862619935203],[152.54266030463043,-25.19456261984026],[152.54582697223816,-25.19829595296701],[152.54711030569717,-25.201362620459655],[152.54626355082337,-25.201735828316895],[152.54652138105803,-25.202640361034913],[152.54617661965642,-25.203509455967687],[152.54501305520944,-25.205011806720496],[152.54132270787784,-25.207043140499554],[152.53882321671927,-25.207361973547215],[152.5362550839061,-25.20698308826992],[152.53412678072743,-25.207871898140578],[152.53388227484822,-25.20890816894778],[152.5347923339002,-25.21106902398718],[152.53484273010906,-25.211682064846308],[152.53449180655275,-25.212150826570237],[152.53279782825825,-25.21181718258778],[152.53196790779384,-25.210399358214723],[152.53071464586537,-25.20995475318023],[152.52818399679518,-25.209700352060523],[152.52505689935754,-25.210338546957303],[152.5239487358466,-25.212420089886116],[152.52411682183504,-25.21303990443892],[152.52374990293686,-25.21535410647767],[152.51785496563525,-25.2209736695699],[152.5166909686144,-25.220914974417223],[152.51459878670573,-25.2191545802904],[152.51253927536834,-25.218527934487327],[152.51082281042545,-25.21599625749207],[152.51174886481942,-25.215843967196115],[152.5128874326101,-25.214390173538526],[152.51256973270813,-25.21287175909526],[152.5106875595843,-25.209588570826792],[152.51014579089667,-25.209014944554976],[152.50848207568833,-25.208455845032162],[152.503454000303,-25.20846658833333],[152.50204537779314,-25.20936157564713],[152.5013779702183,-25.210493392227193],[152.49850843142008,-25.20949374810893],[152.49520894114085,-25.2089897239675],[152.4943724421356,-25.209157995216255],[152.49090491173342,-25.21080790403242],[152.4884298065914,-25.213184161990334],[152.48513131635832,-25.215098127047735],[152.484253496203,-25.215964711073344],[152.4824091197862,-25.216655253707785],[152.47407559341502,-25.216340073706238],[152.47393555188535,-25.21716394892789],[152.47789658615966,-25.217172792860847],[152.48277055461858,-25.217891796340105],[152.48357379399658,-25.217765054884136],[152.484450936063,-25.217438904952267],[152.48598294735632,-25.21559756104937],[152.4893902690468,-25.213752462477018],[152.4916826040701,-25.211357555277832],[152.49389258007966,-25.210106677452135],[152.49544470021385,-25.209697484122504],[152.49734398024168,-25.21008306665113],[152.49785535813942,-25.21065822896502],[152.4995313958584,-25.211258224258568],[152.49942361570845,-25.21218936072127],[152.4997069462197,-25.211209743605682],[152.50183950409098,-25.21142940931069],[152.50407878271074,-25.20929690449949],[152.50901988915768,-25.209214120106495],[152.51022639083635,-25.209793626145828],[152.5116033698008,-25.212891302262683],[152.50990159078697,-25.2159269962047],[152.50994189840105,-25.216331861097313],[152.51109188758164,-25.217550932600222],[152.5109829527022,-25.21880595360261],[152.5118528902998,-25.21955932647248],[152.51412155516675,-25.21996179916842],[152.51645329578412,-25.221901952483776],[152.5184563917502,-25.221608168253045],[152.51918517086006,-25.221135586209012],[152.5212485187053,-25.218865133489878],[152.52556667466342,-25.21501129840352],[152.52628165457588,-25.211929782204574],[152.52605786907657,-25.21132105539325],[152.52630350720221,-25.210845930965828],[152.5266505034191,-25.21082545700016],[152.52845647159006,-25.211109346889756],[152.53044941331086,-25.21267100343495],[152.53157293094716,-25.213092191921984],[152.5340050089252,-25.213299892147162],[152.53623115294647,-25.212252011991623],[152.53644380663752,-25.21653014362202],[152.53685593625357,-25.21741899036489],[152.5357971041542,-25.218390896693272],[152.53561936304425,-25.218967094126796],[152.53681667904766,-25.21799006256209],[152.5374524151979,-25.218854888413087],[152.53766177557156,-25.219860940200967],[152.5388231195924,-25.221150464592938],[152.53924973189078,-25.223371602088385],[152.54389232367294,-25.223383366120068],[152.54306086177053,-25.221740163548404],[152.54246281081123,-25.218506178987692],[152.54108180917933,-25.21563274342719],[152.5408495592609,-25.211843244041376],[152.5420222509273,-25.21073719843388],[152.54364485992346,-25.21002074992856],[152.54459256729433,-25.209992146990896],[152.54693886613688,-25.208684935632192],[152.54777686341265,-25.20776636809438],[152.5486213708807,-25.207504935175578],[152.54860750603268,-25.199681020433893],[152.54741209029692,-25.196562610447305],[152.54790779930659,-25.19125045721416],[152.5485075409914,-25.189431339156318],[152.54967460829766,-25.186972557608872],[152.55039654716404,-25.186316973421004],[152.55764400187036,-25.18184198289274],[152.56013733896816,-25.181283071328195],[152.56549765179636,-25.18129792722906],[152.5726059526038,-25.183381057461304],[152.57493817076113,-25.184621750464864],[152.57958344432166,-25.186011351414145],[152.58298930461387,-25.18875648069838],[152.58767780678647,-25.191581554316592],[152.58955282670274,-25.191145695188993],[152.58838739166595,-25.190194530824293],[152.58901319660288,-25.189642622280566],[152.59185497512817,-25.18975144564402],[152.59516935818044,-25.188707872341805],[152.59798546915522,-25.186806052628626],[152.60000588696323,-25.186279638965562],[152.60290672576593,-25.186140074076594],[152.60581446416734,-25.184993564372945],[152.60637680394746,-25.184735796191518],[152.6063997303644,-25.183023362010037],[152.60786340397408,-25.183039582182463],[152.61150931400482,-25.182327075405695],[152.61476031014138,-25.18223483554075],[152.64860475840396,-25.182234831943468],[152.64860475210878,-25.137512610491047],[152.6284103055923,-25.137512612289687],[152.5922773399284,-25.11896319217043]]]}},{"type":"Feature","properties":{"plan":"FHA-052","name":"Elliott River","mgmt":"A"},"geometry":{"type":"MultiPolygon","coordinates":[[[[152.47423671415413,-24.930050974549662],[152.46991882799261,-24.93280471394314],[152.46937869517183,-24.932334325345618],[152.46833968862688,-24.933043106231132],[152.46643892741565,-24.936251475401985],[152.4657208772178,-24.936895749715777],[152.46584473724602,-24.935378174339967],[152.4669350905831,-24.934578179715924],[152.46699391343952,-24.933906896962508],[152.46612747780205,-24.93322724691671],[152.46610071487726,-24.9319115270721],[152.46474316036972,-24.932685590644258],[152.4643532188271,-24.93347961466922],[152.4647742508322,-24.934036179003186],[152.4642196973823,-24.93497358194197],[152.4642645717537,-24.93577174734497],[152.46366899572865,-24.936302937307385],[152.46460390394816,-24.937073501617498],[152.4640487200735,-24.93704014306482],[152.4639378255713,-24.93778456588167],[152.46445979028817,-24.93916248553692],[152.46389141515783,-24.94186392305815],[152.46421230765304,-24.942082778474038],[152.4640319486167,-24.942298098654895],[152.46371426400322,-24.942080947454347],[152.46253007720247,-24.943783029539695],[152.46124799470033,-24.944500720908056],[152.45966128304292,-24.944630957129473],[152.45555975308127,-24.93978042140596],[152.45049117492886,-24.94010094517911],[152.44894649128867,-24.941516689420254],[152.44707003155781,-24.938516333438702],[152.4465564701061,-24.936853268440274],[152.44517096017285,-24.936970994192706],[152.44707070335141,-24.943342454367325],[152.44151932236002,-24.943221357056537],[152.4415190588586,-24.94425350357288],[152.44263485041915,-24.94397612567421],[152.44428141375738,-24.945279657007077],[152.4459873287534,-24.945151186154835],[152.44668401105935,-24.94460835446851],[152.4474387616906,-24.944614394315384],[152.44808048013124,-24.943976036641327],[152.44915234340704,-24.94397654295965],[152.44955945840343,-24.943560137067198],[152.45069150341124,-24.94411965027819],[152.4522851947071,-24.94384233533208],[152.4528368118705,-24.944148294584686],[152.45270758918502,-24.9449604372509],[152.45374906077166,-24.944816679722496],[152.4553443627533,-24.94531531512623],[152.45649705799394,-24.946532561904675],[152.45755129275904,-24.94854009152846],[152.45820985010562,-24.948688699999938],[152.4587591137432,-24.949386022623276],[152.4599575098323,-24.949671975557617],[152.46001432090532,-24.950262456023914],[152.45509549965868,-24.9549627447112],[152.45386090855527,-24.95552802707308],[152.4530727723917,-24.95430329343855],[152.45213589465698,-24.954022298466615],[152.44950615468645,-24.955108758638605],[152.4489555429651,-24.95628734715963],[152.44910906982886,-24.957158296494462],[152.44835118236233,-24.9585953339837],[152.44855438867523,-24.96075915408787],[152.44816874679134,-24.962823940848335],[152.4469379193506,-24.96363350605756],[152.44469177710494,-24.96419489345569],[152.4416570220551,-24.963707683938562],[152.44264676373825,-24.96712627953021],[152.4417185114013,-24.966938197116136],[152.44139534182273,-24.966152309257744],[152.44003847169927,-24.966626747502428],[152.44003462799685,-24.96747678400243],[152.43827430221836,-24.969052575192183],[152.43852505119128,-24.96999077403098],[152.4370744600194,-24.970036148425493],[152.43628524377016,-24.970602054916863],[152.4365982636001,-24.97176016047897],[152.43719021985385,-24.971911861718997],[152.43759310264068,-24.97166798086855],[152.43925621440394,-24.970074696965696],[152.44086529309993,-24.970193907498807],[152.44169571988266,-24.968850902223355],[152.44251450943818,-24.968781709284457],[152.44398950011646,-24.967809728312375],[152.44460314532,-24.96818687699878],[152.44567353280843,-24.968159041182837],[152.4456794260658,-24.968665561842187],[152.44610318211733,-24.969014679559816],[152.44984302993305,-24.969128217169473],[152.45093679439867,-24.96789952292068],[152.45143493337662,-24.966019257258992],[152.45259904910802,-24.96606245529412],[152.45446651381974,-24.963189050310554],[152.4546600056559,-24.96254406013639],[152.45443199604097,-24.962172582574798],[152.45276542818306,-24.962037413571924],[152.45265756529557,-24.961475371467383],[152.45300196157245,-24.960892145832055],[152.45438361161553,-24.960273779187766],[152.45714918608724,-24.96006248257372],[152.45852984867474,-24.96034950300337],[152.46033520980325,-24.959761997494407],[152.4610453468664,-24.959026887157343],[152.46114544410807,-24.957572496349865],[152.46178121802996,-24.95651372450504],[152.46166265680733,-24.95577882910597],[152.4620642877378,-24.955213187914616],[152.4629816178085,-24.954946128837076],[152.4636679300321,-24.955354162041246],[152.46563415919024,-24.954751260138877],[152.4656844142055,-24.954092039991977],[152.46705873297526,-24.95275203935151],[152.46733577542682,-24.951975189679597],[152.46683087174847,-24.95093348516861],[152.46537886594308,-24.950020112114913],[152.46573645617366,-24.948844126231855],[152.46741672610221,-24.94776783829158],[152.46846139387935,-24.945804669526357],[152.47017186124356,-24.9445287581722],[152.47150022016012,-24.942746209246728],[152.4712271563094,-24.942155512043794],[152.4716136012878,-24.939909806868705],[152.47083784609083,-24.93829734492317],[152.47098816237497,-24.937513797100745],[152.47277201711609,-24.93709122365774],[152.47594866899703,-24.937474354634457],[152.4771295417961,-24.937140077529214],[152.4778296289354,-24.936673425614774],[152.47819010239243,-24.935706316270164],[152.47898439441542,-24.935551605898638],[152.47991794375923,-24.934732921563825],[152.48399615969618,-24.93251915940846],[152.4843278827267,-24.9318848396904],[152.48408020314002,-24.931481137621198],[152.48438049126776,-24.93122552241672],[152.48700526428263,-24.931357413390717],[152.48918204811412,-24.93094561922178],[152.4892062713535,-24.930528251954108],[152.49047883633034,-24.930206171454476],[152.49582693456648,-24.9302490942971],[152.49582693456648,-24.927262627445213],[152.49110846158737,-24.92235999489485],[152.49121863393395,-24.92207086015906],[152.49022109782652,-24.921832635145],[152.48908707520945,-24.920794395721792],[152.48750183034633,-24.920222184982872],[152.4867822504017,-24.91957974528605],[152.4834436000432,-24.919579295625045],[152.48102693284784,-24.923412628866714],[152.48017693501868,-24.92421262888667],[152.47751026708625,-24.924695962325753],[152.47651088197279,-24.925445961838584],[152.47649938593906,-24.928610572696613],[152.4750188140681,-24.929548591671008],[152.4748820298829,-24.930054475610408],[152.47423671415413,-24.930050974549662]]],[[[152.46931765998318,-24.91387141461126],[152.4672086832353,-24.91329470186618],[152.46655196680092,-24.912753946714442],[152.4661684194382,-24.91505409684627],[152.46748978612584,-24.91619475825861],[152.4677370790041,-24.91732771607836],[152.46936250467695,-24.9185254412732],[152.46949359795235,-24.91779596339009],[152.47082693101913,-24.919145963592424],[152.47182693216837,-24.9195626293889],[152.47174800856487,-24.920022352926296],[152.47376324178128,-24.920595980097435],[152.47459816157698,-24.92117711840634],[152.47513150631505,-24.92529323447211],[152.47729359972095,-24.924179296414373],[152.48004359973345,-24.92344596313765],[152.48347693341486,-24.918582907951887],[152.48018852008522,-24.919505217568773],[152.4788451577789,-24.919334421023784],[152.47775700957948,-24.917384444413685],[152.4768601615683,-24.91431934803665],[152.47633299966935,-24.914252683091995],[152.47510691705168,-24.915432624193414],[152.47262308668724,-24.916945531188446],[152.47045593729285,-24.91550024511739],[152.47024294725531,-24.91480027039334],[152.46911844576084,-24.915162315865324],[152.46931765998318,-24.91387141461126]]]]}},{"type":"Feature","properties":{"plan":"FHA-055","name":"Kauri Creek","mgmt":"A"},"geometry":{"type":"Polygon","coordinates":[[[153.02658871989468,-25.823354814131605],[152.99999375071218,-25.761961078400528],[152.96900244121082,-25.761961079299848],[152.96939026484995,-25.763679043412548],[152.97023402857872,-25.763908476654326],[152.9698503840891,-25.764269650683275],[152.97025670858136,-25.765256233947454],[152.97069387802117,-25.76564952726326],[152.97274207318924,-25.76579581998053],[152.97324787798834,-25.768032902455833],[152.9738538402836,-25.768408157170057],[152.9756790467518,-25.771323497540635],[152.97578615600742,-25.772817150950004],[152.9752717842665,-25.774592766102522],[152.97557823994498,-25.77659636838687],[152.97520963122065,-25.778326146893328],[152.97409662575978,-25.780853325479658],[152.97435737339515,-25.781346612615142],[152.9741961222544,-25.781985731115675],[152.97093403298038,-25.78748863235347],[152.97004392718668,-25.787787185688984],[152.9704119936198,-25.788690382014423],[152.97007386381893,-25.790786967903127],[152.97048418220038,-25.793089928416276],[152.96990166523085,-25.79415276070019],[152.97018793292784,-25.794489854481984],[152.97091336476115,-25.794438147061623],[152.96937634784126,-25.795474864831924],[152.96739010427098,-25.798623554991806],[152.96485985090249,-25.80106689967635],[152.9643579203829,-25.8010872090661],[152.9618133156331,-25.79949049784689],[152.95917046084924,-25.799310946401782],[152.95474305794687,-25.79991059095973],[152.95420704042374,-25.800417364328613],[152.95306664700934,-25.80075160725954],[152.9523653907513,-25.801580667972118],[152.95156088422857,-25.8010044642433],[152.94967182139862,-25.801653945631738],[152.94847606122244,-25.800997549356108],[152.94700942884322,-25.798731305464084],[152.94607603598138,-25.79807286143215],[152.94462763555805,-25.797598406999615],[152.94229027597657,-25.797828936514968],[152.94135310506283,-25.797497929344733],[152.94089092277898,-25.796693200689415],[152.94132904729884,-25.79691380528666],[152.9419743270547,-25.79669363955857],[152.9422547149842,-25.795856141406585],[152.9420357867233,-25.79547031336306],[152.94114711894554,-25.795558133959496],[152.9405629858942,-25.79520522110289],[152.93678809599498,-25.797628269887472],[152.9360322733719,-25.799655818419996],[152.9331340192207,-25.805084914096113],[152.93137460895218,-25.805922174827064],[152.930596931904,-25.80597210069044],[152.93009648526572,-25.806893752003628],[152.92822543585635,-25.808552251143965],[152.92696622761048,-25.808786288914636],[152.92711404737656,-25.809289218581107],[152.92837281495463,-25.809792691438062],[152.93105841361603,-25.80840277033008],[152.93046548879238,-25.809123242402222],[152.93029826075724,-25.810128861616175],[152.92961272644732,-25.810882815448068],[152.9293158503474,-25.81192188944209],[152.92666842790675,-25.811300397653667],[152.92174313244072,-25.811351471052053],[152.91659635194117,-25.81035965823012],[152.9151889021473,-25.810694085522098],[152.91972436758658,-25.812104643373043],[152.91782406592904,-25.81369647397152],[152.9149149281825,-25.813813723982623],[152.91365680092179,-25.814730420031246],[152.91221129091946,-25.815222242171146],[152.91001582097454,-25.814660252227267],[152.90920954908256,-25.81365736695235],[152.90940143922614,-25.812156447020858],[152.90872627499868,-25.811663144596892],[152.90781901823425,-25.811425262224535],[152.90480396193448,-25.811852307096714],[152.90357405719817,-25.811623314522823],[152.9029887766119,-25.812216201574913],[152.90322556990532,-25.81281653231557],[152.9030196683242,-25.81264542100784],[152.9043184593305,-25.81378559948423],[152.9038492893144,-25.815155597011582],[152.9031014814493,-25.816236913061466],[152.9019656404031,-25.81684016569944],[152.90159875927645,-25.814892651433112],[152.9012699275662,-25.815117800304606],[152.90094179732716,-25.81449552790468],[152.90030435426365,-25.814576232165788],[152.90016463469124,-25.81492772859018],[152.90080186821274,-25.815099455034193],[152.90117979031618,-25.815730775513238],[152.9011492277558,-25.81655112809048],[152.90075350627046,-25.81630598908846],[152.89923025617247,-25.81647747901083],[152.89834546267411,-25.81702866539894],[152.89822424935073,-25.818217673465185],[152.89848135473187,-25.818769657551993],[152.89855066728057,-25.818039144549218],[152.89893715812445,-25.817876213474772],[152.89909007434858,-25.819795959374304],[152.89857388867517,-25.82100646303614],[152.89702715727867,-25.822450937019372],[152.89108993925038,-25.824249678238257],[152.88640772603685,-25.824401529665035],[152.88612413382282,-25.82465777529429],[152.8862122152227,-25.825203367899295],[152.88513299819044,-25.824932814955634],[152.88492997713786,-25.823892505293127],[152.8843222036079,-25.823244505987407],[152.88396012755902,-25.823063874456462],[152.8832607122132,-25.823176638649155],[152.8839362109885,-25.823155046826162],[152.8846557891345,-25.823690423132724],[152.88506082399897,-25.8250028874315],[152.88656618388336,-25.825293944018497],[152.88676644941324,-25.824589887271674],[152.89157050817357,-25.82453448453705],[152.89741339361433,-25.82261131132118],[152.89891714641033,-25.821228975095412],[152.8993947646578,-25.81992830450594],[152.89942190799582,-25.8182884546068],[152.8985813782292,-25.817261987309227],[152.8987190203676,-25.81694343844726],[152.9006682784194,-25.81657172796124],[152.90116550818277,-25.817465828543497],[152.9003239127195,-25.818053053463967],[152.90148058476234,-25.817867407313297],[152.90182881844635,-25.818250076038485],[152.90253923070202,-25.817458996393892],[152.90399507391464,-25.81676515324757],[152.904611393702,-25.8157132351361],[152.90717376006216,-25.814233586868962],[152.90723416212802,-25.813845039275538],[152.9062302030626,-25.81314492335795],[152.90387792103036,-25.812987953889394],[152.90347480711773,-25.81249805539936],[152.90352399643643,-25.811919115932938],[152.90509256696953,-25.812320388933234],[152.90767414104994,-25.812296234941734],[152.90766480608704,-25.81276338597994],[152.9069406836668,-25.813053348091987],[152.90786968064242,-25.813768805544335],[152.90804190800873,-25.814439104439547],[152.90779486244412,-25.814781488033642],[152.90675022524385,-25.8146691258379],[152.90640442062863,-25.8150561238994],[152.9086499360468,-25.815370315546016],[152.90968178218964,-25.81717302007717],[152.9109233466363,-25.817992912201458],[152.91194339817048,-25.818030760169773],[152.91263471512116,-25.817621619900176],[152.91416135386453,-25.81558217243769],[152.91467093671554,-25.81620053998128],[152.91747645277724,-25.815703237372905],[152.91871443432478,-25.815800736473168],[152.91910012836934,-25.81718601438137],[152.91872832885042,-25.819550827566903],[152.91800434762365,-25.819617443048863],[152.91620975677597,-25.821329132591675],[152.91587527102809,-25.822021469373585],[152.9143197019938,-25.82303328131911],[152.91262478390775,-25.823300355685085],[152.91086576034775,-25.82458753914184],[152.91233070200144,-25.823828883654276],[152.91554693124704,-25.824471192050076],[152.91545385141524,-25.825807050413236],[152.91481938870493,-25.827184290181016],[152.91504115522628,-25.827680357120943],[152.91604442900837,-25.828299001655708],[152.91604377340252,-25.829229824255076],[152.9164055140044,-25.829594911234242],[152.91583793567338,-25.829445660646837],[152.9153355662845,-25.83016768135153],[152.91539291964864,-25.830502802020785],[152.91593577561673,-25.83070418360929],[152.9157545793115,-25.830987045573767],[152.9151376407906,-25.830830299137073],[152.91582033773955,-25.83106154361343],[152.91597697805628,-25.830599949486164],[152.91541781288288,-25.83019751366239],[152.91591194897842,-25.829490371341684],[152.91644653657954,-25.829758756919183],[152.9164466849677,-25.829550261693306],[152.91610964964173,-25.829133057202952],[152.9166276897172,-25.82953546334907],[152.91701445035778,-25.829409093313114],[152.91710537721258,-25.828798534582795],[152.9167931164103,-25.828262203196232],[152.9173776496599,-25.8276742633147],[152.918026766823,-25.825288751333023],[152.91714769481143,-25.823560656357397],[152.91572494035483,-25.822874756023392],[152.91710733593595,-25.822451101595284],[152.91737930531178,-25.821745315452194],[152.91873726181632,-25.820934409353796],[152.9212299576975,-25.82709556936319],[152.92135930089216,-25.83056126604767],[152.9224440901238,-25.829900594395006],[152.92324980443607,-25.830764823995487],[152.9229938393953,-25.832179525023133],[152.9214221086445,-25.83263292362855],[152.9221623082451,-25.83304287508664],[152.9220385021763,-25.83365343561559],[152.92129807055062,-25.833571122467344],[152.92207805795715,-25.834435583193617],[152.92202587389613,-25.835608126471836],[152.92161409501557,-25.836352400001218],[152.92218911703526,-25.83756250256537],[152.92196247618847,-25.83821381047691],[152.92293849511657,-25.839479961488898],[152.92365843119273,-25.839247697181353],[152.92463493215757,-25.839787960403957],[152.92518933901795,-25.841146940336863],[152.92488042279444,-25.841835432517048],[152.9254565914497,-25.84129597328839],[152.92640728456968,-25.842061424053338],[152.92775402203165,-25.84256462891233],[152.92731111581645,-25.8437928123462],[152.92662214519703,-25.843801774090384],[152.92602542793225,-25.844294697899805],[152.9268575598296,-25.845583081951467],[152.92699947194922,-25.848925912358695],[152.92764709084167,-25.84931709856292],[152.9286144376074,-25.84814500314712],[152.9297043610685,-25.848340967219595],[152.93030806606555,-25.848212831814454],[152.93049337676905,-25.847868591120296],[152.93009312629783,-25.846500398532296],[152.92872551916855,-25.84638806511484],[152.92779013520772,-25.845754789509716],[152.928068235262,-25.845001125259504],[152.9275439233145,-25.844796129295727],[152.9286648410107,-25.844694317046848],[152.93075168904033,-25.845746919542474],[152.93084324721917,-25.847449980989566],[152.93292035109448,-25.853173369013348],[152.93458235309424,-25.853921459265557],[152.93446401400422,-25.853423105349634],[152.93321064055976,-25.85266357841904],[152.93395628015935,-25.852418588704516],[152.93465929459194,-25.85264123296413],[152.93524344922696,-25.853362121422382],[152.93609771883575,-25.85590002712213],[152.9379827158308,-25.857519963333147],[152.93832007761068,-25.860433273933918],[152.9392912024282,-25.861684823553222],[152.9401709057638,-25.86447569865198],[152.94108551718398,-25.86532703107502],[152.9410006319747,-25.865648971280372],[152.9398311823643,-25.866108470886587],[152.94086492787528,-25.865932562595027],[152.94167011158754,-25.865357921887945],[152.94257641507068,-25.8658719303027],[152.94039975894282,-25.864291803481322],[152.93993478336472,-25.86230605184027],[152.9386225942585,-25.860323012554463],[152.93833626810545,-25.856988073698158],[152.93638849303568,-25.85556131006395],[152.93527431755683,-25.85267984265825],[152.9346731162724,-25.85216593137025],[152.93290147882135,-25.852233171881],[152.93259984890506,-25.851931670567794],[152.93239268737375,-25.85021758253306],[152.9312911932351,-25.84741062755615],[152.93131293524493,-25.845813410018636],[152.92779690800205,-25.843645670668966],[152.9283381847606,-25.84339165715708],[152.92848358265235,-25.843862609629543],[152.92990922123465,-25.843863310201385],[152.9290666572016,-25.84331667528214],[152.92844711244538,-25.842216396127647],[152.92745888971717,-25.841641442456446],[152.92436087185786,-25.83700075903573],[152.92360145644318,-25.83670841192161],[152.9227616722145,-25.836790845579],[152.92223108569715,-25.836639880883755],[152.92337582193773,-25.83644271711563],[152.92341799294718,-25.835585744144762],[152.92406368099523,-25.83471024783766],[152.92394974768388,-25.833909692036684],[152.92448171196258,-25.83185693011131],[152.92425357644254,-25.830643825610146],[152.9234845787514,-25.829136618518245],[152.9241196808797,-25.82848712903592],[152.92349568807663,-25.828044168861442],[152.92303898895932,-25.826320513838812],[152.92389269918988,-25.82548279984951],[152.9235501582143,-25.824230074816317],[152.9223232041537,-25.823054114114306],[152.9218665949685,-25.821245679103047],[152.9220554831751,-25.818778375579907],[152.92276377213147,-25.81751114268342],[152.92166135438913,-25.816926658896538],[152.92220269140228,-25.816408978549894],[152.9215057123199,-25.816305012424746],[152.92136040436026,-25.815786966053995],[152.92422170177122,-25.815334552206178],[152.9252618162809,-25.815721222914505],[152.92710368988446,-25.815044084675137],[152.92746754659117,-25.815486894662826],[152.92729039633582,-25.81596710655511],[152.92759206762094,-25.816023760246736],[152.92811266986496,-25.815336534311978],[152.931790083147,-25.814001002402744],[152.93373397134678,-25.812315934591123],[152.93398401165393,-25.811401218849664],[152.93388533624045,-25.80934564834148],[152.9352835481983,-25.80769733312397],[152.93595718627626,-25.807799281170418],[152.93983309702094,-25.80633159838311],[152.9420176303105,-25.806386665670622],[152.94099964991506,-25.807415724814376],[152.9407895062319,-25.80877020364051],[152.93939720821572,-25.81020546137146],[152.93856181987326,-25.813105502475395],[152.93700315087585,-25.814901867685403],[152.93800042438124,-25.81501407249981],[152.93935906886702,-25.814300992854953],[152.9401947566838,-25.814653867040764],[152.94059336859027,-25.815290297467627],[152.94061195128165,-25.816132942439726],[152.9415041282141,-25.817534814638343],[152.94134823163677,-25.819696345068564],[152.9421740853669,-25.82082305349938],[152.94400745588052,-25.820677599849656],[152.94506164567952,-25.821099310842758],[152.9465942451294,-25.820167832637644],[152.94854854927723,-25.8258777793942],[152.9481775600475,-25.827047005972666],[152.94719880807963,-25.82775514744022],[152.94715108735397,-25.828253830508014],[152.94667594943667,-25.82861477970641],[152.94701766123717,-25.82922538520146],[152.94606728018198,-25.8301622350572],[152.94668849497918,-25.830557697537767],[152.9468861443812,-25.831084536580143],[152.94827163902607,-25.830326484537707],[152.95000501661934,-25.83268703763471],[152.94982989883192,-25.833919631343917],[152.9491543469967,-25.834867591424185],[152.94907226407486,-25.83627088455166],[152.94973564808288,-25.836576642356135],[152.95032947492643,-25.836218642034638],[152.95079484530697,-25.836829857270068],[152.9504924770473,-25.836134413330473],[152.9495846851862,-25.835733749171162],[152.95027185266497,-25.8348384740743],[152.9512497628674,-25.834554353058916],[152.95112232173892,-25.83308987545544],[152.9519488220816,-25.833005867085102],[152.9515652072696,-25.831730948582436],[152.95238038874504,-25.830801986680417],[152.9528227229914,-25.830770522999288],[152.95532459105812,-25.83278359604414],[152.95586050965596,-25.831540571098508],[152.95721072479625,-25.831656866928924],[152.9578622728268,-25.83249989141486],[152.95857223901874,-25.832776123577247],[152.9586533308876,-25.833903439949783],[152.95982822589303,-25.836221576522476],[152.96098040042625,-25.836948836677433],[152.96089909092143,-25.836432578158913],[152.96043358744123,-25.836063713127842],[152.96024800064583,-25.834083000388148],[152.95972426336516,-25.833851070628388],[152.95959638786417,-25.83334533327849],[152.95984108709763,-25.83260790988518],[152.95934076636445,-25.83199671713281],[152.95994625921367,-25.831385822955433],[152.95941106816736,-25.830616595037906],[152.95784001820346,-25.82961526738881],[152.95668743627732,-25.83023652625276],[152.95547682829408,-25.8303520450689],[152.95510418790911,-25.83076281221208],[152.95412646206773,-25.83065715536152],[152.95391704863403,-25.830383167906938],[152.9549182953442,-25.8298356390616],[152.95458122314608,-25.82855019759165],[152.95355713455524,-25.828016789001726],[152.95245099092165,-25.828911937294194],[152.9517296689902,-25.82802672111439],[152.9505073860082,-25.82826863514754],[152.95160265324103,-25.825540298004505],[152.95282483909614,-25.82544588357883],[152.95226654356725,-25.82442376090605],[152.9524764561247,-25.823433495817415],[152.95202276074292,-25.822824391290848],[152.9501725648131,-25.82174915196006],[152.9499751033694,-25.820790352351185],[152.94932341594404,-25.82052673587844],[152.94883486463846,-25.81985230100117],[152.94866083593,-25.81855636983889],[152.94784671925186,-25.817190670171602],[152.94517035033255,-25.815999180875874],[152.94415824071132,-25.815029526449898],[152.94478704758535,-25.814334430547945],[152.94398454565135,-25.81315414050962],[152.94427613103971,-25.811818354092225],[152.94385755778126,-25.810964807538326],[152.944044039402,-25.81038542920268],[152.9446261013146,-25.81004851258727],[152.94514975585764,-25.81017514522527],[152.94653409577302,-25.811503127325928],[152.94786069561576,-25.81185128726553],[152.94979260934258,-25.811915174204383],[152.95088686663667,-25.81129395221258],[152.9513174143683,-25.811452137564586],[152.95236432505465,-25.81277996408253],[152.95175889066138,-25.813359210217783],[152.95235340998306,-25.81588404067432],[152.95410604026267,-25.817658456131188],[152.9547472820625,-25.81900720447722],[152.95543477689455,-25.819266752417],[152.9556410912645,-25.819163077672172],[152.95551610798316,-25.816279234257607],[152.95466916335238,-25.81347814196109],[152.95401614942693,-25.813042254055205],[152.95560909068809,-25.81278341388187],[152.9558610690342,-25.813125811865152],[152.9554368921,-25.813613237219517],[152.95592955510597,-25.813862347627673],[152.9567090721671,-25.813063824294463],[152.9561020576649,-25.812181905928682],[152.95377594320632,-25.8119114779908],[152.9537184243669,-25.812492363590174],[152.95359257683708,-25.81195291155609],[152.95390203715044,-25.811797404385167],[152.959494412838,-25.81198372053075],[152.9600288340646,-25.81169364600345],[152.9606634973237,-25.812467748246416],[152.96057497075947,-25.81402694424652],[152.96007168316282,-25.81515354835596],[152.96012173493125,-25.815859200500057],[152.9609450543719,-25.816508144993254],[152.96043543644737,-25.817745149877098],[152.96052954330492,-25.818308540065384],[152.96157845228493,-25.821272494188495],[152.96267190738376,-25.822644212118913],[152.9639731121705,-25.823196524458282],[152.9644887519555,-25.822792619142316],[152.9645769376766,-25.82223496662863],[152.96301833702773,-25.820544466012553],[152.9629243470821,-25.819529242039152],[152.96222702266004,-25.81798122101485],[152.9642385182941,-25.818698743310648],[152.9667973602111,-25.817965255350583],[152.96849469927213,-25.818102218500925],[152.96963237133798,-25.818866135022432],[152.9694994371505,-25.822405661550263],[152.97102692125657,-25.823289157326997],[152.97117128312937,-25.824256585031584],[152.97159911760627,-25.82287954761125],[152.97081338712928,-25.822384306248992],[152.9700718160626,-25.82130294433367],[152.97106566944626,-25.819058770703993],[152.96962005512262,-25.817823612128326],[152.96774057366963,-25.817094812334073],[152.96702388594474,-25.817208462359023],[152.96598671311745,-25.816840603669284],[152.96557790110035,-25.81750632141796],[152.96448400623308,-25.817625554434123],[152.9633148012382,-25.817306587387463],[152.96322058915996,-25.817073257383242],[152.96417648305942,-25.815901225819324],[152.9633659214013,-25.814629740928172],[152.9629015996303,-25.811846921057],[152.96329769523356,-25.81164215531965],[152.9653469408098,-25.811864585540658],[152.9660071439157,-25.811358282517187],[152.96798102540515,-25.811279058540165],[152.97116217659436,-25.80990828759592],[152.97355961808307,-25.809918815059785],[152.97421924022694,-25.80943979297057],[152.97552889594294,-25.809534871095927],[152.97849262613488,-25.808776558250095],[152.97840985613107,-25.811208710871785],[152.97906830915633,-25.812001469550633],[152.97819996605676,-25.81307177250275],[152.97962188684176,-25.813329421074364],[152.97991393358234,-25.81238097715884],[152.98034051890102,-25.81236071183582],[152.98120091109433,-25.814110100958775],[152.98188190113,-25.814509899070966],[152.9819491569292,-25.815153525872898],[152.9789025110432,-25.818471432468957],[152.9788799884219,-25.818891474320395],[152.97970309022662,-25.819928139930035],[152.98052646992176,-25.819406592498535],[152.98157421517897,-25.81989451697666],[152.98204553907146,-25.821199411681768],[152.98147668100512,-25.821436459483298],[152.98083279339983,-25.82276424103514],[152.98139410525494,-25.82300821001911],[152.9813939919403,-25.823743963371424],[152.98241188420218,-25.823967649945285],[152.98259902772406,-25.823737338065925],[152.98171596272266,-25.82288359905709],[152.98278641676086,-25.821881048329963],[152.98310835606696,-25.82114940218143],[152.982692577002,-25.820645533622766],[152.98487868230643,-25.819449566602504],[152.98620033407929,-25.81802864496431],[152.98532605905154,-25.8173809963942],[152.98509764564096,-25.816508553285487],[152.98630998302042,-25.814972491445694],[152.986886261393,-25.814900593346117],[152.98655843782274,-25.81448684045375],[152.98537606585387,-25.81471157923437],[152.98468050320378,-25.815233157242783],[152.9839055906716,-25.814747392936212],[152.98327961576274,-25.814936199304555],[152.9828027943147,-25.814315559174144],[152.98310094385465,-25.813739971480935],[152.98258432111072,-25.813524055049548],[152.9825645162406,-25.813146310112558],[152.9806885196606,-25.811296374086865],[152.98019887477938,-25.809179248581977],[152.98100834376123,-25.8076738949928],[152.98232989660858,-25.807156564482433],[152.9828049526875,-25.807613635019806],[152.98426773416975,-25.80572524668141],[152.98496559998364,-25.805543863317226],[152.9868734991138,-25.805913688824266],[152.9868214346626,-25.80675379321154],[152.9872965725799,-25.806632855980055],[152.98787556600575,-25.807479732262355],[152.98808332468684,-25.80861555891944],[152.9869621470865,-25.8098668756143],[152.98767483912366,-25.810149216871352],[152.9882614309214,-25.80928227491557],[152.9891077784024,-25.80930922220135],[152.98877383764363,-25.807803735512525],[152.98828389598611,-25.807413899190674],[152.98786826980597,-25.806130187116995],[152.98769762344773,-25.80518388088997],[152.98792041069953,-25.804525265087516],[152.98695529155464,-25.804673039887497],[152.98673263920102,-25.804216005323028],[152.98589377767678,-25.803940371209805],[152.9875639077493,-25.802842214455282],[152.98806159256958,-25.803140790273858],[152.9878611049072,-25.80365826917239],[152.98936802781338,-25.80467995387537],[152.99119898005006,-25.80769662625684],[152.99261133474647,-25.808670000278827],[152.99361260933563,-25.810177692105277],[152.99588931414166,-25.812467866956965],[153.00357485469692,-25.81858308509962],[153.0067866736672,-25.821916715442295],[153.01039992301912,-25.822785490216457],[153.0133901391447,-25.82411242460691],[153.01602607004827,-25.825518324868998],[153.0185399800372,-25.827508801548067],[153.02011136724695,-25.829673150453605],[153.0210515697753,-25.835699030843582],[153.02253650066007,-25.841421453894867],[153.0224149366012,-25.84477099144591],[153.02037239816877,-25.84529269625869],[153.0192025753397,-25.844676666952417],[153.01831202168364,-25.843491809257422],[153.01803226058155,-25.84067949791833],[153.01682754585568,-25.839731657447942],[153.0153956479919,-25.836843633984476],[153.01481955487964,-25.836780489885662],[153.01377224939097,-25.837870769478375],[153.01291687001867,-25.8380762492774],[153.0114556245785,-25.837510750178907],[153.01108893680612,-25.83661019246438],[153.01215377367885,-25.8359939158445],[153.01255519686595,-25.8351880990095],[153.01169965471638,-25.833671399573472],[153.0107395277082,-25.833513470528278],[153.00939539018623,-25.83389275600387],[153.0086273700582,-25.834998787222254],[153.010757072582,-25.83458785010719],[153.01147283580383,-25.83491958842624],[153.01133324213652,-25.83553579399969],[153.0104779356094,-25.836499632509977],[153.010443097672,-25.837352828328324],[153.01173506012606,-25.838648297239015],[153.01264287626884,-25.83894841539497],[153.01513923778668,-25.83842679152112],[153.01575031002994,-25.838979714500127],[153.01587254498315,-25.839200891965515],[153.01479034759757,-25.840575583953903],[153.0135683640899,-25.84111289020561],[153.01470314483538,-25.841207578924497],[153.01597749406722,-25.84067025918299],[153.01664093113516,-25.841001973220354],[153.01716159992907,-25.843981738324334],[153.01679502457182,-25.84431357736749],[153.01611411637452,-25.844013453815613],[153.01534598293188,-25.844329529541962],[153.01532866019068,-25.845340715559356],[153.0149795262853,-25.84564094343255],[153.01653324811207,-25.845008791979925],[153.01784267270227,-25.845308826498915],[153.01759834488882,-25.845972441632604],[153.01672545661563,-25.846241140174218],[153.01676048970592,-25.847031118149314],[153.0183842561297,-25.847710305943576],[153.0203570350502,-25.84737825286181],[153.02074100779237,-25.846683012169063],[153.02133464937572,-25.846951521853008],[153.02245198866945,-25.846856557042226],[153.02280126556707,-25.84744109298977],[153.0222950578717,-25.847962552287697],[153.02046193916829,-25.848247215594252],[153.0184668381752,-25.85010633729531],[153.01758072627058,-25.850205319377682],[153.01679191831352,-25.851710357304768],[153.01643990837624,-25.85189714289649],[153.0160514192387,-25.851578625510772],[153.01594222355595,-25.852007048144372],[153.0132608930769,-25.85352105770824],[153.01294531827295,-25.853905560151066],[153.01383153270024,-25.854432761620252],[153.01306690301635,-25.855641186948798],[153.01313995584542,-25.85761847417078],[153.01239235572382,-25.859534332301102],[153.01193105477546,-25.859611266604173],[153.01190669034258,-25.85874346039987],[153.01048629660647,-25.858172343236582],[153.00979425839944,-25.85729359138364],[153.0097579221915,-25.85823830221337],[153.0087503793277,-25.858930424057306],[153.00867757201343,-25.859281951058676],[153.0104863856393,-25.859237887875736],[153.01054716901774,-25.860127666316234],[153.01136061480167,-25.860918530123534],[153.0107172128303,-25.861083357868115],[153.01116649883602,-25.862269701243168],[153.01354377032987,-25.864495061954933],[153.01452712682658,-25.864462011869705],[153.01586245818703,-25.86373686332299],[153.01663948592466,-25.864099281114314],[153.01668810057652,-25.864538677275515],[153.0156198058105,-25.864890313994174],[153.01517058905256,-25.864692637612507],[153.01466075259282,-25.865154050976052],[153.01367735113,-25.86483558395241],[153.0130460702211,-25.865000420690247],[153.0128154831492,-25.865681506953344],[153.01292477505945,-25.86596710195752],[153.01359251088684,-25.866046138875525],[153.01353190557415,-25.866891987232766],[153.01276704566374,-25.866892055581232],[153.00925866535624,-25.8697594108254],[153.00638863462893,-25.870710863872535],[153.00591517934322,-25.871457869542304],[153.004142620087,-25.87219392596616],[153.00400014229388,-25.873005085673363],[153.00172729018345,-25.87494584333315],[153.00244559399016,-25.87577375021556],[153.0023078457316,-25.876477033545413],[152.9960732533791,-25.873939768162966],[152.9951373109393,-25.872450874865198],[152.99458631071082,-25.872215316341013],[152.99076219821802,-25.87222690230693],[152.98925544888095,-25.87119337263327],[152.98932184223042,-25.870811671578615],[152.98892371955515,-25.870378472645655],[152.98843074538377,-25.870335543507796],[152.98767242624263,-25.869267554511303],[152.98730286333762,-25.867770711206674],[152.9876678603846,-25.867590600383206],[152.9875579551367,-25.867053630477997],[152.98793245172237,-25.86672342010707],[152.98850121535997,-25.867075153952516],[152.9887620358404,-25.865784230215382],[152.98967689187623,-25.86526534028058],[152.9894589177959,-25.864491612155582],[152.9906250309216,-25.86336372111626],[152.99096643785197,-25.861535825675283],[152.99059206896993,-25.860592247991335],[152.98931236607393,-25.860382007181368],[152.98679880682062,-25.86095221513007],[152.98664719641215,-25.860364631380136],[152.98555222235836,-25.861162255391214],[152.98561387628047,-25.860806287537596],[152.98445129389324,-25.860241757008943],[152.98381152698153,-25.85947825957151],[152.98220010195428,-25.858989150686217],[152.98158865469384,-25.859147757820264],[152.98108120863196,-25.859762951656354],[152.9810138197331,-25.860438629396672],[152.98173352288495,-25.861211815230558],[152.9812826657635,-25.86202137954046],[152.98007183384914,-25.861430743491443],[152.97952035068477,-25.860578441599248],[152.9787263878137,-25.861333155358302],[152.97935868135914,-25.861814142466134],[152.97852447472587,-25.86185663363415],[152.97839669815028,-25.861587555578645],[152.9778988055865,-25.862007508397255],[152.97806673509285,-25.86337718666525],[152.97718410086668,-25.86401786818744],[152.9766993815723,-25.864872107219348],[152.97728384197683,-25.864949034327868],[152.97731890384546,-25.864438267069772],[152.97778347832605,-25.86451517259452],[152.97816819570676,-25.86419882797095],[152.9793771066693,-25.864235163279556],[152.97950422134386,-25.86579734952543],[152.97940420324255,-25.86642564108782],[152.97874472229228,-25.866723874264736],[152.97877962767882,-25.867121645305023],[152.9778251933791,-25.868482977864442],[152.97927406414783,-25.867841334067634],[152.9795539070883,-25.86735320184613],[152.98077288955835,-25.86712282791348],[152.98051825191692,-25.86621424644764],[152.98162741997055,-25.86529499182779],[152.9809481656265,-25.86447223356414],[152.98121305733787,-25.86364507761563],[152.98179248783413,-25.86387567997607],[152.9833480487746,-25.86142993859824],[152.98456560941645,-25.862111851338277],[152.98645600594102,-25.861972036437752],[152.98745834083093,-25.862459110157257],[152.98956403775128,-25.8620818634447],[152.98992729191218,-25.86234364799837],[152.98916700505436,-25.86337843492422],[152.9887902655595,-25.86340884190193],[152.9886282086261,-25.863973597261083],[152.98712784807287,-25.86450056940316],[152.9865177722785,-25.86504253144504],[152.98665496835326,-25.8667998912593],[152.9858688943351,-25.868353286632193],[152.98600602206136,-25.870627800689693],[152.9867313118017,-25.87209083218336],[152.98808873410894,-25.873045699057002],[152.98826455426695,-25.873513146871446],[152.99152640971715,-25.874290102663316],[152.99284210797805,-25.875441842823946],[152.99297942905855,-25.876759604129568],[152.99393564491527,-25.879207195412828],[152.99357391060857,-25.880543844280076],[152.991408341323,-25.88058350348293],[152.99151272383426,-25.88128963226774],[152.99114798039614,-25.881856920117787],[152.9887766390318,-25.88194945496041],[152.98844204806323,-25.88354457887619],[152.9874462782243,-25.884108298216347],[152.98749184687233,-25.88441083734727],[152.98873833600658,-25.88511224918793],[152.98951367931397,-25.88458976196494],[152.9903346668126,-25.883414081851374],[152.99215892629456,-25.88258224043509],[152.9926530201219,-25.881798433607848],[152.99494752970588,-25.881021590231242],[152.99820061226956,-25.881262309964654],[153.00260141592378,-25.880963207143346],[153.00458134715257,-25.880000562033356],[153.0065308893902,-25.87975640688975],[153.00773186203696,-25.880993971151902],[153.00925202656094,-25.88128952794642],[153.01014697610321,-25.880947404256354],[153.01075496636975,-25.880259797908387],[153.01124143574475,-25.880521036573626],[153.01070957578747,-25.88257002134642],[153.00915151832908,-25.883904002824462],[153.00820905760304,-25.884522871290464],[153.00617202302158,-25.884846129002632],[153.00461387563098,-25.885588759470615],[153.00452267358366,-25.886152557951117],[153.00510038457617,-25.886778228889067],[153.0050243810715,-25.88706357118377],[153.0039716220938,-25.886829831988056],[153.00376644086964,-25.888070882022504],[153.0056781162532,-25.887905806964323],[153.00658638655364,-25.886730039616577],[153.00836497486478,-25.88593237153864],[153.0095469196558,-25.885815412907924],[153.01024234201157,-25.885100298097242],[153.01112782079338,-25.884756454004094],[153.01214988501033,-25.88220892915578],[153.01329741544453,-25.880613678435584],[153.01253331366263,-25.878372281912398],[153.01341289109314,-25.876660162493625],[153.01368824281928,-25.875346893301646],[153.0182838594137,-25.87091159255321],[153.01858766389068,-25.869673923969703],[153.01817347122983,-25.869728984062643],[153.01789981112847,-25.86931647493266],[153.02199181097444,-25.866297498488127],[153.0228279610427,-25.867163703899166],[153.02364595200027,-25.872268760352213],[153.02456588291034,-25.87382249746745],[153.02517432103923,-25.875788830946924],[153.02563886404346,-25.88004134628815],[153.02496655336483,-25.881674432386188],[153.02396345764862,-25.882705958370277],[153.023978828861,-25.883520715365716],[153.0246327079343,-25.88452445229858],[153.02626689570184,-25.884482906318052],[153.02659393776116,-25.885411055232996],[153.02647244115133,-25.885961130958403],[153.024967715289,-25.887219653920795],[153.02518062888407,-25.887611525408477],[153.02577355460699,-25.887783304013144],[153.02718912797695,-25.887208940297278],[153.0273334439844,-25.886755116312496],[153.0281087234399,-25.886634641332538],[153.02779314683744,-25.88606058698346],[153.0276557277308,-25.8835063064279],[153.02672441320226,-25.882550770458725],[153.02755261955883,-25.881343940527472],[153.03026973406213,-25.880807093829343],[153.03043264804944,-25.878885306468806],[153.03022703605006,-25.877283327920363],[153.02966068709213,-25.876833082337985],[153.02980502558262,-25.876564905403185],[153.0303977786357,-25.876262255655714],[153.0310590483375,-25.87639962799755],[153.03194870896687,-25.877953329139935],[153.030346394072,-25.883371697702692],[153.03002770761373,-25.88555134947215],[153.03008920505386,-25.888277524644955],[153.0293299326314,-25.89167425142241],[153.02820448594935,-25.8938093633682],[153.02809922300185,-25.89465852123051],[153.02654887812935,-25.89635366324773],[153.02521116176683,-25.897178980082593],[153.05809847866294,-25.886329645253873],[153.0586848995896,-25.88700647682436],[153.06040789900646,-25.887031323293854],[153.06280910955388,-25.887669050543195],[153.06435970173993,-25.88879256728003],[153.065546019934,-25.88876649233665],[153.06678858442672,-25.88830601516739],[153.06836964924105,-25.887078889336177],[153.06915982776502,-25.885877670275217],[153.06969551613633,-25.884216660227654],[153.06805608532125,-25.882071242051197],[153.06681292367864,-25.881356425815454],[153.0646661754048,-25.881025248673343],[153.06297117368183,-25.880361691096226],[153.06116237534445,-25.878062965490596],[153.05943910792962,-25.87722053545648],[153.05929660675417,-25.874665596597158],[153.06099102661574,-25.8743774601089],[153.06120976062311,-25.87408991987107],[153.06093381534447,-25.872946672907858],[153.0615051177681,-25.871803068014422],[153.0612999797114,-25.871043049154633],[153.06030438074367,-25.87091571954208],[153.05904808540197,-25.871829643880194],[153.05890665082245,-25.871401741954088],[153.05649872144,-25.870732016826363],[153.05306382383753,-25.86880357538197],[153.05228934297998,-25.867648424992133],[153.0513703833376,-25.865029872587904],[153.0516137326888,-25.864515596175174],[153.0517762536723,-25.86481574940467],[153.05375629731645,-25.864144347041375],[153.0539959081857,-25.86320528485343],[153.05290488215576,-25.862608463267385],[153.05309512564065,-25.86179717855436],[153.05508284230052,-25.86255974429416],[153.05575417002,-25.86389447131019],[153.05839504989274,-25.864787685160938],[153.05923210827632,-25.865659237940854],[153.0592254847694,-25.86653752754218],[153.05995953930244,-25.86612842324551],[153.06046026922718,-25.865061507140233],[153.06237428644533,-25.866472336586437],[153.0626494511124,-25.866108120150976],[153.0616248759884,-25.86447975099708],[153.05771274774622,-25.862705633215835],[153.05852393173518,-25.861255350511456],[153.05850950660954,-25.86064215227097],[153.0574360434398,-25.85986329801027],[153.05725216085966,-25.85921183451603],[153.05588273709975,-25.859557308180722],[153.0549088423703,-25.860311403206172],[153.05366614477794,-25.859928617569143],[153.0528883040531,-25.857092851011828],[153.05221013609003,-25.856083863836783],[153.04989439980784,-25.85561201024366],[153.04877739416258,-25.851690449911963],[153.0478311239084,-25.850911484135327],[153.04703336320028,-25.850726508878953],[153.0466659137021,-25.84980682438313],[153.04675031417685,-25.849027515065455],[153.04738532007764,-25.84822248693592],[153.04930510195004,-25.847512828312126],[153.05012410104757,-25.84786386338431],[153.05270054179766,-25.847613841962996],[153.05769171530153,-25.84847425843799],[153.05999296080768,-25.84843500123202],[153.05989376378727,-25.84769409296575],[153.05867930490717,-25.847068608187456],[153.05836843715474,-25.84651940390509],[153.05800000739555,-25.843734592934908],[153.05590637128319,-25.842243933368657],[153.05551758267143,-25.84105599729432],[153.05662487473933,-25.839132929299137],[153.05839262891777,-25.838292265533568],[153.0587170926209,-25.83783222723342],[153.0598800113546,-25.83438887600385],[153.05804368117208,-25.830969096904376],[153.05473893075816,-25.82763084764362],[153.05383223786862,-25.827618125833983],[153.0536438721681,-25.82719902737133],[153.05442055726405,-25.82690916328543],[153.0554726498441,-25.827280603974852],[153.05930744088687,-25.824745008633457],[153.06027433889074,-25.82335481143365],[153.02658871989468,-25.823354814131605]]]}},{"type":"Feature","properties":{"plan":"FHA-002","name":"Kinkuna","mgmt":"A"},"geometry":{"type":"MultiPolygon","coordinates":[[[[152.5377097283224,-25.081791488859754],[152.5383059833356,-25.081251851565344],[152.5375814724082,-25.080618716254392],[152.53802563317754,-25.079587869258457],[152.53993104478297,-25.078919221518532],[152.5375858889787,-25.076229467089977],[152.53814506404456,-25.075000762049285],[152.5383815749509,-25.0750141142837],[152.5382747642701,-25.07460594168465],[152.5396789306393,-25.073387077925116],[152.53975487478874,-25.071887179623467],[152.54024130909022,-25.0707136686747],[152.54109475042355,-25.07020029338269],[152.54143415366434,-25.069530187841785],[152.5433807146494,-25.069085560324204],[152.54367270293403,-25.068915828576525],[152.54240691704672,-25.06911556350634],[152.54329273127564,-25.06869231107517],[152.5433453101391,-25.06783722218396],[152.54351563813736,-25.068193114494573],[152.54402562208588,-25.068125977405867],[152.54424285062817,-25.067754692299143],[152.54362874497178,-25.066445029388564],[152.54282316555782,-25.065576396707307],[152.5422876480576,-25.06551789400956],[152.5425701287096,-25.065082840674545],[152.5433389474356,-25.065808943402],[152.54347774430357,-25.065509959291134],[152.53954577521847,-25.060632004137762],[152.54172673100493,-25.062326795419306],[152.5454502111595,-25.066850661402846],[152.54612541135975,-25.06819534211527],[152.54804917902754,-25.066679288392393],[152.55597220715276,-25.066679287493063],[152.55501823510463,-25.063965820640078],[152.54575073940623,-25.051410461098143],[152.5427397714244,-25.046646458141915],[152.52253084762162,-25.018338248985977],[152.51968264523907,-25.013912979275613],[152.516663918806,-25.0083459572753],[152.50679916804825,-25.00834595817463],[152.50551181282106,-25.008814005836864],[152.5136945165898,-25.02249025519601],[152.52794557842685,-25.04234041964908],[152.5402181821246,-25.060311674618134],[152.5379985869663,-25.058088904853165],[152.53787435641755,-25.05746363051625],[152.53403814084868,-25.05162799361129],[152.53323173495778,-25.05156326220906],[152.53231620802774,-25.05073356567578],[152.53210095259806,-25.04956579959625],[152.53080409873132,-25.047838118308846],[152.53092002763833,-25.047327039885335],[152.53022575371665,-25.047136306269888],[152.53013038600966,-25.045980453509504],[152.52943611118872,-25.0457706443741],[152.52688407893822,-25.04263496290765],[152.52317619392738,-25.036937711880466],[152.52208728040478,-25.036705388217648],[152.52070970339128,-25.035512433026938],[152.51951603323948,-25.03495676531708],[152.51994751626603,-25.03582125122436],[152.51993991699476,-25.037773794499586],[152.51938378613397,-25.03832143396157],[152.51858738969736,-25.03812314334293],[152.5179674987022,-25.037781557447484],[152.51504644763656,-25.033238944196544],[152.51349027965387,-25.031920722438095],[152.51375678115164,-25.03266311548503],[152.51598790831645,-25.035405919122447],[152.51768302695132,-25.039039896948193],[152.5182405787408,-25.039437877530546],[152.51977711991924,-25.039697535187603],[152.52007467860471,-25.0390617909434],[152.52080997510143,-25.038578993500305],[152.52231250931595,-25.03870112593076],[152.52247217585136,-25.03935939459491],[152.52351188656542,-25.039379119425362],[152.52446934438592,-25.04186196952874],[152.52539891333026,-25.042797715017006],[152.5244471284334,-25.042809612148343],[152.52439183181866,-25.04319303810268],[152.52496539333936,-25.043477852495347],[152.5257113279166,-25.043249987671228],[152.52648299479551,-25.04365991754558],[152.52557737209918,-25.0446061050621],[152.52633880019664,-25.04621224117634],[152.52661243781483,-25.045653067909146],[152.52618413389177,-25.045034408985153],[152.52646751296652,-25.044628720313625],[152.5282028780615,-25.045219944519204],[152.5291280169456,-25.0470204529059],[152.52975002134758,-25.047548849574078],[152.5295741823038,-25.04804693549199],[152.53019455083893,-25.048828145976458],[152.53008107798053,-25.049534357498917],[152.53073692297176,-25.04944419866515],[152.53167594199226,-25.05003973062335],[152.5322033988689,-25.051553785153306],[152.53309332569756,-25.05193438363913],[152.5333194737159,-25.053808211054328],[152.53199280462536,-25.054111612635033],[152.53262519799557,-25.055284499454235],[152.53239526203288,-25.05577593128834],[152.532874052097,-25.055943086478408],[152.5331637920765,-25.056556396234836],[152.53270023832647,-25.05673062459283],[152.53214050208362,-25.05611144496141],[152.5321610012304,-25.056518102202798],[152.5331011992621,-25.05707824224122],[152.53356659662222,-25.056417110135673],[152.53454780463858,-25.05697441011511],[152.53493320100756,-25.05642641542091],[152.5356181831338,-25.057447547940143],[152.53536240425274,-25.058054125371736],[152.53595784268146,-25.05841607461629],[152.53512000188766,-25.059947183889484],[152.53478429396114,-25.06024921400408],[152.5344775469024,-25.059947183889484],[152.5341682169908,-25.060399282075288],[152.53300228193086,-25.064099343883587],[152.53172549643568,-25.064083782014915],[152.5308285378079,-25.064559799469176],[152.53019451666478,-25.063623451435163],[152.53018262133207,-25.06428970068311],[152.53057477071025,-25.064969902013317],[152.531125082058,-25.065042820843466],[152.5315531116879,-25.064578265248713],[152.53197291701758,-25.064992138650254],[152.53124420715562,-25.068344204195594],[152.53188894192226,-25.068529405181806],[152.53204360642837,-25.068029717571314],[152.53336638864903,-25.06789805412578],[152.53382998736515,-25.06898447652624],[152.53335409491672,-25.069826804936945],[152.53334636074703,-25.070783944397334],[152.53366163967405,-25.070879122347467],[152.5333463616464,-25.07155132061077],[152.5345241956362,-25.071093273409662],[152.53476214096122,-25.0716643447076],[152.53392338106028,-25.073038483612933],[152.5333047230357,-25.072717256569934],[152.53336420779306,-25.072354388218283],[152.53274554796974,-25.072300850677554],[152.53201338740905,-25.0731931481191],[152.53134023676364,-25.073244545273372],[152.53156295476765,-25.07360146371039],[152.53136022599472,-25.073875577070034],[152.53016365642873,-25.072953990508086],[152.52885546390962,-25.073040275062443],[152.52816200297514,-25.072109221337328],[152.52671937889738,-25.071344922603902],[152.52596309222406,-25.06972199254977],[152.5247906991326,-25.068759868147275],[152.5247224181062,-25.068313329570422],[152.52356071885322,-25.067013147312824],[152.5211526203982,-25.06758929708234],[152.51958714263367,-25.068594026866734],[152.51818979402492,-25.068823682241053],[152.5186361788177,-25.068914294333087],[152.5187737247287,-25.069385212631357],[152.51786571882894,-25.070943042561193],[152.51666908091454,-25.07082713253996],[152.5167031670187,-25.070498660558588],[152.51598281995234,-25.070197599913165],[152.51527337626646,-25.06920953366695],[152.51368141076966,-25.069284438200157],[152.51358985798674,-25.06840896527543],[152.51431550295922,-25.068237141704657],[152.51370048539025,-25.067321777551903],[152.51408794660256,-25.06676991307495],[152.51364602874241,-25.066407158037876],[152.51282707281234,-25.06697831387203],[152.51238456859414,-25.066764329184377],[152.51241768702778,-25.06529151936209],[152.51296020395137,-25.063416503942527],[152.51205124926685,-25.062745495482233],[152.51138975923118,-25.06310241301995],[152.51068067977064,-25.062864467695057],[152.51031649930815,-25.062175498874232],[152.51000900041618,-25.062132999612274],[152.5101324998161,-25.062381999403765],[152.50959800034855,-25.06201549958967],[152.50883500113548,-25.060319999642356],[152.50884149963667,-25.06099749940911],[152.50948649970337,-25.062252498827824],[152.50943549915007,-25.06258199963358],[152.50892800002828,-25.062766999171718],[152.50980700009416,-25.062873498687033],[152.5096939993797,-25.062474499172804],[152.51027950029982,-25.063358999492227],[152.51028093022194,-25.06432069941474],[152.51116606186542,-25.06429755086526],[152.51136596586775,-25.064620510002488],[152.51114229728034,-25.065667472849523],[152.51072827099404,-25.065676991274106],[152.51039038670808,-25.065139233562764],[152.51039038670808,-25.065696027223826],[152.5099430486339,-25.066138607884415],[152.5102262451462,-25.06724434052784],[152.51125300022693,-25.0674479983004],[152.51201400024706,-25.068274499542422],[152.5118894999016,-25.06869549917186],[152.51148699932673,-25.068582999379796],[152.51157549981065,-25.069811998498775],[152.51122950004253,-25.070963999462876],[152.51217799971607,-25.07005549983533],[152.51240300019947,-25.070384499718767],[152.5117810011934,-25.071203499715608],[152.512612499968,-25.07050800001802],[152.51353050003365,-25.071276999507766],[152.5135555011866,-25.071791499851667],[152.51241049964597,-25.07234799943444],[152.51291599867557,-25.073012499501086],[152.51292049978235,-25.073676499544636],[152.51179500004037,-25.0733275005375],[152.51171499994837,-25.07265449917963],[152.51027800113002,-25.071272499300246],[152.50964450069432,-25.07132799916169],[152.50930118360384,-25.072211429287844],[152.50851000143655,-25.071847498836807],[152.50881099912942,-25.072762999686507],[152.509238999981,-25.07309599885507],[152.50852250021433,-25.073830499451766],[152.5086785002137,-25.074198999358114],[152.50707199987403,-25.07544599930718],[152.50631900112216,-25.076968000246737],[152.50572800084774,-25.076802998933],[152.5049034996979,-25.079254499569196],[152.50439310475906,-25.079249855470128],[152.50356627526457,-25.079877256703707],[152.50269239503916,-25.08140870861863],[152.50172499971006,-25.079815999382514],[152.5008304998288,-25.080910499493594],[152.50005796510413,-25.081167597680107],[152.4971989996352,-25.079711499060092],[152.49690849972865,-25.078985998878444],[152.4961985002617,-25.079210499338757],[152.49591299878705,-25.078414499503243],[152.49604600132307,-25.077038999024314],[152.49558900003342,-25.07602349895903],[152.49601350072362,-25.075354999607327],[152.49549250008,-25.075830999075087],[152.49587449881017,-25.077471499184078],[152.49563300026387,-25.07941499887678],[152.49588200005542,-25.079942998943935],[152.49638299977676,-25.07982299970532],[152.49682250025933,-25.080437499264804],[152.49464415610407,-25.084003727563562],[152.4947835609138,-25.084338258277555],[152.49544577040706,-25.08440255620658],[152.49579609501495,-25.0842577680551],[152.4960246918871,-25.083584085011125],[152.49636266610526,-25.083652960489296],[152.49682989178723,-25.084460339446675],[152.49636408523543,-25.085518127433154],[152.49496187309308,-25.08554264744874],[152.493206968428,-25.0866509548512],[152.49281168491245,-25.086453709244825],[152.4924895009908,-25.08660683591027],[152.49253259380532,-25.087630687080058],[152.49133677787108,-25.087844178039884],[152.48960564318702,-25.087116358506623],[152.48740655526944,-25.086790281419876],[152.48806699579632,-25.089168022359832],[152.48832909781072,-25.08965720229148],[152.48888069968564,-25.08985195407789],[152.48848568236951,-25.09011168907662],[152.48899649639236,-25.089927659007717],[152.48857871993312,-25.089457343255255],[152.48892616671037,-25.089316963580465],[152.48838698267423,-25.089315104681795],[152.48825726626092,-25.088969618426617],[152.4883919496299,-25.088120755541937],[152.4896047078921,-25.087341957039165],[152.49068064239884,-25.087929566869516],[152.4935941391593,-25.08817841467557],[152.49475644455538,-25.089031704023398],[152.4937494673652,-25.089386581898715],[152.4951199406339,-25.08923200192884],[152.49535451709846,-25.088887760335343],[152.49522908055872,-25.08749390649208],[152.49604029422528,-25.087049819467133],[152.49607808103974,-25.086567838608392],[152.49552580467332,-25.086207651135734],[152.49644325615247,-25.08635674524112],[152.49696874441315,-25.086805809114292],[152.49785886279744,-25.08685495616479],[152.49674407757823,-25.08539055770161],[152.49713358924487,-25.084507433344946],[152.49594400111584,-25.082559999118253],[152.49620849982352,-25.081517499606523],[152.4970275007197,-25.080861999055678],[152.49735649970387,-25.080018998851376],[152.49797999967836,-25.080161498228232],[152.4984849995842,-25.08070099882571],[152.49855049990674,-25.0812394984777],[152.49798850096965,-25.08159949799208],[152.4990615810283,-25.08187068405843],[152.49953796990258,-25.08283978000544],[152.50030237115868,-25.08321157143046],[152.50226394002993,-25.083080701186983],[152.50273685662182,-25.082090250838032],[152.50520108626222,-25.08229547882692],[152.50594466821303,-25.081328823639904],[152.50552826232058,-25.081070057211022],[152.505626415228,-25.080736933036693],[152.50913849984306,-25.076955374664546],[152.50893981442198,-25.07621298251687],[152.5091801402524,-25.07600596937372],[152.50964651427637,-25.07602738403026],[152.5100026098337,-25.076961158204607],[152.51190921663817,-25.07745101712442],[152.51463183139504,-25.076728339015368],[152.5149311860265,-25.07647848127064],[152.5148209183518,-25.07533890623926],[152.51544761631556,-25.07551956115259],[152.51634789344166,-25.075155762002566],[152.51738229186037,-25.073338424602383],[152.52107594779784,-25.072791322035688],[152.52337472826218,-25.0694972402793],[152.5237148626519,-25.070954471145768],[152.52563733529587,-25.072991475150257],[152.5274593806471,-25.07307465344631],[152.52716763158207,-25.07401039443791],[152.5273990028628,-25.07450019490183],[152.52918406629271,-25.07585424115404],[152.52983971703043,-25.078925577926764],[152.53049852708648,-25.080461099273972],[152.53163192377542,-25.08129492999068],[152.5316827597527,-25.081732436676212],[152.5318373945812,-25.080965287091992],[152.53445165632002,-25.08160614937791],[152.53525888868785,-25.08229152001123],[152.53607145043827,-25.084223918472652],[152.53595841734818,-25.084768145007473],[152.53344822695522,-25.085456825145922],[152.5325193702738,-25.087760075240755],[152.53093972818704,-25.087954005946095],[152.53064900614788,-25.089081391566417],[152.53244359789483,-25.08979795068835],[152.53341345466833,-25.091473660154687],[152.53323369458042,-25.09199421833192],[152.52939940356077,-25.091240972266462],[152.52848061029306,-25.092429519879865],[152.52963513565408,-25.09312470031803],[152.52984531980678,-25.092737996334876],[152.53141574114466,-25.092612833189065],[152.53293871515075,-25.093956738685904],[152.5331017118756,-25.094493855180627],[152.53256857128372,-25.094758833226916],[152.53220535579362,-25.093862734351095],[152.53066657530337,-25.093951927312954],[152.53058007581103,-25.09498708745744],[152.5302123061541,-25.09537109437385],[152.52997493369742,-25.095140005480207],[152.52995139933876,-25.09553083645229],[152.530424118979,-25.095615386214455],[152.5311616350026,-25.09521097368085],[152.53095647536213,-25.09461733659417],[152.5311871109975,-25.094516276178567],[152.5308783206791,-25.094417813005006],[152.53120327721058,-25.094202572863814],[152.53193291877028,-25.09426711001248],[152.53231650660268,-25.095151228119985],[152.53355184864006,-25.095432287843114],[152.53301003768422,-25.096597566397868],[152.53344154409308,-25.097244261686622],[152.53320412217363,-25.09795257942127],[152.53184255399185,-25.098054355697254],[152.53234571658265,-25.09825045646667],[152.53204098400533,-25.098446503276783],[152.53315803641533,-25.098808703432173],[152.5336911293433,-25.09939148210447],[152.5328080013893,-25.100947426156004],[152.53300040144848,-25.101645125595272],[152.53471807508026,-25.100664560594193],[152.53513824913205,-25.099178034312107],[152.53372825695465,-25.097651317327724],[152.53459739685354,-25.09742546068973],[152.53476807019138,-25.09787902117317],[152.5350501542424,-25.097877412286017],[152.53538322355803,-25.09625244167018],[152.53577601415282,-25.096119095593124],[152.53629939260406,-25.096689570640482],[152.5371405482988,-25.096904137189476],[152.53784515363202,-25.096567127943906],[152.53892768016942,-25.097185111477017],[152.539216995669,-25.096940993205582],[152.53802681039008,-25.095743178977866],[152.53564262400903,-25.094917296469394],[152.5357265469437,-25.09370613000727],[152.53674507142898,-25.09324455206781],[152.53746223489532,-25.092088700206762],[152.53701591485367,-25.09137535166457],[152.53692054714668,-25.090324402122874],[152.53639030417037,-25.090766906341074],[152.53545570441838,-25.08974838095649],[152.53416633740767,-25.08928108153012],[152.5363827048991,-25.087561599361802],[152.53594133202796,-25.086189716855472],[152.53727423342025,-25.085450710655333],[152.53699478438296,-25.084201344589964],[152.53754825864632,-25.084001907335708],[152.53655854034548,-25.08347623651269],[152.53669752067515,-25.083107784270396],[152.53640781397053,-25.08283022740666],[152.53735034214571,-25.081402571645008],[152.5377097283224,-25.081791488859754]]],[[[152.55016510933342,-25.08280635490299],[152.545091442817,-25.075892932686415],[152.5439162330489,-25.076246089259342],[152.54310666783954,-25.077202848306523],[152.54355384403584,-25.077853551873602],[152.542530573828,-25.077463014979863],[152.54142311268765,-25.078142135324967],[152.54161646243097,-25.078426822013903],[152.5411551893617,-25.078303641873273],[152.54061280194037,-25.078690893543556],[152.54132573319714,-25.07874518561548],[152.54316520561088,-25.07998657199637],[152.54321340387662,-25.080697297216144],[152.5440927519801,-25.081085703615983],[152.5450332306002,-25.082687749613573],[152.54614297961598,-25.08375724317578],[152.546422346815,-25.08496169619886],[152.54853944534023,-25.08952937265586],[152.54942797911906,-25.089642703421458],[152.54973061357805,-25.0908851689888],[152.54906222214493,-25.091787308610822],[152.55002877121194,-25.093375600377055],[152.55218008084717,-25.09210037340691],[152.55054239201888,-25.088433064008203],[152.54952257071125,-25.085223568886146],[152.55065907995368,-25.08548705495713],[152.55118002034283,-25.084670020878345],[152.55016510933342,-25.08280635490299]]],[[[152.4854866753709,-24.960106860519428],[152.4857824821769,-24.95942434613289],[152.48490218798668,-24.959424497218997],[152.48475123228468,-24.962551064056516],[152.48363596862623,-24.96679674005357],[152.48201980417173,-24.967984675228582],[152.48184739604164,-24.96869619814706],[152.4834438545514,-24.97299261928986],[152.48437163114704,-24.973118817555296],[152.483461147615,-24.9749371765853],[152.48140400599118,-24.974497846074616],[152.4811699160599,-24.975832907638452],[152.48148203476921,-24.97688337244554],[152.48241071338487,-24.977843432004597],[152.4825633382286,-24.978516687870638],[152.484163252833,-24.97885825308173],[152.4832361264472,-24.97931466801331],[152.48272893489354,-24.980120173682867],[152.48341494044826,-24.981102137129653],[152.4835852900302,-24.982188864400293],[152.4842199901616,-24.98239604211934],[152.48543514241896,-24.982165208633187],[152.4848873626628,-24.982616834674918],[152.48515871420443,-24.98356002565038],[152.48480607743966,-24.984217801486054],[152.4852116527967,-24.985184604161855],[152.48536009939016,-24.986960794880414],[152.48455063490496,-24.987743679003216],[152.484947522811,-24.98822953324198],[152.4855787263782,-24.987597594928648],[152.4850938730849,-24.988379228993796],[152.4821048062929,-24.988452387043598],[152.48194247956292,-24.988807009511447],[152.48235327818236,-24.98945334417208],[152.4836184903022,-24.98972789460224],[152.48303500566215,-24.99063362701585],[152.47938340831877,-24.990326580482844],[152.47762023258883,-24.991234352558834],[152.47656420457554,-24.991163856502293],[152.47756004725954,-24.991351758152632],[152.47878492658424,-24.99108062154899],[152.47873136206385,-24.993018284641636],[152.47917262791555,-24.99363153953938],[152.47900688286245,-24.996348324890686],[152.47932816296543,-24.996634388441706],[152.47868674220058,-24.997274325325236],[152.47955848024083,-24.99673077148334],[152.47924641818884,-24.99612336397747],[152.4795581870618,-24.993736901412337],[152.47906390707476,-24.993147435381353],[152.47942882767938,-24.992473948389527],[152.47916657367955,-24.99232743353973],[152.47929798171765,-24.99087749707435],[152.4805517841387,-24.990553202443856],[152.48196688716325,-24.990866489372557],[152.48173780825437,-24.991102542523848],[152.48216082866043,-24.991664334616875],[152.48391847535845,-24.99015616884768],[152.4836236928802,-24.989376136475077],[152.48256990327957,-24.98923211994196],[152.4822330604086,-24.988720926405225],[152.4844620669719,-24.98863673187527],[152.48452685323286,-24.989053760997873],[152.48491703129707,-24.989044509671952],[152.4858266128091,-24.98820691709115],[152.4860473873781,-24.986972200981917],[152.48615600569622,-24.986744212950715],[152.48648246589426,-24.987118365096123],[152.48698273266814,-24.985622618065026],[152.486573819927,-24.985307671887224],[152.4858073250491,-24.98561380740696],[152.48518857889098,-24.98431450918291],[152.48577595219956,-24.984453280869886],[152.486416695775,-24.983843674521673],[152.48685480590575,-24.983272221911196],[152.48701785209335,-24.98218807209756],[152.48600124316397,-24.982410564371747],[152.48565956283971,-24.981664654975575],[152.48379466659173,-24.981400371205893],[152.48387226369516,-24.980781639436884],[152.48436719209337,-24.980909842291112],[152.48434680895923,-24.980211674305068],[152.48584969211072,-24.97982376882763],[152.48593725909836,-24.978967998250297],[152.48492799223413,-24.97757126927446],[152.4831713230992,-24.97698749325403],[152.48267533260162,-24.977131736416332],[152.48204652033178,-24.976038269626294],[152.48244603425826,-24.975704961990296],[152.48267741003554,-24.976071445616576],[152.48385637177523,-24.9763184668996],[152.48511699195672,-24.975268698167735],[152.48372068476294,-24.97012995401014],[152.48894390673706,-24.96895061005862],[152.49038178868977,-24.974241549184026],[152.4899946773137,-24.97432821684962],[152.4923910656962,-24.983145252027455],[152.494021383681,-24.98279039663523],[152.50298609923027,-24.982790394836584],[152.50086253907602,-24.977353962491197],[152.4993805840478,-24.970294506562194],[152.4987936073402,-24.965707070201216],[152.49047971676669,-24.965707071100532],[152.48851174472236,-24.966012627456873],[152.48859597612454,-24.96785258370579],[152.48850036739918,-24.96708979763207],[152.4878946668066,-24.966584681713712],[152.48810081660054,-24.9665967308305],[152.48777343100016,-24.965580066143204],[152.488142906671,-24.965134636430435],[152.4877787828657,-24.964761531095874],[152.48753709636105,-24.9622343597041],[152.4873662521519,-24.961812003897027],[152.4866957401174,-24.96180679052715],[152.4868270968941,-24.95982969845801],[152.48594384123646,-24.95967170286298],[152.48579413559207,-24.960091492904255],[152.4854866753709,-24.960106860519428]]]]}},{"type":"Feature","properties":{"plan":"FHA-032","name":"Kolan River","mgmt":"B"},"geometry":{"type":"MultiPolygon","coordinates":[[[[152.22425404818694,-24.686743656876285],[152.22815804835636,-24.68678465606906],[152.23101154864514,-24.689425156427795],[152.23162214514696,-24.690637273473307],[152.2344001599406,-24.692947478924896],[152.234963595095,-24.692565865104488],[152.23453354918513,-24.692380156001335],[152.2341145487486,-24.691453156419946],[152.23153054919658,-24.68924165605957],[152.23114304931346,-24.6884241561319],[152.2304490478864,-24.687921656341352],[152.23025654800244,-24.68703315583748],[152.22945904809774,-24.68688065599947],[152.23431354893228,-24.68579415625735],[152.23102354829928,-24.686964156252834],[152.2323930494008,-24.687258656343943],[152.23336704935093,-24.68711915620612],[152.23381654939533,-24.687818156065077],[152.23604854890255,-24.68875915539266],[152.23714704919814,-24.688897155461312],[152.24061554996877,-24.688654155047214],[152.2422822338392,-24.687608628417482],[152.2359898978167,-24.681268251510758],[152.23059475424566,-24.67518111469898],[152.22827494943056,-24.673121289498248],[152.2252206044485,-24.670749062301773],[152.2175163328136,-24.666024156472147],[152.21137623402706,-24.661531523943257],[152.203019677817,-24.65475057006547],[152.19711095121056,-24.65194580583706],[152.19355586281392,-24.651269519255695],[152.16073872181573,-24.638068218056883],[152.16626056277585,-24.643458269666358],[152.18012293402728,-24.654108755397463],[152.1848608107789,-24.65687400251588],[152.18819738190473,-24.659346200149603],[152.19350246376882,-24.662300184388553],[152.19412112988732,-24.663280786261808],[152.19674864403578,-24.66473203933467],[152.19933360136577,-24.666665934267925],[152.20021801355165,-24.666089273683504],[152.20050842262674,-24.666272581596843],[152.2017349369189,-24.667755455732138],[152.2018521977219,-24.669295005142764],[152.2021648803061,-24.66967983943543],[152.20166337156843,-24.669890117117607],[152.20056942813778,-24.673592955133085],[152.1987799733182,-24.676864955835295],[152.18951519627046,-24.681101650303074],[152.1854836569463,-24.684041791277732],[152.1838565693264,-24.684356794112833],[152.18191494022346,-24.684189893430947],[152.18077567995476,-24.684641524868535],[152.17589624991308,-24.687611401027368],[152.17347248616738,-24.68978535469234],[152.1699407315806,-24.689885398874033],[152.16728653005043,-24.690586790030284],[152.16483846302583,-24.691550999960583],[152.1628586199305,-24.693028018610047],[152.16181608984175,-24.694375417973017],[152.16158430307428,-24.6956954006041],[152.16199772681477,-24.69956242244958],[152.1629324839481,-24.703471265468178],[152.16219837995243,-24.704096228639674],[152.15891314392763,-24.70506319409278],[152.1577724303545,-24.70588910448021],[152.15578608156352,-24.708298899056512],[152.1536682545874,-24.710028761199887],[152.15197474573904,-24.712692572885402],[152.15174400038643,-24.713713936530382],[152.1503293218418,-24.71501211150119],[152.15044629576107,-24.71601798432392],[152.15159866904446,-24.718446970432655],[152.15207784671634,-24.719040558056637],[152.15240076268617,-24.71857487561136],[152.15305189882724,-24.718961647943054],[152.1526336817002,-24.720907210680497],[152.1513839136378,-24.721822157547816],[152.15162271331872,-24.72014180668036],[152.1512101682158,-24.719152525450006],[152.15065067299133,-24.71887664492256],[152.14874935869705,-24.71946971903361],[152.1471976927205,-24.72088938341963],[152.14385505656674,-24.721400261294335],[152.1434290639013,-24.722384773419822],[152.14422944343517,-24.723804825413605],[152.14683377126266,-24.724339113540452],[152.14741806709128,-24.72514757528159],[152.146298534351,-24.725712591444147],[152.1445206187327,-24.72591023904747],[152.14397055739641,-24.72632915764565],[152.14322879207623,-24.729318215444398],[152.14117029967076,-24.731040082614797],[152.13907542069524,-24.731846198024652],[152.1376927346331,-24.731396721362646],[152.1372447913152,-24.732459010456008],[152.1346780299682,-24.733257888122065],[152.13504613057557,-24.73356635468455],[152.13711184993304,-24.733118885309345],[152.1376595280659,-24.73273834617879],[152.13790810157877,-24.731999935329792],[152.13936347534525,-24.73215498744378],[152.1409777548207,-24.73161421700356],[152.1433955362761,-24.729645208041013],[152.1442405581564,-24.726446205309298],[152.14750700464572,-24.72566995008933],[152.1477259778727,-24.724855877477975],[152.14714319200584,-24.72410066549453],[152.14447212998596,-24.723350660585744],[152.14411555059337,-24.722620546882002],[152.14452191285716,-24.722131870570646],[152.14588454403759,-24.722127012432956],[152.1470594633247,-24.72167061368913],[152.1482772532937,-24.720236063724695],[152.1497032498063,-24.71952991965139],[152.15025493531812,-24.719683244167687],[152.15013515191686,-24.720569535037296],[152.1496682553868,-24.72104476558475],[152.14970380828527,-24.722189307571742],[152.15118925268303,-24.72267256726643],[152.1525138389436,-24.721751615625813],[152.15313810244265,-24.7208590951524],[152.153791568727,-24.718372098275058],[152.15351523404195,-24.717062347230918],[152.15251993364916,-24.716296025022924],[152.1532347786632,-24.715805039252547],[152.1534655006335,-24.715230367069214],[152.153991237107,-24.71281436087551],[152.1537827472771,-24.71159447009023],[152.15602325616942,-24.71145932357041],[152.15650250039118,-24.711129539478172],[152.15853296272724,-24.70889993846294],[152.15884557336562,-24.706568107913473],[152.1639000924165,-24.70498501602728],[152.16511529683464,-24.703439094020663],[152.1650072855589,-24.701940274905464],[152.1682761008625,-24.702716597574593],[152.172819287881,-24.702698901614685],[152.1766571249275,-24.701662287266444],[152.17908124570408,-24.70152377458422],[152.1808397377648,-24.700152540489064],[152.18412674185674,-24.700561843535983],[152.18463250168975,-24.70090097967818],[152.1857227749872,-24.70272699103948],[152.1870974013251,-24.70758609550349],[152.18737037524375,-24.709662706550173],[152.18868527580594,-24.71239040787251],[152.1881867797972,-24.716010325697386],[152.18748596330772,-24.71704447320523],[152.18682099829152,-24.719900176832976],[152.18598146677243,-24.720719874703747],[152.1847201280326,-24.720566690481665],[152.1780984108142,-24.717943274543845],[152.17565181867758,-24.71796847804418],[152.17365589660346,-24.71890570921244],[152.1702959404065,-24.723056570585513],[152.1671794567676,-24.72884026894436],[152.1675954022072,-24.731332683337733],[152.16710129399064,-24.73362199933681],[152.1650245570388,-24.736943052660724],[152.16690347281815,-24.73770821923984],[152.16934276425832,-24.73295161140879],[152.17105069733293,-24.728573873566546],[152.1722872183816,-24.72655335053788],[152.17386644408225,-24.72155489792148],[152.17570628341934,-24.71967014734075],[152.17765912526954,-24.719324926385582],[152.18057267419067,-24.720544800083733],[152.18032934642338,-24.720962227605998],[152.1788458580511,-24.72092793106045],[152.17934175591847,-24.722181686716734],[152.1806324053623,-24.722783521123837],[152.184038280943,-24.723372653506402],[152.18325030755682,-24.724128582249485],[152.183837213218,-24.72507699648741],[152.18478993340977,-24.72482881687761],[152.1837611350694,-24.724683195054638],[152.1841654702614,-24.724073619283335],[152.18705696600728,-24.72290821392418],[152.18823469387712,-24.722036123349714],[152.18881523593552,-24.720706925365587],[152.18857821691233,-24.71898607263046],[152.190366669887,-24.714344263258557],[152.19103605327234,-24.710984580455563],[152.1889431330203,-24.705724709309496],[152.1884881156352,-24.705510939559822],[152.18874104996064,-24.70514235511725],[152.1882987238082,-24.70338413105446],[152.18695298639238,-24.70099050538925],[152.18479792028893,-24.69912035799988],[152.1831725090052,-24.698201187016938],[152.1815173778259,-24.697827481834633],[152.16786920979735,-24.699794149861894],[152.1666145853959,-24.699805587439663],[152.16460023801176,-24.69919363386087],[152.16358164697658,-24.698341034293087],[152.16340549406948,-24.697595969360304],[152.16376431996855,-24.697367669264295],[152.16439480317877,-24.69764842231861],[152.16451771532138,-24.697418106841965],[152.16461572793457,-24.694953351997416],[152.16548241538226,-24.693914086447794],[152.16710752988968,-24.693383588963336],[152.167851306094,-24.69257461370934],[152.16924282080072,-24.693593315361092],[152.17141840493662,-24.691797160592404],[152.1769280519892,-24.69082990285965],[152.18386666601498,-24.68864597301521],[152.18855124084826,-24.687620021928456],[152.18924371072978,-24.68762122791934],[152.18977626676246,-24.69037854661455],[152.1929153764446,-24.689849514125747],[152.19776037774034,-24.68949634046568],[152.19965425374198,-24.689649803477614],[152.19953690480543,-24.68929800847828],[152.20117165914587,-24.68877060016504],[152.20504325584272,-24.688569357072172],[152.2072603176107,-24.687978551950593],[152.20917404344846,-24.687969328503687],[152.2090031371862,-24.688447700383033],[152.22011254695758,-24.68710265724384],[152.22056854820107,-24.687856156918073],[152.22044787806828,-24.68845084711089],[152.2234234388418,-24.692324648945267],[152.22462204807016,-24.69157515665009],[152.2243120301772,-24.692499528412387],[152.22352592108552,-24.69245808855187],[152.22380029524857,-24.692815274986856],[152.2251510490828,-24.692887155999358],[152.22615454859465,-24.694717155853898],[152.22697254944478,-24.695234156313123],[152.22709254868334,-24.695830655941837],[152.22800054918707,-24.696381656170313],[152.22855454865464,-24.69738915586665],[152.228972549045,-24.697383156489263],[152.22887004881488,-24.697653656372964],[152.22934955024266,-24.697835156648924],[152.22940355003493,-24.69832665593219],[152.22976454959542,-24.698550656369473],[152.22962055014943,-24.69814215641719],[152.22990204964105,-24.698263156601172],[152.22995355021726,-24.698440656692746],[152.2295925497575,-24.698877156137577],[152.2297465496647,-24.699239156643536],[152.2292684188036,-24.699933967460385],[152.2297888627669,-24.700610683018333],[152.23047116401415,-24.69776613907784],[152.22864995593181,-24.69443396114027],[152.22788754937199,-24.694539156638623],[152.22767204932677,-24.693982156133448],[152.22673104909973,-24.693334655951492],[152.22646104923922,-24.692472156646602],[152.2270625490985,-24.692228656209416],[152.22710504925976,-24.69192365653342],[152.22617904792583,-24.69044315660833],[152.22569704818136,-24.690400156424],[152.2260675481799,-24.690255156032542],[152.2259910482494,-24.689973656540985],[152.22560804767443,-24.690073156632835],[152.22509954760721,-24.68947065672741],[152.22410054830277,-24.689777657394924],[152.2238255482116,-24.689369657465665],[152.22367454844277,-24.688526657261406],[152.22389604786542,-24.688168156916884],[152.22426204765645,-24.688409157238798],[152.22416604772604,-24.68908865709781],[152.22487554806924,-24.68905815659061],[152.22547448396142,-24.688623483668813],[152.22450392661608,-24.686847441338333],[152.22473136785948,-24.686834043238502],[152.22425404818694,-24.686743656876285]]],[[[152.13015300026188,-24.73297866931118],[152.12743504399327,-24.733146561945304],[152.12521834015536,-24.733832259931855],[152.1228931484012,-24.73374119368217],[152.11886430524464,-24.734866989301114],[152.11660967070088,-24.73506750754041],[152.11486931077116,-24.736554726300508],[152.11370369856797,-24.73709750762482],[152.1124049660175,-24.73901676968908],[152.11680918169952,-24.73551019791829],[152.118415385263,-24.735385676888473],[152.12242459711854,-24.734037740630207],[152.12572857681346,-24.734114787348535],[152.12856634706043,-24.733418597871022],[152.13020024434695,-24.73373041171013],[152.13077346682314,-24.734471269614417],[152.13178430480298,-24.735035553728785],[152.1335372255636,-24.73456053901868],[152.1330617486019,-24.734308633517646],[152.13163285717178,-24.73456964555369],[152.13015300026188,-24.73297866931118]]]]}},{"type":"Feature","properties":{"plan":"FHA-056","name":"Maaroom","mgmt":"A"},"geometry":{"type":"Polygon","coordinates":[[[152.97349612055064,-25.536414209212495],[152.9722912907116,-25.53698701350398],[152.9715519103935,-25.538177310298742],[152.9708775060932,-25.53807821849909],[152.96953094759624,-25.538397564160324],[152.96688722766453,-25.538104458917754],[152.96539915364917,-25.53843863260089],[152.96503443988865,-25.538862265445278],[152.96479088099545,-25.538706904863872],[152.96498204808415,-25.537822953130895],[152.96672152038298,-25.535121425677403],[152.96899636808905,-25.53013914736799],[152.9690284280207,-25.528313091939907],[152.9723342729095,-25.522790148411026],[152.9745254737727,-25.521163477177154],[152.9781043123653,-25.51711556209804],[152.98134127278263,-25.514350055974862],[152.98259568224603,-25.514161422276384],[152.98320636868016,-25.51367023505793],[152.98306144832827,-25.51425329521797],[152.98323138512148,-25.51436002765772],[152.98334454681446,-25.514352462560655],[152.98330314472548,-25.513461863938456],[152.9844863791442,-25.51155430744999],[152.98580109264742,-25.51047613453062],[152.98852821030982,-25.51193926854701],[152.98829276869742,-25.512477672870894],[152.98839177865875,-25.51282366364576],[152.98866987961242,-25.5119731711895],[152.98671208339704,-25.510692282987115],[152.98805703210746,-25.507315188409958],[152.9877187314354,-25.507092959637085],[152.98792698294505,-25.505219631345703],[152.98760106413897,-25.50303088832963],[152.98789207126322,-25.4994388279045],[152.98896945457784,-25.497080815392266],[152.98947654270944,-25.49658187511842],[152.99280741123414,-25.49626872039012],[152.99167688068462,-25.495396177456563],[152.98999113838147,-25.495697140075908],[152.98950195215446,-25.495087875470045],[152.9902845691787,-25.492614504220995],[152.99128604701457,-25.491981874329078],[152.99172893074672,-25.490886919161042],[152.99139967365716,-25.489620051389327],[152.99178399533628,-25.4883532231878],[152.99204280043602,-25.487790984131735],[152.99274012216006,-25.487487586148315],[152.99308548340946,-25.48781446363173],[152.99445542158162,-25.48782025526567],[152.99515354010498,-25.488168166093097],[152.9960360376342,-25.4854577434453],[152.99727012781523,-25.484999020853326],[152.99743178724827,-25.482039687446868],[152.9997156740402,-25.479212373617454],[152.9993088926924,-25.4777459543776],[152.99962850994893,-25.477234292294103],[153.000261927647,-25.477118245575927],[152.99927403317122,-25.476601304471966],[152.99966919078167,-25.476311187676536],[152.99970986981577,-25.47581534826507],[152.9992682316447,-25.474971365101794],[152.99714144022641,-25.472597640534147],[152.99807411992583,-25.471094312218238],[152.9991956230807,-25.470598483598653],[152.9990968460437,-25.469496031682016],[152.9994571198513,-25.46849907923464],[153.00054372841146,-25.467924116570295],[153.00303653221135,-25.468066507129123],[153.0009613519859,-25.467309817559602],[153.00206613584464,-25.465953665994462],[152.99992979992146,-25.467087431405375],[152.99932336008612,-25.466727681902565],[152.9976865687812,-25.46698275931247],[152.9968387617006,-25.466631716146367],[152.99549498210888,-25.466812645352885],[152.99477207017605,-25.46651392204541],[152.9944454543953,-25.46608657320235],[152.99470216497411,-25.465639959981747],[152.99654579315495,-25.465118590616076],[152.99685323179233,-25.464331512055242],[152.9964029349486,-25.463605465085784],[152.99569202716646,-25.463919408519537],[152.99529096460742,-25.46341574950287],[152.99521172983862,-25.46290773956618],[152.996013926003,-25.46169988260919],[152.99602835472592,-25.461124285922715],[152.99575458041068,-25.460827759659086],[152.9952262161181,-25.460982542875744],[152.99518061329582,-25.460302291183513],[152.99438204139926,-25.461047922689144],[152.99326168667858,-25.460947580831885],[152.9915625058061,-25.461392273999927],[152.9909765840033,-25.46034788051596],[152.9899738866867,-25.460613810045015],[152.98921501805978,-25.46013627363581],[152.9895850216326,-25.458345906903844],[152.98512529619654,-25.458345906903844],[152.9848348556452,-25.457726443985973],[152.9859588346336,-25.453483581967582],[152.9860718848107,-25.450855731472746],[152.98651590888323,-25.450188464192202],[152.986324913565,-25.449501044003927],[152.98680037973486,-25.448296509142544],[152.9875156123568,-25.447529240847754],[152.9818770438916,-25.44364590799833],[152.9840103769784,-25.440579241404997],[152.98928226756368,-25.44424590688914],[152.99071522932547,-25.44084590747874],[152.9965723447391,-25.440845906579423],[152.99714403566986,-25.440261965983073],[152.9983061468124,-25.44001111358816],[152.99945584731063,-25.4402264121853],[153.0000631882666,-25.44106250919352],[153.0004273516421,-25.44112639613236],[153.0012197415989,-25.440818876555994],[153.00138659821403,-25.439668497968952],[153.00199905631257,-25.439920804567624],[153.00328077998518,-25.439550528500202],[153.00529023865477,-25.440183152996244],[153.00408943957711,-25.438543599873366],[153.00428565635912,-25.437970697555805],[153.0031433437914,-25.437103250181043],[153.00355543833393,-25.436579467934283],[153.00453193120484,-25.436358192442803],[153.00578318494718,-25.436678733303086],[153.00683953132045,-25.437382802640386],[153.0075071691217,-25.437184367230913],[153.0085449328035,-25.437631323093267],[153.00900470490433,-25.438683895911208],[153.0093079967678,-25.438498210190403],[153.00936262968276,-25.437315746490675],[153.0082091637231,-25.435947142912553],[153.00834648570287,-25.43527435829125],[153.00692588782056,-25.434976964181796],[153.00656124510647,-25.433757314414773],[153.0075473652198,-25.43345077240151],[153.00753240319898,-25.432719297124113],[153.00601200575056,-25.432037015662026],[153.00634386278023,-25.430439136223484],[153.00701910614794,-25.42973869205334],[153.00681114242138,-25.428267350823937],[153.00645807398212,-25.427508800557074],[153.00583651834177,-25.42709793718645],[153.0051701737657,-25.425580821364225],[153.0060104427289,-25.425088628703694],[153.00694514140628,-25.42381978602075],[153.00744228033807,-25.42267288241408],[153.00736269393428,-25.422112993286493],[153.00985730717014,-25.42105563337729],[153.0110668017926,-25.421372249596146],[153.01136505025795,-25.42054141182324],[153.0107832770277,-25.420008651644476],[153.00855577682876,-25.419159925456732],[153.00780992229124,-25.4181396050253],[153.00800872732202,-25.417024313487836],[153.00732754213345,-25.416383175110035],[153.0070988913019,-25.417232064974424],[153.00661166919429,-25.417521066610494],[153.00631713942562,-25.419105223293982],[153.00547322640944,-25.420099257441333],[153.00584162019572,-25.422450191389718],[153.00508549809842,-25.42213115059862],[153.00455853315088,-25.421300352395832],[152.9382635201465,-25.430685027058647],[152.93927624940056,-25.430929057196522],[152.93971946138515,-25.43174508223607],[152.93878732667497,-25.432782112970433],[152.93683035603726,-25.434026969835024],[152.93640539039757,-25.43530635437097],[152.93683719718,-25.436266213381263],[152.93644411790285,-25.43778552714653],[152.93727637120867,-25.438462025967862],[152.93818492479556,-25.440024732021907],[152.93921901294823,-25.441077447832036],[152.93939378089942,-25.443313627388054],[152.9384325666108,-25.444141528874475],[152.93967893793376,-25.44525192540202],[152.93933253706803,-25.4466643475476],[152.94001018162567,-25.44947855106018],[152.9408364670304,-25.451353339850616],[152.940614052098,-25.451723202229875],[152.93760252024128,-25.449715218448496],[152.93554195669708,-25.447326421243297],[152.9344188941178,-25.446518732919188],[152.93339542336128,-25.444242476874823],[152.9316183917765,-25.442896350951898],[152.93077612631828,-25.439970693558777],[152.93034093898427,-25.439407474241694],[152.9303809030573,-25.44163954929184],[152.93127698394676,-25.443240977455194],[152.93233852930086,-25.444009214319813],[152.93265774815768,-25.444739638289718],[152.9314108048659,-25.443634278864945],[152.92972126472569,-25.441255367906994],[152.92918356457096,-25.44394218065317],[152.9285021059885,-25.445589684682183],[152.92867715722616,-25.445973625948085],[152.92817180658471,-25.446198089536185],[152.9273271480306,-25.44733998032183],[152.92817473477737,-25.447919852385258],[152.92688980592095,-25.44776840295537],[152.92402967942735,-25.4503705274438],[152.9240818922666,-25.450759506711776],[152.924990751623,-25.451212421481927],[152.92348743319963,-25.450775071278414],[152.92082898327214,-25.452221503985086],[152.92079380898826,-25.45253106142519],[152.920068190096,-25.452586225839532],[152.9195520583819,-25.453133649464174],[152.91905391310877,-25.452925405149188],[152.91720883612004,-25.453678465054946],[152.91279389692193,-25.45398706111983],[152.91228667659004,-25.45424870897656],[152.91196250067003,-25.45523279122614],[152.9112365085591,-25.45577212365037],[152.91198030904513,-25.45478829051304],[152.911814622448,-25.454224615239614],[152.90871979358474,-25.45440529263598],[152.9051797310609,-25.453815660230337],[152.8967940503063,-25.45590312519487],[152.89094329669695,-25.458733506611782],[152.87937285667317,-25.465743959381783],[152.87426333868325,-25.47237533891621],[152.87345121220483,-25.474715052922765],[152.86785029565578,-25.483267285422126],[152.86601025127322,-25.487032697366235],[152.86527167315035,-25.487807606301107],[152.85981648094696,-25.49243401298432],[152.85542527485768,-25.494506345956097],[152.85314835601298,-25.49510183025026],[152.85115201125745,-25.496147355081305],[152.84895340627577,-25.498002384867075],[152.84858657641053,-25.498016512317093],[152.8487293950467,-25.49826461728318],[152.8483821290332,-25.498148954575495],[152.84435559983217,-25.500251957127002],[152.84702732285382,-25.500645750465853],[152.84903262485693,-25.499505907436568],[152.85100041973476,-25.49764011816186],[152.85153863610026,-25.49668445358958],[152.855963356325,-25.494480722472353],[152.85950910436281,-25.49469438700134],[152.86240193290405,-25.49396861342575],[152.86353613358688,-25.492360725432174],[152.86713211235826,-25.48975317083725],[152.86949092886437,-25.48900870845022],[152.87266823005587,-25.487467257872783],[152.8761660307389,-25.48482975225644],[152.8772124503954,-25.48316661351361],[152.87818014609798,-25.48020586457427],[152.88003273332515,-25.479999586177268],[152.8816793856962,-25.478670894511524],[152.88286305988345,-25.478431968026236],[152.88302160766216,-25.478225826326117],[152.88263811875527,-25.477463528584337],[152.88427054924762,-25.477657816320512],[152.88326966766215,-25.47686103497417],[152.88431984918282,-25.476496204301746],[152.88344296072523,-25.475636822946385],[152.88450656822465,-25.47561265456572],[152.8852860996749,-25.475150629663233],[152.88565214713003,-25.475529326982247],[152.8867353283738,-25.475522278995335],[152.889606087552,-25.48071582514052],[152.88564772156622,-25.480188108359805],[152.88743158440127,-25.4828155406699],[152.88351494066308,-25.48500632424767],[152.88175436217523,-25.484143814150883],[152.88023421923492,-25.486700048933283],[152.8834248258961,-25.489956967105424],[152.88137992494467,-25.49069337426489],[152.87984179736225,-25.492121018335396],[152.88040457601153,-25.49186380053901],[152.8850796746883,-25.49684045358901],[152.8897290608486,-25.498256205024774],[152.88950560899775,-25.499896858917772],[152.8850171933899,-25.500000133464244],[152.88228242789285,-25.498875214684308],[152.88021753771034,-25.496896952597233],[152.87921958431753,-25.499078010906384],[152.87850722682822,-25.499751768594134],[152.87716172683338,-25.499691291884517],[152.87758649821944,-25.497916028366916],[152.87335240818823,-25.494971200125782],[152.87268444932897,-25.495064384278894],[152.87199325918266,-25.49413555817449],[152.8707230306445,-25.494062564700588],[152.86639355132252,-25.496231957004188],[152.86642864286875,-25.497183657364804],[152.86723776830945,-25.497880658930214],[152.85657377386167,-25.502752482505887],[152.8561352572375,-25.503622382331884],[152.856179006557,-25.504921422450483],[152.8556802128727,-25.505401878958303],[152.8550599450615,-25.50536369554288],[152.85505723270626,-25.50690402736372],[152.85879733413083,-25.507495343300146],[152.85869212514262,-25.508030704318276],[152.85675550256553,-25.508496173624206],[152.85478402676256,-25.50974092616748],[152.85237959934022,-25.506378896133896],[152.85130758497814,-25.506870894540867],[152.85295106364185,-25.510072954068225],[152.84874102507933,-25.510062872668083],[152.845657863121,-25.512082597998095],[152.85501731899524,-25.5128072573137],[152.85864105803955,-25.51085482465509],[152.86736364731564,-25.51605354010331],[152.86922173929293,-25.515365315921155],[152.873480626331,-25.51642206159339],[152.87762602342343,-25.523290163374757],[152.87584735507255,-25.525127714836554],[152.8723989361631,-25.52608483990777],[152.87109765493392,-25.524245998818177],[152.86952261557735,-25.5285685731454],[152.8535953757272,-25.520458682086968],[152.85200664419244,-25.52024828569429],[152.844980061182,-25.52554065654042],[152.84609238765472,-25.52635225601616],[152.84654916771103,-25.529785342383892],[152.8472892935672,-25.529945276017937],[152.84872133262456,-25.528472355579055],[152.84839401357397,-25.527536577715164],[152.85019366400752,-25.527632221514114],[152.8517281709195,-25.527215874976942],[152.85501121709513,-25.528566687267094],[152.85701271856328,-25.529805778578062],[152.85917267158266,-25.532146237223298],[152.85768700415304,-25.533645934076766],[152.85891447172662,-25.534682608679592],[152.85728029205302,-25.535373842892678],[152.8598279733834,-25.53681541116642],[152.86094635679012,-25.53864190636293],[152.85958770690831,-25.539717590858192],[152.86074081134052,-25.540726072614177],[152.85963306601434,-25.542017018834336],[152.8598275776817,-25.542721695214038],[152.85846046428014,-25.54392388464355],[152.85684619109998,-25.54256555312175],[152.85598963541452,-25.544810502866337],[152.8539715261661,-25.54277046724724],[152.85253451835445,-25.543432034624686],[152.85415253811027,-25.544805362341524],[152.85401663885796,-25.54708629755848],[152.85539066804597,-25.54683490736896],[152.8566964189057,-25.545993014230138],[152.8585603825568,-25.548768295983965],[152.85944484240667,-25.549505993670532],[152.85952883189123,-25.55132095416252],[152.85853054395056,-25.551390706479715],[152.85671731825073,-25.55025611728982],[152.8554520009102,-25.550801208972434],[152.85613369871237,-25.552509276945365],[152.85184104033283,-25.551920473714688],[152.85161044426775,-25.5545177148844],[152.85034569439938,-25.554922580676294],[152.85181840529629,-25.557462088068565],[152.85178142787174,-25.55918550387158],[152.85062763905546,-25.56034458339945],[152.85010446564968,-25.560240200888174],[152.84801872108824,-25.560863465240317],[152.84702599095783,-25.56053782792207],[152.8466173570066,-25.560691482489567],[152.84524393216282,-25.561882152502932],[152.8466221908626,-25.56246463170096],[152.84433096020678,-25.564489386039853],[152.843761869216,-25.564634149909654],[152.8436022773244,-25.56412517230243],[152.84284165591885,-25.563680960271626],[152.84186033908452,-25.56345990331544],[152.84165366588513,-25.56389148526737],[152.84110427634243,-25.563735074277798],[152.8405275707919,-25.56439900417425],[152.84011987573285,-25.563739001617172],[152.83942071399588,-25.563770927549836],[152.83858361874013,-25.564548052414196],[152.83830854400526,-25.565436943223865],[152.83761602556024,-25.565887316509972],[152.83429304498918,-25.566124193440302],[152.83260047503302,-25.56571983486599],[152.8343699945807,-25.566225721503358],[152.83774316991253,-25.565991586605943],[152.8388843232541,-25.565544686501593],[152.83956538073892,-25.56487505850068],[152.8394982427509,-25.564285129318783],[152.84073956168254,-25.564973189824414],[152.84236097368114,-25.56446430754531],[152.8427306274176,-25.563804417403475],[152.8435548245966,-25.564359947517076],[152.84304021993137,-25.564544283355545],[152.8431267589939,-25.56516064631029],[152.8446107653757,-25.56583132561871],[152.84520505357148,-25.564062369945958],[152.84566164656883,-25.563701890193645],[152.84684574523612,-25.563623897388513],[152.84718611075152,-25.563078418098073],[152.84794349999368,-25.562753458868603],[152.84839135427876,-25.56161821497223],[152.8501667311109,-25.562095464497652],[152.84996893242146,-25.56507097850636],[152.85020121921207,-25.56801389748682],[152.8495811519498,-25.56825044616459],[152.84879784334692,-25.56737996447727],[152.84847789963646,-25.567678316364667],[152.84834124855092,-25.568530275615203],[152.84871835317063,-25.568987458567833],[152.85053826083322,-25.569542749461757],[152.8501987982371,-25.56996406565255],[152.8505465525825,-25.57066718440644],[152.84928640814235,-25.57162341465225],[152.84802695258293,-25.57201741483519],[152.84791034558714,-25.57233528650764],[152.8481712640937,-25.57277478968815],[152.84800650199963,-25.57288002925334],[152.84710603871383,-25.572738543412434],[152.84775453714326,-25.57302032259317],[152.84828750776342,-25.572748555564733],[152.84806552540476,-25.572150974051596],[152.8493733986645,-25.571757026029307],[152.85075803085954,-25.570798194944132],[152.85070827676668,-25.57044405451292],[152.8511710903747,-25.570464767698315],[152.85045776521486,-25.570109947379606],[152.85073157370425,-25.569649919871345],[152.850553490852,-25.569361410164372],[152.84863609128377,-25.56868161982435],[152.84857010172993,-25.56794809499207],[152.84884939428525,-25.567563950479396],[152.84953965902912,-25.56851563555158],[152.85030391909174,-25.568263493528896],[152.8505337390419,-25.567305675979664],[152.85026324455418,-25.56509490227143],[152.85083605334228,-25.561828799323237],[152.85342428870115,-25.558005556474924],[152.85778880920736,-25.5568963272674],[152.85727589526743,-25.55729431594363],[152.8576735475973,-25.55806953334596],[152.85710330187703,-25.55879215120049],[152.85702121985457,-25.559411935176296],[152.85533803792123,-25.558901100469054],[152.85479298940606,-25.558944842594055],[152.8545894701291,-25.559092230685522],[152.85453981765954,-25.559785835511548],[152.85518111162014,-25.560880086510373],[152.85573365508526,-25.56137504998216],[152.8554566962706,-25.561699465121837],[152.85566768081992,-25.562127670119487],[152.85579063702937,-25.561338208355245],[152.85468622998667,-25.559787457888493],[152.8546787566205,-25.55924137515298],[152.85500444520017,-25.55897603827721],[152.85697212766274,-25.559656879924727],[152.85786066234084,-25.558049044991144],[152.85765805137908,-25.557421608683953],[152.85832544276616,-25.55791304951133],[152.85810243967694,-25.55925466803218],[152.85986164310145,-25.559610590020327],[152.86067426870363,-25.560646778989273],[152.86384283657878,-25.561080029183618],[152.8646720195992,-25.55884139088115],[152.86676272841828,-25.559916114001123],[152.86815582233442,-25.562123080879093],[152.86914899223336,-25.56507682859627],[152.86942914813778,-25.568746461843197],[152.86880955841548,-25.569680317855806],[152.86888065072253,-25.573523505868472],[152.86740444506017,-25.575468734058145],[152.86648397815418,-25.579747667883783],[152.86556563634622,-25.581361985130698],[152.86646324428443,-25.5844590730909],[152.86575034989983,-25.585605374151825],[152.86593557067113,-25.589176311300736],[152.87050974383078,-25.59011277534734],[152.8722068517659,-25.592549584658578],[152.8743675116525,-25.594730816536895],[152.87382897692692,-25.59683483802022],[152.87447594021364,-25.599495864505393],[152.87674967096166,-25.601294010373067],[152.87650915897166,-25.601851396687376],[152.87500195187965,-25.60191811469199],[152.87427016903416,-25.603858447871808],[152.87466303787005,-25.603913481884437],[152.87466302617884,-25.608345917392814],[152.8764270526675,-25.61056814036997],[152.87642466766545,-25.611210816588503],[152.89598988912326,-25.61120980395188],[152.94997151237658,-25.661487576551973],[152.97986328556328,-25.661486974905475],[152.9790397727685,-25.661155796864087],[152.9777455107478,-25.657124891562137],[152.97512363444935,-25.65305893158616],[152.97412067003404,-25.65004814346881],[152.97459019078576,-25.642366718211413],[152.9737243513988,-25.640170759934612],[152.9737478039192,-25.63735871209695],[152.97469586562283,-25.63596837909946],[152.9746921873957,-25.63536456348586],[152.97435732213387,-25.63497116225141],[152.97348182582675,-25.63526083747977],[152.97262219086258,-25.63274190567653],[152.97272506611,-25.632269224707095],[152.97325800615317,-25.63190703264558],[152.972976661345,-25.631406429525278],[152.9744821858054,-25.630158654360596],[152.9751044510108,-25.628732330494874],[152.97468605671725,-25.625047438450807],[152.9748282791029,-25.623814671172443],[152.97429321486106,-25.622696649293243],[152.97481776422956,-25.621449048597047],[152.97402825570055,-25.620863178954934],[152.9729739381978,-25.618770631921546],[152.97161472084383,-25.618134590901082],[152.97036021425367,-25.615838590241243],[152.97004515026458,-25.61660349601701],[152.96891265289776,-25.61667714599595],[152.96733211238825,-25.616172718058948],[152.96713481372183,-25.6147598948158],[152.96812585222744,-25.613931647090357],[152.96787273893688,-25.613582237093087],[152.9666595418056,-25.613919606966775],[152.96571508728255,-25.613192467321063],[152.96565979516458,-25.614060848192103],[152.96635688576282,-25.614726691845885],[152.9653480298888,-25.61502934968724],[152.96458067256117,-25.6148591143192],[152.9628935506979,-25.61365535287475],[152.96252335107295,-25.61267791121917],[152.96301827857178,-25.61193413591417],[152.96300375362148,-25.610904863631134],[152.9635577063242,-25.611954233963278],[152.96428416788115,-25.612363657519314],[152.9645154366392,-25.612084230065697],[152.96422952777164,-25.61100615427321],[152.96468101531775,-25.610567076472],[152.96443905092258,-25.60979843850975],[152.96478059544927,-25.60886025495945],[152.9654189702104,-25.609279632211898],[152.96611201565815,-25.61103654686174],[152.96773047158513,-25.610408076334277],[152.9678520779122,-25.608501626911185],[152.96642152183688,-25.606524959322087],[152.96792975235735,-25.606195907278],[152.96900896129569,-25.604668961865773],[152.9695593850587,-25.604609188426018],[152.96964753570637,-25.60426983284923],[152.96839754101484,-25.602771439113354],[152.9684137980595,-25.601974749497845],[152.96779349967142,-25.600411219664878],[152.96839754011546,-25.598592882218558],[152.96938933764898,-25.59807259563662],[152.96769443035475,-25.5952349036308],[152.96818166865023,-25.593220977129366],[152.9673046372004,-25.59263628919633],[152.9673024248682,-25.591943898455128],[152.96805610170884,-25.59137389735045],[152.96841379895875,-25.59031706354466],[152.9678284761044,-25.589439079712765],[152.96798677387164,-25.58812119609938],[152.96718004332547,-25.58760263441712],[152.9667110181001,-25.58668658228302],[152.96579610360845,-25.586593757858697],[152.9653733709854,-25.586105988963336],[152.96529207586968,-25.585374335620184],[152.96563351427642,-25.58439879693004],[152.96613754291445,-25.584203689012163],[152.96667408923895,-25.58456138626206],[152.96662250142845,-25.582729071552567],[152.96733711981335,-25.58279403767788],[152.96818166865023,-25.582339279297454],[152.9679218077464,-25.58185203920345],[152.96818167044887,-25.58107245559252],[152.96671995016675,-25.579903078827265],[152.96688236323166,-25.579026046478077],[152.9674670511646,-25.578538806384035],[152.96840904873977,-25.57889611512684],[152.96973438503494,-25.57686677244686],[152.96879118506627,-25.573615854551406],[152.96678491539262,-25.57217219985055],[152.96564802124033,-25.571944822458967],[152.96483682376152,-25.571261544548058],[152.96452790394073,-25.57035104213032],[152.9648673800267,-25.569203222114464],[152.96365948889547,-25.568653314562244],[152.96303960959142,-25.56787820417925],[152.96321092774326,-25.56679032667571],[152.96405619333973,-25.566742639224945],[152.96439783319454,-25.565587162381178],[152.96509696885119,-25.56527824166103],[152.96555471388012,-25.564048003276266],[152.96615380175763,-25.56361982615759],[152.9668691980562,-25.56228659021754],[152.96771466420148,-25.562725582583145],[152.96774246764187,-25.563349883853604],[152.96846233536962,-25.56439392390401],[152.96911883326868,-25.564510798897814],[152.96961696325343,-25.563814934075513],[152.9694453510233,-25.561356633665323],[152.9696801900899,-25.560760620569784],[152.96948890339127,-25.560472376162853],[152.96786782504125,-25.560236224985434],[152.96818942620223,-25.559243952609982],[152.96577399287662,-25.559227030966337],[152.96584281889216,-25.5584279329664],[152.9667879092358,-25.557146138247393],[152.96639297105992,-25.556572615397563],[152.965421021564,-25.556615396147333],[152.9643065358191,-25.557675979226744],[152.96434126403926,-25.55828155301495],[152.9631360447937,-25.558589884679098],[152.96351666306464,-25.556593431105703],[152.9641094350036,-25.55616350210763],[152.96431493908426,-25.55518133991063],[152.9650068990503,-25.5546602340463],[152.96704860830778,-25.554839631707402],[152.96721117335812,-25.55463403319783],[152.96692900926746,-25.553720536037655],[152.9673066229035,-25.553132360533795],[152.96569031635613,-25.55319088841256],[152.96646035276422,-25.55225426428665],[152.96554457941988,-25.550701242132465],[152.96624099103008,-25.550550983404975],[152.96740012002067,-25.55100459065314],[152.96760084060747,-25.550800572252424],[152.9665121779957,-25.549734791990925],[152.96457659413568,-25.54965478110708],[152.9636731675838,-25.548692081138487],[152.96383974990567,-25.548179518833603],[152.9624430164332,-25.547577257248488],[152.96226663329958,-25.547160286581835],[152.9627382350826,-25.54640548738723],[152.96273596699245,-25.545426185933668],[152.96361671534032,-25.54533935908809],[152.96396580517887,-25.543997959102505],[152.9646323943706,-25.54379682123026],[152.96447676489197,-25.54313233465348],[152.96247698922286,-25.543531966391125],[152.9623282476516,-25.542836211286104],[152.96455545736956,-25.53963626786351],[152.96579415387828,-25.538564130294436],[152.96851345193534,-25.538325837831216],[152.96938577993092,-25.538603752625175],[152.97153612998954,-25.538257933620837],[152.9723231869666,-25.537134996946655],[152.97349612055064,-25.536414209212495]]]}},{"type":"Feature","properties":{"plan":"FHA-054","name":"Susan River","mgmt":"A"},"geometry":{"type":"Polygon","coordinates":[[[152.84332702902032,-25.432701681203888],[152.84332702812094,-25.434944429408095],[152.84487799982094,-25.435873499228833],[152.84852940111216,-25.435406498377425],[152.84899640106414,-25.434693699321016],[152.8487079003504,-25.433095898123447],[152.84926139979495,-25.43255779956906],[152.84986339877798,-25.432514499910518],[152.85171110088777,-25.433329700271724],[152.852406599686,-25.433061800328083],[152.85417320003432,-25.434174799493622],[152.8560835012537,-25.434837999140573],[152.85693390107986,-25.434626698029923],[152.85776410033407,-25.435596200470478],[152.8583969010972,-25.435834099030625],[152.85859479871215,-25.436391399010063],[152.8583703000504,-25.437357999338392],[152.85743880116092,-25.437838999036753],[152.85689740119528,-25.438838500162774],[152.8585813988136,-25.442678499179454],[152.8579418000752,-25.44272169901328],[152.85718959992118,-25.443321399329164],[152.8570021002679,-25.444158799455074],[152.85778360123334,-25.445105799059366],[152.85865259993864,-25.445541299357483],[152.85904300013544,-25.446408499418695],[152.859670300645,-25.44653969971337],[152.8607253987593,-25.44748179891184],[152.8621480003311,-25.447407000498625],[152.86502310143612,-25.448764799621724],[152.86629590023676,-25.450258998919598],[152.86684200095874,-25.452223598506134],[152.86572299881846,-25.460437199382923],[152.86469750009064,-25.46159369965521],[152.86268330109465,-25.46195399954313],[152.86073720056254,-25.462815298253044],[152.85681309964593,-25.46499389961438],[152.85064219997867,-25.46776309925318],[152.847141300232,-25.47044539920129],[152.8454550012484,-25.47075629932922],[152.84512100113443,-25.47182599883621],[152.84340269977588,-25.47416629920078],[152.8421169993012,-25.47496380000478],[152.8401027013797,-25.4789838981537],[152.83928420140592,-25.47914499910772],[152.83663049989877,-25.478502399331575],[152.83541689987112,-25.485665000304675],[152.83172140032354,-25.487923599059965],[152.83046000042987,-25.489455997961027],[152.8260573001055,-25.490872900528984],[152.82348699992622,-25.490164899355733],[152.81933369959165,-25.48987459819924],[152.8184761987187,-25.489907598821702],[152.8184761996181,-25.490706990899998],[152.82721592097914,-25.491679250661935],[152.85416036401068,-25.49167924706466],[152.8732575027327,-25.467443085395622],[152.88464640201096,-25.44723480460852],[152.9083270038892,-25.44723480191056],[152.91721590299267,-25.433345911450886],[152.92499370409735,-25.43334591055158],[152.9249937085939,-25.431404252670447],[152.92414570096446,-25.431492999568587],[152.91933130000064,-25.428624399662677],[152.91585679985258,-25.425210698181623],[152.91718649965833,-25.42441449959593],[152.91617139979144,-25.423024198074753],[152.9156353013292,-25.423045698166906],[152.91435360013963,-25.42184670043141],[152.9131750988529,-25.423017398300768],[152.9112731999993,-25.420627798001007],[152.90936000116426,-25.41909449887858],[152.90668790132668,-25.418173398849866],[152.90523959982875,-25.41833509965167],[152.90251440131965,-25.4192839995235],[152.89957099400726,-25.41934099765548],[152.89792799917893,-25.418955996088897],[152.89714000420895,-25.417897998560353],[152.8981820001004,-25.413990999151974],[152.89790299982474,-25.412422997889728],[152.89721150031164,-25.411004900122748],[152.8995712988775,-25.40950459892484],[152.89852659872463,-25.407952399650316],[152.89720030105423,-25.407146899376695],[152.89607630228068,-25.40753930056505],[152.89479210007653,-25.405274200610695],[152.8935027006902,-25.40522639894598],[152.8919040001706,-25.403854599177286],[152.89193169928967,-25.40219599931285],[152.88926909989016,-25.399627500475702],[152.8889458997346,-25.398845699136686],[152.88844549986106,-25.398831898140585],[152.88693610112125,-25.39737429945139],[152.88411749902446,-25.39751999951535],[152.88279790040394,-25.394716199360182],[152.88099060213574,-25.39357219786574],[152.8802229992931,-25.39806539966543],[152.87893700024347,-25.397883499191156],[152.8786674005812,-25.395165200280818],[152.87718360014412,-25.394955398340027],[152.8767112006625,-25.393564500568324],[152.87570226744685,-25.393285818652704],[152.87467639999704,-25.39221969934676],[152.87309349966642,-25.39252939887978],[152.8716457980163,-25.390353699630666],[152.8710533992961,-25.390691899578638],[152.87076639865154,-25.391749799980417],[152.86958969870682,-25.392986097997145],[152.87189330043657,-25.394982399585107],[152.86982890128388,-25.39567059858631],[152.86729739965642,-25.39361099821608],[152.86877250005193,-25.390431399256833],[152.86740929960058,-25.38760359889419],[152.86889510012986,-25.38685079799314],[152.86902129929467,-25.385147598050473],[152.86673279987997,-25.383954600591615],[152.86514669976157,-25.384455000465156],[152.86329300007299,-25.384366098883618],[152.86146760025065,-25.396693799546227],[152.85988219890544,-25.39650249935787],[152.8607377986117,-25.397940098923417],[152.8620641988049,-25.398345498912647],[152.86035689975222,-25.39929039949929],[152.85946070015234,-25.399217799029177],[152.85980939878584,-25.400068697978966],[152.85669780026444,-25.401064198021228],[152.8579397001581,-25.40199679947963],[152.86205660223152,-25.399757299626646],[152.86239979881282,-25.401453898545522],[152.85843449995332,-25.40366639805268],[152.85796169937407,-25.40688819949764],[152.852168899876,-25.401878700508558],[152.85276049999823,-25.397845799610945],[152.85342049895803,-25.39792569897885],[152.8537386997823,-25.39576290050451],[152.8469011992321,-25.394937700581472],[152.84596329986755,-25.394045299717867],[152.8458066001956,-25.39173570040937],[152.84652289941346,-25.390178899303923],[152.84634890218126,-25.388775701504603],[152.84543970108246,-25.387325198466332],[152.8453966999988,-25.386412799378448],[152.84617770004195,-25.383318698966065],[152.84626969978797,-25.381167999970575],[152.84573820135802,-25.380529698054467],[152.84412879890613,-25.379616798943502],[152.84399379987508,-25.378732199698682],[152.84451109980853,-25.377517597826312],[152.84417719861995,-25.37660959822181],[152.84324010055138,-25.375924799557314],[152.8410923998955,-25.375425999577676],[152.84145710106554,-25.37462139952547],[152.84481200127402,-25.371841799227223],[152.84520010010567,-25.37110239822464],[152.8449779001112,-25.370741599212984],[152.84520129980126,-25.369642298520855],[152.84367219961348,-25.368675999465417],[152.84006750011622,-25.36840939904214],[152.83811449908603,-25.368772000295202],[152.83729790117832,-25.370241000589267],[152.83586070091178,-25.37108520048917],[152.83375009998826,-25.370763600227523],[152.8305705999544,-25.37143639923799],[152.82999779926013,-25.371084598842735],[152.83063710122235,-25.368878998034944],[152.83028560120067,-25.367108699674375],[152.83146120127458,-25.36475069885337],[152.83124930031613,-25.361949399712806],[152.8318751996818,-25.358546699638314],[152.83417759991744,-25.356608299101595],[152.83458319955616,-25.355982500459866],[152.83466959922373,-25.354628899372123],[152.83545959878256,-25.353902299319554],[152.8381133002897,-25.355292399392606],[152.83848049887706,-25.355194399369953],[152.8355964989804,-25.353593999131665],[152.8334100995976,-25.353718897876742],[152.83514909975224,-25.353886800403423],[152.83439009892504,-25.354590899418387],[152.8336129012156,-25.35660379799476],[152.83134630119196,-25.35880739960962],[152.83100159914557,-25.361787197988534],[152.83123529877116,-25.364102799372375],[152.8307143979522,-25.365949499637384],[152.82972129999916,-25.367170198013884],[152.83005020005783,-25.368657599336338],[152.82961169872203,-25.371304598196204],[152.83032939998293,-25.372007899512507],[152.8326205991625,-25.371327199058545],[152.83614480124277,-25.37129579922929],[152.83793020011979,-25.370449798886685],[152.83870300104377,-25.369043400400216],[152.84170569975936,-25.368810599197367],[152.84424069974966,-25.369202300713177],[152.84487730104775,-25.369925698279943],[152.84445989780716,-25.37179979818965],[152.84128479905542,-25.37454989802687],[152.8408706018979,-25.37541590019113],[152.8414455996359,-25.375918699455838],[152.84349690106228,-25.37626919943148],[152.8440849002991,-25.376862698921844],[152.8442686992422,-25.37761249968455],[152.84372060022667,-25.378855099250814],[152.84376139887058,-25.379576099224987],[152.84573990017736,-25.380907000525006],[152.84606220011153,-25.381983799280253],[152.8452565001885,-25.38475119937561],[152.84374909974224,-25.38611949898293],[152.84346929996934,-25.387002499233184],[152.84408710004072,-25.388339399011254],[152.84572560095683,-25.388604401339215],[152.84608420022676,-25.390037200323714],[152.84434049931576,-25.390637898887054],[152.84320600095737,-25.38999179805018],[152.84086800015916,-25.38956079885896],[152.8397057999838,-25.390885799707043],[152.837584999849,-25.391970597931856],[152.83708219968491,-25.392644798985373],[152.83877940025025,-25.39527709842639],[152.83855639985904,-25.396629299269797],[152.83797070018875,-25.396959897248472],[152.83819840133629,-25.397186198151548],[152.83787749984788,-25.397720898167915],[152.83796810024876,-25.39891719883666],[152.8412534999502,-25.400357799439814],[152.84109969969256,-25.402085398888946],[152.8442611997957,-25.407671799480774],[152.8436119000703,-25.410413698400212],[152.84015579915194,-25.41253999968795],[152.84071829901143,-25.41727059912546],[152.8385336002466,-25.41788699985175],[152.83557360044244,-25.416293197040005],[152.83273170140808,-25.41659550054853],[152.83087880031746,-25.415127098303557],[152.82353210002748,-25.42107209906461],[152.81891470095377,-25.420298799016898],[152.81958840108496,-25.417539598939918],[152.82068860109916,-25.416915098919283],[152.82422659967892,-25.416225299124864],[152.8245445999545,-25.414681298969402],[152.82366149898007,-25.413226498970428],[152.8224286004007,-25.41271739905543],[152.82166100025609,-25.412918399331346],[152.82132080021586,-25.413687298996326],[152.81891749964404,-25.41378209923113],[152.8183193002966,-25.412201099168097],[152.81627600013837,-25.411038199320174],[152.81588409897313,-25.4112958982538],[152.81524130044681,-25.413983700254224],[152.8142824999386,-25.414015300632297],[152.81251229960412,-25.412981899561686],[152.81095850043562,-25.411036499601515],[152.81091350015902,-25.41034929884782],[152.8115401999214,-25.409336798920876],[152.81191950068558,-25.409179899599447],[152.81270480038734,-25.40957049944574],[152.81401550021633,-25.41116730059714],[152.81494959994518,-25.41114149904765],[152.81512309985226,-25.410725398924754],[152.81402630017476,-25.407512101469116],[152.81376269899044,-25.404433499073583],[152.81354889956322,-25.403929499213902],[152.81242820040222,-25.403639698979813],[152.80997829965997,-25.4042311992773],[152.80718600003502,-25.406712599673533],[152.8058088996621,-25.409229698658404],[152.80312900090382,-25.409997599176595],[152.80207740115225,-25.40975939934355],[152.80146060022764,-25.409003099180435],[152.80156980040715,-25.406996199082123],[152.80285669967805,-25.40678389882469],[152.80364550133993,-25.406311400417625],[152.8031209978369,-25.405035998979002],[152.8023490998322,-25.404442599313352],[152.80108700026597,-25.404277200499266],[152.7986024000818,-25.40549209914788],[152.79530210131202,-25.406209399311148],[152.79365450105547,-25.405547300434375],[152.79208149956264,-25.40311429885271],[152.7905031012383,-25.402982099411254],[152.78955869977528,-25.402410899510325],[152.78957750010272,-25.40119850007766],[152.78871409877775,-25.40038489961035],[152.78818019915798,-25.399188400191495],[152.7887333002028,-25.39667539941715],[152.78939149961911,-25.396496199606958],[152.7910492010609,-25.396848499125984],[152.7921166001022,-25.395136599141782],[152.78983259999563,-25.393634299650312],[152.78879650005956,-25.39186370001688],[152.78624030035076,-25.390766099043375],[152.78437390043632,-25.388915099119696],[152.78426558878698,-25.38799270406722],[152.78291110096768,-25.386396399341564],[152.7842183995606,-25.389316799298015],[152.7854429002707,-25.390165298856626],[152.78622750030001,-25.39145660030899],[152.78871199886078,-25.39200689816694],[152.7893671001127,-25.394349899195596],[152.7902990999247,-25.39415830043228],[152.79093880028654,-25.395045099418855],[152.79162740038532,-25.395354199104073],[152.79081610038384,-25.396413099551953],[152.78966379994552,-25.39602859800843],[152.78824880124228,-25.396167499197745],[152.7881109009984,-25.397457299681612],[152.78753779993065,-25.398599198561143],[152.78829529889003,-25.40060699888085],[152.788938501212,-25.401316399399256],[152.78877540016572,-25.40218359946047],[152.78613949893986,-25.404050098300267],[152.78369029876944,-25.40373149907628],[152.78338970037555,-25.402153799525113],[152.7824318000886,-25.40025860062088],[152.77993839913893,-25.398269899203456],[152.77805460004095,-25.39818019902395],[152.7750438002323,-25.40079080052198],[152.77523780018544,-25.402854700550858],[152.7744450001378,-25.402226600544086],[152.7737593003526,-25.402934098097045],[152.77314520009202,-25.404134000550567],[152.77369809968866,-25.404450200383323],[152.77487889964266,-25.404127300601306],[152.7747945000673,-25.404496900378533],[152.77185879994477,-25.40864429936171],[152.76792029998296,-25.411604499714603],[152.76633190119742,-25.411414998170358],[152.7663606012619,-25.411828098154892],[152.7657814000927,-25.412166499551002],[152.76580569977432,-25.414118699285215],[152.76461269871822,-25.41520290125952],[152.7611551004287,-25.415741199463387],[152.76041919958755,-25.416069999697317],[152.76026859102376,-25.416592347525423],[152.76113920041485,-25.4160082981111],[152.76196920001973,-25.416095499074654],[152.76481489958906,-25.415497599201487],[152.76613900021584,-25.41435699804366],[152.76647529989634,-25.412377198115898],[152.76719820013795,-25.41192009969955],[152.76826009982483,-25.411933299049227],[152.76966509986562,-25.410549799999988],[152.77094809967616,-25.409879000182443],[152.77177860020333,-25.408840098858267],[152.77288719988553,-25.408313600658932],[152.7751261988161,-25.405085099264756],[152.77575100100898,-25.40288260021875],[152.7759084003535,-25.40082610071089],[152.77863199986803,-25.398782198007027],[152.78000519898183,-25.398923099288588],[152.78209179969792,-25.40019949897465],[152.78305260029845,-25.40188500025945],[152.78350529923125,-25.403904498960337],[152.78429400106847,-25.404639898879093],[152.7865420993395,-25.40465079956162],[152.787151499743,-25.40398849923673],[152.78906160041367,-25.40300220015833],[152.79047830063416,-25.403438899252652],[152.79180190033856,-25.40335079896711],[152.7923737000873,-25.40381969918666],[152.79348679997702,-25.40587980047924],[152.7950474996435,-25.40673349901856],[152.79939830009266,-25.405791999667898],[152.80158499984896,-25.40474049884179],[152.80244319859582,-25.404967300667263],[152.80307250099622,-25.405780400212123],[152.8029674997514,-25.406197599306616],[152.8013264978207,-25.40646020044471],[152.80088609981476,-25.407271499546866],[152.8008025995615,-25.409994399388758],[152.80220999989274,-25.41072470015151],[152.80609579958264,-25.409596497047445],[152.80688329992552,-25.407942799387484],[152.80980159906562,-25.40564649925337],[152.81028499995386,-25.404942699712677],[152.81223150068433,-25.404502299008733],[152.81289249879092,-25.404932799076235],[152.81331000005764,-25.40747069938007],[152.8142188009581,-25.410086799333072],[152.8139074997324,-25.410102898996318],[152.81319540124787,-25.409030899023545],[152.81229140002927,-25.40844849896582],[152.81101600128852,-25.408732798946286],[152.81009999861715,-25.411259999116403],[152.81149800013372,-25.413182599464083],[152.81415200111508,-25.415021700457753],[152.8150773999032,-25.415242300558347],[152.81594099997835,-25.414709199536556],[152.81630470020286,-25.413964998852308],[152.81634370020276,-25.412295598130065],[152.81681830122477,-25.411996799279564],[152.81765249976422,-25.412490299554392],[152.8196122987697,-25.415408799243295],[152.82124109959818,-25.414944899254348],[152.8224726986573,-25.41377949929116],[152.82338949992663,-25.414625798208647],[152.82302190114092,-25.41517529926727],[152.81965179879262,-25.41587769946286],[152.81847809898625,-25.416914399246714],[152.8174056997144,-25.419421099370776],[152.8185122003789,-25.421469998707973],[152.82361379983809,-25.422923399361874],[152.82664080003406,-25.422696899708626],[152.82906650002008,-25.42192789931961],[152.8292957003374,-25.421994698263187],[152.82904949923613,-25.423374299650657],[152.8293528000928,-25.423560998907462],[152.83060390005107,-25.423815698602056],[152.83508549879787,-25.423750798127262],[152.8368376002761,-25.426056198501154],[152.83796689875453,-25.426476500256666],[152.83881780040235,-25.426445800099977],[152.84053559993913,-25.42505239951504],[152.84237739979835,-25.425077398869302],[152.84326600012696,-25.42777470040847],[152.84036930000434,-25.430780199612858],[152.84206939278943,-25.43178214599553],[152.8434087953807,-25.43170783861216],[152.84448915185396,-25.432574643870982],[152.84412818916576,-25.433264744038986],[152.84397595642633,-25.43286339819356],[152.84332702902032,-25.432701681203888]],[[152.90763258967343,-25.423345915248248],[152.91124370133684,-25.424526471485898],[152.91193814612973,-25.423623694244537],[152.9149242568501,-25.42549869257703],[152.9165089360397,-25.426770449063348],[152.916832604742,-25.427490207973126],[152.91561870164287,-25.42862369189623],[152.90763267331033,-25.425082164376825],[152.90166016588512,-25.426262219692063],[152.90138258923628,-25.42487369433196],[152.90763258967343,-25.423345915248248]]]}},{"type":"Feature","properties":{"plan":"FHA-054","name":"Susan River","mgmt":"B"},"geometry":{"type":"Polygon","coordinates":[[[152.90138258923628,-25.42487369433196],[152.90166036823257,-25.426262583018215],[152.90763258967343,-25.425082025881245],[152.91561870164287,-25.42862369189623],[152.9168326056414,-25.427490208872438],[152.91650893693907,-25.426770449063348],[152.91492425774948,-25.42549869257703],[152.91193814523035,-25.423623693345217],[152.91124370133684,-25.424526471485898],[152.90763258967343,-25.423345915248248],[152.90138258923628,-25.42487369433196]]]}},{"type":"Feature","properties":{"plan":"FHA-064","name":"Tin Can Inlet","mgmt":"A"},"geometry":{"type":"MultiPolygon","coordinates":[[[[153.04669784772864,-25.942350162885486],[153.0458916648696,-25.94189576693193],[153.04497148124995,-25.940476840889335],[153.04521752856726,-25.940408326039236],[153.04565882679458,-25.941181449819886],[153.04631872503023,-25.93928425711865],[153.04729136790343,-25.939871668198755],[153.0479860582111,-25.94212923093507],[153.04937033067733,-25.94212923093507],[153.0487400066471,-25.941409758009723],[153.049098745312,-25.93983279140605],[153.04832670791234,-25.93867311562767],[153.04876182240127,-25.93659443344224],[153.04747895209312,-25.935923352136932],[153.0470766565636,-25.93443266918832],[153.04757296272317,-25.933171011189213],[153.0462462225862,-25.932468965326493],[153.04625642269684,-25.93158980428205],[153.0486976063106,-25.930814935816695],[153.04922613517908,-25.93108225569757],[153.0502194318824,-25.93059457763368],[153.05487028483697,-25.931720590888574],[153.0555466190823,-25.93157696645984],[153.05603329080486,-25.93262801222895],[153.0573702598308,-25.93257973212495],[153.0581627343239,-25.932168460462087],[153.05851098869232,-25.931021481312317],[153.0592188459741,-25.93054342239704],[153.05997902940976,-25.928994877967337],[153.05920736522887,-25.92866070518346],[153.058868833431,-25.928135230412657],[153.05675517031602,-25.92820297094643],[153.0560412776839,-25.92722847996649],[153.05548118800755,-25.92725731313058],[153.05465744408696,-25.92855740185866],[153.05251154297446,-25.927631190982787],[153.05103196935102,-25.92759343924191],[153.0505032462289,-25.927039391211032],[153.0487596172636,-25.927422238901308],[153.0480512599588,-25.92673435016625],[153.04617071191,-25.928455180418325],[153.0451403037831,-25.928579732025074],[153.04014062089402,-25.926775037294234],[153.0373609657371,-25.926814875462224],[153.0339653721054,-25.92537075940916],[153.03212882608557,-25.924235805094472],[153.03058308394327,-25.92384196768881],[153.02928376863213,-25.922619378937405],[153.02781514785192,-25.922301522553436],[153.02721393937293,-25.921758046952537],[153.02733931655735,-25.921298130060883],[153.0292283820853,-25.921405292376548],[153.0295503663575,-25.92222308368459],[153.03013354522807,-25.922396569202498],[153.03166571300335,-25.92167950286299],[153.03181093912463,-25.921297220846313],[153.03098501974398,-25.92016852491373],[153.0298886598349,-25.920407637558643],[153.02887127479062,-25.919738858517753],[153.02681276170074,-25.915861136538563],[153.02607642918497,-25.912143140449984],[153.02496887721304,-25.909738130266973],[153.02455899140546,-25.907964266094528],[153.024856142698,-25.90767747858925],[153.0256158638822,-25.90869869924206],[153.02641886493984,-25.90919275529792],[153.02650058273684,-25.90829317964303],[153.02691517020003,-25.907822466390236],[153.02952254583,-25.907033889558864],[153.03183222607754,-25.905203312339516],[153.0326891387939,-25.904762184983426],[153.03343034473573,-25.904784856892185],[153.03409604000137,-25.905312127609164],[153.03365553857338,-25.90632671845981],[153.03243997712434,-25.906726672154726],[153.0294136334336,-25.909731342184156],[153.02973219758394,-25.911463595624873],[153.0304686200319,-25.911624773021295],[153.0302735786638,-25.91068399582618],[153.03051121462204,-25.910150922683357],[153.03276626015588,-25.908857239826215],[153.03269714905537,-25.909911654455737],[153.0337510852455,-25.911676226832824],[153.0345767069506,-25.911920971032377],[153.03550782812488,-25.911427989666404],[153.03675189628416,-25.913076936208007],[153.03797259196267,-25.913632034647055],[153.0381348062774,-25.912664442366502],[153.03766368293373,-25.91159148461573],[153.03768560300932,-25.908274359530562],[153.04017119064906,-25.907573579913308],[153.04264143855266,-25.90606136539623],[153.04509972007713,-25.90503611308273],[153.0453077854271,-25.903363309325876],[153.04569108008036,-25.902878112491482],[153.04785887159073,-25.90155894194821],[153.04924142365394,-25.899106524003553],[153.05038359772595,-25.898353545936107],[153.05147314796852,-25.89814407314714],[153.0521614180161,-25.899181335007285],[153.0521078480998,-25.89998350958793],[153.05112443944245,-25.901238232015423],[153.05076201265786,-25.90310194205757],[153.05100664534154,-25.903764798163483],[153.04999634605565,-25.90400412664569],[153.04936092286948,-25.904754034427732],[153.0488392486335,-25.908657438346566],[153.04966515272577,-25.909541099598517],[153.0518382556321,-25.910221336901643],[153.05282366258314,-25.913120813231316],[153.05250124573706,-25.915916308147455],[153.05292387313932,-25.915718978904103],[153.05339298380034,-25.916178792373707],[153.05336631080775,-25.915468021288508],[153.05442246832342,-25.91429685757029],[153.05696535087134,-25.914403408346978],[153.05807569613762,-25.915872387057373],[153.0577793416444,-25.91767632096173],[153.05814952418234,-25.918339110517813],[153.06050692515555,-25.917192473110454],[153.0629928185649,-25.917314289878853],[153.06389475583944,-25.91811270259546],[153.0645030959423,-25.92029525198052],[153.0667779067761,-25.920351638573496],[153.06691517659522,-25.92007676438744],[153.0664314330653,-25.919632620705123],[153.06648642570906,-25.918439796815427],[153.06587317620722,-25.91749014511044],[153.0667119469,-25.916978028869227],[153.06596011097145,-25.915919600565456],[153.06594974538552,-25.9148255420215],[153.06731489286915,-25.91351910497909],[153.06705094094934,-25.91258398362037],[153.06557760232567,-25.912284671256987],[153.06386109331595,-25.913317732383835],[153.0618417412045,-25.91365388727345],[153.0614415923567,-25.913371725880815],[153.06104067818592,-25.911598451663625],[153.06024996816268,-25.910672351404312],[153.05723518076013,-25.910258888093644],[153.05558609212562,-25.90953603911338],[153.0552148807633,-25.908468587012138],[153.05418991173622,-25.90714550711599],[153.05392604255394,-25.90610448339175],[153.05433529703748,-25.90505438281005],[153.05351200007988,-25.901717986152775],[153.0535115252378,-25.897872379863156],[153.05313889294666,-25.896213944574626],[153.01712487071734,-25.908007658383237],[153.01712487161672,-25.921338443070894],[153.03581077464867,-25.930956964848086],[153.03581100037854,-25.93565113095085],[153.0344498719652,-25.937971457372765],[153.0373178513389,-25.93917834665924],[153.03827930214925,-25.93790223295758],[153.03933603343228,-25.93715234765864],[153.04032699819356,-25.937265558814367],[153.04135815815357,-25.939057163013523],[153.04026205814864,-25.940771728588214],[153.04064475835003,-25.94301256483379],[153.0462477100649,-25.943012563934474],[153.0467454938106,-25.942687078601587],[153.04669784772864,-25.942350162885486]]],[[[153.0361679197149,-25.94603492182988],[153.03406696042305,-25.945623300330794],[153.03390818061916,-25.945061876060443],[153.03606829911382,-25.94162923215916],[153.03258599644766,-25.94023080886058],[153.0137858741199,-25.95602577282667],[153.013786000025,-25.97024784411794],[153.01199834025238,-25.97710071947772],[153.01837377992717,-25.98092367814027],[153.01837377992717,-25.98464756748621],[153.0169218361749,-25.986571603151873],[153.01692183707428,-25.98846201226694],[153.01780052507536,-25.990144229227617],[153.01790200097764,-25.99099922908595],[153.01742936767232,-25.992800920980482],[153.01628949766337,-25.99462151302711],[153.01614687417998,-25.995913280328363],[153.01637781378622,-25.995491839131788],[153.01642683133434,-25.99587982015232],[153.01727216707798,-25.995784669181838],[153.0173317336737,-25.995482071595028],[153.01671304597141,-25.99479399490169],[153.01751563693824,-25.99346642828778],[153.01791341607247,-25.993459119497512],[153.0188353209944,-25.994250728842804],[153.01936608557753,-25.994332521283567],[153.0195989758132,-25.994071609072236],[153.0200094129052,-25.994434244499505],[153.02033672476114,-25.995146572311192],[153.02016828983585,-25.995560079688637],[153.02047325713625,-25.995784900307633],[153.02016609818804,-25.996142066058212],[153.02029623188673,-25.996644653082964],[153.01957302497624,-25.997687003307224],[153.01987865687568,-25.998032485965112],[153.01991014214047,-25.998952082327367],[153.0205069331496,-25.99887750244943],[153.02048423875772,-25.998058288413944],[153.02125348196375,-25.997721343020235],[153.02147138140026,-25.996658712184487],[153.02222482081993,-25.996467470452092],[153.02269411764053,-25.996837727633693],[153.02246934198763,-25.996342040207704],[153.02137212502464,-25.995882227637427],[153.02159012068864,-25.9953805048611],[153.01943470474896,-25.99045909086919],[153.0195865705649,-25.98964086159131],[153.01844955230615,-25.987553454183452],[153.0184824692917,-25.986794910211838],[153.01946705606088,-25.986322886646835],[153.0221239483626,-25.987087002817834],[153.022537441351,-25.987387954645275],[153.02292922920174,-25.989024564287064],[153.0229450536724,-25.987787633147597],[153.02387826936774,-25.988323836830478],[153.02539930533476,-25.987646743557264],[153.02735573098334,-25.988398961697598],[153.02189619775243,-25.985084980642284],[153.02142737937118,-25.980384047141097],[153.01851153358155,-25.978282279358805],[153.01710411886108,-25.977936043069043],[153.01686374087012,-25.97685171608889],[153.0161024107988,-25.97630713791921],[153.0163771878581,-25.97543743234675],[153.01733929697207,-25.9750359354152],[153.02077502824613,-25.974763377882734],[153.02237404892435,-25.974327086181216],[153.0228334217262,-25.9745480181317],[153.0225952452755,-25.975231984023953],[153.02347905221757,-25.97562424042146],[153.02451781234834,-25.975516542109883],[153.0261111996732,-25.974587007339643],[153.02745916740776,-25.97473797833019],[153.02966021674672,-25.97650062885605],[153.03069854520288,-25.978215112592427],[153.03180899479037,-25.979045181445034],[153.03181540156072,-25.978370241148777],[153.030089914619,-25.975581213257517],[153.03055209690285,-25.97415956047052],[153.02884499660047,-25.972074970638605],[153.02859401740113,-25.9711266220512],[153.02639648261277,-25.968013807646397],[153.02482628070948,-25.966702489983245],[153.02534113088961,-25.96416867440015],[153.02496507757735,-25.960864549914472],[153.02401404091643,-25.95912175552008],[153.02473811837058,-25.959120459597003],[153.0254485234317,-25.959887272834802],[153.02726456490893,-25.959640113955523],[153.0271658670123,-25.958085312042986],[153.0274503981185,-25.95718976804886],[153.0265973425944,-25.956072970146995],[153.02685879889555,-25.955134003287164],[153.02804029042818,-25.955807543338974],[153.02959433870888,-25.95616555894891],[153.0297293440351,-25.957204847880917],[153.03033214071684,-25.95803972990511],[153.0303086270426,-25.95917934810388],[153.03113849534645,-25.96241546315849],[153.03212575580017,-25.96302274565857],[153.03319618915395,-25.963205232490832],[153.03378715435485,-25.963952346978576],[153.03394991186008,-25.964801668517524],[153.03509984168545,-25.965786538573234],[153.0353998240438,-25.96656911063124],[153.03511237373823,-25.966938070091174],[153.0357551201039,-25.96694937187132],[153.03699224369825,-25.968222476441376],[153.03870909714828,-25.967879406664565],[153.03898456668549,-25.967427751844546],[153.03845582917427,-25.966179578280205],[153.03771497306866,-25.96589422159636],[153.03751936602703,-25.964652277635828],[153.03705983584393,-25.964163346816377],[153.03764264958977,-25.9632971351101],[153.03673217415167,-25.962865739317806],[153.0367205441189,-25.962543889044642],[153.0373347999622,-25.962133674984504],[153.03820200991595,-25.96251235791436],[153.038724332563,-25.9618322240333],[153.03976924675442,-25.96156723699382],[153.04131895310832,-25.9616810974601],[153.04089166991582,-25.961078956384167],[153.03920844931167,-25.960703677388253],[153.03713989259313,-25.95916917857017],[153.03708688924962,-25.958757064242565],[153.03752934220654,-25.9581895308776],[153.03823634962896,-25.95813553738064],[153.0399537156926,-25.956826999521923],[153.03814949130708,-25.955184913008885],[153.03709881785733,-25.95477911012339],[153.03762057393146,-25.954217514981906],[153.03875039491595,-25.95412757108608],[153.03927839498306,-25.952562503412405],[153.0418680908408,-25.952107846655384],[153.0424293433407,-25.951092287234882],[153.04149760343273,-25.95063266801885],[153.04133877236757,-25.949802494844928],[153.04020917441505,-25.950173145929593],[153.03903944781337,-25.949277519197828],[153.037932916572,-25.949403210245606],[153.0361693046708,-25.950586340342984],[153.03360295970992,-25.949089391817655],[153.03221752531965,-25.947027407344677],[153.03225032179603,-25.94619113137133],[153.03265988834426,-25.946191034244567],[153.03309389217054,-25.94759253322453],[153.03379675012104,-25.9479527908443],[153.0347149453396,-25.947618081165178],[153.0352564307408,-25.9467280500152],[153.0361679197149,-25.94603492182988]]]]}},{"type":"Feature","properties":{"plan":"FHA-053","name":"K'gari","mgmt":"B"},"geometry":{"type":"Polygon","coordinates":[[[153.29999364489197,-24.650012549422403],[153.29999364219395,-24.62551861867265],[153.2962038568237,-24.621618513467066],[153.29324027322116,-24.61907230072953],[153.28933610128115,-24.616138699624845],[153.28425748129882,-24.613021035176256],[153.276862669078,-24.60961988463364],[153.2709868010012,-24.607722909568345],[153.26491368282132,-24.60644708364973],[153.25872157444223,-24.605808846484862],[153.25041832194916,-24.605962683614724],[153.24425956492814,-24.60682974967696],[153.23824794598704,-24.608329472610748],[153.23092109373465,-24.61111998618207],[153.22421067368475,-24.61478111543968],[153.2195886314114,-24.618079079569345],[153.21403709843446,-24.623174866710105],[153.21040384096557,-24.62747261705093],[153.20730001168738,-24.632104210124393],[153.2047620421357,-24.63701536824772],[153.20230883458623,-24.64389858853198],[153.20094680415286,-24.651082585275887],[153.19999363519923,-24.651147031593023],[153.19999364419243,-24.71949144845291],[153.18433642398793,-24.731004553098714],[153.1779989267102,-24.736171026952295],[153.17048985112683,-24.742985643353563],[153.16437661598923,-24.750012562710282],[153.08332696936532,-24.75001256990483],[153.0833269729626,-24.78334590287107],[153.11255658611867,-24.816667508677845],[153.11350277813187,-24.81885546568637],[153.11556427427297,-24.82080152484962],[153.1185120226129,-24.82179549424577],[153.12171237432779,-24.821885904889736],[153.12486629944135,-24.821224928366895],[153.12966312315575,-24.819196112689635],[153.1317596505885,-24.81882092092795],[153.13595178274966,-24.819189174420075],[153.14207121601498,-24.82087332042658],[153.14909361807713,-24.823948872321676],[153.15544563760727,-24.827601239484657],[153.16383711179446,-24.83372948070984],[153.17209269122588,-24.84118287386924],[153.17744236327553,-24.84687358502651],[153.18766292000885,-24.860752346421975],[153.19467254630206,-24.871114825167133],[153.2084086518389,-24.894708007546058],[153.20996705283835,-24.89648868318372],[153.22128855692245,-24.913243937834665],[153.2251512566263,-24.920562487545816],[153.22695388831244,-24.925370801897923],[153.22859356823972,-24.93200937241137],[153.22912312773133,-24.937593243210248],[153.2288110333037,-24.944823922862245],[153.22732700803613,-24.954712554217327],[153.22502257263477,-24.964266149439315],[153.22201114959603,-24.97354611064042],[153.2217813314444,-24.977208485459087],[153.22307353671545,-24.98052376063881],[153.2215037655875,-24.982657397696432],[153.21744207559243,-24.994085126103133],[153.21361814835996,-25.001565409891057],[153.21064848534047,-25.00639930006284],[153.20976833773977,-25.008504389940796],[153.19898818775584,-25.025574383026168],[153.16234368321557,-25.074695891875653],[153.1311270170993,-25.10441256256286],[153.06669368436712,-25.154862567925278],[153.03874368327547,-25.168979238672723],[153.02882701465614,-25.17344590507615],[153.01832701518072,-25.181679240675944],[153.00862358121447,-25.194090375941364],[153.00291965182157,-25.199771184663568],[152.99722802155713,-25.204633563559128],[152.99520998335515,-25.207357072242083],[152.98943196421487,-25.216577104420633],[152.9871870423492,-25.221848185615933],[152.98666304966116,-25.223917558019533],[152.9865292269434,-25.226699648540535],[152.98723106416344,-25.22977954955706],[152.9888332171804,-25.232134048418057],[152.99101149478577,-25.233740625200106],[152.99470374418354,-25.23480005085208],[152.99725153073473,-25.2344950349883],[152.99950031698722,-25.232892102259175],[153.0051904831554,-25.23392572456296],[153.00879504235843,-25.235132133611483],[153.0121619494156,-25.23539990495201],[153.01514811589402,-25.235121611543537],[153.02067480509936,-25.233847723663942],[153.02212373162604,-25.233246334421242],[153.0246372297255,-25.23115743863539],[153.02587564924295,-25.229143075962718],[153.0279983811215,-25.226863155181032],[153.02916035556711,-25.22696154910675],[153.02916025664172,-25.223394474546026],[153.02845734383254,-25.22254116721175],[153.0286048128629,-25.22338753088049],[153.02798907493695,-25.223217538329404],[153.02760647995626,-25.22269003738599],[153.02745926363525,-25.223306394045505],[153.0269006038809,-25.22361917735378],[153.0267323398267,-25.223091631444287],[153.025799237446,-25.222675105942045],[153.02562069863745,-25.223112873430996],[153.0259253763562,-25.222990475700524],[153.025940156714,-25.223210237633015],[153.02407855468266,-25.22404304042459],[153.02397279441004,-25.224512658303183],[153.0226359665777,-25.225157729416278],[153.02162467713822,-25.22609392546486],[153.02120921013807,-25.227076895253095],[153.02190753820344,-25.226603484933435],[153.02206276388654,-25.227080291992475],[153.0187141598317,-25.229351393122844],[153.01625796383507,-25.23023410019406],[153.0134852604375,-25.230696849050815],[153.00999139159057,-25.2306971242434],[153.006739124712,-25.22941418648605],[153.00140257107296,-25.22850022437639],[152.9987198403495,-25.2272312719762],[152.99674316376718,-25.226848952187993],[152.9948320531579,-25.22700420035414],[152.99425678472392,-25.226653129309053],[152.99398821388604,-25.225908122832166],[152.99435216682014,-25.224684514249567],[152.9926961192316,-25.22577398355311],[152.99350933568837,-25.228186689234885],[152.9942734752418,-25.228626526963197],[152.99526927475836,-25.229842423859278],[152.99580783286638,-25.229243897158657],[152.9967028858307,-25.229764812366728],[152.9974876864087,-25.229648351960407],[152.9958715732157,-25.230273396070896],[152.99428847413492,-25.22997177334916],[152.9925697878665,-25.228853539230006],[152.99206687258925,-25.227454535868702],[152.9924084449949,-25.225785524552936],[152.99485788978097,-25.223698913944375],[152.9948906727675,-25.224833876352914],[152.995584954783,-25.225404628391495],[152.99587728031338,-25.226115136874636],[152.99720777511982,-25.226268120547907],[152.9977634086555,-25.226034008133528],[152.99880820413648,-25.224834502281084],[152.99903121531952,-25.22381340033877],[152.99771368963616,-25.22284140407818],[152.99863254765512,-25.221858591671367],[152.99969637189122,-25.22130575053063],[153.00000286624038,-25.221378341108217],[153.00059097879182,-25.2225215143271],[153.00160004780514,-25.22291192351709],[153.00220731501668,-25.222641586410724],[153.0030646459178,-25.221391401062974],[153.00289041306326,-25.220269448247137],[153.003263957267,-25.22041471933456],[153.00317253128844,-25.22096576452913],[153.00357604719795,-25.221281146878145],[153.00461463465876,-25.221034532987968],[153.00549361044295,-25.221199370625136],[153.00597827757656,-25.220246329375314],[153.00559050519882,-25.2205302183656],[153.00552909679152,-25.220178990838487],[153.00520143599863,-25.221121459658324],[153.00467193766087,-25.220918140030847],[153.00377881374243,-25.22113016959236],[153.0033585272754,-25.220923684351252],[153.00343153513836,-25.220440536172493],[153.00297652674647,-25.220119378377344],[153.00327654687624,-25.21991296867926],[153.0019758403139,-25.220182962244632],[153.00265931067975,-25.22024561441426],[153.00291835409985,-25.221167027407095],[153.0021301127157,-25.22244863956374],[153.0016678261104,-25.22268583485404],[153.00089216084564,-25.22247014235384],[153.00013351974724,-25.22111947845184],[152.9992881992921,-25.220822684190242],[152.99871589772158,-25.221007600091358],[152.99805729630827,-25.221447132949493],[152.9971565209578,-25.222952447867797],[152.99737401929667,-25.22371731047611],[152.9984105823836,-25.2244969012816],[152.99712715899227,-25.225107968128803],[152.99622881990524,-25.223256171405826],[152.99330652327853,-25.222682536140805],[152.99371664830585,-25.221390218454527],[152.99299923123067,-25.22218501589644],[152.99284949680793,-25.222261487947986],[152.99259473865743,-25.222259037295405],[152.99297304297272,-25.22214438812368],[152.9940066239077,-25.21948544716637],[152.99562208779025,-25.217313550250903],[152.997655272374,-25.21286567248365],[153.0012325641327,-25.20749299127948],[153.0052036492301,-25.203743829185417],[153.01113614401902,-25.19892275345349],[153.01242028866648,-25.197532073317728],[153.01576013872057,-25.192270113945916],[153.0201713142559,-25.187950662064804],[153.02377099463683,-25.184892856491572],[153.02679548392553,-25.183221943109682],[153.03010323627643,-25.17963718517952],[153.03134252903567,-25.17920678044012],[153.0324556163348,-25.178145609204073],[153.03877995922892,-25.175570778240445],[153.04121375760997,-25.174134753387833],[153.04812161572113,-25.171453982287197],[153.0486152769746,-25.171609125232653],[153.0480421714102,-25.17211025085908],[153.04735436271483,-25.17312128758907],[153.0489792002311,-25.17163343031032],[153.05015638491034,-25.171607166509276],[153.05150090914083,-25.172130032346843],[153.05192329732347,-25.171315095487007],[153.05165924108223,-25.170354574575736],[153.0536722385841,-25.169227830172026],[153.0546374989226,-25.16998610614564],[153.055234871793,-25.170024714041052],[153.0565386864124,-25.168323210219768],[153.05812174142636,-25.16747132651232],[153.05605299764886,-25.168413056988783],[153.0550395696216,-25.16990234688756],[153.05405905768055,-25.169073201638703],[153.0534328003846,-25.16901609199086],[153.0509479124173,-25.16959763229665],[153.04945173910755,-25.170782677050656],[153.04760057460794,-25.170553944380778],[153.04574540272927,-25.171598121128127],[153.0446768399653,-25.171753747908852],[153.04091006464887,-25.173351555401645],[153.0369801604072,-25.1754033856294],[153.03167506325474,-25.177140562858323],[153.0297769082788,-25.178431227590682],[153.02919422133743,-25.179363242691096],[153.027696370792,-25.18036053238422],[153.0262524489924,-25.181872091295514],[153.02501846133407,-25.182828135381616],[153.02463111973157,-25.182822241224933],[153.02467049744666,-25.18246973216391],[153.02932394314655,-25.17839194700235],[153.03133226867044,-25.176865248903724],[153.03630240972961,-25.17510189061141],[153.04789020936676,-25.17000903166325],[153.05968968603133,-25.164377576835577],[153.07189413190974,-25.157024569600242],[153.0811703582266,-25.150341152594322],[153.09422262827286,-25.13968240389221],[153.105693552017,-25.1313599535716],[153.1132023739915,-25.1248024434507],[153.1244152957305,-25.117060469537897],[153.1290172669345,-25.113484935054647],[153.13342984271424,-25.108897335916396],[153.13491502720785,-25.108143315534665],[153.13445830740613,-25.10805289499818],[153.13450744995998,-25.10766784936481],[153.13703252593143,-25.105221950605653],[153.14419628073495,-25.09926832444688],[153.14580113711395,-25.09716998038356],[153.14954976231286,-25.094050347319012],[153.1598758868638,-25.08439561613834],[153.16836205336722,-25.07449991071605],[153.16997499824868,-25.072787112309182],[153.17055396019828,-25.0725990901497],[153.17136128159905,-25.070824004697922],[153.171795145131,-25.070784761881143],[153.17270153764696,-25.069481238642144],[153.17319805964382,-25.06993365968452],[153.1726034072226,-25.07022970121362],[153.17255842043585,-25.07050776439569],[153.17385388305138,-25.07052051948026],[153.17293903331085,-25.07028077461193],[153.17327923425034,-25.070039212213775],[153.1732562637667,-25.069752104549867],[153.17266071562062,-25.069405801710285],[153.17188863415424,-25.06993355536315],[153.17175468103483,-25.07067637019217],[153.1712902189696,-25.070699840698957],[153.17046529783636,-25.07252154430762],[153.16962967117354,-25.072697400438468],[153.17801550121555,-25.061138961867655],[153.18581946179984,-25.051501742285822],[153.1939128637888,-25.040523610151006],[153.2003132182815,-25.032457731014112],[153.20143208732213,-25.03023636239292],[153.20901182983323,-25.01882512035796],[153.2134444856756,-25.01147446754775],[153.21476988492338,-25.0103478652369],[153.2146831381175,-25.01013851115852],[153.21408817183283,-25.010311372546944],[153.2141874713758,-25.009778225659733],[153.2171293246597,-25.005371347984568],[153.2220478500294,-24.99574947353479],[153.22594530133574,-24.984653844075332],[153.22655869293044,-24.98377833427838],[153.22841767163936,-24.98272962045134],[153.22844309367497,-24.98335423198791],[153.2278997961398,-24.983423598495953],[153.22759080617186,-24.98387427665221],[153.22773486317453,-24.984590717063597],[153.2279555855829,-24.98483173537196],[153.22946597627492,-24.985480337223432],[153.22792254269234,-24.98472731598852],[153.22780621718437,-24.98385245460281],[153.22840379779814,-24.983756915125248],[153.2288187971509,-24.98257361325736],[153.2300668430115,-24.982450871985886],[153.23011086122835,-24.98217369553536],[153.22963111788295,-24.982186354392447],[153.2305244126726,-24.981807454725963],[153.2335491330872,-24.978369056062892],[153.23404905901805,-24.976900815695927],[153.2338804010608,-24.975719227036567],[153.23430296011463,-24.97390971193957],[153.23387508067162,-24.97104590991675],[153.2341392790056,-24.970437995193322],[153.2356143767032,-24.97033417116102],[153.2359674721223,-24.969065172895423],[153.2351976038874,-24.968861966582516],[153.23506460315002,-24.968391932317825],[153.2358067560781,-24.968279874992266],[153.23623849541138,-24.967628262210546],[153.23575723221165,-24.96642920332115],[153.23642135366367,-24.966103180193702],[153.23683504810015,-24.966402664327543],[153.2370332182096,-24.966137334646337],[153.2359526378051,-24.962613529167182],[153.2369550023726,-24.96253284019457],[153.2374802082461,-24.961648478370705],[153.23708421696415,-24.95983610253028],[153.23733492187023,-24.95902919751564],[153.23665995909096,-24.957422591055973],[153.2378332910747,-24.957021801890903],[153.23794718841316,-24.957547224501063],[153.23881997236492,-24.957519553261008],[153.23969406572974,-24.958172863962737],[153.23998554769605,-24.95784219313893],[153.2397074854133,-24.95687486885641],[153.2399850117,-24.956387564011163],[153.24042028896633,-24.95611796434885],[153.24136411396387,-24.956250882348645],[153.24238839680822,-24.95609274286206],[153.24019686859174,-24.956073268043156],[153.23959840124633,-24.956901862007605],[153.23970191231456,-24.95800472761235],[153.23891395331748,-24.957328155046575],[153.238241710088,-24.95743695502772],[153.2376698698697,-24.956742062372538],[153.23712290130197,-24.957132823197462],[153.23626776834396,-24.956560641236884],[153.23577363764434,-24.95720178501061],[153.2352729742695,-24.9564258670364],[153.23598705216182,-24.955938412903745],[153.23687452114336,-24.956338457430167],[153.2376790123776,-24.955974012566926],[153.23856016991704,-24.954875438526972],[153.23983179780032,-24.9545897832682],[153.2400616330391,-24.954154557263337],[153.2396222800453,-24.953958428614907],[153.23932611890643,-24.9530023332674],[153.23970436296713,-24.952645606385975],[153.23924289564422,-24.952123455509405],[153.23950086527384,-24.9516660639141],[153.2420825814471,-24.95288446362346],[153.24306762237404,-24.95280421352],[153.24322865857687,-24.951906700909884],[153.24313569116032,-24.951526445965097],[153.24303202271085,-24.952687977044874],[153.24199014912722,-24.952777622365744],[153.2409959144311,-24.95207665838744],[153.2393667241961,-24.95153065749025],[153.23902814113694,-24.95212000571006],[153.23951565462494,-24.952553085033205],[153.23910689386923,-24.952968909064253],[153.2396740540155,-24.954331978214558],[153.23914905588538,-24.954414538676353],[153.2364137391039,-24.952924005015145],[153.235782779253,-24.952863959980135],[153.23625520481494,-24.952116667426633],[153.23615880198827,-24.951596906948055],[153.23694998685357,-24.951935879413647],[153.23718244541465,-24.95179979400165],[153.23723213295773,-24.951469054829374],[153.23702994557664,-24.95098955789814],[153.23704623319827,-24.951819151009367],[153.23626682135784,-24.951486034928955],[153.23597876580857,-24.951594030916162],[153.23616088122083,-24.952128283070163],[153.23565283261325,-24.952915727655036],[153.23734515885315,-24.953546724378167],[153.23828438741566,-24.954570874122844],[153.23470943569305,-24.95590819298499],[153.23441573959587,-24.956635347019926],[153.2353202920989,-24.958544000681307],[153.23480650761542,-24.958864448911424],[153.23399690463452,-24.958653619944826],[153.23336531975485,-24.959060847356472],[153.23196874006646,-24.962040095350293],[153.2307789486906,-24.96354579158114],[153.2307492962442,-24.965214013292147],[153.22993176573948,-24.966120384224418],[153.22888898384065,-24.969449401044994],[153.22749254444648,-24.972462296273882],[153.22756741480543,-24.97394660842511],[153.22812688574834,-24.975274971838363],[153.22784596991676,-24.978096805199197],[153.22739845917272,-24.97829730815005],[153.22665180513786,-24.97643731500595],[153.2268214919194,-24.974606350178778],[153.23094416584172,-24.96116015189566],[153.23246934318672,-24.954169935670336],[153.233781188752,-24.944909959203766],[153.23411130919067,-24.93927374426451],[153.2338988479546,-24.935025467428094],[153.23306722237555,-24.92897055962046],[153.23218500633413,-24.925553759974985],[153.23012288696282,-24.919682047665436],[153.2255922113127,-24.91100499735996],[153.2148013548997,-24.8951288111233],[153.21256587591563,-24.892366195421232],[153.19850077499189,-24.868378587479974],[153.1918081786057,-24.858286648188642],[153.18310180230742,-24.84635050515029],[153.1757537053703,-24.838146775232264],[153.1698485166968,-24.83263573692861],[153.16490729873397,-24.82857967848838],[153.15577468065817,-24.822345467448503],[153.14900775260685,-24.818772188464926],[153.14519382313756,-24.817148990412832],[153.13696292829763,-24.81476481932027],[153.13276762512692,-24.814325876417364],[153.12995614925796,-24.81448663742766],[153.12796668701412,-24.814933060891352],[153.1232999340458,-24.816943443164597],[153.12041546380374,-24.817464909657083],[153.1183120088932,-24.817048421926376],[153.1176051273759,-24.816334469939108],[153.11738301821288,-24.815464823721914],[153.118109516642,-24.81354673167564],[153.1234508996405,-24.803947304304135],[153.12902679435217,-24.796441334979313],[153.13157666463246,-24.793672433915454],[153.14002177888312,-24.78611267344103],[153.15205980161966,-24.774285757561838],[153.15783349412163,-24.767704843484054],[153.16658748682414,-24.754660808530033],[153.17422746142938,-24.7459375033938],[153.182102358738,-24.738691045136505],[153.1887422278727,-24.733466931035064],[153.19497917465037,-24.729219522943726],[153.20786172104272,-24.719312009423053],[153.21157304865835,-24.71680993091496],[153.22425445897727,-24.70993400503183],[153.25043960080802,-24.69778405087505],[153.25265152924578,-24.697317024842626],[153.25421891357314,-24.69737407513528],[153.25721347342414,-24.697940736157815],[153.26255248491043,-24.69977959163659],[153.26537760169606,-24.700400746179245],[153.2661428384224,-24.701058915917937],[153.266458495964,-24.70190913138302],[153.26710200315608,-24.705266847368723],[153.26693226421378,-24.71478424128114],[153.26534733771064,-24.729086948484976],[153.261854212603,-24.770747101577726],[153.2598340430078,-24.81083102371216],[153.25977968888265,-24.82575297170132],[153.2609600256858,-24.848875043327165],[153.26355105523817,-24.866809397314032],[153.26641030759072,-24.880886321624327],[153.26782604643608,-24.885120409856825],[153.26789130574025,-24.886231366662024],[153.2691860686832,-24.88895674413615],[153.26974241807932,-24.891826745185785],[153.27142716033632,-24.896723423324847],[153.2717265833163,-24.897555846602526],[153.27339787531287,-24.899388927534485],[153.2738729044121,-24.900909527330253],[153.27437039497886,-24.901274762697586],[153.27431315223134,-24.901901869852818],[153.2791647023903,-24.913848280450967],[153.27940964713866,-24.915356090987956],[153.28049351996106,-24.916803277326483],[153.28548385529677,-24.92721057108787],[153.28947375241285,-24.933913625689993],[153.29332317362673,-24.93900616447954],[153.2969177737374,-24.942956074140064],[153.3048827201626,-24.95020148108986],[153.31628475493858,-24.959172202311507],[153.32137665520963,-24.962330196857238],[153.32512887859605,-24.96391712615056],[153.33463018093926,-24.96594302712507],[153.34185323434042,-24.966268653651493],[153.34280866059237,-24.966109345945622],[153.3425318429713,-24.96553291648699],[153.34285319412072,-24.965170192026843],[153.34713206229594,-24.965515765516255],[153.34946722393443,-24.964438880426087],[153.3492761980392,-24.963010261490513],[153.34967675607857,-24.96247144257915],[153.3501990643365,-24.962895499004198],[153.35066640962827,-24.96355832543251],[153.3501116844078,-24.963916735844766],[153.3505596879803,-24.964091936369886],[153.35025625492335,-24.964543575002107],[153.35060325923416,-24.964998015921765],[153.35093685105596,-24.96478214985246],[153.35118785363773,-24.965029502085933],[153.35103542214813,-24.965346434866138],[153.35163803267017,-24.965708168273455],[153.3516712473313,-24.96632876433708],[153.35122352704525,-24.96694805638374],[153.3516609797715,-24.967027292951244],[153.35150694029414,-24.96761474899751],[153.351926608927,-24.967532040147542],[153.35173436085324,-24.968126715951193],[153.35090996942074,-24.967862116519473],[153.3506223473446,-24.96833069028512],[153.34999159793506,-24.98063478014672],[153.3505252376507,-24.980678940456468],[153.3505062169894,-24.98108873723117],[153.35088860332746,-24.980977947050356],[153.3507183652615,-24.98147830555512],[153.35113063517178,-24.98127661100255],[153.35131181798715,-24.98161071723653],[153.35043696379603,-24.98369349043793],[153.3511758297019,-24.984446594410468],[153.35042575824332,-24.9851884046968],[153.35036105022346,-24.986976625646367],[153.35051547820785,-24.987812558078726],[153.3511248687189,-24.988654369379233],[153.35138643024072,-24.988140436507553],[153.35126218440337,-24.988814676231925],[153.35160728664812,-24.989578367922924],[153.35219425885907,-24.98948578721489],[153.35095344624563,-24.991357865448677],[153.3525781362731,-24.99988542684633],[153.35392823360223,-25.003451133538288],[153.3548183106177,-25.0047907618594],[153.35630639992155,-25.006037214121346],[153.35733018364215,-25.006434933000982],[153.35924655618476,-25.00552531461681],[153.36001756475991,-25.005521640886215],[153.36033144344253,-25.005827338436156],[153.3599491614258,-25.00591196194271],[153.36016709143928,-25.00646691828885],[153.35881209820093,-25.00756399405829],[153.3589652527454,-25.007931568562235],[153.35798751341417,-25.008653194464532],[153.35777408630622,-25.011016152348688],[153.35578807296235,-25.018633544977096],[153.35406424706844,-25.023780988276826],[153.35134844377683,-25.030167403277733],[153.34791352459058,-25.03692095121551],[153.3399691960227,-25.05110321491571],[153.32298263484188,-25.08521987896781],[153.3174904634153,-25.09806725107606],[153.3143589089376,-25.10429981096065],[153.313615162411,-25.106575829583985],[153.30906491211715,-25.115147566579836],[153.3043603507507,-25.126039317033545],[153.30312266777798,-25.128300583178],[153.30159048021767,-25.129996603832787],[153.30175492215312,-25.130605011384745],[153.30140990804193,-25.13194925232869],[153.30026192974537,-25.13477706797982],[153.293723203764,-25.148613765385157],[153.29049589577016,-25.1562245417013],[153.2895669266735,-25.15750768720201],[153.2891637399158,-25.159079536663285],[153.28620707389848,-25.1651230518592],[153.28493065622592,-25.16856154045453],[153.28439149377357,-25.168842568701354],[153.28441095510266,-25.1699999709936],[153.28328852564607,-25.171704925513634],[153.28326131665756,-25.17243136458751],[153.2812721008279,-25.176920727181432],[153.27826608181533,-25.182923444632777],[153.27741839434452,-25.18407073584727],[153.27571482567976,-25.188494295047057],[153.27431368463,-25.191552699568707],[153.27358892189238,-25.19237478783746],[153.2733437226358,-25.193735472885017],[153.2711644287965,-25.19771362935169],[153.2677459168417,-25.205796005652157],[153.26622187084376,-25.20815254147759],[153.2662317202188,-25.208766774837766],[153.26346469514067,-25.21419630308773],[153.2627398208872,-25.214758203998734],[153.26276477977194,-25.215514795542163],[153.26190011759752,-25.216671237358504],[153.26180292516597,-25.217271754258796],[153.26127186200802,-25.21767592667346],[153.26089245692253,-25.219141566201063],[153.2584028088437,-25.22414288945339],[153.2578030968366,-25.224699492458207],[153.25728201795187,-25.226758206996237],[153.25413215777405,-25.232451419168104],[153.25346969017517,-25.234436052052565],[153.2525157253216,-25.236025172094376],[153.25175654912653,-25.23858105614116],[153.24814770375463,-25.24560997109347],[153.24763104323915,-25.246086055996834],[153.24768201321547,-25.24655900406495],[153.2457797690223,-25.250864010136016],[153.2448319276525,-25.251778598173804],[153.24508371264437,-25.25230700833183],[153.2446123968458,-25.253372859639747],[153.24175364721418,-25.25850414841762],[153.2411221648572,-25.260510977469522],[153.2400694139734,-25.26188638621762],[153.23729292532937,-25.268467497246917],[153.23176190588833,-25.27901944965736],[153.22894133967225,-25.285633076574545],[153.22669499058247,-25.289558101994086],[153.22396561202447,-25.295304705117175],[153.22226746087574,-25.296236087994167],[153.22263270973292,-25.296909099244658],[153.22182670673828,-25.299848972221348],[153.21881319367503,-25.306146396607843],[153.217528877257,-25.30817927182482],[153.2154267713296,-25.31318042960192],[153.21343504459276,-25.316560161890663],[153.21323975141456,-25.317647619410806],[153.2120856262518,-25.319102038996554],[153.21202912094827,-25.31986913642013],[153.20971286216002,-25.32432146223419],[153.2073227762263,-25.330260111983016],[153.20637142570183,-25.331951037978413],[153.20562977369627,-25.331988918322292],[153.20544946322332,-25.33357284028271],[153.20483803664717,-25.333948343209816],[153.20500506773078,-25.33454025090016],[153.2046766362189,-25.334705093933238],[153.2038529912237,-25.337149784003614],[153.20311953024327,-25.338031220332823],[153.20239609130772,-25.337981080430776],[153.2030217181789,-25.33896130458878],[153.2024791715777,-25.340390020651117],[153.2017153485856,-25.340389862370458],[153.20204789269724,-25.341584824847974],[153.20180083813932,-25.34230521238382],[153.20127810630072,-25.342557267172275],[153.20067296238847,-25.34388536798348],[153.20026741041374,-25.34387635767586],[153.20063786724495,-25.344503955860986],[153.20021657803375,-25.345112048650225],[153.20037309244537,-25.34542722955111],[153.1998282993377,-25.347344100318008],[153.19934120043717,-25.347689800611846],[153.19851230070321,-25.34924349905622],[153.19249046816174,-25.362024411265292],[153.1916377642725,-25.3631574815003],[153.19118282422914,-25.364835366426693],[153.1893753442978,-25.368183090944513],[153.18245114010915,-25.384509490387927],[153.17632719584458,-25.39760594142803],[153.1694207622595,-25.413653471896875],[153.16814677365585,-25.418040336958587],[153.16730522315868,-25.419204036303782],[153.1644682209328,-25.425238953980962],[153.1620866506795,-25.431101227905632],[153.1532391455712,-25.450143835335673],[153.14745992403743,-25.464052855320638],[153.14581345782597,-25.467233537962937],[153.1448707758667,-25.469945725080652],[153.14439609570434,-25.470542996327683],[153.14417257910236,-25.47180119823219],[153.1425179236644,-25.474874317461172],[153.14141622178238,-25.478183432284922],[153.14012412712793,-25.480714991468965],[153.1343084650647,-25.495425766950532],[153.13305921141466,-25.497745758824614],[153.13242339882197,-25.49987342708186],[153.12520031484382,-25.516376062170064],[153.12363065792965,-25.521124711001058],[153.1190104116024,-25.53216366338655],[153.11897168409712,-25.532919941965936],[153.1181626998499,-25.53411139438949],[153.11770634427353,-25.536190352666758],[153.11713285110136,-25.536754830135422],[153.11623545090652,-25.540098248699287],[153.11429392702428,-25.545165784537257],[153.11373491833297,-25.545823238415675],[153.1125117261364,-25.54951854730699],[153.11179314713718,-25.550041950939125],[153.1114792252871,-25.552404634530077],[153.1102567120787,-25.554836720601944],[153.1090552609926,-25.55882179735172],[153.1081640751131,-25.560008197384036],[153.10819111323042,-25.560772730840473],[153.10743310615408,-25.56302639861297],[153.10524590277737,-25.56734476950898],[153.10510902865985,-25.568921817950965],[153.1043144056864,-25.57142721855466],[153.09981685116793,-25.584115712833025],[153.09878995309498,-25.584851070483634],[153.09900143676805,-25.58572002422281],[153.0983716379419,-25.5884419680854],[153.09525384039353,-25.597236221637186],[153.09004920021152,-25.615781790859423],[153.0892210010495,-25.61689020618054],[153.08941117708525,-25.617506562840056],[153.08911188720492,-25.619055062303712],[153.08562433969269,-25.632050769489567],[153.08155270319583,-25.650094756229773],[153.07980318097316,-25.659267038904314],[153.07766123777708,-25.673546681195642],[153.0770143716171,-25.684988706124926],[153.07712839486067,-25.69003125969584],[153.07847703978473,-25.707921549600396],[153.0781729367328,-25.71032970291398],[153.07774126484867,-25.710984773588983],[153.07787152355309,-25.71259863667824],[153.0781611133458,-25.711730031875966],[153.07791794835578,-25.710926174663726],[153.0784862938085,-25.709996655182042],[153.0790122524146,-25.711679230072896],[153.08037266137035,-25.72124522784529],[153.08177480066763,-25.728357358865193],[153.08345074215913,-25.734444222283056],[153.08437138803026,-25.73916107288517],[153.0867641116755,-25.74599294997448],[153.0876069661897,-25.749490610363083],[153.0882895507233,-25.76091606168639],[153.08625100618008,-25.767426155052355],[153.08124470697874,-25.786083928189736],[153.07795217025762,-25.792342773459097],[153.07563766244925,-25.794633326925297],[153.0738309172641,-25.795342266091488],[153.06881499981353,-25.795313305223655],[153.06193879244245,-25.797100230250194],[153.05832709442097,-25.797258502836378],[153.05832709532035,-25.8017839255464],[153.06283778623595,-25.801543078109255],[153.06976578826163,-25.799786329833942],[153.07234821579868,-25.800053752237563],[153.07526638183913,-25.79967900923761],[153.07716605217274,-25.799110737529226],[153.07862830755153,-25.79826053465466],[153.0813292900159,-25.795855511881125],[153.0848090368088,-25.79017200249483],[153.0859564943978,-25.78757960417434],[153.09327598659866,-25.76138951967011],[153.09323246210954,-25.757190282864865],[153.09248963019343,-25.74855899096444],[153.09153392874896,-25.7446595332707],[153.089211666986,-25.737995978691423],[153.08663812475083,-25.72735336562552],[153.08343081318264,-25.708818551395613],[153.08210609562093,-25.689834038371142],[153.08228893678609,-25.67746305603642],[153.08297605390294,-25.670881820900643],[153.0852676613746,-25.65697964385713],[153.09048651803948,-25.63303816034496],[153.0943448623267,-25.618106637273904],[153.09876495733806,-25.603232344359945],[153.1038555805717,-25.58679032447699],[153.1090731476088,-25.572752830941763],[153.11010590116757,-25.56848755062345],[153.1121152051537,-25.564557433242513],[153.11664065664218,-25.552032163217564],[153.11897533444528,-25.546696821864767],[153.12460657433508,-25.531907678560763],[153.12647666776513,-25.52620277969887],[153.13263969476725,-25.510538302865033],[153.13609808176216,-25.503761089267666],[153.15272865620364,-25.463831261469178],[153.16906174390544,-25.42696559655141],[153.17275750425654,-25.419726579284774],[153.17410543062226,-25.415173632823535],[153.19366976534855,-25.370704432930776],[153.19540705859004,-25.367360096159146],[153.19555954224018,-25.366458059959164],[153.2031718968667,-25.350872994161328],[153.2044174785849,-25.349071459648147],[153.20563079082945,-25.345163425120084],[153.20646607125332,-25.343851044458287],[153.20790027677754,-25.339765453181336],[153.2102303914205,-25.334794303982232],[153.21186449195386,-25.332086517247333],[153.2142382318101,-25.326334328435014],[153.226366870236,-25.301676251626713],[153.227291930879,-25.298739838341955],[153.22890822213787,-25.296472441519043],[153.2313276403595,-25.291235663164525],[153.23358084228323,-25.287253344635452],[153.23625476144923,-25.28116826367385],[153.24936033341385,-25.254750643497374],[153.2509339878144,-25.25119301451605],[153.2517925121159,-25.248253471590544],[153.2529407647056,-25.246892773053183],[153.25593655392993,-25.24115047498473],[153.25877002631682,-25.234217449346215],[153.27221479198022,-25.207739708591635],[153.28196661486857,-25.186189833565365],[153.28584206066375,-25.17867636119671],[153.29427621667514,-25.159375919035416],[153.3048663659912,-25.136451852943157],[153.30656165459777,-25.13167501216463],[153.30887931363054,-25.127896492601707],[153.31374377175882,-25.11676673207191],[153.31801658479867,-25.10864904928728],[153.32725348556107,-25.087615829380532],[153.34445819798862,-25.053015590871052],[153.35198331477932,-25.039575888391045],[153.35597432165878,-25.031785558831135],[153.35988026076654,-25.0219851302844],[153.3619358447645,-25.015031572224323],[153.362801191323,-25.01078134655699],[153.36455470203896,-25.008559936566982],[153.36518860357228,-25.006728183933735],[153.36497634198577,-25.004231603880697],[153.36332575328197,-25.002144611060263],[153.36109589236264,-25.00110235256684],[153.35820456568933,-25.001101539579718],[153.35672655328892,-24.995875208649377],[153.35618712103997,-24.992312479612785],[153.35699912071402,-24.990598322330268],[153.3571342267643,-24.989079763096182],[153.35681629483724,-24.987837220187174],[153.35580023809166,-24.986087281578428],[153.35626260293793,-24.98134616007297],[153.35589330533287,-24.97987076739778],[153.35502582738116,-24.978458972079682],[153.3554335611111,-24.97108373720066],[153.35651020698162,-24.969493560455426],[153.35687394857496,-24.967224202211195],[153.35648387213416,-24.96464734417566],[153.35484065157596,-24.96105476753965],[153.3527247140754,-24.958855256940762],[153.350132413781,-24.957963176235843],[153.34819532805307,-24.958145059623032],[153.34701077163095,-24.958664405514146],[153.34494179762703,-24.960815690867637],[153.3422132230629,-24.960682501272604],[153.33979168064263,-24.9615932267222],[153.3350748965903,-24.96140632062135],[153.32678055458007,-24.95962955883328],[153.32385193122275,-24.95839591471589],[153.3193008958208,-24.955573838538122],[153.31488598989768,-24.95228368861772],[153.30243199384256,-24.94185383626209],[153.29722164386487,-24.936221363401888],[153.29371223563226,-24.931578232026567],[153.2892526846648,-24.92386041840053],[153.2842358202281,-24.913545997626855],[153.27894260581775,-24.899547334119642],[153.27772158638322,-24.897180486667672],[153.2760187362768,-24.89495585710472],[153.27490946300247,-24.89184724433251],[153.27392456236976,-24.887598305595073],[153.2715620109792,-24.88104760334212],[153.26952371734683,-24.872092026703722],[153.26589287275897,-24.848443815708123],[153.2650816447033,-24.836513946340347],[153.2646108244311,-24.8190447235144],[153.2651041340497,-24.802973553466284],[153.26679587123363,-24.771006597356784],[153.27027156478198,-24.72952971260725],[153.27188850625066,-24.71460204043324],[153.27204085590188,-24.70512718715157],[153.27097186955723,-24.70001255201937],[153.29999364489197,-24.650012549422403]]]}}]}