{"type":"FeatureCollection","features":[{"type":"Feature","properties":{"name":"Snapper Creek","zt":"CPZ","zid":"CPZ25","notake":false},"geometry":{"type":"Polygon","coordinates":[[[153.0040564389631,-25.904384790924066],[153.0005688334662,-25.903168078283525],[152.9989680443917,-25.90386259843841],[152.99724281145282,-25.9057651665959],[152.99503593325943,-25.905982442815326],[152.99359265708355,-25.905722253962075],[152.9920772108622,-25.905148510118618],[152.9912240436717,-25.904288598211075],[152.9896314004706,-25.903943064373465],[152.99016760067985,-25.90521453230945],[152.99010685473786,-25.905737522311284],[152.9894185547418,-25.90633001037545],[152.9884902447061,-25.906795031464714],[152.98679117854826,-25.906888800634164],[152.98458964449148,-25.90821826484396],[152.98308501227157,-25.907648041999273],[152.98293093393926,-25.9050604440357],[152.98008684465518,-25.905056409320657],[152.97909939965425,-25.905853676413102],[152.97957067872292,-25.906030121364427],[152.98040368973847,-25.905479043285467],[152.9818175329416,-25.905986331139726],[152.98159229030426,-25.909130486136842],[152.9809407673342,-25.90990665519582],[152.9812004914812,-25.910894255161764],[152.98055122246927,-25.91132634422332],[152.9799991445459,-25.91240127526991],[152.97662538044762,-25.914347266592046],[152.97537792134418,-25.914519767715543],[152.97443195616174,-25.91380106581613],[152.97475612234354,-25.91502124377378],[152.97436583342926,-25.916039054804617],[152.97591040148208,-25.91521160965665],[152.9769404576406,-25.915666842549776],[152.97775227769424,-25.915443732470294],[152.97851297680305,-25.91571216539191],[152.9790352338028,-25.915285075343096],[152.97952415688238,-25.915536288292046],[152.97965005483076,-25.915012543283744],[152.98043821081689,-25.914257065210872],[152.98148225796055,-25.914579238103713],[152.98735600854658,-25.914579237515273],[152.98832230553225,-25.91367558342576],[152.98848399047762,-25.913097351414248],[152.98888909151256,-25.913052736374034],[152.9892192423605,-25.911542968353178],[152.99050058039208,-25.910757746231162],[152.99055444261543,-25.912536012211344],[152.99103012783058,-25.913905178152593],[152.99086016089618,-25.91457923716416],[152.9970105065098,-25.914579236547787],[152.99849873340972,-25.91255115341501],[153.00078625537753,-25.910427234202942],[153.00090512929856,-25.909686108197054],[153.00162631925457,-25.908739984132378],[153.00199483725308,-25.908428191097975],[153.0037525234023,-25.908215482923488],[153.00485945341654,-25.907431047818854],[153.0040564389631,-25.904384790924066]]]}},{"type":"Feature","properties":{"name":"Kolan","zt":"GUZ","zid":"GUZ01","notake":false},"geometry":{"type":"Polygon","coordinates":[[[152.31060033327591,-24.732430632052615],[152.31054928930718,-24.73273923205505],[152.31179406540386,-24.73255784693516],[152.31080313038888,-24.73323256402621],[152.31080053344235,-24.733692288022734],[152.31249606264328,-24.73403744085455],[152.31248654468638,-24.73441339485238],[152.31215342064593,-24.73433725388552],[152.31311472185098,-24.735312831783784],[152.31307864897045,-24.736363686778645],[152.3141754341009,-24.736591182669894],[152.31408790502357,-24.736000529683256],[152.31477382007859,-24.735915749617046],[152.31507959139023,-24.738333180567402],[152.31459811149784,-24.739644558603562],[152.31475835956056,-24.7400510205846],[152.31610682572455,-24.74036108445057],[152.31705517778047,-24.740070681360468],[152.31743414887188,-24.740545217319646],[152.3182727519623,-24.740638522237077],[152.31774317877026,-24.739426373298663],[152.31636172861957,-24.739256102434776],[152.3160237016446,-24.739744237463743],[152.31545576459465,-24.739777487518857],[152.31568614846447,-24.73847680150707],[152.316440506511,-24.738263600435268],[152.31765088670952,-24.738981259311323],[152.31759716273407,-24.739234489314487],[152.31777219572132,-24.73898335129946],[152.31850307081,-24.739150396226826],[152.31916431793704,-24.739700552157853],[152.32149701321958,-24.740227588925993],[152.3216185612679,-24.74054185391156],[152.32081326520225,-24.740632351989372],[152.32036918612232,-24.740309435035318],[152.32022085517272,-24.740860536045243],[152.31981315413583,-24.740875215084888],[152.32418715662115,-24.7414819556533],[152.32392769977892,-24.743040799665806],[152.32423246877647,-24.742773194638296],[152.32434016182256,-24.74307989262524],[152.3238821118066,-24.74331469766799],[152.32392789290373,-24.744107636657013],[152.3233800929418,-24.744876286704137],[152.32307479385153,-24.74435255673822],[152.32030115575535,-24.74577743199705],[152.32162585116643,-24.748218996847832],[152.32390774224558,-24.747046141634886],[152.32231316203558,-24.74654374179453],[152.3223741509527,-24.745784854794813],[152.32275867097366,-24.74565350975837],[152.32254156200847,-24.7461258017757],[152.32295788208248,-24.746421152732662],[152.32313177003948,-24.745913346719885],[152.32352190106516,-24.745816472682623],[152.32310073610927,-24.746535068717755],[152.32406917615515,-24.746142457626526],[152.32448662526562,-24.74674860458087],[152.32723017936058,-24.745338459324778],[152.32627874824993,-24.74516305141903],[152.32641390622527,-24.74484231340849],[152.3253683631822,-24.745321543506556],[152.3252950681062,-24.744730885518532],[152.32606795818094,-24.744743570443035],[152.32575601403755,-24.743770839481456],[152.3262488461065,-24.7439612254318],[152.32601650009536,-24.744053990453754],[152.3262644111581,-24.744389626426788],[152.32662846916062,-24.744115989393507],[152.32777774931537,-24.744508600278163],[152.32854473236546,-24.744314893204937],[152.32865843533884,-24.743995214196488],[152.3294506604295,-24.744129032118096],[152.33029301146658,-24.743764210038904],[152.331463624791,-24.74558910390967],[152.33162182176684,-24.74525444489701],[152.33237196086003,-24.74544288482227],[152.33170489485792,-24.745965222883047],[152.3322165309997,-24.746762808826574],[152.3326773500581,-24.746888345780597],[152.3328677071458,-24.747484162757097],[152.33255932922683,-24.748426429779478],[152.33131729213093,-24.748612644899136],[152.34355132629025,-24.74861264370512],[152.34361682825028,-24.748217969701955],[152.346173409534,-24.74857211944946],[152.3470554440185,-24.743454899405382],[152.34827279310707,-24.743226818288356],[152.34763583578317,-24.740975128369058],[152.3499936589696,-24.74065995514143],[152.34888685787237,-24.740724923248987],[152.348950468836,-24.740363046245754],[152.34835783976635,-24.740247137304525],[152.3529902253043,-24.74109477584524],[152.3541179084001,-24.741000462735865],[152.35608238643897,-24.739743648554327],[152.3573114055122,-24.739375059437297],[152.35938966771533,-24.73942964523388],[152.36516733297248,-24.736953266689724],[152.3666666671056,-24.736878354543826],[152.36666666732773,-24.678993143019436],[152.358242920613,-24.679682696836718],[152.35045329608144,-24.681426057583174],[152.34061155022172,-24.682022636539116],[152.3347739007542,-24.682739529102967],[152.32853883475556,-24.67923324674013],[152.32297589094307,-24.67677560430303],[152.3171460981739,-24.67490455388695],[152.31137747448565,-24.67367528445951],[152.298404534337,-24.665760866789007],[152.2868364232715,-24.65741435098455],[152.28296235048506,-24.653805361391463],[152.27472237457454,-24.644083367273648],[152.26937054344302,-24.638703882838815],[152.2611308778849,-24.63199653869573],[152.25071768613134,-24.62536523276321],[152.24685331443908,-24.622545767162176],[152.23864367388524,-24.615838800015442],[152.2364202563359,-24.612916414255576],[152.23267412450681,-24.60882154765333],[152.22537948512237,-24.602821058411443],[152.21873575304247,-24.59891171908892],[152.20968205277245,-24.595316268997692],[152.20045260667032,-24.593306796910145],[152.19423700099983,-24.59257087751934],[152.18906847448753,-24.59234952302258],[152.18053755870255,-24.583883698919585],[152.16490646912845,-24.56573744958416],[152.1612954251222,-24.5599821809814],[152.15764243726156,-24.5555162823721],[152.15491558268573,-24.55275715265894],[152.15042558682688,-24.54898342012488],[152.14285305023495,-24.541376034920745],[152.13803895132605,-24.53742866441932],[152.13661371500382,-24.535799843570697],[152.13054123145955,-24.52737784522771],[152.12329030247926,-24.516134283021813],[152.11456454260406,-24.49833332501231],[152.04266289386055,-24.498333331955592],[152.04292035793992,-24.498812621926813],[152.04243034089453,-24.498817911974],[152.04572040569096,-24.50305289762192],[152.04966985444324,-24.50636555921377],[152.05057683967016,-24.507596007116163],[152.06271017880874,-24.507596005945544],[152.0706101812031,-24.521929339065117],[152.1310601959989,-24.600762665573942],[152.12722042796904,-24.603629332921976],[152.1315295099842,-24.60889006346171],[152.14230313922448,-24.61946215433194],[152.1525213124807,-24.630612909250747],[152.1611438461667,-24.638135592353553],[152.15922938588582,-24.63727096654615],[152.1597604939958,-24.63778724649045],[152.16266270942648,-24.63913907719814],[152.16221624240492,-24.639316138239938],[152.1610447602424,-24.638868342357128],[152.1649798970785,-24.642874060942905],[152.1713895620277,-24.64583963929725],[152.17290122834476,-24.647341359138384],[152.17528767374773,-24.648872177894447],[152.17618057185388,-24.64906058380633],[152.17970933457872,-24.65243327143646],[152.1806824928688,-24.654140544328023],[152.18277122128887,-24.65605969610972],[152.18754764405938,-24.658809659623824],[152.18795705517869,-24.659503166578403],[152.18819738018308,-24.65934619955642],[152.18922598933437,-24.65981141045281],[152.19350246702743,-24.662300186017443],[152.19412113319984,-24.66328078694939],[152.195431329424,-24.664144812815152],[152.1975049507548,-24.665305263604374],[152.20021489010745,-24.666137180334573],[152.20190400648033,-24.667971448155537],[152.2017902666201,-24.669267143155935],[152.20216486970355,-24.66967983911621],[152.2012492716514,-24.6699757452026],[152.2014394997141,-24.670361057181033],[152.20101809676726,-24.671160986215334],[152.20086964472333,-24.67090315623185],[152.20131099971033,-24.670432499192884],[152.20111611060435,-24.669679325217988],[152.20052998454895,-24.669679325274863],[152.20091357765196,-24.670253194232917],[152.2006896589655,-24.67313343923102],[152.19877997321873,-24.676864956385714],[152.18951519583516,-24.681101649249875],[152.18548365679547,-24.68404179061675],[152.1838565686782,-24.684356793772007],[152.18191494047522,-24.6841898919617],[152.1807756804199,-24.684641524068432],[152.1758962503033,-24.687611400517177],[152.17355685732704,-24.689721688726692],[152.17058297104893,-24.689749635014756],[152.16780828686416,-24.690418974278238],[152.1648384627145,-24.691550999556725],[152.16285861969865,-24.693028017736474],[152.16181608975634,-24.694375416826418],[152.1615843028877,-24.695695398838083],[152.16193237912086,-24.697419597790162],[152.16187753848567,-24.700607025769344],[152.16293554985924,-24.702960855647444],[152.16288405691924,-24.703519843647868],[152.16206857190096,-24.70402719872274],[152.15999131975244,-24.704442588920614],[152.15790787169968,-24.705687699112215],[152.1557860818018,-24.708298898296352],[152.15366825480214,-24.710028759487315],[152.15197474495082,-24.7126925736295],[152.15174400104758,-24.713713936643483],[152.15032932206427,-24.71501211076985],[152.15044629619211,-24.71601798375026],[152.15159866958325,-24.718446969618686],[152.15207784569756,-24.71904055756742],[152.15240076167407,-24.718574873539946],[152.15297461275827,-24.718831352482283],[152.15275887690595,-24.72027932949131],[152.15324680395221,-24.720279329444036],[152.15386066572336,-24.71780718840486],[152.15351523460413,-24.71706234644442],[152.15252023241575,-24.71625169354743],[152.15323478043163,-24.715805038481925],[152.15346550238675,-24.715230367464237],[152.15399123715608,-24.71281436043319],[152.1537827479947,-24.71159446946339],[152.15602325619128,-24.711459323247468],[152.15847888616375,-24.709218662027915],[152.1589307011474,-24.708709161988363],[152.1587210001017,-24.708486847010466],[152.1588455738907,-24.706568106014142],[152.1639000921856,-24.704985014537385],[152.16511529712116,-24.703439093432312],[152.16500728593684,-24.70194027545505],[152.16827610133655,-24.70271659513188],[152.17281928676465,-24.70269890069159],[152.17274413681588,-24.703201587694757],[152.17313967684643,-24.70314227965694],[152.17350762281302,-24.702554799626075],[152.1762240829772,-24.701754413369304],[152.17908124622093,-24.70152377209411],[152.17947500722403,-24.701230036058337],[152.17897166515257,-24.701025227108847],[152.17946754511536,-24.700300920066734],[152.17880638901102,-24.699941103133792],[152.17914800000568,-24.69961649910332],[152.17871974996567,-24.69962121614478],[152.1804305000876,-24.699276498981742],[152.18328749045074,-24.70007477769811],[152.18463250167406,-24.70090097856087],[152.1851766178176,-24.701692722501623],[152.186219446206,-24.70418526937997],[152.18766623900856,-24.709910587192653],[152.18760972711624,-24.71088319119011],[152.18858828147827,-24.71320019107616],[152.18856448567834,-24.714940172064196],[152.1879657548428,-24.71684313010667],[152.18735465085845,-24.717475368160734],[152.1868984430772,-24.7197283581865],[152.18740079008626,-24.719397350140497],[152.1874575731241,-24.719676741132684],[152.1866631291049,-24.720158741205772],[152.1875034571687,-24.720022977125378],[152.18578335709122,-24.72075798228622],[152.187037802208,-24.720740400164686],[152.18701912424098,-24.721038497164024],[152.18626617519914,-24.721292471235],[152.18508156705147,-24.720987840352407],[152.1837732418263,-24.72011703948644],[152.17809841003586,-24.717943272054633],[152.17565181880698,-24.717968478291635],[152.1740900197208,-24.718500196438693],[152.17029593889066,-24.723056569769124],[152.16890182301785,-24.725288724885917],[152.16798225821438,-24.727730369954998],[152.16717945826724,-24.72884026802374],[152.16776327154983,-24.73079574895108],[152.16689449982647,-24.73388538000993],[152.16502305200456,-24.736946244166166],[152.16690333727155,-24.737708520977712],[152.16934276395014,-24.732951610780272],[152.17105069760328,-24.72857387365068],[152.17228721848568,-24.726553350547405],[152.17385443305795,-24.721593878436174],[152.17365536305485,-24.721729551454352],[152.17385737895464,-24.720702338443157],[152.17483640791275,-24.719543065357758],[152.17581849993738,-24.7189544992674],[152.17516548693465,-24.71946382832655],[152.17498015900807,-24.720246032338054],[152.17662788205882,-24.719340204185745],[152.18106360946896,-24.71925183275632],[152.18120399750353,-24.719435051741225],[152.1806267404712,-24.719627965795635],[152.1798605543919,-24.719569668870417],[152.17991884345017,-24.720023421861033],[152.18096870468696,-24.721205480749475],[152.17888278946106,-24.72096190395377],[152.17965356060853,-24.72160230187379],[152.1793417556463,-24.722181683899294],[152.18063240483858,-24.72278352076916],[152.1840382812298,-24.723372652434026],[152.183250308243,-24.724128581504228],[152.18330999528186,-24.724414251496075],[152.18383721340888,-24.72507699543951],[152.1845516714665,-24.72498962237095],[152.1847899334703,-24.72482881634916],[152.1837611353559,-24.72468319445015],[152.1838042443199,-24.724338635448763],[152.1874233784709,-24.722687281111284],[152.18861473443732,-24.72142689600609],[152.18881523637256,-24.72070692399254],[152.18857821815,-24.718986071029654],[152.19036666977976,-24.714344261894254],[152.19104910552056,-24.711559823850916],[152.1907462822547,-24.709519512897064],[152.18952804387487,-24.70724421703388],[152.18914724664944,-24.70561595208424],[152.18848811557496,-24.705510939149043],[152.18900876156914,-24.70503774410237],[152.18810511423837,-24.70292760320736],[152.18669804184032,-24.70064916436262],[152.18559335862113,-24.69966278147785],[152.18249888012863,-24.697945034792056],[152.18065810893688,-24.697794726971804],[152.16987466812637,-24.69960395100248],[152.16661458484114,-24.699805587316806],[152.16510461965314,-24.699418238466333],[152.1635816473839,-24.698341033622775],[152.1634167051184,-24.69618871665647],[152.16405867615316,-24.695964145596097],[152.16397587122626,-24.69666156559839],[152.16439483231426,-24.69707862455433],[152.16461572808848,-24.694953351550396],[152.16548241704982,-24.693914085474916],[152.1671075301421,-24.69338358832178],[152.16797611912355,-24.692516184244734],[152.16924282236843,-24.69359331511311],[152.1714184063658,-24.69179715891694],[152.17692805077473,-24.690829902390753],[152.18724358839557,-24.687773256415433],[152.18924371156712,-24.687621227222643],[152.18979450495067,-24.69047294614578],[152.19113478602995,-24.690064210019106],[152.19555380240377,-24.689684341593487],[152.19665761152905,-24.689863485484857],[152.19796570361484,-24.689536790360663],[152.20003233340907,-24.686085754188433],[152.20234165556596,-24.68555594296861],[152.20312019067714,-24.685879009890392],[152.2041003999362,-24.687309675783542],[152.20475083402224,-24.68752054471867],[152.20602174510057,-24.687160278598206],[152.2073754561088,-24.686130241475237],[152.20816682318465,-24.686139742398357],[152.2102042565265,-24.687421687190028],[152.20981233259664,-24.688343810220527],[152.21012644362173,-24.688303466190334],[152.2104425785897,-24.687771599164016],[152.213706343777,-24.686727998855666],[152.21071525658488,-24.687508610139687],[152.2087461892305,-24.68606291934279],[152.20751969908912,-24.685843687463638],[152.20487796699476,-24.687180722709112],[152.20416991189268,-24.686879109780296],[152.20333755366215,-24.68557363187179],[152.20437759972467,-24.685264788773413],[152.2089618668077,-24.682251922353114],[152.21249590092944,-24.68042516602499],[152.2131458580852,-24.68123632195519],[152.21402130121274,-24.681620831867015],[152.21682076648472,-24.681684086594625],[152.21890754377137,-24.682451764385696],[152.2196882569829,-24.683635089300143],[152.21911710214422,-24.68548672134035],[152.21922448021388,-24.68599789932575],[152.21992492434927,-24.68659193325285],[152.22131364252036,-24.68693424111511],[152.22440646676154,-24.68649282081834],[152.22553502378673,-24.685792231714434],[152.22387297869605,-24.68636340787121],[152.22293102359214,-24.686236198963783],[152.22134871148677,-24.686616289114337],[152.21960084425106,-24.68601148828908],[152.21957340114986,-24.685164455298743],[152.21991246625836,-24.685820988260392],[152.22169937850285,-24.68646939808148],[152.22245040249186,-24.685765433014303],[152.22338041254574,-24.68547238792639],[152.22358254448454,-24.684781985912384],[152.22465736850936,-24.68412267481339],[152.22481984531439,-24.682315076812497],[152.22681504540827,-24.681500932625337],[152.22782731050887,-24.681543377526605],[152.22821587946046,-24.680811366494897],[152.22926597650957,-24.68038060039637],[152.2300952326423,-24.680847609311982],[152.23185688005947,-24.683000143123117],[152.23333911323135,-24.68327367497683],[152.23189352103006,-24.682718432121852],[152.2297324655354,-24.680223422352338],[152.22805351137941,-24.680246721515285],[152.22889203421178,-24.678125798451244],[152.22851240012776,-24.677711821491545],[152.22842484398603,-24.676565322509457],[152.2292553219852,-24.675883455434324],[152.22970227904813,-24.676061265389468],[152.23000620005158,-24.675844753361687],[152.22911622296144,-24.675792310448607],[152.2284044109302,-24.67610247651522],[152.22796962274847,-24.67489285356746],[152.2270272785437,-24.673898678667165],[152.22614517841586,-24.67351649875597],[152.2243332792737,-24.673766455929943],[152.22072057860944,-24.67099109930372],[152.21744791229386,-24.670936854622042],[152.21549907688583,-24.669011885827103],[152.21326567733385,-24.666080121068095],[152.2105434128674,-24.66428042134717],[152.20963257976226,-24.664115342436954],[152.2091226547398,-24.664337086484686],[152.20850139049625,-24.662746777558077],[152.20679080202797,-24.660108721745807],[152.20520083377252,-24.6592025999076],[152.2019754871268,-24.6562679332448],[152.20027989087063,-24.655441358416123],[152.19702266248646,-24.654782764737632],[152.19201991675976,-24.65259347824108],[152.19059021759466,-24.6523345253819],[152.19129765760357,-24.651835821317356],[152.19355586175098,-24.6512695171029],[152.1971109511652,-24.651945806752387],[152.20301967904905,-24.654750570155898],[152.21137623462647,-24.661531522288907],[152.21751633272896,-24.666024155655773],[152.22705327034387,-24.67216118367892],[152.23059475403002,-24.675181112309943],[152.2359898982485,-24.68126825173566],[152.2416263674299,-24.686837791142008],[152.2422822335817,-24.687608628071917],[152.24158457557073,-24.688081231135865],[152.2429637518588,-24.689434982990647],[152.25060857535814,-24.696099510192532],[152.25823803974282,-24.701787492403668],[152.2777021340733,-24.714551650404555],[152.28521840430065,-24.7189716446364],[152.29302746149128,-24.72283816184399],[152.3119308282679,-24.731283536932306],[152.31169917433297,-24.732028177948767],[152.31060033327591,-24.732430632052615]],[[152.17052820881165,-24.644678581390306],[152.16961866361538,-24.643727137486277],[152.178896808961,-24.64777367955353],[152.18124193934983,-24.64921583131424],[152.18170567848736,-24.650023421262663],[152.18156448954397,-24.650625984271375],[152.1793204290552,-24.64824049850862],[152.17774287982542,-24.647544141667275],[152.177322942808,-24.64773622770644],[152.17758590578651,-24.647336719684226],[152.17605637357417,-24.64675159483731],[152.17470569241226,-24.64645512397074],[152.1743273054031,-24.646683551005502],[152.17448453337735,-24.64633462499318],[152.1741464613525,-24.646395355025437],[152.17275288109857,-24.645341195169166],[152.17052820881165,-24.644678581390306]],[[152.20747282199744,-24.667893843615605],[152.20862333400888,-24.667057165510784],[152.2115647003215,-24.667355288222755],[152.2123778334688,-24.66796162013883],[152.21201617801628,-24.67296379913283],[152.21009353255243,-24.67053742033946],[152.20723567920012,-24.669829287622747],[152.20693272308546,-24.66908969965825],[152.20747282199744,-24.667893843615605]],[[152.21244267779818,-24.670741466109707],[152.21234936668537,-24.66984740912608],[152.21281002056443,-24.668432953093006],[152.21299087868792,-24.6693477430679],[152.21244267779818,-24.670741466109707]],[[152.21311125693708,-24.67139224203942],[152.21347855666835,-24.668783242025192],[152.21525756707996,-24.670877555835265],[152.21701174435697,-24.671833466656995],[152.21869807753652,-24.67200714249182],[152.21926145555483,-24.671706889439577],[152.22067254374159,-24.672166321298707],[152.22213384508296,-24.673913187142425],[152.2241887343397,-24.6744510999384],[152.22479015552946,-24.675593976870584],[152.22672089982746,-24.676585653674866],[152.22730797797342,-24.677363711611406],[152.22817586910884,-24.67782254352331],[152.22807617829721,-24.679521677519023],[152.22756208930477,-24.68000453256504],[152.22796760144456,-24.68087685551847],[152.22785477948287,-24.681297654525952],[152.22659172236916,-24.6813461206483],[152.22470266828321,-24.68214249782525],[152.2243897904838,-24.68411950883943],[152.22334383445343,-24.68470953193621],[152.2231592895138,-24.68537727594865],[152.22209515644664,-24.685664909049635],[152.22150967846974,-24.68633974210096],[152.2198722891978,-24.685332754268302],[152.2201041670066,-24.6835018882608],[152.21968012283736,-24.68239128731112],[152.21785809953502,-24.681273399497247],[152.21377607902093,-24.68017116490278],[152.21281943382976,-24.679305076002795],[152.21284493473098,-24.678434976007424],[152.2137978556192,-24.67669949792913],[152.21365592345012,-24.67536134195394],[152.21286806715884,-24.673496731045734],[152.21331327909414,-24.67257940901008],[152.21311125693708,-24.67139224203942]],[[152.22511672240606,-24.674268210849732],[152.22677385658602,-24.67446824268709],[152.22746921170656,-24.674939887615658],[152.2279280988753,-24.6760166655622],[152.2279424670362,-24.677388432549552],[152.22724587894697,-24.67718711161887],[152.22679115682593,-24.676516110668544],[152.22530168958775,-24.67567868682016],[152.2245606233846,-24.674535086901564],[152.22511672240606,-24.674268210849732]],[[152.2102458677789,-24.67236072130968],[152.21283063251707,-24.676608065023846],[152.21211323369053,-24.67868238907644],[152.21227713487832,-24.68016349904834],[152.2120354679035,-24.680576876068447],[152.2109013118011,-24.680618021178258],[152.20794267869366,-24.682099509453305],[152.2037925016358,-24.684977464832574],[152.20064345732388,-24.684856044139202],[152.19785721099163,-24.684263899414475],[152.1989744679205,-24.682743819318517],[152.20186572192094,-24.68039585505722],[152.20324336687426,-24.678873387935976],[152.20366738867384,-24.676805407911814],[152.20507046743785,-24.673634186801653],[152.20582376719352,-24.670920998750855],[152.20675335538584,-24.671818866653208],[152.2102458677789,-24.67236072130968]],[[152.19673721093707,-24.68470595551954],[152.2007764324104,-24.685491833121066],[152.19572895711403,-24.687048598598103],[152.19359340194478,-24.68733027680303],[152.1926271328076,-24.686936798900035],[152.19673721093707,-24.68470595551954]],[[152.19054031765071,-24.68728546009959],[152.19397239801415,-24.687618895763883],[152.19458986821027,-24.688803866694215],[152.1924305070094,-24.68883241990351],[152.1918772818947,-24.688297040961587],[152.19184158993536,-24.688675374961935],[152.1913133498829,-24.68865396001339],[152.19130264191799,-24.688964480011837],[152.1898323846346,-24.68772234516468],[152.19054031765071,-24.68728546009959]],[[152.2112831228684,-24.672287266209576],[152.20948401061725,-24.671590167390022],[152.20731450039818,-24.671468810601613],[152.20679596830198,-24.671063020655296],[152.2068132791959,-24.670136609661252],[152.2097420225298,-24.67062838837284],[152.2106509566972,-24.671329343278835],[152.2112831228684,-24.672287266209576]],[[152.21266600009272,-24.673092610068696],[152.21248337790152,-24.671597044098714],[152.21302539972953,-24.66967787706185],[152.21283905692113,-24.67147657706517],[152.21305738810153,-24.672849998032667],[152.21266600009272,-24.673092610068696]],[[152.18887404713436,-24.710009110074623],[152.1880585508891,-24.708564605165616],[152.1883446009159,-24.70856065013787],[152.18879126106316,-24.709463875087156],[152.18874688300656,-24.709013182095145],[152.1894173441761,-24.7099261460226],[152.18948931137493,-24.711577145002057],[152.18925015740055,-24.71199256702186],[152.18835095703704,-24.70959769112876],[152.18887404713436,-24.710009110074623]],[[152.18307314688758,-24.721215595545313],[152.18435225308716,-24.72188994541573],[152.18620254830168,-24.722226677233465],[152.18437328213093,-24.722248547410732],[152.18307314688758,-24.721215595545313]],[[152.1690080311637,-24.72645724686604],[152.1708021340253,-24.72380299171394],[152.1708115720901,-24.72435260770851],[152.16796363548636,-24.73008633493751],[152.16775737441392,-24.729631204961205],[152.1680625163317,-24.728674669939494],[152.16889141624765,-24.7272749718706],[152.1690080311637,-24.72645724686604]],[[152.32079717138362,-24.733644615048284],[152.32051270531332,-24.73327415507908],[152.32070950231943,-24.733167521060803],[152.32164691147574,-24.733744756964587],[152.32320132264354,-24.73392071681156],[152.3243727368198,-24.7344790686927],[152.32493731697127,-24.735317343630744],[152.32443159894012,-24.735460524678874],[152.3246895489303,-24.73516777065613],[152.32079717138362,-24.733644615048284]],[[152.32187699968262,-24.735326998929192],[152.32430699993535,-24.735519999690542],[152.32381949991358,-24.73572949973641],[152.32270499982425,-24.735867998843997],[152.32225699975206,-24.73561349888974],[152.32170299972677,-24.73584549894191],[152.32026899957668,-24.735723999082744],[152.32187699968262,-24.735326998929192]],[[152.31678450020658,-24.73538149942538],[152.31759250037985,-24.736208499339813],[152.31639800025798,-24.736133999456857],[152.31536350008068,-24.735454999563327],[152.3167865002494,-24.735745999422193],[152.31678450020658,-24.73538149942538]],[[152.32433450004666,-24.736449499680266],[152.32695750033463,-24.736787999421608],[152.32831749953547,-24.737403999283853],[152.32410500007987,-24.73691999969881],[152.32256999997904,-24.737300998845367],[152.32043649969592,-24.736607999059125],[152.32433450004666,-24.736449499680266]],[[152.33012699960562,-24.736537999114464],[152.33376800000784,-24.737028499755144],[152.33517100023823,-24.737861999611383],[152.33332299998972,-24.737233998796818],[152.33269949995247,-24.737420998856173],[152.33012699960562,-24.736537999114464]],[[152.3231195000814,-24.737730998788226],[152.32708649960006,-24.73895249939125],[152.32896049973667,-24.738603499211262],[152.32920599980272,-24.738969499184336],[152.32848049978793,-24.739429999251307],[152.32646649958025,-24.73928549944901],[152.32680599962828,-24.739421499414767],[152.32676749966325,-24.739750999415786],[152.32312550017693,-24.738542999781014],[152.32309200010968,-24.737994998788764],[152.32274100009676,-24.738168998821575],[152.3231195000814,-24.737730998788226]],[[152.33947499969088,-24.73824699918817],[152.33992299972383,-24.73816599914509],[152.3400154997445,-24.738267499135244],[152.33947499969088,-24.73824699918817]],[[152.3513399378029,-24.738147049030623],[152.35290910496613,-24.73827234687633],[152.35336039202747,-24.738431043830936],[152.3521118988893,-24.738261097954297],[152.35076165280873,-24.73866449308279],[152.3513399378029,-24.738147049030623]],[[152.33749249953036,-24.738479499379743],[152.3375239995714,-24.738804999373965],[152.33594750034544,-24.73815049953318],[152.33619250036665,-24.738132999509475],[152.33749249953036,-24.738479499379743]],[[152.33075850004755,-24.739804999026],[152.33128300008258,-24.73967999897582],[152.33185550017257,-24.73998499891749],[152.331482000167,-24.74023999895182],[152.33148450013906,-24.73999949895353],[152.33075850004755,-24.739804999026]],[[152.33915949992763,-24.740524999200247],[152.3395499999544,-24.74043799916281],[152.33971749999353,-24.74063699914486],[152.34008650001843,-24.74055149910954],[152.33964200000568,-24.740801499150862],[152.33915949992763,-24.740524999200247]],[[152.32443399956327,-24.740786999634917],[152.32606949974308,-24.740999499473666],[152.32707499991756,-24.741676499370012],[152.32508049969124,-24.7413574995672],[152.32564449979023,-24.741746499508977],[152.32559899986512,-24.742423999507846],[152.32443399956327,-24.740786999634917]],[[152.34596799062555,-24.740978054531865],[152.3466152076885,-24.740992485468563],[152.34670637671817,-24.741171953458185],[152.34634771969215,-24.741239791492657],[152.34596799062555,-24.740978054531865]],[[152.32643815398177,-24.742741650423362],[152.32781500007445,-24.742418999291708],[152.32601191500638,-24.743297328460397],[152.32643815398177,-24.742741650423362]],[[152.3322494995474,-24.74287049885534],[152.33270949961874,-24.743107998808476],[152.3323539996122,-24.74333949884131],[152.33111600047016,-24.743127498963794],[152.3322494995474,-24.74287049885534]],[[152.32418649956122,-24.74096999965755],[152.32412099959458,-24.741308499661155],[152.3238509995629,-24.74125599968794],[152.32377250048438,-24.740647999700577],[152.32418649956122,-24.74096999965755]],[[152.32322900042914,-24.740615499753886],[152.323136500452,-24.740886499760684],[152.32284700042084,-24.740854498789176],[152.32280350038133,-24.740551498795927],[152.32322900042914,-24.740615499753886]],[[152.3460655000129,-24.74420849949585],[152.34612096106972,-24.744648875486796],[152.3456461080019,-24.744453853534736],[152.3460655000129,-24.74420849949585]],[[152.34456749992498,-24.74466949963828],[152.34441499993898,-24.744912499651186],[152.34485950004327,-24.745443999603456],[152.34423249992588,-24.744948499668734],[152.34456749992498,-24.74466949963828]],[[152.33862750045063,-24.745424999211885],[152.33934199953282,-24.745548999141146],[152.33999949960145,-24.745602999076528],[152.3392119995242,-24.745580499153572],[152.33910449954587,-24.745852999161833],[152.33862750045063,-24.745424999211885]]]}},{"type":"Feature","properties":{"name":"Hervey Bay","zt":"GUZ","zid":"GUZ07","notake":false},"geometry":{"type":"Polygon","coordinates":[[[153.0574936347016,-24.75667923993646],[153.18832696734847,-24.65193532762549],[152.82321838000732,-24.67616817902091],[152.50000000001197,-24.696869703809153],[152.5000000004465,-24.759999999290333],[152.4203435749018,-24.76000000010332],[152.42481024373822,-24.772029302567063],[152.43109357773338,-24.775429301923655],[152.43832691214422,-24.78159596716428],[152.44157691286793,-24.78512930081676],[152.4472269146371,-24.7956126331769],[152.4507602490527,-24.796295965824864],[152.45927691622182,-24.7993626319645],[152.46602691787504,-24.80796263123175],[152.4712269173108,-24.798979297795277],[152.4795102528154,-24.805079296932245],[152.47117692001908,-24.822012630611127],[152.4711769201644,-24.823245963600993],[152.4718769205823,-24.826229297507876],[152.48272692296499,-24.837695962348796],[152.48362692332367,-24.840012629241425],[152.48424359128634,-24.84767929611794],[152.488210259792,-24.85724596164995],[152.4888269274965,-24.87119596147501],[152.49206026273856,-24.87911262809249],[152.49387692914968,-24.881129294897576],[152.4942435964915,-24.883729294840183],[152.492893596715,-24.88671262794834],[152.49477693163,-24.901412627642824],[152.49917693387042,-24.91682929408421],[152.4971602683435,-24.922462627236133],[152.4923269352542,-24.934079294615678],[152.49344360682392,-24.971845960196518],[152.57314361444796,-24.971845952355764],[152.57314361943835,-25.013912619011187],[152.6999936398715,-25.083329272911545],[152.69999365732946,-25.229345937717397],[152.88666034237332,-25.229345919160732],[152.8866603408459,-25.216679253264317],[152.86666033185085,-25.15801258873894],[152.8666603108594,-24.983345923169836],[152.93332698321962,-24.983345916514917],[152.93332700732407,-25.1833459148764],[153.0168436823658,-25.183345906514326],[153.0183270153067,-25.1816792403792],[153.02882701531962,-25.173445905393272],[153.0387436827321,-25.168979238434662],[153.0666936837071,-25.15486256874324],[153.13112701676337,-25.10441256267389],[153.16234368313874,-25.074695892770986],[153.1980603476969,-25.026579223560898],[153.14167699903038,-24.950012562877667],[153.1111603246219,-24.904512566324833],[153.11116031943274,-24.86161256667745],[153.05749363791438,-24.78334590571705],[153.0574936347016,-24.75667923993646]],[[152.7992936082786,-24.73929593188111],[152.81909361014627,-24.739295929911822],[152.81909361230183,-24.75736259676324],[152.79929361043244,-24.75736259873255],[152.7992936082786,-24.73929593188111]],[[152.72832694134644,-24.796179272459135],[152.88916029056062,-24.79617925646279],[152.8891603082135,-24.94342925525322],[152.72832695888724,-24.943429271250228],[152.72832694134644,-24.796179272459135]]]}},{"type":"Feature","properties":{"name":"Baffle Creek","zt":"CPZ","zid":"CPZ01","notake":false},"geometry":{"type":"Polygon","coordinates":[[[152.0706101812031,-24.521929339065117],[152.06271017880874,-24.507596005945544],[152.05057683967016,-24.507596007116163],[152.05590793484473,-24.513446598553763],[152.05635044697846,-24.514247171504476],[152.0562305230995,-24.515394001506582],[152.05554477912784,-24.51619935756612],[152.05479181603772,-24.51603060164014],[152.0547977091836,-24.517291567629236],[152.05411116019215,-24.51792498669025],[152.05341953007468,-24.517469368760725],[152.05273162605,-24.51781615482419],[152.05128893288887,-24.51759301796522],[152.0512931939949,-24.518510086957285],[152.04935905303878,-24.520467005127713],[152.04666952793286,-24.521739281376636],[152.0443615760011,-24.524213589578846],[152.0429235179592,-24.525022036710872],[152.04192108687866,-24.525140827806595],[152.04010090964906,-24.524632512986265],[152.03814886524216,-24.522691778190428],[152.03789241607294,-24.521431803225486],[152.03806797377243,-24.51867981923121],[152.0387993333127,-24.514091355198456],[152.03946096734165,-24.51380277613699],[152.03933201121555,-24.5128135211576],[152.0386467670633,-24.51205016622994],[152.03752524367218,-24.50956851135848],[152.03557684335163,-24.508372842556167],[152.03407081216483,-24.507977805704567],[152.03191912206614,-24.508874914904563],[152.03043706908355,-24.51023525303626],[152.03056780105263,-24.509859817026722],[152.02934129299953,-24.51039932714051],[152.02953206305006,-24.51068263211977],[152.0261938357733,-24.51100067843887],[152.0252793716602,-24.510764435528905],[152.02576767566316,-24.51039094248494],[152.02638173074345,-24.510588522424108],[152.02661413674213,-24.510387398403378],[152.02584177864537,-24.510176528479533],[152.02488935559253,-24.5104946145687],[152.0246668756826,-24.511458295582216],[152.02433565464077,-24.51136478261489],[152.02433850958246,-24.510856530618813],[152.0239028876058,-24.511414445656204],[152.02316454251465,-24.51122511072889],[152.02290785155807,-24.511811771748796],[152.02256009450363,-24.511622201783876],[152.0226343814623,-24.51120214578012],[152.02225457241903,-24.511136161817248],[152.02209350848167,-24.51181267682721],[152.02127684140504,-24.511812676905897],[152.0212768412987,-24.5108884289135],[152.01976326901624,-24.509669206069386],[152.0180074558576,-24.509722686238028],[152.01559126369568,-24.510287820466143],[152.01127525352328,-24.512311039865185],[152.0108267894681,-24.51219816490929],[152.0102371401985,-24.510335823981386],[152.00470145973264,-24.51080452951054],[152.0037484576194,-24.510598850603944],[152.00354899961815,-24.51075091262194],[152.0039005197721,-24.511801522579447],[152.00362268976906,-24.51200270460455],[152.00293285268998,-24.511878541671962],[152.00340216461322,-24.510827859635405],[152.0017881765702,-24.51177076078306],[152.0010618864465,-24.511288283856953],[152.00101436937092,-24.51066977886657],[152.00056107930965,-24.510508006911525],[152.00047616224717,-24.510034047923625],[151.999788314163,-24.509863293991224],[151.99967766441802,-24.51217176498288],[151.99897669339393,-24.512535089047397],[151.9992336754424,-24.51274686102091],[151.99871019343516,-24.513110918068264],[151.9984484524204,-24.51319658009275],[151.99873636838782,-24.512677857069345],[151.99841052138348,-24.512906123098794],[151.99786419749023,-24.51428050014011],[151.99589037929485,-24.514193832330808],[151.99484095210076,-24.51336292343863],[151.99226756479862,-24.512838252690536],[151.9912619426316,-24.512206792792522],[151.99104725163522,-24.512413737811485],[151.98745989325735,-24.512057697159534],[151.98503641204948,-24.512229018391288],[151.9824309017698,-24.511925637644385],[151.9800680976135,-24.51249670686699],[151.97460366614575,-24.512892888389192],[151.9699660876483,-24.512355145839514],[151.9694923425702,-24.512063129887466],[151.9686509625097,-24.512224306967],[151.968035857435,-24.512076739027368],[151.96811048940233,-24.511731490023017],[151.9660483142698,-24.51226471021688],[151.96257549030085,-24.51537704552502],[151.96121562823257,-24.515894578651466],[151.95952383209402,-24.516073036812557],[151.95665777081163,-24.515958823088948],[151.95465545455872,-24.51539489128592],[151.95170116104276,-24.51331814358685],[151.94995512768028,-24.51158808176878],[151.94900142058913,-24.511574673860522],[151.94925654964152,-24.511823058833993],[151.94560076329,-24.511752736185635],[151.94184034587838,-24.511244216550956],[151.9396356526807,-24.511327426761973],[151.94026216676065,-24.5115110297003],[151.93998324773864,-24.511547948726808],[151.93480969822753,-24.511330196225273],[151.93045591565345,-24.509890906655006],[151.92913858642066,-24.5089402927893],[151.92841671924265,-24.50797935286645],[151.92644825310546,-24.508396019051958],[151.92687962922864,-24.509116311004618],[151.92860148055195,-24.510525746827803],[151.930376231817,-24.5113826466504],[151.93231778817173,-24.51288590745166],[151.93308401849984,-24.51511838635981],[151.93314889938415,-24.51405679536226],[151.9336991756983,-24.51634508029064],[151.93418061283376,-24.51713202723795],[151.93389846382598,-24.5172954212637],[151.93483014392197,-24.517368614173662],[151.93525925302512,-24.517916149127984],[151.93539482791633,-24.516856746123675],[151.938773907973,-24.514581723817976],[151.94231572127845,-24.514343175479837],[151.94181626328688,-24.51482612752384],[151.942452705381,-24.515124071460235],[151.94204547829887,-24.514741718502517],[151.94280557831158,-24.514229963433745],[151.94768100191916,-24.515533066954788],[151.95026437219806,-24.51584760270402],[151.9527276035562,-24.51695176245833],[151.95748382434448,-24.51992481997693],[151.95968818749853,-24.51946174176892],[151.96067356653666,-24.518987253678123],[151.96220381646918,-24.51714745154619],[151.96241631650656,-24.517298068524557],[151.96297350549574,-24.51674800147551],[151.9666533537092,-24.515596215131318],[151.96810535872103,-24.514511025000637],[151.96952672281543,-24.514170067866814],[151.9732679772405,-24.51481083750187],[151.97479916046473,-24.51551039934885],[151.97603270372386,-24.516757264219983],[151.97724936383835,-24.516758992102993],[151.97729350481225,-24.516496014100884],[151.97814350491896,-24.51672934801726],[151.97926017211964,-24.517562680903012],[151.97991017218652,-24.51761268084008],[151.9803435051563,-24.51699601380345],[151.98084350518988,-24.516879347756326],[151.9826768383832,-24.517062680578515],[151.98499350549164,-24.516112680363445],[151.98508644054172,-24.516472316351592],[151.99083659225312,-24.51796139978609],[151.99259745042644,-24.51802987861609],[151.99391504249667,-24.51756419649315],[151.99678377975872,-24.517498761217592],[151.9960187427263,-24.51784224628844],[151.9956475866698,-24.517653426325708],[151.99579630370894,-24.517873526309558],[151.99551986168868,-24.517922853335765],[151.99660961278943,-24.517908460230988],[151.99645885282362,-24.51832934624205],[151.99871988203606,-24.51832934602444],[151.99986337108723,-24.517839847918367],[152.0024432183214,-24.517768827670675],[152.00606565067625,-24.517894892320832],[152.00623887670704,-24.518021003303183],[152.00589097070173,-24.51825922533466],[152.00769417787055,-24.518254547161106],[152.00753701857255,-24.51579162519649],[152.00796221355137,-24.515260781159945],[152.00934056466764,-24.51514644702812],[152.01123651888332,-24.515473384842874],[152.01350256024355,-24.516754502614102],[152.01398572727138,-24.51660118156887],[152.01408759735662,-24.517259214553604],[152.01506594551296,-24.517819319454816],[152.01726223881326,-24.518636144236492],[152.01880145123096,-24.52100928706871],[152.01906525624437,-24.520910070044117],[152.02103525283331,-24.5244194808255],[152.02066417981536,-24.524566381860023],[152.0212668999409,-24.525165250797027],[152.02074874891827,-24.525391003845087],[152.02165214605327,-24.52582639875448],[152.02197231506182,-24.52563927572519],[152.022950440272,-24.526666991622516],[152.02510980496228,-24.530899948379634],[152.0253216199443,-24.530571417361884],[152.02510651789376,-24.53030777438481],[152.0255101779493,-24.530460670344635],[152.02574171192313,-24.530044472325752],[152.02798804437822,-24.532162920091903],[152.02786283940688,-24.532514132101088],[152.02856928948614,-24.532625659032078],[152.03110483265175,-24.531994982792906],[152.03271589364167,-24.53059215764914],[152.03344333868137,-24.530343979581062],[152.03693586816047,-24.531653535233666],[152.03779730053736,-24.534222577129444],[152.0382448136019,-24.534417539084718],[152.03802557966296,-24.535126318099994],[152.03891565399235,-24.537259187996668],[152.03990111487204,-24.535410568916877],[152.0408536259632,-24.53542450182492],[152.04029680002634,-24.53642749887036],[152.04028697009082,-24.53699467386666],[152.04067443916196,-24.5372962918268],[152.0427021262434,-24.536348943639066],[152.04227937830294,-24.537210612672755],[152.04246417935244,-24.537488703652635],[152.04302811240322,-24.537469668598423],[152.04251513640963,-24.537943906643992],[152.04267570375924,-24.540846883604647],[152.04410782989157,-24.540826384466698],[152.0443673807893,-24.53972732145075],[152.0455458587209,-24.538173014349812],[152.04514421169293,-24.5382579153879],[152.04547184362815,-24.53742849636311],[152.04731191376317,-24.537098688188355],[152.04750348472416,-24.53660451917398],[152.0493524160229,-24.537688283986718],[152.0509635332015,-24.537924365829383],[152.05121577705924,-24.536483754816874],[152.0507609539151,-24.535604558868023],[152.0482343786232,-24.535132675115545],[152.0474403164183,-24.534001909201475],[152.04866294338137,-24.532685258094354],[152.0490189811806,-24.530652000076763],[152.04854329620005,-24.531208229118054],[152.04822961113038,-24.530860166151164],[152.0490667151536,-24.53037940007438],[152.05091017999257,-24.527479340920426],[152.05476018052147,-24.528929340537143],[152.05632916784418,-24.530449613373236],[152.05993389325147,-24.53104523502052],[152.06213702336913,-24.530270314814324],[152.06192932316958,-24.528709074847235],[152.0624283852063,-24.528620956799777],[152.0635208413718,-24.529165975689825],[152.06469051542882,-24.528707980580734],[152.0671937274468,-24.526824177354616],[152.0668254323336,-24.526142826395763],[152.0665776003465,-24.5264566964171],[152.06628958128988,-24.526200440447003],[152.06641450527033,-24.525928480437226],[152.0660592241949,-24.52556402547451],[152.0650601611017,-24.525569784570855],[152.06548120309216,-24.52514408953374],[152.06503558102597,-24.524933314578455],[152.06542585103887,-24.524726997542498],[152.06445506797735,-24.52498404963406],[152.06343716469985,-24.52340693874531],[152.06198301851296,-24.522970770889202],[152.0629641804757,-24.521847814803753],[152.0624758723433,-24.521097053857083],[152.06195893634893,-24.521567197903078],[152.06162262013024,-24.51994444294891],[152.0602354567457,-24.517738634100883],[152.06041690866527,-24.516893606090353],[152.05978387137938,-24.514928434167572],[152.06053428345604,-24.514982320094706],[152.06195820273746,-24.516263993946815],[152.06521358169627,-24.52192933958603],[152.0706101812031,-24.521929339065117]],[[152.03441464549041,-24.519209476579043],[152.03561717866452,-24.51974097645872],[152.03457566658523,-24.519902199557816],[152.0312447441738,-24.519046275885888],[152.02953348976206,-24.51686536506878],[152.0259093792095,-24.515022631433183],[152.0270142564265,-24.516006210318622],[152.02658171244514,-24.516520865356096],[152.0250570221942,-24.515584642510703],[152.02456400115713,-24.515664910557533],[152.02246417872684,-24.513639987776486],[152.02225467758106,-24.5125436988057],[152.0230902556346,-24.512327598726998],[152.02452244485684,-24.51309036558269],[152.02701146711445,-24.513297199341196],[152.0310694003936,-24.51241240795737],[152.03145694451757,-24.51317317691377],[152.0296250563909,-24.513566776087092],[152.0297845454362,-24.513830099069573],[152.02947440044792,-24.514185787096498],[152.03069397763588,-24.514823130973756],[152.03068292168336,-24.515245130971294],[152.03153573278942,-24.51546997688731],[152.03078125578088,-24.51601118695556],[152.03139866687872,-24.51635732089318],[152.03116271097642,-24.5173990419074],[152.0316061110694,-24.517844220860994],[152.03308364420346,-24.517803620718873],[152.03385123425116,-24.517591542646624],[152.0341440442242,-24.51711889962232],[152.0357386895284,-24.518459654457597],[152.0354372895663,-24.5190347774819],[152.03441464549041,-24.519209476579043]],[[151.9838539162054,-24.514553152485924],[151.98364405021502,-24.514808457504],[151.98007230077724,-24.513918347854876],[151.97933418971212,-24.513955696925514],[151.97929319273504,-24.51418785892757],[151.97873386765184,-24.513921242983585],[151.98333318895308,-24.512782754550546],[151.98822756751719,-24.513690860072245],[151.98545412234668,-24.514474317332628],[151.98424721512666,-24.51354628345633],[151.9833812281051,-24.51406611853539],[151.9838539162054,-24.514553152485924]],[[151.93714890277818,-24.514214712976962],[151.93676799977325,-24.514483499011327],[151.93701249980248,-24.514537998987436],[151.93688099983717,-24.51494899899668],[151.93605749975725,-24.51492599907591],[151.93612999979675,-24.515210999066632],[151.93558849965842,-24.514448999124873],[151.9346209995128,-24.51397199922169],[151.93714890277818,-24.514214712976962]],[[151.9339515004544,-24.514011499285594],[151.93546570174496,-24.51530455112958],[151.93495349973458,-24.51563349917607],[151.93540149977403,-24.51561049913324],[151.9353856978006,-24.515855092132778],[151.93448099975177,-24.516170499217008],[151.9339515004544,-24.514011499285594]]]}},{"type":"Feature","properties":{"name":"Rosedale","zt":"GUZ","zid":"GUZ02","notake":false},"geometry":{"type":"Polygon","coordinates":[[[151.98495035852278,-24.516418107365094],[151.98499350549164,-24.516112680363445],[151.98442683844232,-24.516146013417725],[151.9826768383832,-24.517062680578515],[151.9803435051563,-24.51699601380345],[151.97991017218652,-24.51761268084008],[151.97866017203648,-24.51732934796259],[151.97814350491896,-24.51672934801726],[151.97729350481225,-24.516496014100884],[151.97724936383835,-24.516758992102993],[151.9783761579975,-24.517222790990804],[151.97839919103487,-24.517528763986103],[151.98015065524368,-24.517913638814445],[151.98064699920286,-24.517152757772998],[151.98217425435246,-24.51720531662566],[151.98291686946862,-24.517609834550885],[151.9834820634259,-24.516775571503366],[151.98495035852278,-24.516418107365094]]]}},{"type":"Feature","properties":{"name":"Winfield","zt":"GUZ","zid":"GUZ03","notake":false},"geometry":{"type":"Polygon","coordinates":[[[152.02066417981536,-24.524566381860023],[152.02103525283331,-24.5244194808255],[152.01906525624437,-24.520910070044117],[152.01880145123096,-24.52100928706871],[152.01973844557807,-24.523260434959973],[152.02066417981536,-24.524566381860023]]]}},{"type":"Feature","properties":{"name":"Winfield East","zt":"GUZ","zid":"GUZ05","notake":false},"geometry":{"type":"Polygon","coordinates":[[[152.02719342331505,-24.53226365016764],[152.02786283940688,-24.532514132101088],[152.02798804437822,-24.532162920091903],[152.02574171192313,-24.530044472325752],[152.0255101779493,-24.530460670344635],[152.02601239812566,-24.53158232528703],[152.02662171723094,-24.53199936322491],[152.02721807124433,-24.53162928517048],[152.02719342331505,-24.53226365016764]]]}},{"type":"Feature","properties":{"name":"Littabella","zt":"MNP","zid":"MNP01","notake":true},"geometry":{"type":"Polygon","coordinates":[[[152.1310601959989,-24.600762665573942],[152.0706101812031,-24.521929339065117],[152.06521358169627,-24.52192933958603],[152.0667810301415,-24.524513285413434],[152.06793644853974,-24.527025613281285],[152.06776383754757,-24.527233621296237],[152.07329348734987,-24.538353524670953],[152.07406933851158,-24.539123627589703],[152.07709142439504,-24.544317644255184],[152.08230138179616,-24.55221207968715],[152.0906858969474,-24.564011126780184],[152.0942603666376,-24.567074320409606],[152.0935528696414,-24.567683727472982],[152.09441063166662,-24.567203077393994],[152.09503452178703,-24.567737709329347],[152.09481749992696,-24.569125755338895],[152.09525510303988,-24.569746209291505],[152.09699564536749,-24.571163747111648],[152.10386499982164,-24.57815058239026],[152.1201166184021,-24.595874591672967],[152.12105413857208,-24.596580501576508],[152.12722042796904,-24.603629332921976],[152.1310601959989,-24.600762665573942]]]}},{"type":"Feature","properties":{"name":"Littabella Creek","zt":"CPZ","zid":"CPZ02","notake":false},"geometry":{"type":"Polygon","coordinates":[[[152.0953228181385,-24.570544810278378],[152.09434662489073,-24.569194967383815],[152.09408287089605,-24.5694557874072],[152.0945891300988,-24.570798333347227],[152.09420359104396,-24.57063831338579],[152.09382031991098,-24.569799711429738],[152.09267543992203,-24.570827885531905],[152.09225101797225,-24.571607589566472],[152.09274613119436,-24.573127179506187],[152.09494838062636,-24.575072116277347],[152.0956283577001,-24.57515602521095],[152.09610225270077,-24.574775717168297],[152.09660693277073,-24.574970319117877],[152.0977807270887,-24.57676536498973],[152.09825585035148,-24.5786520009283],[152.10318311321373,-24.58209779842369],[152.10569854783805,-24.585449307153002],[152.10834077725855,-24.586933700885307],[152.1096431757735,-24.590325854731493],[152.1113005800675,-24.591517373561462],[152.11165019920028,-24.592380873520515],[152.1115848872837,-24.593155897520475],[152.11060887633258,-24.594372555604828],[152.10898529730824,-24.595485016752736],[152.1081692133658,-24.596647857822063],[152.10799630040424,-24.597121207834885],[152.10829460649492,-24.59766249280158],[152.10772140347,-24.59791323385496],[152.107547707521,-24.598496040866976],[152.10787975791152,-24.601601934809327],[152.10664474213502,-24.604540704904572],[152.1077031267829,-24.609279736763263],[152.10767015803276,-24.611466645748486],[152.10720543610518,-24.61247116178518],[152.10705776538734,-24.61503098877843],[152.10727132940636,-24.615021444757854],[152.10706507441387,-24.615253984775897],[152.10725315659155,-24.61663650674632],[152.10772287063358,-24.61661650170107],[152.10774126567702,-24.616977333696326],[152.10729031963675,-24.616996548739788],[152.10758301085542,-24.618648177697892],[152.10796681100703,-24.61964575465261],[152.10858979011448,-24.620066165588913],[152.10998923320875,-24.619740154456306],[152.11093186732666,-24.619990642363106],[152.11096781235855,-24.62023746535759],[152.11066300042958,-24.621099543379927],[152.10955807846665,-24.62232072147679],[152.1062744671642,-24.622384520793712],[152.10556387917038,-24.62301684785721],[152.10617829141634,-24.6246416347845],[152.10892492487457,-24.626362874504792],[152.10927046798915,-24.627070165465543],[152.1087171881539,-24.628945759503644],[152.10697978725426,-24.631230622652847],[152.10671807133224,-24.63211747967088],[152.1061820242845,-24.6321417757225],[152.10472792401265,-24.63097909687262],[152.10349352988834,-24.63091190599253],[152.10349353002573,-24.632099240982765],[152.105034066554,-24.63540787680665],[152.10621346968404,-24.6355689996913],[152.10718216761305,-24.634165613609177],[152.10786265738176,-24.63161167856433],[152.10930833528255,-24.629575156441312],[152.1099983180379,-24.62689820239656],[152.109792100954,-24.626341443421122],[152.10695734644372,-24.6242432667124],[152.10657986327595,-24.62310074275829],[152.1087712715154,-24.623383923544075],[152.11003785558233,-24.622929028425393],[152.11151913551112,-24.621105871297136],[152.1118215373151,-24.61916545228385],[152.11129756308642,-24.61761593034724],[152.1096787106089,-24.614809443526813],[152.1083040563891,-24.61402994366617],[152.10844742331508,-24.613273466658505],[152.11003781128775,-24.61174016651736],[152.11240606000842,-24.60739518632403],[152.11521256688013,-24.604000410080523],[152.11973865637597,-24.604598409637838],[152.12254439841846,-24.602680693382148],[152.12151408427792,-24.602305328484952],[152.1214969282219,-24.601835270490447],[152.12184567022604,-24.601586922458736],[152.12128970216224,-24.601488100513347],[152.12134914713548,-24.601208885509916],[152.12211616218647,-24.60102459643723],[152.1200244998996,-24.600248999645927],[152.12093657083642,-24.59896091656831],[152.12152789886795,-24.598751510512816],[152.12127896681946,-24.598535149538645],[152.12248661998626,-24.598993655418088],[152.12291554001337,-24.598877896377516],[152.1041401478874,-24.578496002360783],[152.10380154799148,-24.57967161738388],[152.10176645549737,-24.5770551856021],[152.09971050015338,-24.575752998811552],[152.09562674419544,-24.570789855246982],[152.0956674733247,-24.57187529423412],[152.0953228181385,-24.570544810278378]]]}},{"type":"Feature","properties":{"name":"Burkitts Reef","zt":"MNP","zid":"MNP05","notake":true},"geometry":{"type":"Polygon","coordinates":[[[152.4665602537257,-24.82324596405399],[152.4711769201644,-24.823245963600993],[152.47117692001908,-24.822012630611127],[152.4795102528154,-24.805079296932245],[152.4712269173108,-24.798979297795277],[152.4648102520088,-24.810079298333733],[152.46277691781575,-24.810079298533214],[152.46381025217292,-24.812279298413802],[152.46487691830959,-24.812579298306673],[152.46646025261302,-24.813879298140687],[152.46874358596142,-24.81499596390746],[152.4692769191494,-24.81616263084555],[152.46911025336723,-24.81814596384564],[152.4665602535294,-24.821579298067682],[152.4665602537257,-24.82324596405399]]]}},{"type":"Feature","properties":{"name":"Hoffmans Rocks","zt":"MNP","zid":"MNP06","notake":true},"geometry":{"type":"Polygon","coordinates":[[[152.4751769222472,-24.83769596308989],[152.48272692296499,-24.837695962348796],[152.47482692123978,-24.829429297192082],[152.4681935876093,-24.829429297842996],[152.4689769208095,-24.83049596375739],[152.47201025537066,-24.83281263044074],[152.47279358860234,-24.834145963352917],[152.47266025564466,-24.834612630362173],[152.47404358905695,-24.836995963206867],[152.4751769222472,-24.83769596308989]]]}},{"type":"Feature","properties":{"name":"Barolin Rock","zt":"MNP","zid":"MNP07","notake":true},"geometry":{"type":"Polygon","coordinates":[[[152.4942435964915,-24.883729294840183],[152.49387692914968,-24.881129294897576],[152.49206026273856,-24.87911262809249],[152.4888269274965,-24.87119596147501],[152.4835269269918,-24.8711959619954],[152.4847769273704,-24.873395961854595],[152.48461026142525,-24.873995961866065],[152.48614359504717,-24.878029295682403],[152.48747692841414,-24.88006262853485],[152.48787692868618,-24.8820459614793],[152.48862692883046,-24.882662628400585],[152.48904359583668,-24.882379295361954],[152.48976026296003,-24.882845961287778],[152.48766026321633,-24.886712628462288],[152.492893596715,-24.88671262794834],[152.4942435964915,-24.883729294840183]]]}},{"type":"Feature","properties":{"name":"Coral Cove","zt":"HPZ","zid":"HPZ05","notake":false},"geometry":{"type":"Polygon","coordinates":[[[152.48309359387943,-24.870593565042864],[152.48261186283028,-24.870565417090383],[152.4818048759207,-24.871983355158015],[152.48310513813303,-24.872734067024158],[152.48346480933282,-24.87413668697736],[152.48305863624748,-24.87374201802048],[152.48266731724152,-24.87400707805673],[152.48187509211698,-24.87359032713792],[152.4808459060509,-24.87386180423675],[152.4804325028686,-24.872649736287254],[152.48048980496972,-24.873460955274975],[152.48014017901758,-24.87414886730364],[152.480385780108,-24.87471769727489],[152.4800812831458,-24.87528415730008],[152.47873847203599,-24.875437229430705],[152.4780172708496,-24.874439477509625],[152.47736182781597,-24.874682723572015],[152.4774201139074,-24.875411219560323],[152.47796145801763,-24.875908523503075],[152.48031850923488,-24.875846877272206],[152.48081670734064,-24.87634157321926],[152.48046268540793,-24.877198107246976],[152.48051042852072,-24.878115899234757],[152.47926607038465,-24.877966463358177],[152.47842565543309,-24.8790565714317],[152.47950599348695,-24.878639848329072],[152.48100022271467,-24.87936406517648],[152.48156365270893,-24.87885984912528],[152.48160871957697,-24.877705104130303],[152.4819496005751,-24.877414327099252],[152.4816873355264,-24.877213205126626],[152.48207661749638,-24.87664403809312],[152.4829786395851,-24.876668084004304],[152.48395900762603,-24.876223705911716],[152.4833491633528,-24.874399918986565],[152.48375206136342,-24.87416494594897],[152.4838859042907,-24.873439914941756],[152.48333254407567,-24.87206398900734],[152.48281446599154,-24.871769508060652],[152.4832399509811,-24.871336810022424],[152.48443711132072,-24.873249711889166],[152.48431358742022,-24.87419251889357],[152.48578149101562,-24.878054700717787],[152.48716282537686,-24.880000689566167],[152.48752878265793,-24.88208725051312],[152.48831776482547,-24.882869920429258],[152.48874606887992,-24.88298532438624],[152.48897650986987,-24.88271426536584],[152.48935177793942,-24.883000627326638],[152.4874296491581,-24.886405899487468],[152.48735948418772,-24.88671262849183],[152.48766026321633,-24.886712628462288],[152.48976026296003,-24.882845961287778],[152.48904359583668,-24.882379295361954],[152.48862692883046,-24.882662628400585],[152.48787692868618,-24.8820459614793],[152.48747692841414,-24.88006262853485],[152.48614359504717,-24.878029295682403],[152.48461026142525,-24.873995961866065],[152.4847769273704,-24.873395961854595],[152.4835269269918,-24.8711959619954],[152.48309359395049,-24.87119596203795],[152.48309359387943,-24.870593565042864]]]}},{"type":"Feature","properties":{"name":"Mon Repos","zt":"CPZ","zid":"CPZ04","notake":false},"geometry":{"type":"Polygon","coordinates":[[[152.4203435749018,-24.76000000010332],[152.41375026027706,-24.759999999748864],[152.41437603246862,-24.76112625367838],[152.41583436378528,-24.76264615352312],[152.4163902481326,-24.765154580448055],[152.4179683545789,-24.767682089272792],[152.41850857102972,-24.771084481191956],[152.4192242001655,-24.771662122117146],[152.4190642511908,-24.772006923129968],[152.42065849866626,-24.7747678189512],[152.42317883715046,-24.776854514687237],[152.42507060043977,-24.77779002049429],[152.42627119958007,-24.778015455374863],[152.42911220004174,-24.779651365083087],[152.43101522743598,-24.781469618881733],[152.4321185056068,-24.782033245769018],[152.43439796709234,-24.784324042526872],[152.43436024623207,-24.785543056520577],[152.4349987464009,-24.786463955450447],[152.43745910177128,-24.78762925419978],[152.43835466922246,-24.790743221086444],[152.44029160987122,-24.79469763186419],[152.4432074795774,-24.798348269548388],[152.44540694401016,-24.800252496317185],[152.44515638799555,-24.800329990341147],[152.44511187800552,-24.800451278344468],[152.4468461341311,-24.80011907717718],[152.45076024961028,-24.80103436178596],[152.4507602490527,-24.796295965824864],[152.4472269146371,-24.7956126331769],[152.44157691286793,-24.78512930081676],[152.43832691214422,-24.78159596716428],[152.43109357773338,-24.775429301923655],[152.42481024373822,-24.772029302567063],[152.4203435749018,-24.76000000010332]]]}},{"type":"Feature","properties":{"name":"Innes Park","zt":"CPZ","zid":"CPZ06","notake":false},"geometry":{"type":"Polygon","coordinates":[[[152.4820751418168,-24.862406013210038],[152.48245931403218,-24.863922553159888],[152.48325935627136,-24.865304821070005],[152.48273923563616,-24.868817199092234],[152.48293256676908,-24.86978831706528],[152.4837328909186,-24.870409417981637],[152.4835102579319,-24.870702113001087],[152.48309359387943,-24.870593565042864],[152.48309359395049,-24.87119596203795],[152.4888269274965,-24.87119596147501],[152.488210259792,-24.85724596164995],[152.48424359128634,-24.84767929611794],[152.48362692332367,-24.840012629241425],[152.48272692296499,-24.837695962348796],[152.4745872901912,-24.837695963147773],[152.47584690738032,-24.838284601019314],[152.47866070590223,-24.84044250472536],[152.47899864822026,-24.842867769672345],[152.47737783444504,-24.846082510805033],[152.4772285056148,-24.84764293680691],[152.4767953825707,-24.847618486849612],[152.47666028948873,-24.847032425867695],[152.47610007838554,-24.846608729926107],[152.47556392233997,-24.846654422978375],[152.47478150842372,-24.847996462044165],[152.47352123235063,-24.848393456164626],[152.47431168844867,-24.848587620085446],[152.47385844349446,-24.849342141123714],[152.47296852547353,-24.849882279206632],[152.47203101738296,-24.8498703822987],[152.4736585205815,-24.85024134913596],[152.47595474852085,-24.847874013930003],[152.47712306365506,-24.84806912981373],[152.47739909574543,-24.84861299378218],[152.4776843457451,-24.848380709756093],[152.47728251665512,-24.84794152479912],[152.47754994765464,-24.84772187477473],[152.47827290675488,-24.847988210701548],[152.4789425129523,-24.849122367626542],[152.47988414812903,-24.849861770527998],[152.4808895454292,-24.851596530415105],[152.48151712778616,-24.854117568332807],[152.48326231534045,-24.857409864134464],[152.48326344044898,-24.8583286171268],[152.48225729061488,-24.860547163207393],[152.4820751418168,-24.862406013210038]]]}},{"type":"Feature","properties":{"name":"Bargara","zt":"HPZ","zid":"HPZ04","notake":false},"geometry":{"type":"Polygon","coordinates":[[[152.45927691622182,-24.7993626319645],[152.4507602490527,-24.796295965824864],[152.4508256506263,-24.80111781777889],[152.45374025908666,-24.802678768480277],[152.4558300542758,-24.802599955275962],[152.45601181051697,-24.804502704242534],[152.45657256361702,-24.804900877184284],[152.456341908636,-24.80524846220403],[152.4569817228317,-24.806394370131894],[152.4585971761366,-24.80768190396287],[152.4606875833604,-24.80789619075606],[152.46073352249985,-24.80904409574212],[152.46224105185735,-24.810864214579322],[152.4633799422588,-24.81335526844716],[152.46415148037156,-24.813690768368737],[152.46449372933256,-24.813083176340143],[152.4641142054041,-24.81399744536989],[152.4649284195959,-24.814969913282027],[152.4656354626472,-24.81483494321373],[152.46579326274053,-24.815500152192826],[152.4671243428581,-24.815425000062827],[152.4680224360245,-24.81611313596907],[152.46826591317733,-24.81721515093614],[152.46798206626508,-24.818188999956],[152.46746297430377,-24.81893578200083],[152.4665511662458,-24.819178856088243],[152.46581787641057,-24.821168809143888],[152.4658939467262,-24.8237873751149],[152.4661813777545,-24.823796265086628],[152.46598036178085,-24.824182057103208],[152.46636401084976,-24.824457577063335],[152.46598675482852,-24.824581432099283],[152.46641971188728,-24.824730455055583],[152.46601602484853,-24.824727386095226],[152.46582603398267,-24.826019976103236],[152.4659337480287,-24.82632382909017],[152.46682445512542,-24.826425867001966],[152.4676780935141,-24.82903704889681],[152.46870566181087,-24.830726517782093],[152.4714960113176,-24.832776719491505],[152.47232153851348,-24.833773380402288],[152.47242821065203,-24.834862874382857],[152.47373121105187,-24.837204792235777],[152.4751769222472,-24.83769596308989],[152.47404358905695,-24.836995963206867],[152.47266025564466,-24.834612630362173],[152.47279358860234,-24.834145963352917],[152.47201025537066,-24.83281263044074],[152.4689769208095,-24.83049596375739],[152.4681935876093,-24.829429297842996],[152.47482692123978,-24.829429297192082],[152.4718769205823,-24.826229297507876],[152.4711769201644,-24.823245963600993],[152.4665602537257,-24.82324596405399],[152.4665602535294,-24.821579298067682],[152.46911025336723,-24.81814596384564],[152.4692769191494,-24.81616263084555],[152.46874358596142,-24.81499596390746],[152.46646025261302,-24.813879298140687],[152.46487691830959,-24.812579298306673],[152.46381025217292,-24.812279298413802],[152.46277691781575,-24.810079298533214],[152.4648102520088,-24.810079298333733],[152.46602691787504,-24.80796263123175],[152.45927691622182,-24.7993626319645]]]}},{"type":"Feature","properties":{"name":"Elliott Heads","zt":"HPZ","zid":"HPZ07","notake":false},"geometry":{"type":"Polygon","coordinates":[[[152.49252166851292,-24.919179293718678],[152.49205983551545,-24.919574174760776],[152.49195704458015,-24.920205227765706],[152.49266582873662,-24.92095717668993],[152.49175383369825,-24.92136929377612],[152.49188173078522,-24.922001634758416],[152.49156655980957,-24.922462627785563],[152.4971602683435,-24.922462627236133],[152.4978936011221,-24.919995960184295],[152.49252166851292,-24.919179293718678]]]}},{"type":"Feature","properties":{"name":"Elliott Heads","zt":"CPZ","zid":"CPZ07","notake":false},"geometry":{"type":"Polygon","coordinates":[[[152.49252166851292,-24.919179293718678],[152.4978936011221,-24.919995960184295],[152.49917693387042,-24.91682929408421],[152.49477693163,-24.901412627642824],[152.492893596715,-24.88671262794834],[152.48735948418772,-24.88671262849183],[152.4870975393925,-24.88865952150155],[152.48747463459645,-24.890083543452885],[152.48753386695813,-24.89310020142231],[152.48831183516785,-24.894248947336497],[152.48872124746805,-24.896461050278145],[152.49026585092145,-24.899054644105203],[152.4897183839684,-24.899895050152086],[152.48951184614415,-24.901549965158825],[152.49094059464488,-24.904637409993153],[152.49089802890217,-24.906850536979185],[152.49160510118247,-24.908653455894957],[152.49196487459363,-24.911844788833477],[152.49402267923378,-24.915603287600565],[152.49386622824915,-24.915859377613824],[152.49423028636076,-24.916510754572712],[152.49333745236598,-24.917276061654135],[152.4929675424994,-24.918704712678775],[152.49252166851292,-24.919179293718678]]]}},{"type":"Feature","properties":{"name":"Elliott River","zt":"CPZ","zid":"CPZ11","notake":false},"geometry":{"type":"Polygon","coordinates":[[[152.4870284631086,-24.920195247249794],[152.4865542209906,-24.91957929430142],[152.48344359969366,-24.919579295606848],[152.48171615285224,-24.92231938375398],[152.4815933359182,-24.922977987760593],[152.48017693392885,-24.92421262888952],[152.47751026673123,-24.92469596214736],[152.47651088172432,-24.925445962239287],[152.47649938609683,-24.928610572214495],[152.47501881406615,-24.929548591352116],[152.4748820301128,-24.930054475361406],[152.47431702105243,-24.929999755417317],[152.46991882796334,-24.932804713825966],[152.4695250628654,-24.932293445868766],[152.46865006683277,-24.932725436951113],[152.4657316580547,-24.936968611202683],[152.46593025789824,-24.935482297195346],[152.46686904089776,-24.934717642109494],[152.4669906338345,-24.934083236102794],[152.46682145176513,-24.933632607123094],[152.46608024364053,-24.933176966199515],[152.46610071149317,-24.931911532207884],[152.4647431584549,-24.93268558833474],[152.46435321851132,-24.93347961436648],[152.4647742506172,-24.93403617932061],[152.4642196966748,-24.93497358236737],[152.46426457177336,-24.935771747356416],[152.46366899977906,-24.936302932410495],[152.46398518984978,-24.936645954376633],[152.4649025199528,-24.936776242285585],[152.46405691687934,-24.936838544368015],[152.46393821099377,-24.937904121370938],[152.464438900156,-24.93887375431389],[152.46418175838494,-24.941022075321502],[152.4650192255004,-24.9413223032369],[152.4642029784092,-24.941210266317885],[152.4625300775529,-24.943783031460878],[152.46124799851503,-24.944500721580813],[152.45966127937874,-24.944630955735374],[152.45794524603087,-24.943072759916436],[152.45555975641437,-24.9397804211774],[152.45461196836473,-24.940127003267516],[152.45339116922355,-24.93991891938894],[152.45049117496782,-24.940100945671812],[152.44894648998715,-24.941516687811607],[152.4464111072558,-24.93737018209418],[152.44646863014006,-24.936341557096952],[152.44558617496892,-24.93560550318953],[152.44484643195776,-24.936110750257892],[152.44542464102076,-24.936176185200683],[152.44560815708604,-24.93658084217936],[152.44553885511553,-24.936887644183663],[152.4450617730617,-24.936817450230954],[152.44538126710825,-24.936953123198574],[152.44571928835944,-24.938810002150227],[152.44604892441225,-24.938990191116414],[152.4470707010232,-24.94334245398056],[152.4459146809081,-24.943303969094213],[152.44513967887673,-24.943665943167225],[152.4448166398196,-24.94344354820073],[152.44509013482605,-24.94327651917527],[152.44214342753278,-24.94317842146494],[152.4420507985534,-24.943428549471985],[152.44242296857064,-24.943273162436768],[152.442603807616,-24.943510514417106],[152.4417248945613,-24.94375976250119],[152.4407014294037,-24.943252936605685],[152.44084746847798,-24.943764520587155],[152.4414971775529,-24.943873266522587],[152.44140290758887,-24.944254572528724],[152.44259548167835,-24.944046481413494],[152.4434939688191,-24.9445119023216],[152.4443002439636,-24.94508313323793],[152.44418087001196,-24.945590721245473],[152.4444216499854,-24.9451697752253],[152.44603738013117,-24.945095931067527],[152.4478422981663,-24.943931150900113],[152.44903970428948,-24.944004512782076],[152.44944809426795,-24.943491153746287],[152.45056091744945,-24.94412815563198],[152.45209286255977,-24.943821995484225],[152.45266707666127,-24.94421680142473],[152.45238120771157,-24.944874608447353],[152.45531870205562,-24.945410785154905],[152.45659931933753,-24.946762347018197],[152.45740581965805,-24.94882579092217],[152.4580220366995,-24.948677326863027],[152.45946419999794,-24.950038164710392],[152.45911171599593,-24.950306973742748],[152.45876311211148,-24.951568570766597],[152.45509831415663,-24.954920832098587],[152.45398980310756,-24.955403416203335],[152.45307277088995,-24.954303293302285],[152.45199057175188,-24.95400955441082],[152.44950407664373,-24.955108791645632],[152.44914073066775,-24.955607449677153],[152.44956088376063,-24.956053764632248],[152.44912448079373,-24.95668823266991],[152.44935580786964,-24.957144478643464],[152.4484568039644,-24.95867639171907],[152.44852181018902,-24.960527727697492],[152.44811756142292,-24.96283808571826],[152.44685424738833,-24.963569291836077],[152.44529574025654,-24.963716579987633],[152.44472991424976,-24.96411860603984],[152.4423539449805,-24.963762763275692],[152.44183917199888,-24.964336836321436],[152.44188685010678,-24.96521292030956],[152.4423982181546,-24.965203227259533],[152.442589340068,-24.96431450724805],[152.4428425780844,-24.96424761422378],[152.44373607622794,-24.96473975513216],[152.44425688525806,-24.96457252308249],[152.4443142223628,-24.965413462069996],[152.4435258412727,-24.965289232148304],[152.4426896802326,-24.965628475227494],[152.4427565733439,-24.96651719521363],[152.44233132538713,-24.96722912724947],[152.44160873929448,-24.967029618321966],[152.44124192616283,-24.96621139936463],[152.43986257811298,-24.966907855494064],[152.44036773432185,-24.968268701433434],[152.43961003320382,-24.967882635510875],[152.4388364782344,-24.968769978579424],[152.43792002919844,-24.969208738665635],[152.43819748630156,-24.969857759633086],[152.43734046820853,-24.969764694717853],[152.4361974281595,-24.970276629825698],[152.43659826437272,-24.97176016077428],[152.43719022044732,-24.97191186171501],[152.43820339644967,-24.97110921862227],[152.43809304036924,-24.970516510637932],[152.43763669227977,-24.970128681685846],[152.43956701042126,-24.96976121349971],[152.44086215461948,-24.97039061436759],[152.44154981750424,-24.968855342312732],[152.44208458653281,-24.96866417126191],[152.44232897959853,-24.969022921235045],[152.44304669555515,-24.968072413172447],[152.4436820115797,-24.96776546311267],[152.44457787873202,-24.968329395020262],[152.44557311478766,-24.967993479925454],[152.44567352788172,-24.968710173909738],[152.4461625999683,-24.969046802859026],[152.44993812733318,-24.969076095488614],[152.45087753832493,-24.968244236403358],[152.4510928241353,-24.96646268439682],[152.45259904923228,-24.966062455252416],[152.45431246610437,-24.963590017104618],[152.45466001101425,-24.962544066079122],[152.45443199994858,-24.962172577104493],[152.45268595675046,-24.961909432277913],[152.4527246336754,-24.961241821279604],[152.4531930446589,-24.96072282123787],[152.45438361171992,-24.960273777124797],[152.45738690098744,-24.960106742831663],[152.45812457211326,-24.96057466475547],[152.4585010372965,-24.961821353708302],[152.45937587541786,-24.962141005619912],[152.459079248257,-24.961018563658204],[152.46084964028444,-24.95981595549437],[152.4612645450332,-24.957351340473853],[152.4620337040226,-24.956638104404274],[152.46178167891287,-24.95591283343493],[152.4620806538822,-24.95541111740973],[152.46248455989326,-24.955176756372005],[152.4633063450123,-24.95551988428857],[152.46423519609544,-24.95547122919784],[152.46489946412711,-24.955202016134923],[152.4653934472213,-24.955598766083195],[152.46634235432742,-24.955729637989016],[152.46655074129382,-24.9552757419723],[152.4659154250791,-24.953971798045334],[152.46728502703564,-24.95249372492301],[152.46736095295853,-24.951779047921466],[152.4666065157579,-24.950691036004383],[152.46558691560756,-24.95024274610808],[152.46538305854222,-24.949855007131287],[152.4659519274457,-24.948576052085922],[152.46641500645975,-24.948319657042582],[152.46694645752976,-24.94848312598912],[152.46682153748105,-24.948171179003936],[152.46725662050116,-24.947989863962704],[152.46854759836373,-24.94577946385419],[152.47031803639348,-24.94459770469012],[152.47152013930418,-24.942868312586317],[152.4712879042048,-24.94221443661447],[152.4717114480146,-24.94026042358892],[152.47086047266797,-24.938012197690863],[152.4710115386328,-24.937592606679445],[152.4738711028726,-24.93730955140118],[152.4756455850899,-24.937714059223683],[152.47740725125058,-24.937649520051306],[152.4782342721428,-24.936066757983102],[152.4793577531391,-24.93512709588051],[152.48382474128084,-24.932713014461775],[152.48435631323824,-24.931922081416037],[152.4840108761746,-24.93166315045207],[152.48419318216236,-24.931411767436252],[152.48749311346083,-24.931270233113377],[152.48918204758374,-24.93094561895021],[152.48920626853678,-24.93052825195124],[152.49047883562025,-24.930206170828928],[152.49081626465752,-24.930249093795396],[152.48795933183706,-24.93407929404462],[152.4923269352542,-24.934079294615678],[152.4971602683435,-24.922462627236133],[152.49126222878556,-24.922505566815076],[152.49099447970653,-24.922053524845083],[152.4901125805936,-24.921810014933722],[152.4890699803859,-24.920893741043596],[152.4885783933522,-24.92100533609098],[152.48639907906357,-24.920323066310527],[152.4870284631086,-24.920195247249794]],[[152.4925283265658,-24.92808844764499],[152.49258948550812,-24.927551030643397],[152.49272025862228,-24.92841167562349],[152.49240530957067,-24.928228813655885],[152.49094987665012,-24.93007840078372],[152.4888911474195,-24.929790197988225],[152.4925283265658,-24.92808844764499]],[[152.46196724742862,-24.951659736451564],[152.4609420002724,-24.95116699955617],[152.46118462922286,-24.95055012453743],[152.46225676643024,-24.951438565424997],[152.46196724742862,-24.951659736451564]],[[152.4604961696306,-24.954562814572117],[152.46103785267712,-24.954517822519318],[152.46082249971113,-24.954980999536684],[152.4604961696306,-24.954562814572117]],[[152.45235949985522,-24.9545869993699],[152.45236278795068,-24.95539342036295],[152.45163499984537,-24.955089999436794],[152.4516408229124,-24.955654280431645],[152.45049949985267,-24.95607299954011],[152.44989399974816,-24.95567799960268],[152.4501834997261,-24.955256499577793],[152.45235949985522,-24.9545869993699]],[[152.4475469685641,-24.964497930760558],[152.44873245162512,-24.96405369364799],[152.4488054696713,-24.964384931638133],[152.44763446860884,-24.96480643074947],[152.4475469685641,-24.964497930760558]],[[152.4468828785351,-24.964790585823273],[152.4467039995578,-24.965127998838046],[152.44750236869984,-24.965684707755216],[152.4470169106784,-24.965896166801066],[152.44667149973884,-24.966688998828417],[152.4456055004621,-24.965208498945106],[152.44573312741414,-24.96469837993677],[152.4468828785351,-24.964790585823273]],[[152.44713105353244,-24.964566285800757],[152.44626335943926,-24.964480380886528],[152.4467195004603,-24.964288998843422],[152.44713105353244,-24.964566285800757]],[[152.4458880003745,-24.964236498925317],[152.44617137343167,-24.9644909768955],[152.44576750037456,-24.964334498936363],[152.4458880003745,-24.964236498925317]]]}},{"type":"Feature","properties":{"name":"Elliott River","zt":"GUZ","zid":"GUZ08","notake":false},"geometry":{"type":"Polygon","coordinates":[[[152.4718269315828,-24.91956262974723],[152.4708269314382,-24.91914596284876],[152.46949359815156,-24.917795962990667],[152.46938437721033,-24.918382425996608],[152.46995497137127,-24.9192847229332],[152.47174801062957,-24.9200223537512],[152.4718269315828,-24.91956262974723]]]}},{"type":"Feature","properties":{"name":"Riverview North","zt":"GUZ","zid":"GUZ09","notake":false},"geometry":{"type":"Polygon","coordinates":[[[152.48289694769514,-24.92003395665678],[152.48171615285224,-24.92231938375398],[152.48344359969366,-24.919579295606848],[152.4865542209906,-24.91957929430142],[152.48546232583158,-24.91911558941244],[152.48497894879898,-24.919229569458953],[152.48452023872727,-24.91899410550589],[152.48463765669814,-24.918651741497232],[152.48425630867305,-24.918747621533832],[152.4840407766144,-24.918425113557685],[152.48347693257924,-24.918582907611725],[152.48106026571406,-24.9216792958236],[152.48004359982565,-24.92344596290895],[152.47729359964953,-24.92417929617284],[152.47479723556344,-24.925469192407295],[152.47486964269407,-24.926516779391644],[152.47604142075434,-24.9260796432802],[152.4759361946954,-24.925665134293936],[152.47631128176474,-24.925949638254764],[152.47606631476788,-24.926173833276998],[152.47491550570754,-24.926593989386465],[152.4754037388806,-24.927665741329793],[152.4752160779008,-24.927988127345575],[152.4759832719857,-24.928086797269465],[152.476389333992,-24.92781121523185],[152.4760561310376,-24.928468028259207],[152.475668179981,-24.92830222729859],[152.47505430898346,-24.928819000354615],[152.47478447700658,-24.929233963377715],[152.47501881406615,-24.929548591352116],[152.47649938609683,-24.928610572214495],[152.47651088172432,-24.925445962239287],[152.47751026673123,-24.92469596214736],[152.48017693392885,-24.92421262888952],[152.48117409190198,-24.923179204800153],[152.48031437587872,-24.923676953880435],[152.48196215267123,-24.92058662974404],[152.48289694769514,-24.92003395665678]]]}},{"type":"Feature","properties":{"name":"Riverview South","zt":"GUZ","zid":"GUZ10","notake":false},"geometry":{"type":"Polygon","coordinates":[[[152.47431702105243,-24.929999755417317],[152.47419060401984,-24.929826349431146],[152.4729878669707,-24.930382963544627],[152.4695250628654,-24.932293445868766],[152.46991882796334,-24.932804713825966],[152.47431702105243,-24.929999755417317]]]}},{"type":"Feature","properties":{"name":"Central Hervey Bay","zt":"MNP","zid":"MNP04","notake":true},"geometry":{"type":"Polygon","coordinates":[[[152.80999363367226,-24.94342926314013],[152.8891603082135,-24.94342925525322],[152.88916029056062,-24.79617925646279],[152.72832694134644,-24.796179272459135],[152.72832695888724,-24.943429271250228],[152.78332696413088,-24.943429265791213],[152.783326959851,-24.907612599085084],[152.80999362938786,-24.907612596434035],[152.80999363367226,-24.94342926314013]]]}},{"type":"Feature","properties":{"name":"Twenty-Five Fathom Hole","zt":"CPZ","zid":"CPZ09","notake":false},"geometry":{"type":"Polygon","coordinates":[[[152.80999363367226,-24.94342926314013],[152.80999362938786,-24.907612596434035],[152.783326959851,-24.907612599085084],[152.78332696413088,-24.943429265791213],[152.80999363367226,-24.94342926314013]]]}},{"type":"Feature","properties":{"name":"Coonarr Creek","zt":"CPZ","zid":"CPZ13","notake":false},"geometry":{"type":"Polygon","coordinates":[[[152.48548953068004,-24.96014397907353],[152.48578248162306,-24.959424346050664],[152.4849021955388,-24.95942434613708],[152.48475123289376,-24.96255106512631],[152.48363596928874,-24.966796740201023],[152.4820198042745,-24.96798467534993],[152.48189838432205,-24.968485776357742],[152.48326931192236,-24.97245591019066],[152.48437163210616,-24.973118818076987],[152.48391420323824,-24.974606729109745],[152.4834611492339,-24.974937177151524],[152.48168724799987,-24.974392979330126],[152.4812521499958,-24.9747115153702],[152.48129570922546,-24.976619469350336],[152.4823702064752,-24.977862628234618],[152.48272147550884,-24.97786262820013],[152.4816969012724,-24.976691320310323],[152.48144396715594,-24.975911432341537],[152.48160099001754,-24.974612477336773],[152.48328361135594,-24.976113666159286],[152.48465835643592,-24.975676555027924],[152.4858179413206,-24.97376155192972],[152.48737674633986,-24.972662958785648],[152.48739292628173,-24.9721570857882],[152.48686787816476,-24.971593267844376],[152.48748229917152,-24.971152892787668],[152.48803533623743,-24.971262190732457],[152.48850061935096,-24.971845961681957],[152.49344360682392,-24.971845960196518],[152.49344360609828,-24.965707071246815],[152.48850927766236,-24.966012627728915],[152.4885959758881,-24.967852583705355],[152.48850036678877,-24.967089797721],[152.4878946666712,-24.96658467878458],[152.48810081669228,-24.966596730764234],[152.48777343054084,-24.96558006480472],[152.4881429065235,-24.96513463677211],[152.4877787844446,-24.964761529810886],[152.48753709612294,-24.962234358855323],[152.48736625205657,-24.96181200387554],[152.4866957399919,-24.961806789941445],[152.48682709677084,-24.959829698944784],[152.48594384066774,-24.959671703032768],[152.48548953068004,-24.96014397907353]]]}},{"type":"Feature","properties":{"name":"Theodolite Creek","zt":"CPZ","zid":"CPZ17","notake":false},"geometry":{"type":"Polygon","coordinates":[[[152.54695857773712,-25.079741853051182],[152.54596824755436,-25.07900364715469],[152.54640464055785,-25.078679564114392],[152.5471422737304,-25.07953617103476],[152.54745874173207,-25.079293466005602],[152.54724549365633,-25.078828172030367],[152.54590400342713,-25.077984286169322],[152.5462230585356,-25.078638995132565],[152.54461760814345,-25.076636037306997],[152.54367520307238,-25.07679999339839],[152.5435270821504,-25.07757795740662],[152.5432403560868,-25.07727457643734],[152.5436227800392,-25.07656326640549],[152.54532295908785,-25.075596458246068],[152.54427868181847,-25.074172258360544],[152.5445975288136,-25.07387244633156],[152.54532695793412,-25.074297456256314],[152.54524545427245,-25.068786315309435],[152.5414341559943,-25.069530188678424],[152.53988606707404,-25.071455876815037],[152.5395969232929,-25.073535209826456],[152.53910399026168,-25.073671965873874],[152.53827484529285,-25.07460696594778],[152.53842180034346,-25.074914331930817],[152.53814378932702,-25.07500116495747],[152.53808635639328,-25.075605353958192],[152.53709318945488,-25.076930398045075],[152.53412358931465,-25.078155477327215],[152.5316477902815,-25.079883221556646],[152.53079772315226,-25.079482566643573],[152.53080032284117,-25.076857342664763],[152.52977056753804,-25.075136076780144],[152.5297011123887,-25.073933186796808],[152.52672598880216,-25.071399699110202],[152.52522372239454,-25.06917946627612],[152.52429677820757,-25.068353610374043],[152.52321850111065,-25.068410655479603],[152.5230294561033,-25.06850152149745],[152.5234138121719,-25.068769298457493],[152.52234105611427,-25.06915286555981],[152.52187550125237,-25.07069552059301],[152.52046623324526,-25.0717780657227],[152.5201761923262,-25.072695956743697],[152.52124463742888,-25.072695956638626],[152.52280895430093,-25.070347803504053],[152.5234615843189,-25.06997050144295],[152.52320665135974,-25.070521157463485],[152.52337330445692,-25.071206184441532],[152.52201695954233,-25.07302630655999],[152.5214968955222,-25.0732778406091],[152.52113521968096,-25.07491068763131],[152.520680936646,-25.074984611675347],[152.52069597067828,-25.07524452067179],[152.52191838587584,-25.07591895354602],[152.52293812021077,-25.07791763342938],[152.52438954341807,-25.078488684281982],[152.5258103725201,-25.078196360144666],[152.52692868155182,-25.077557326039862],[152.52775899965044,-25.077715657956926],[152.52762199961515,-25.07752899897191],[152.52912152472024,-25.077199533827116],[152.52899170576154,-25.07765278083618],[152.52797376667147,-25.077718801935767],[152.52970589994342,-25.078607420758164],[152.53049852323954,-25.080461099664973],[152.53163192344743,-25.08129493154666],[152.53161906849562,-25.081711742544503],[152.5318374004281,-25.08096528752914],[152.53289645853886,-25.08104035942432],[152.53504499786527,-25.082049540204725],[152.5360878332715,-25.08462833508099],[152.5332916041212,-25.085629289347928],[152.53997281276395,-25.085629288690534],[152.53849862241918,-25.083918709849563],[152.53853176731465,-25.083010875853763],[152.53935310634543,-25.08260397777629],[152.53929988329136,-25.08219175378487],[152.5404109783849,-25.082079888676454],[152.53903516706788,-25.08052311982459],[152.53792542200478,-25.080890876930784],[152.5375997439167,-25.080412142966708],[152.5384407898674,-25.079314808892946],[152.54091942303205,-25.078693788654117],[152.54261596232007,-25.079745954478565],[152.54695857773712,-25.079741853051182]]]}},{"type":"Feature","properties":{"name":"Woodgate","zt":"CPZ","zid":"CPZ18","notake":false},"geometry":{"type":"Polygon","coordinates":[[[152.58166029801603,-25.10449595043037],[152.5711602944923,-25.083345951638172],[152.5528102927277,-25.083345953445555],[152.55392695929015,-25.08717928730428],[152.5575102946106,-25.095395952884214],[152.56437696235238,-25.104495952133465],[152.58166029801603,-25.10449595043037]]]}},{"type":"Feature","properties":{"name":"Burrum River","zt":"CPZ","zid":"CPZ19","notake":false},"geometry":{"type":"Polygon","coordinates":[[[152.46543441007137,-25.15726570742908],[152.46961814244162,-25.15697988002092],[152.47010087951438,-25.15720049897175],[152.46979297665726,-25.158658078990022],[152.46786441684918,-25.161849788153205],[152.46711972385094,-25.16247222522119],[152.46740011089955,-25.16265398919218],[152.47004749574145,-25.15916114196099],[152.47086530854628,-25.156846618899607],[152.4801171789771,-25.15294213502339],[152.4835167151555,-25.15167657269994],[152.48446342324183,-25.151633545607396],[152.48804245071378,-25.152699924247187],[152.48889863497953,-25.1542443551505],[152.4929800176142,-25.15627334273305],[152.49408089390755,-25.157850287612042],[152.49574316320846,-25.159033983439087],[152.4973608784193,-25.1594948242764],[152.5007265277588,-25.15961664794469],[152.50183373680784,-25.159128627839916],[152.50195253567193,-25.157886376838388],[152.50131303755063,-25.15738369390534],[152.50032615746184,-25.15743884300186],[152.49928297131768,-25.15707233410734],[152.49897496394593,-25.15418917616119],[152.497497081585,-25.152349300321404],[152.49754074952608,-25.151816606321443],[152.50036897466285,-25.150667339052962],[152.50195679769658,-25.149659341905192],[152.5044416636311,-25.147084921682094],[152.50483426549826,-25.14564614665528],[152.5056046315427,-25.14539398258159],[152.5070780888396,-25.146697125426183],[152.5084070121932,-25.148597299280002],[152.50996914543728,-25.14938359612003],[152.50986428649722,-25.14997404712555],[152.51007668856874,-25.150404041101154],[152.51011881252572,-25.150007610100246],[152.5156809178844,-25.14850550356571],[152.51906084125395,-25.14887047223044],[152.52034218042928,-25.149305915100904],[152.52155210470318,-25.150630267971096],[152.5218769019706,-25.152618307922918],[152.52164229601175,-25.153156166941535],[152.52194923101368,-25.152922855913282],[152.52348207046242,-25.155456401741827],[152.52333697349692,-25.155864869752754],[152.52358564149097,-25.155612991730383],[152.5253500537975,-25.156759675547473],[152.5291205421646,-25.1567858081764],[152.53077929464715,-25.15950018799104],[152.53060536079198,-25.16086140199706],[152.53003676179904,-25.16138298004868],[152.5289506539571,-25.16359686813746],[152.5287575269524,-25.16371421415547],[152.5287853548389,-25.162736385160752],[152.52838492377364,-25.16251286020195],[152.5286047088354,-25.162853657177525],[152.52837441090423,-25.163620918193924],[152.52757965785307,-25.163835584270377],[152.5282831559524,-25.164100914198993],[152.52799339606386,-25.165274932217887],[152.52833568323229,-25.166414089174907],[152.5308537396776,-25.168115663913287],[152.53124516280056,-25.168832712868923],[152.53094820379346,-25.169014602896656],[152.5317286689537,-25.169728342814032],[152.53189417004256,-25.170342160792774],[152.53184669008837,-25.170766739793944],[152.53182099204355,-25.17040982079943],[152.53155211302456,-25.170468830825378],[152.53160489714304,-25.171423438812404],[152.5312834341012,-25.171332373844738],[152.53112040017,-25.172044486854958],[152.5330568624339,-25.172690987659173],[152.534065471628,-25.173504672553324],[152.53402879866425,-25.173839010554158],[152.5332812496456,-25.174290458624053],[152.53378450576886,-25.174918635569366],[152.53280654671423,-25.175254139662854],[152.53240117059215,-25.174556587708427],[152.5321917786486,-25.1752018977238],[152.53093637449524,-25.174931590849493],[152.5300372954318,-25.175129560936323],[152.5296767754419,-25.175507486968698],[152.52965847663606,-25.17715677795699],[152.5272893144014,-25.177108980190447],[152.52651709018127,-25.175883866276408],[152.52536067216397,-25.176679558383636],[152.52550153625043,-25.177292507364786],[152.52442551106216,-25.176582391476426],[152.5243519640937,-25.176908554481003],[152.52233445087208,-25.17668369168124],[152.52186974187697,-25.177103428723516],[152.52168842681664,-25.17674294074428],[152.52195061682235,-25.176577120719852],[152.521953260765,-25.176091919723554],[152.52096780669086,-25.176270379819027],[152.5201954335378,-25.175609364900374],[152.52003838958564,-25.176140459911473],[152.51947659856614,-25.17643313396431],[152.5196850385414,-25.176054799946893],[152.51920391234137,-25.174762753004767],[152.5189244373623,-25.17516572002897],[152.51840690428048,-25.174898031082055],[152.51857502120143,-25.174096028072082],[152.51798681813696,-25.174031782130424],[152.51766630514743,-25.17438013515908],[152.5178115872128,-25.17481270114128],[152.51760742916292,-25.174558575163427],[152.51660424914655,-25.1752372372565],[152.51571927099928,-25.174717550347737],[152.5166669671776,-25.1754478432486],[152.51750025619313,-25.174900743171136],[152.51801078925186,-25.17497989912032],[152.51791613316252,-25.17430430913513],[152.5182369121788,-25.174179888104593],[152.51831057828753,-25.175036231090367],[152.51931005741818,-25.175322875989757],[152.51951772253378,-25.176127986962754],[152.51930888857623,-25.176654986979],[152.52041831062945,-25.176200276873587],[152.52136538877082,-25.176620319777033],[152.5218696557733,-25.176230799730636],[152.52131962180192,-25.17691907577911],[152.52176668892355,-25.177579555729764],[152.52235464397796,-25.177559310672073],[152.52238166802184,-25.177906276666594],[152.52116501091473,-25.17799458778553],[152.52078541195522,-25.178644287817555],[152.52190760109033,-25.17886933170533],[152.52280533324887,-25.17947370961211],[152.52262984526695,-25.17976834362697],[152.52189384413765,-25.179278877703368],[152.52022414406483,-25.180024775861465],[152.51965665612877,-25.181025153909108],[152.5198714222758,-25.182088587879285],[152.51801486814503,-25.18249805505848],[152.5169679162454,-25.18419565714755],[152.51576862510163,-25.183961621267375],[152.51545704911405,-25.184319577295096],[152.5154615721711,-25.184797189290745],[152.5157527701184,-25.18411623626766],[152.51704511827083,-25.184347576138737],[152.51814827516614,-25.182568164044774],[152.520379489348,-25.18228226582778],[152.51979791118106,-25.18135041989255],[152.52020147408015,-25.18017231586247],[152.52179291814326,-25.179408132712222],[152.52271542028495,-25.179850734617922],[152.52289338425908,-25.179487823603356],[152.52281038523094,-25.179318412612904],[152.52175381005813,-25.17872331272167],[152.52087650396172,-25.178625649808783],[152.52124892892917,-25.178048080776847],[152.52251649603426,-25.177901096653354],[152.52235915589637,-25.176868365677315],[152.5245192871296,-25.17707455146315],[152.52578175134755,-25.177882335332406],[152.52684491935526,-25.177082277234387],[152.5269087934969,-25.17822241721875],[152.52859920977485,-25.179187595044603],[152.53141407985763,-25.177593486780765],[152.53080671366268,-25.176447068849875],[152.5303694706144,-25.17639598289331],[152.53031279152302,-25.17567262690477],[152.53064829551855,-25.17536210787431],[152.53106656864247,-25.176065018827423],[152.53233379476774,-25.17608870470253],[152.53362475298934,-25.176904752568863],[152.53467831802283,-25.17632965646992],[152.53544425215318,-25.17680350639068],[152.53513418104464,-25.17614208142661],[152.53634687507557,-25.17541640931324],[152.53661487309265,-25.17534197028746],[152.53698471918258,-25.175798072247336],[152.5369548051154,-25.175257741254683],[152.53849204623756,-25.17503496910525],[152.54188071242345,-25.17384432178152],[152.54495923976614,-25.174225843475387],[152.54438945679104,-25.17489760352597],[152.54689560092666,-25.174001931286604],[152.5486615451062,-25.174076795112136],[152.55302622881885,-25.176524698662426],[152.55068729077664,-25.17807017188006],[152.55001384773132,-25.17823641594502],[152.54965207666208,-25.177948175982994],[152.54947673470642,-25.17846286899608],[152.54700019174575,-25.180807388220675],[152.54674735669207,-25.1805608642476],[152.5462797947831,-25.181707158284233],[152.5455335297814,-25.182299434352863],[152.54392822068775,-25.182816676506658],[152.543549179629,-25.182631030545483],[152.54329813952072,-25.181923992575946],[152.54181227751556,-25.18308862271268],[152.541043356358,-25.18238866179406],[152.54034405938083,-25.183149202856697],[152.538785622269,-25.183475374007383],[152.5384340293015,-25.184034868037426],[152.5385483353489,-25.184341094023647],[152.53880782434433,-25.184091545000154],[152.53928231442674,-25.184399104950963],[152.5405365295444,-25.18436892982777],[152.5408535146105,-25.184666877794175],[152.54052015375268,-25.186134292814963],[152.53974192581663,-25.18730577688197],[152.5395212769534,-25.18863547489283],[152.53918577094717,-25.188856671924004],[152.53949456904155,-25.189399433889196],[152.5396804735902,-25.193863107834456],[152.54084774177437,-25.194462620714692],[152.54136030475254,-25.19386262066913],[152.54266030496152,-25.19456262053546],[152.54582697171162,-25.19829595319328],[152.5471103062005,-25.201362620041895],[152.5458995001607,-25.202012999155798],[152.5461585001972,-25.202108999129507],[152.54387050020833,-25.20406449933874],[152.5463530002327,-25.202248999109205],[152.54464950034702,-25.204596999257742],[152.54354241226352,-25.204794971365065],[152.5437410002058,-25.20414799935083],[152.54232822818548,-25.205126505481854],[152.54175171724128,-25.206065753530936],[152.54199663729372,-25.206307360504887],[152.54243969331176,-25.206098467462944],[152.54353868328155,-25.204949791364193],[152.5426575003346,-25.206113499441393],[152.54365700039543,-25.205810999345474],[152.5435745003616,-25.205594499355374],[152.54389250043118,-25.205919999321413],[152.53919138014888,-25.207372067772205],[152.53546749971858,-25.20678449914349],[152.5355149997605,-25.20709799913621],[152.53430259372323,-25.207771787250028],[152.53394759666577,-25.207576593286536],[152.53422245072085,-25.20781687325754],[152.53363710270293,-25.208142487312493],[152.53394349975898,-25.208363999280543],[152.53355121072414,-25.208390926318877],[152.5335501017781,-25.208845621315312],[152.53391016981325,-25.208848190279845],[152.5336459438362,-25.209256666302466],[152.53411954289695,-25.209381200254867],[152.53464850020276,-25.21152399918534],[152.53492490713413,-25.2107214651647],[152.53479778324805,-25.211782705168535],[152.53384450017845,-25.211973999260774],[152.5344305002533,-25.212126499201887],[152.53412450023347,-25.21220799923129],[152.5327085000511,-25.211827499373708],[152.53196790780967,-25.210399358458258],[152.53071464563544,-25.209954753585205],[152.5281839973603,-25.20970035183618],[152.52505689913338,-25.210338547138562],[152.52394873627355,-25.212420090230573],[152.52411682236342,-25.213039904208934],[152.523749902603,-25.21535410622614],[152.5178549656999,-25.220973669759918],[152.51669096858012,-25.22091497387484],[152.51459878716838,-25.21915458009495],[152.51253927489438,-25.21852793430253],[152.51082281042744,-25.215996257491906],[152.5117488654991,-25.215843967402147],[152.5128140604448,-25.21451816630827],[152.51297005534227,-25.213527925301012],[152.51272658822919,-25.21277464733109],[152.51123837784266,-25.210734021494073],[152.51065293161852,-25.209323468563095],[152.510163397521,-25.20890164861468],[152.5084820763053,-25.208455844783586],[152.50345399981978,-25.208466588277613],[152.50204537778967,-25.209361575408767],[152.50174092086755,-25.21026552043125],[152.5019920449214,-25.210514381404593],[152.50171317991555,-25.210693002430503],[152.49850724846434,-25.209505883755206],[152.4952089410837,-25.20898972408346],[152.4943724420227,-25.209157995164215],[152.49090491188267,-25.21080790449139],[152.48842980692507,-25.21318416271505],[152.4851313158327,-25.215098127023374],[152.48425349585045,-25.215964711102476],[152.48240911975373,-25.216655253277906],[152.47407559390905,-25.216340073098607],[152.4739355519932,-25.21716394910559],[152.477896586378,-25.21717279371673],[152.4827705549355,-25.217891796232337],[152.48357379399826,-25.217765055154516],[152.48445093604448,-25.217438905071024],[152.4859829469744,-25.215597560935652],[152.48939026908548,-25.213752462616064],[152.49168260402325,-25.211357555410476],[152.49389258008878,-25.210106677203616],[152.49544470019055,-25.20969748405449],[152.4973439804202,-25.210083065864787],[152.49785535753793,-25.210658228809855],[152.49953139577147,-25.211258224640233],[152.49942361587156,-25.212189360643244],[152.49971596577436,-25.211132302623138],[152.50203541501423,-25.211261021394204],[152.50360347493938,-25.209351525255737],[152.50901988944744,-25.209214120724543],[152.51022639063302,-25.209793626601183],[152.51160337013434,-25.21289130244057],[152.50990159133002,-25.215926996583065],[152.50994189838204,-25.216331861575792],[152.51109188763817,-25.21755093245278],[152.51098295277674,-25.21880595345326],[152.51185288995043,-25.21955932636155],[152.5145087652756,-25.22013021509582],[152.5150251893719,-25.22051994104183],[152.5146249403675,-25.220808905078886],[152.51540516953577,-25.221590035995792],[152.51497447039134,-25.220725021045148],[152.51679529769282,-25.221778238857574],[152.51845639183355,-25.221608168695614],[152.52549762475712,-25.215227214055275],[152.5262816554411,-25.211929782005065],[152.5260578693471,-25.21132105503208],[152.52630350731445,-25.210845931011793],[152.5266505033456,-25.210825456977847],[152.5284564715541,-25.211109346797883],[152.5304494129327,-25.21267100358911],[152.53157293109152,-25.213092192475152],[152.53400500935163,-25.21329989223414],[152.53623115344257,-25.212252012023683],[152.53646277594217,-25.2162655659681],[152.53644380697187,-25.216530142967812],[152.53612973493614,-25.21648589399908],[152.5366045870345,-25.216926002948775],[152.53671048212274,-25.21758248793296],[152.53579710413047,-25.218390896016246],[152.53561936318175,-25.218967094029],[152.5367544371704,-25.217947541925636],[152.5372570002816,-25.21847299887193],[152.53801199956334,-25.22022799878332],[152.53970449998727,-25.22241449959889],[152.53943950001104,-25.222830499621555],[152.53897322297243,-25.222885334666987],[152.53892845002585,-25.223370861667465],[152.54389232350812,-25.223383366178805],[152.5430608622322,-25.221740163274035],[152.5424628107896,-25.218506179359352],[152.54108180931416,-25.215632743518714],[152.54081576884403,-25.211896207575407],[152.542022250823,-25.21073719846614],[152.54364485989478,-25.210020750312296],[152.5445925669831,-25.209992147219268],[152.54866540407212,-25.207425853839286],[152.54875108921155,-25.200121189890506],[152.54835765894214,-25.198175288945144],[152.54804610790498,-25.198116965976315],[152.5474739776952,-25.196817521043233],[152.54779684263224,-25.19602598301794],[152.54778157920407,-25.192437709048768],[152.54828613297414,-25.190093844018243],[152.54923699078134,-25.187699018944198],[152.55039654672908,-25.18631697284132],[152.55397850283381,-25.184286079505206],[152.55415902786933,-25.18443742248621],[152.5570195849006,-25.182376118221374],[152.56017640210783,-25.181553883917214],[152.56449077951552,-25.181476048492865],[152.5669080417977,-25.181884603251383],[152.5698648552148,-25.182989404951083],[152.57278541254777,-25.183415231659776],[152.5762456670695,-25.18498963130595],[152.5764305181308,-25.18535405528477],[152.57976530453922,-25.186077676950177],[152.580235551629,-25.186450665900736],[152.57970969056274,-25.186320271953644],[152.58002607663883,-25.1867035419193],[152.58034177666627,-25.186676816888422],[152.58351936126968,-25.18916638755485],[152.58484558944318,-25.189546791421],[152.58759549295345,-25.191599636133088],[152.58935724907306,-25.191173547962855],[152.58906952998552,-25.19067275099535],[152.58812875390123,-25.190728573087636],[152.58913021790073,-25.189911117995585],[152.58820269783547,-25.19011588008535],[152.58853401783168,-25.189815018055135],[152.5919414491857,-25.190022325717457],[152.5930624652142,-25.189352290612355],[152.5951385733536,-25.188838807411816],[152.5976841743784,-25.186981233175946],[152.59921059845553,-25.1863911270302],[152.60365271383858,-25.186003993595108],[152.6034980787919,-25.185737266612563],[152.60637680395067,-25.184735796336707],[152.6063997297488,-25.18302336234843],[152.60786340389214,-25.18303958220388],[152.61150900015934,-25.182327113849915],[152.6147603104624,-25.18223483552976],[152.61476030945173,-25.173756002599085],[152.61178188907212,-25.172983598899343],[152.60974981289877,-25.173175208098332],[152.60885934469474,-25.172184131194328],[152.60448772406727,-25.170460486639755],[152.60236407781687,-25.170079287852385],[152.60091601159314,-25.169375410001024],[152.5999786215371,-25.169664542091127],[152.598949601424,-25.169548742193562],[152.5986022123513,-25.16921967723052],[152.59685984421333,-25.169473799400294],[152.59506734514437,-25.170347521569948],[152.59322697296008,-25.170292701751894],[152.59349364008943,-25.17116261571852],[152.58999363986652,-25.172129283055753],[152.58847697273802,-25.172279283204098],[152.5850103063457,-25.171795949549825],[152.58367697216335,-25.17134594968494],[152.58272697191686,-25.170045949789216],[152.58366470593202,-25.169412616701926],[152.58048246107737,-25.16481295105325],[152.57809255274964,-25.16399828229544],[152.57299195522765,-25.163749672800183],[152.5726750111697,-25.163519817833294],[152.57302581617137,-25.16324905180091],[152.57166822405458,-25.163368667933728],[152.57209997912582,-25.16361693188913],[152.5705614191436,-25.16501546002935],[152.5673319789693,-25.16617094933805],[152.56587071595723,-25.16725591847314],[152.56233919074833,-25.16836645381192],[152.560219188693,-25.169623304010464],[152.55919392851007,-25.168917735117248],[152.55933312744492,-25.168256245108882],[152.55810544438205,-25.168725058225974],[152.5568546112447,-25.168585442350352],[152.55541181816213,-25.169062986488484],[152.55475946607464,-25.168857265554422],[152.55166458880706,-25.169120109856966],[152.54890875648002,-25.168608687132494],[152.54798787809594,-25.166125277243406],[152.54971990008733,-25.164645243084994],[152.5499052450299,-25.16401166607196],[152.54953361198366,-25.16392455410923],[152.54953531192888,-25.16346238811288],[152.54907928993072,-25.16384793215459],[152.5477678328291,-25.164058888281964],[152.54650881066044,-25.163662742409183],[152.5456784437025,-25.16469201048248],[152.54516430066874,-25.164824787532034],[152.54536252276844,-25.16550252150694],[152.54490774381298,-25.166247376545616],[152.54520292190332,-25.166767942512358],[152.54287622175093,-25.167375876736354],[152.5423000996755,-25.167209720794425],[152.54211613372757,-25.167797742807718],[152.54081468967578,-25.168419419930736],[152.54017740068645,-25.169027242988474],[152.54020526572947,-25.169366695982948],[152.53921318769133,-25.169851965076642],[152.5396308077823,-25.170277781032024],[152.54008989181838,-25.170208682987425],[152.5399293038527,-25.17062747099981],[152.54032128202286,-25.171741406952147],[152.54066901800454,-25.171303832921513],[152.54103218409332,-25.171756524882092],[152.54080228610854,-25.172071671902117],[152.53977196098933,-25.17190583600486],[152.537093529606,-25.170856941277002],[152.53445029615415,-25.169203363550594],[152.5333151145493,-25.165034733696363],[152.53137791233348,-25.164792060888924],[152.53072497238915,-25.165791815945],[152.53030287021363,-25.16465738999576],[152.52957285213228,-25.16456594206835],[152.5304432291388,-25.16391348698804],[152.53168078483023,-25.160309603895765],[152.53167855472182,-25.159398178903402],[152.53047648830005,-25.156824141042716],[152.52995199014893,-25.15597787410119],[152.52885987599353,-25.155557229212096],[152.52590516171847,-25.15564294850198],[152.52461043652391,-25.15505697563412],[152.52384165730888,-25.153870090719444],[152.5224921407158,-25.149971453884014],[152.52162224051705,-25.149004413977472],[152.51955128520135,-25.148028738189105],[152.5150063626945,-25.147454246640653],[152.5135119555799,-25.147703869785527],[152.51163829053837,-25.148877269960092],[152.5100495743944,-25.148956693115643],[152.50919324928566,-25.148736506201594],[152.50697918976604,-25.1461577114403],[152.50550236851646,-25.145255167592776],[152.5045388884431,-25.145420779686113],[152.5044515024017,-25.145142938696996],[152.5038084133956,-25.145615039756283],[152.50290342562428,-25.148279541823456],[152.50041549859466,-25.150054243053408],[152.49883212045435,-25.150160000208132],[152.49701600440298,-25.151205939378006],[152.49539332110209,-25.14998926154736],[152.49374850104155,-25.150817796702142],[152.4952664671417,-25.150426290556265],[152.49535755811675,-25.150141998549646],[152.4970088234195,-25.151351026377544],[152.49687771454683,-25.152531370380753],[152.49826277796697,-25.154946200224973],[152.49810881921212,-25.157138883222146],[152.498909697372,-25.15783426113777],[152.50120954962497,-25.158094799909694],[152.50136571368782,-25.158497294891063],[152.50078648269672,-25.159043720943526],[152.49979347661647,-25.15917598403997],[152.49578948313322,-25.15836169543999],[152.4949319809858,-25.157817176528724],[152.49323977358566,-25.155821110711237],[152.49113417428907,-25.155033996924505],[152.48940295698742,-25.153900131103764],[152.48852413871316,-25.15230290520311],[152.48439011016467,-25.151042915619396],[152.47978730483743,-25.15203149506324],[152.47907329384316,-25.152661561128177],[152.47665423171568,-25.153556726358296],[152.47390857263528,-25.155116937615077],[152.47074673344642,-25.156100204917333],[152.4680523802549,-25.156680441177024],[152.46429362587654,-25.156551071546843],[152.46429362692086,-25.156925484543816],[152.46543441007137,-25.15726570742908]],[[152.5318169998972,-25.169181498809838],[152.53161399978612,-25.168410998836126],[152.53347250016392,-25.170079999639608],[152.53323050015786,-25.17022649966227],[152.53371000023935,-25.170522499612648],[152.5333400002961,-25.171300999642654],[152.53273200020112,-25.170995499705008],[152.5321590002311,-25.171713999755507],[152.5326960001007,-25.17017949971524],[152.5325135000111,-25.169573999738123],[152.5327535000436,-25.169651999713857],[152.5318169998972,-25.169181498809838]],[[152.53415400046714,-25.172078999556238],[152.53390600030795,-25.170939999589923],[152.5343870003813,-25.17116699954082],[152.53415400046714,-25.172078999556238]],[[152.5572154997009,-25.172128499285854],[152.55622299954916,-25.17165899938741],[152.55551385530592,-25.17018959746926],[152.55591949433682,-25.17012008842987],[152.5559136803893,-25.170565451426793],[152.5562441743624,-25.17007090439831],[152.55677168743853,-25.170283208344642],[152.5563389875005,-25.171155470380082],[152.55736325262455,-25.171366890277472],[152.55722385365448,-25.171731523288216],[152.55752249969447,-25.171825999258044],[152.5572154997009,-25.172128499285854]],[[152.54833598895848,-25.173098728152176],[152.54913030903,-25.173055575074343],[152.5496531951134,-25.173332123020593],[152.54893375404447,-25.17333709909139],[152.54833598895848,-25.173098728152176]],[[152.53543749991744,-25.208480999132565],[152.53574349992394,-25.20828649910403],[152.53607799999898,-25.208644999068184],[152.53596150007985,-25.209420999073362],[152.53543749991744,-25.208480999132565]]]}},{"type":"Feature","properties":{"name":"Isis River","zt":"MNP","zid":"MNP15","notake":true},"geometry":{"type":"Polygon","coordinates":[[[152.47407559390905,-25.216340073098607],[152.4686559442097,-25.21486915564246],[152.46653343009928,-25.215671984844178],[152.46547484412895,-25.216787321938977],[152.46462927030908,-25.218998006003872],[152.4626719062721,-25.220285884185362],[152.46186744431964,-25.22134438825565],[152.45934175732341,-25.223440899486306],[152.45322912211938,-25.226717128059104],[152.45224363312414,-25.227563978148858],[152.45224363318948,-25.228115217144346],[152.4536419812023,-25.227079286015694],[152.45963805940565,-25.223892285453555],[152.46277372540098,-25.221288941167238],[152.46442797845538,-25.22039599601219],[152.4655271843552,-25.218653409918588],[152.46583362720384,-25.21712639790099],[152.46691046717706,-25.216020940804388],[152.46820429023947,-25.215489424681742],[152.46963558337316,-25.21544741754165],[152.47393457499308,-25.217163778105682],[152.47407559390905,-25.216340073098607]],[[152.46301657936004,-25.220745799147828],[152.46304050032558,-25.22043499914804],[152.46379841734645,-25.2199916930773],[152.46301657936004,-25.220745799147828]]]}},{"type":"Feature","properties":{"name":"Cherwell and Upper Burrum Rivers","zt":"HPZ","zid":"HPZ13","notake":false},"geometry":{"type":"Polygon","coordinates":[[[152.54389232350812,-25.223383366178805],[152.53892845002585,-25.223370861667465],[152.53903500012925,-25.224152999650567],[152.53840350019857,-25.225250999703754],[152.53878281539014,-25.226552442655784],[152.53866249951767,-25.227722499658096],[152.53880799951423,-25.227574999644947],[152.53949199967755,-25.228390999570962],[152.5411269998996,-25.2289264994057],[152.54167700006965,-25.22990749934358],[152.5424930001565,-25.229972999262756],[152.54241690824009,-25.230738594263947],[152.54092251506515,-25.230484045413135],[152.53996726081616,-25.22916901851784],[152.53798350449236,-25.228062278722145],[152.53528421935462,-25.229103262979226],[152.5343050723437,-25.22980877306979],[152.5340540393001,-25.22964697009585],[152.53373117028886,-25.229815541126204],[152.53412167432964,-25.229839706087596],[152.53416093540727,-25.230460746078663],[152.53481948354485,-25.231081827008804],[152.53780507988046,-25.231470827711824],[152.5375524600389,-25.23300861572415],[152.53794070918315,-25.233905016678595],[152.53679856817982,-25.23480802078362],[152.53452879198144,-25.23498979100553],[152.5336564260794,-25.23652397007878],[152.53143370203526,-25.2379646812857],[152.52942880216816,-25.240716143460457],[152.5278817794773,-25.244576639581126],[152.5266588334926,-25.245702512692276],[152.5268599687614,-25.24779885265536],[152.52855685610967,-25.249343534475805],[152.5273949652713,-25.251650273571276],[152.52752699150068,-25.253471652543453],[152.53022100801246,-25.255576542261267],[152.53097047310166,-25.255714896186404],[152.53215769710565,-25.254780556077208],[152.53433918623244,-25.254067669868377],[152.53474114140104,-25.255157804819966],[152.53433340459688,-25.257135442843886],[152.53234146538944,-25.25701685104087],[152.53030341930932,-25.25800508223331],[152.52972087333342,-25.258682786285075],[152.52997043047677,-25.25968469625238],[152.52962515450935,-25.260240092281776],[152.52812267839877,-25.26053658042716],[152.52370072223695,-25.262783607843758],[152.52266744249616,-25.26580623892069],[152.52408983583499,-25.26749411176707],[152.52417171708177,-25.26950175274259],[152.52009438729795,-25.274647406101582],[152.51863554921297,-25.275123804241137],[152.51739104107398,-25.274971402364766],[152.51721567699028,-25.27441123038657],[152.51772076596382,-25.27377559134212],[152.51706232882137,-25.273116260412216],[152.51402624661495,-25.273859887704663],[152.51396633865573,-25.274251879707368],[152.51719384588344,-25.2735307213959],[152.51740518193455,-25.27378793737304],[152.5167893689731,-25.274614713426836],[152.51732404510352,-25.275274484368907],[152.51877291526495,-25.275448612224995],[152.5206825813655,-25.274735040043034],[152.52301511918213,-25.271289168841783],[152.52471637013576,-25.26951109568893],[152.52450914682956,-25.267105742728972],[152.52303902155535,-25.266000634882598],[152.52412744726865,-25.262701738802477],[152.52854753346114,-25.260714046383953],[152.53006078557237,-25.26041481023749],[152.53035161552992,-25.259820579213738],[152.52996704737524,-25.258833489259604],[152.53034795834148,-25.258239098227],[152.53259178845536,-25.257366570013378],[152.5331752965097,-25.25734758295614],[152.53385949063374,-25.2578321908849],[152.53477771566097,-25.257311938798793],[152.5351461544115,-25.254914498782075],[152.5349215422993,-25.254154732810377],[152.53439632819214,-25.25368270886594],[152.53261052807386,-25.254144489037845],[152.53069593801575,-25.25521684321747],[152.52791903854026,-25.253484867504753],[152.52771216635855,-25.25212490553622],[152.52912547419993,-25.249638884417504],[152.5288515090923,-25.248957529449985],[152.52728616379258,-25.247713811614073],[152.52709647255298,-25.245853282647946],[152.52874102951736,-25.244213258499578],[152.52999261017786,-25.240337900408075],[152.5318777491143,-25.238266460239583],[152.53211636115896,-25.2384477322146],[152.5322256311375,-25.238178610206095],[152.53360988925013,-25.237997725071345],[152.53435112526984,-25.237558453002013],[152.53457537317965,-25.23661754898763],[152.534350947086,-25.23601343401466],[152.53482155505796,-25.235394006973397],[152.53557337814237,-25.235491542898632],[152.53587906127126,-25.236326439861738],[152.5372267374817,-25.23699717172365],[152.5379755865223,-25.23672816165216],[152.5386490084889,-25.235898874592667],[152.5381717528233,-25.23069154468213],[152.537061765662,-25.23024018779502],[152.53560172759646,-25.230878522933498],[152.53470962547453,-25.230579785023735],[152.53452726539774,-25.230082094045724],[152.5381428895652,-25.228545128702482],[152.54057113606484,-25.230767720445368],[152.54241098933855,-25.23157032125772],[152.54304704437556,-25.231363355196876],[152.54313613408732,-25.228868599208454],[152.5426103989641,-25.22826060626514],[152.53959960462737,-25.227881378564554],[152.53918988255205,-25.227582275607343],[152.53922526540964,-25.226355701613887],[152.54006844026065,-25.22441638954669],[152.5413482926968,-25.227040677399323],[152.54409033308937,-25.22810853212073],[152.5460507325069,-25.230021244912177],[152.5473892918672,-25.231960283764547],[152.54745697182565,-25.23155589376117],[152.54885590101136,-25.231977052620046],[152.551782258247,-25.231574698335226],[152.55435404866648,-25.233006566070287],[152.55872107322193,-25.234117999631163],[152.56079732594088,-25.238467238391163],[152.56209755519123,-25.239511721254537],[152.55953444532483,-25.24271993248083],[152.55881459141779,-25.2440863095406],[152.55832993272128,-25.24702975556425],[152.55749076690373,-25.249245041628836],[152.55744646706373,-25.250624829621916],[152.55771145717222,-25.2513202055901],[152.5586085843551,-25.252125583495225],[152.56055789368057,-25.25327117529389],[152.56066964466424,-25.253043457284736],[152.5619705368222,-25.253310151154434],[152.56773547590845,-25.257736121550366],[152.56757304099955,-25.258633076559015],[152.56619899706644,-25.260313309680672],[152.56551404342966,-25.263919956718738],[152.566400013713,-25.265576621617925],[152.56887088207503,-25.266602495366104],[152.5697324072503,-25.267371856274973],[152.56989421033677,-25.26796576925418],[152.56962730741733,-25.268859266273186],[152.5683758854523,-25.270171693385777],[152.5685529487663,-25.272662445347994],[152.57017344227367,-25.275599874164325],[152.57102500644794,-25.276368595074175],[152.57301507873834,-25.277184090871398],[152.57101853174,-25.27882417905474],[152.57144180714408,-25.28186919398819],[152.57255673445144,-25.283539062864683],[152.57758801119317,-25.285662699351533],[152.57744761124326,-25.286196942361013],[152.57759666727165,-25.286314265345332],[152.57779281122632,-25.28577398833046],[152.57914409045623,-25.286601446190524],[152.58176326828888,-25.291449679892793],[152.58483194600808,-25.294980018561393],[152.58535763640415,-25.297871887486018],[152.59005796929628,-25.301521225992776],[152.5907219715174,-25.30283313091657],[152.59020461880723,-25.30568284394431],[152.58795706896547,-25.308840460140193],[152.58660153818863,-25.311814431249594],[152.5867868063285,-25.312835555222986],[152.58856466371074,-25.314590021033382],[152.5885679198324,-25.315606817024758],[152.5878877708448,-25.316264762086476],[152.58486453365524,-25.3171400493774],[152.582984521748,-25.31944967054395],[152.58196894149344,-25.318143881654695],[152.58174673548143,-25.318225100675928],[152.58184286956967,-25.318885832661095],[152.58123526745385,-25.318410180724833],[152.58033058035988,-25.318360021814406],[152.5817378455712,-25.318983986670638],[152.58206356258415,-25.318827867639808],[152.58189070950144,-25.31827520566134],[152.58287943876022,-25.319637767552752],[152.58133626989894,-25.32205806268511],[152.5816803900015,-25.32263695164645],[152.58135311199666,-25.322863142676916],[152.58096249992929,-25.322617499717396],[152.58026479893434,-25.323229013781184],[152.57514169828698,-25.33036206622799],[152.573393814254,-25.331511288390846],[152.57019843208963,-25.332740149695713],[152.5675991476888,-25.331501422961942],[152.56563919818356,-25.328865065176508],[152.5648556430762,-25.32860446625583],[152.5635269889639,-25.328747794385535],[152.5635269890397,-25.329383539380355],[152.56529448220678,-25.329340971206616],[152.56694184170203,-25.332148730021366],[152.56890618905567,-25.333511109816772],[152.5685127560781,-25.334019797851372],[152.5681693779583,-25.333295354891128],[152.56794312194458,-25.33336512091282],[152.56792482199694,-25.333818598910913],[152.56837785712563,-25.33452763186053],[152.56827237913822,-25.334719753869354],[152.56842678912744,-25.334503030855902],[152.5679851899981,-25.33377973090531],[152.5680454999516,-25.333340630902946],[152.5682625220483,-25.33397385387641],[152.56877755411162,-25.33408395782477],[152.5691532780814,-25.33352456579231],[152.57052495722385,-25.333599265656556],[152.57543099643283,-25.331348538191385],[152.5761086343438,-25.330049097135262],[152.57951205221838,-25.326222649830953],[152.58320116299095,-25.321308426507418],[152.5848067698135,-25.318512759371952],[152.5861768278316,-25.317548527244725],[152.58885542999138,-25.31670407898748],[152.58971650086391,-25.314934619917018],[152.59084673186237,-25.314001409813137],[152.59122422288814,-25.3139095737767],[152.59111468494805,-25.314500382782647],[152.59140697101654,-25.31483621175107],[152.59288676114946,-25.31474435260593],[152.59237842326067,-25.31609043464508],[152.5926633104431,-25.31738650060636],[152.5932917965966,-25.318160198538123],[152.5947941177866,-25.318527177386933],[152.59334432258666,-25.31803343353398],[152.59273583442982,-25.31721543460065],[152.59252460327173,-25.316064096630885],[152.59299170214484,-25.314620159596554],[152.5913628489855,-25.31461155375727],[152.59126087987357,-25.313757641774323],[152.58959799982352,-25.31469350993067],[152.5875229763272,-25.312225087155387],[152.58875348408225,-25.309169835059006],[152.5895012100948,-25.30866581798936],[152.59101539890435,-25.305836884863133],[152.59133209952114,-25.302367987860194],[152.59060670030328,-25.301133265941818],[152.58589391138727,-25.297293987437815],[152.58568763310305,-25.29507926647625],[152.58189452319348,-25.290543697887234],[152.58113083287358,-25.288483075979286],[152.57972665545964,-25.286155010136724],[152.578983011313,-25.28553173221508],[152.573701261519,-25.283174186754888],[152.57228729127044,-25.282240322901867],[152.57209527505438,-25.28058442393429],[152.57358942189805,-25.278055874807716],[152.57372588380335,-25.277150318801628],[152.57425542980874,-25.27676477375261],[152.57378965278565,-25.276949796796973],[152.57319335562283,-25.276069676862953],[152.5713423022965,-25.27483907105538],[152.57194822746095,-25.27572597598843],[152.5712845803912,-25.275681405054197],[152.57091101024488,-25.274757667098577],[152.5711177952623,-25.274735066078367],[152.570057876059,-25.27389252118968],[152.56969790886575,-25.272564403235975],[152.57048261871847,-25.270689703173968],[152.57062415036324,-25.26759328618532],[152.56953763996077,-25.26510110431271],[152.56647992143044,-25.26314017162994],[152.56710292419007,-25.260614484589176],[152.56860219712317,-25.258832700456008],[152.56853233295635,-25.257489792473866],[152.56473151625764,-25.254718376870922],[152.56098485047175,-25.251170311268993],[152.56102307354007,-25.25171271826075],[152.55940786137273,-25.251623175420576],[152.5607609434861,-25.251472854288565],[152.56034927540153,-25.251098889332155],[152.55953115832142,-25.25109215041278],[152.5595896542695,-25.250607763410994],[152.55972111731367,-25.25087194039587],[152.56082128244023,-25.251038614286145],[152.5588723051427,-25.250128015485544],[152.55853592203493,-25.24949673352385],[152.56012852290976,-25.247148088386126],[152.56018666875173,-25.245774382391645],[152.56046158176022,-25.245622043365792],[152.56021380055216,-25.244075929402804],[152.56216380662352,-25.243087877218837],[152.563131377573,-25.241875694133427],[152.5633120216114,-25.242051128114166],[152.5629542806643,-25.242786519143444],[152.56332503263982,-25.24227939411105],[152.56335183170054,-25.242767318104438],[152.5635138746973,-25.24260799508973],[152.56331075958263,-25.24181109311628],[152.56355660840197,-25.240093422106074],[152.56330319532645,-25.239665530134523],[152.5640738763462,-25.2392045620624],[152.56310752827503,-25.239393524156032],[152.5623699120954,-25.238484232236083],[152.5611315327221,-25.236357566375467],[152.56042047836422,-25.233930121465303],[152.55911851110918,-25.232847477602416],[152.56084924430567,-25.23308921042997],[152.56033151121807,-25.232775099483497],[152.5608726781473,-25.231739832438638],[152.5618411793852,-25.2329499653334],[152.56253641145483,-25.232969287264766],[152.560925067117,-25.231443277435933],[152.56054690009378,-25.231555866472274],[152.56002315719073,-25.23279665451371],[152.55966540013165,-25.232590987550623],[152.55787692198047,-25.232776443725253],[152.55650332180034,-25.232380965863776],[152.55383026636244,-25.230878009139264],[152.549655660852,-25.22998724055752],[152.54965870777798,-25.229361980562345],[152.54906243071164,-25.22928973262164],[152.54901890464023,-25.228725157630553],[152.54992350874593,-25.228877327540236],[152.55037734674966,-25.228539309498323],[152.55032805364544,-25.22770330250998],[152.5502639257185,-25.228370159510845],[152.54990609671975,-25.228671803543655],[152.54942321768456,-25.228768698590358],[152.54900734059862,-25.22838520263446],[152.54876282767927,-25.22926184465134],[152.5494696047784,-25.229519739579665],[152.54948697182866,-25.22992820257465],[152.5473208045739,-25.22955019679099],[152.54652321339026,-25.228656357876783],[152.5472446084448,-25.228527499806848],[152.5465960433483,-25.22824447487295],[152.5466426313215,-25.22798085887054],[152.54628776029688,-25.228063090904804],[152.54570921508767,-25.226775860972264],[152.54568535101714,-25.22620269597932],[152.5460651070392,-25.22607859894291],[152.5455519709963,-25.226135691992972],[152.54389232350812,-25.223383366178805]],[[152.54183875840693,-25.224204269374255],[152.5427262475491,-25.22467718328304],[152.54266825258347,-25.225013426285983],[152.54298868259036,-25.22481090225608],[152.54299457666252,-25.225412980250635],[152.54251527358863,-25.22518116329966],[152.54284349160764,-25.22507418026825],[152.54172502648927,-25.224989626379006],[152.54183875840693,-25.224204269374255]],[[152.54430391878955,-25.22541437512169],[152.54495027990785,-25.225882551054287],[152.54483863705678,-25.227225027054306],[152.5444269179782,-25.226899762097464],[152.54471766898223,-25.226697084070523],[152.5440135978668,-25.226300192143043],[152.54416028581028,-25.22570569313346],[152.54486214293422,-25.226175112060538],[152.54430391878955,-25.22541437512169]],[[152.5426716407446,-25.22636555927463],[152.54298537186395,-25.227113204237614],[152.54320547490275,-25.227259636214754],[152.5431656509064,-25.227323194218144],[152.5427569768347,-25.227053629260574],[152.5426716407446,-25.22636555927463]],[[152.5425248827414,-25.226457071288316],[152.54225395074704,-25.226725657312794],[152.54219142068794,-25.226280182322586],[152.5425248827414,-25.226457071288316]],[[152.53653316724169,-25.235544211803763],[152.53785621128844,-25.23485973167916],[152.53797800036284,-25.235385974662847],[152.53694341036365,-25.236234965757717],[152.53653316724169,-25.235544211803763]],[[152.56717370662415,-25.26420041555296],[152.56743023161476,-25.263913482530036],[152.5680362617011,-25.264143902468433],[152.56882445792493,-25.265381222380643],[152.56727780776717,-25.265315787533616],[152.56674242961958,-25.264512719592883],[152.5677447766884,-25.264274773496084],[152.56717370662415,-25.26420041555296]],[[152.56903342267626,-25.271515421310035],[152.5690649735014,-25.270022169319102],[152.56928303247952,-25.269661416300565],[152.56971033951908,-25.269645412258583],[152.56977544068232,-25.27096192824144],[152.56903342267626,-25.271515421310035]],[[152.57163479379406,-25.278775508994453],[152.57208255681365,-25.278575275951916],[152.57159762982843,-25.279093986995505],[152.57163479379406,-25.278775508994453]]]}},{"type":"Feature","properties":{"name":"Beelbi Creek","zt":"CPZ","zid":"CPZ22","notake":false},"geometry":{"type":"Polygon","coordinates":[[[152.667460323252,-25.246660267796063],[152.66746032313566,-25.245687607804008],[152.66877143407456,-25.24411538568717],[152.65442698589246,-25.22911260922827],[152.65232798192028,-25.23104594242],[152.65724662993242,-25.23553047389708],[152.65795761317654,-25.2369976488148],[152.66010674164397,-25.239167717584568],[152.66197509498645,-25.240518776388768],[152.66271878822766,-25.241934202303646],[152.66244385422323,-25.242119684329328],[152.66145526102383,-25.24125248643414],[152.66001521882563,-25.24076100958058],[152.65672886359079,-25.24145865289981],[152.656490720653,-25.242172463917566],[152.65658773487633,-25.243961809893374],[152.65720268307123,-25.245094990823297],[152.6595123705663,-25.24736376057639],[152.66122110185137,-25.248363926399236],[152.66165106699276,-25.24919835434992],[152.66087107428996,-25.25231616840159],[152.662013776878,-25.256307914255984],[152.66133623615156,-25.259144208299794],[152.66098577516644,-25.259552760331108],[152.66334333039492,-25.259552760097957],[152.6637358763854,-25.259155472062396],[152.6625238442457,-25.25896962318381],[152.66308535589877,-25.25561269915568],[152.66170917838093,-25.25239737731804],[152.6625909322382,-25.250489975246445],[152.66286601006829,-25.24884554123264],[152.6600625755575,-25.246844818526238],[152.65913658733854,-25.24576312162662],[152.658828792242,-25.24520508866161],[152.65898538219201,-25.244660409650535],[152.6585593641719,-25.244837276691275],[152.658888929151,-25.244395560662284],[152.65851423903638,-25.243740557704665],[152.65962933512628,-25.24358873159566],[152.66077325628805,-25.24401547147902],[152.66139956347993,-25.24511260840818],[152.66187698852616,-25.24511260836096],[152.6630269888049,-25.24651260823579],[152.66386032293747,-25.24694594114982],[152.66536581910117,-25.247095940999724],[152.66576668910199,-25.246777856962645],[152.66606384417872,-25.247179274929948],[152.6664801162191,-25.247179273888786],[152.667460323252,-25.246660267796063]]]}},{"type":"Feature","properties":{"name":"Walkers Point","zt":"GUZ","zid":"GUZ11","notake":false},"geometry":{"type":"Polygon","coordinates":[[[152.59322697296008,-25.170292701751894],[152.5892349716831,-25.171204079138125],[152.58879930773924,-25.172028351174337],[152.5884107776833,-25.17187364521392],[152.58815739158135,-25.171223568244233],[152.5884963806042,-25.17113987121145],[152.58811829451784,-25.17072099325221],[152.58933013754424,-25.16996028013891],[152.58970892359315,-25.170064188100735],[152.59014310858657,-25.169656692061203],[152.59057596961776,-25.169567093019275],[152.59060763361515,-25.169519990016557],[152.59032814758334,-25.16947919504443],[152.58983368758157,-25.16986550309002],[152.58928003551256,-25.169734931145687],[152.58742881545726,-25.17077118531972],[152.58500334122553,-25.17079222555873],[152.58366470593202,-25.169412616701926],[152.58272697191686,-25.170045949789216],[152.58367697216335,-25.17134594968494],[152.58847697273802,-25.172279283204098],[152.59349364008943,-25.17116261571852],[152.59322697296008,-25.170292701751894]]]}},{"type":"Feature","properties":{"name":"Buxton","zt":"GUZ","zid":"GUZ12","notake":false},"geometry":{"type":"Polygon","coordinates":[[[152.54266030496152,-25.19456262053546],[152.54136030475254,-25.19386262066913],[152.54084774177437,-25.194462620714692],[152.54262043511466,-25.195883616528576],[152.5423826091482,-25.196359074548152],[152.54279375815904,-25.196115888509638],[152.5440286254389,-25.197465180377062],[152.5433003603602,-25.197395868449327],[152.5447949996468,-25.198589999292484],[152.54627840416364,-25.201729287120827],[152.5471103062005,-25.201362620041895],[152.54582697171162,-25.19829595319328],[152.54266030496152,-25.19456262053546]]]}},{"type":"Feature","properties":{"name":"O'Regan Creek","zt":"CPZ","zid":"CPZ23","notake":false},"geometry":{"type":"Polygon","coordinates":[[[152.72744366438423,-25.26604593469735],[152.72366229595193,-25.26549593507677],[152.72342190404575,-25.266473228092632],[152.7245495862553,-25.267309755973983],[152.72460825832783,-25.267867409963667],[152.72332365508407,-25.26687263509909],[152.72355434822575,-25.267867439068105],[152.72309511122364,-25.268220789110764],[152.7232616732028,-25.267912649096758],[152.7230054332084,-25.26816618712006],[152.72167625297195,-25.267269342259155],[152.72047869885918,-25.26729637337764],[152.7197236489011,-25.268256149444642],[152.7197747160829,-25.26973140942754],[152.71850063688692,-25.269126168558742],[152.7170441367836,-25.269442051700583],[152.71465014651687,-25.269152371940155],[152.7143193476101,-25.27019770296443],[152.71322687651764,-25.2703096410718],[152.71120029627596,-25.26993250727568],[152.70951525131886,-25.2716535904286],[152.71015030135936,-25.27147769136711],[152.71009890732316,-25.271217196374298],[152.71140078531982,-25.270136154254182],[152.71106435442135,-25.271255664278332],[152.71050012934847,-25.27110369433551],[152.71027065137466,-25.271508231354947],[152.7109534294622,-25.271685666285858],[152.71103494554114,-25.272278733272884],[152.71176007358576,-25.2720642082028],[152.71198646664,-25.272334522178188],[152.71190915952897,-25.271469987192916],[152.71282318958393,-25.27118964410458],[152.71272081851828,-25.2707245941185],[152.71491078971397,-25.270586153902627],[152.71468758560172,-25.269830463930965],[152.7149275835976,-25.269602334908996],[152.71714298384757,-25.26989533768706],[152.71853930492207,-25.26938819855283],[152.7188721599968,-25.26974220551695],[152.718145482074,-25.27097443457888],[152.7186229081498,-25.271219960529567],[152.7194795461946,-25.27090166444728],[152.7197584812512,-25.271148368417556],[152.72016441826855,-25.270965158378832],[152.7198676912044,-25.27066951941066],[152.72067040214782,-25.269548564340266],[152.72020837694248,-25.268209732397015],[152.72069440792575,-25.26767682235319],[152.7216210960209,-25.267721421260937],[152.72185242208482,-25.268067843235176],[152.72149006311153,-25.26858324526692],[152.72158592917555,-25.269040062253676],[152.72297823440044,-25.269789970109507],[152.72387733335844,-25.268712982029147],[152.72434142236963,-25.268431751985453],[152.72509368546926,-25.268653711909103],[152.72739591448808,-25.26695081569471],[152.7293608777131,-25.267239576497555],[152.73046437776128,-25.26674975539209],[152.73172699890404,-25.266919701265508],[152.7319936648251,-25.266045934246165],[152.72744366438423,-25.26604593469735]]]}},{"type":"Feature","properties":{"name":"Coongul Creek","zt":"CPZ","zid":"CPZ20","notake":false},"geometry":{"type":"Polygon","coordinates":[[[153.0553925204425,-25.16988121575562],[153.05653868636378,-25.16832321065323],[153.0581217414126,-25.167471326501214],[153.05605299832794,-25.16841305770131],[153.05503957041103,-25.16990234579087],[153.05405905821624,-25.169073200896186],[153.05343280014907,-25.169016091959538],[153.05094791198064,-25.169597632204294],[153.04945173898048,-25.170782677344857],[153.04760057477478,-25.170553944532635],[153.04574540272299,-25.17159812171035],[153.04467683963895,-25.171753747816332],[153.04091006547046,-25.17335155518139],[153.03698016034107,-25.175403385559104],[153.03167506304118,-25.177140563077277],[153.02977690801504,-25.178431227257192],[153.02919422107186,-25.179363242308014],[153.02769637104865,-25.180360532450134],[153.02638573909297,-25.181767604570116],[153.02513007109266,-25.18276238368794],[153.02463112005185,-25.182822241737487],[153.02520871900504,-25.18197682468647],[153.03133226897492,-25.176865249113906],[153.03630241023941,-25.175101890629552],[153.05016000582998,-25.16897923728848],[153.0387436827321,-25.168979238434662],[153.02882701531962,-25.173445905393272],[153.0183270153067,-25.1816792403792],[153.01226034966132,-25.189429240924152],[153.01868609728004,-25.189429240279754],[153.02377099522,-25.18489285480683],[153.0267954843086,-25.183221943517122],[153.0301032361926,-25.17963718521452],[153.0313425292596,-25.17920678009372],[153.03245561623814,-25.178145608990715],[153.03877995853458,-25.175570778377047],[153.0412137575946,-25.174134753144518],[153.04812161593398,-25.171453982472958],[153.04861527700032,-25.171609125422073],[153.0482267739968,-25.17188879745878],[153.0473543630624,-25.173121287536286],[153.04897943103825,-25.171633295385337],[153.05015638514828,-25.17160716626737],[153.0515009093409,-25.172130032128052],[153.05192329728274,-25.17131509509229],[153.0516592411409,-25.170354574126684],[153.0528241251956,-25.169882297013537],[153.05348192218392,-25.169263741952584],[153.0548082294077,-25.17005773481287],[153.0553925204425,-25.16988121575562]],[[153.05278324315535,-25.169582634020145],[153.05161367409306,-25.16999640213419],[153.0514168811228,-25.1703979061507],[153.05171268421972,-25.170962668116314],[153.05150342731136,-25.1718839021298],[153.0496849490762,-25.171386830316475],[153.05122237703432,-25.16982209617489],[153.05278324315535,-25.169582634020145]]]}},{"type":"Feature","properties":{"name":"Southwestern Hervey Bay","zt":"HPZ","zid":"HPZ09","notake":false},"geometry":{"type":"Polygon","coordinates":[[[152.57314361943835,-25.013912619011187],[152.52192694752947,-25.013912624052733],[152.52192694254927,-24.971845957397246],[152.48850061935096,-24.971845961681957],[152.49013152679262,-24.974262830502017],[152.49155752571934,-24.9809470633072],[152.49803565608852,-24.995736602549773],[152.5107955779404,-25.017952288113957],[152.51453181098066,-25.023711343699592],[152.52794557847471,-25.042340420228044],[152.540218181784,-25.06031167387353],[152.5379985893072,-25.058088909110143],[152.53787435622104,-25.057463631127515],[152.5340381411606,-25.051627993552717],[152.53268445597664,-25.05117299968962],[152.53207100081573,-25.05031282075698],[152.53210095573013,-25.049565799760163],[152.5315400666263,-25.049144154818773],[152.53098449956835,-25.04910535487377],[152.53027788955725,-25.04958474193935],[152.53049066749358,-25.048875353924203],[152.53009336743105,-25.04866907596502],[152.53008107753234,-25.049534354959142],[152.53032049957446,-25.049694931934248],[152.5307368885846,-25.049443898895337],[152.53167594374543,-25.05003973079807],[152.53220339997557,-25.05155378773382],[152.5330933231062,-25.051934387643175],[152.53317918924375,-25.05302535562578],[152.53374241244592,-25.054273709560114],[152.53369461059094,-25.055535821554518],[152.5342217995711,-25.054941621507528],[152.53558962171692,-25.055063509371934],[152.53824680141147,-25.058767377080162],[152.5394528778883,-25.061810853936574],[152.54091666729954,-25.0640918877739],[152.54199803353129,-25.065169454658626],[152.541500532521,-25.06548609970499],[152.54228786756664,-25.06523298762958],[152.54231652159476,-25.065446908625027],[152.5426273335818,-25.06508538859737],[152.54333894473592,-25.06580894352146],[152.54352613273338,-25.065635531504423],[152.5395457737574,-25.06063200393711],[152.541726731168,-25.06232679570858],[152.54591149819603,-25.067602924253574],[152.54619143932268,-25.068444296219088],[152.5453269562829,-25.068809268301198],[152.54532695793412,-25.074297456256314],[152.54892745663435,-25.07728032087746],[152.548698395682,-25.07786764889519],[152.54904175171282,-25.07784873086159],[152.54936364981708,-25.07846727082483],[152.54974440606057,-25.080209752773108],[152.55166081270468,-25.084083750552693],[152.55172649782406,-25.085035537538452],[152.55370267772696,-25.09103973329475],[152.5539678458241,-25.091642624263734],[152.55453854985237,-25.0914184402094],[152.55484775690897,-25.091644445177085],[152.55425100191385,-25.09216967423158],[152.55439495897255,-25.092546820214245],[152.55556743935568,-25.09482396308018],[152.5610032218087,-25.102652247480847],[152.57287295746966,-25.115428294206975],[152.57916077072971,-25.120931718542327],[152.58496141480725,-25.12529360693485],[152.59764770093614,-25.132911677621536],[152.60505722208543,-25.136567330860682],[152.6166412008122,-25.141690776675542],[152.6214798446577,-25.14487160917189],[152.62842625571943,-25.148160777459033],[152.6325746775451,-25.15173175502015],[152.6330214667455,-25.1530504309652],[152.63276251186102,-25.154228765981184],[152.62841653336247,-25.161951000347255],[152.6268192574778,-25.164210708486515],[152.6236265449362,-25.17063967774925],[152.62146667892017,-25.17225377694929],[152.6202792328172,-25.172351744065708],[152.61687481063768,-25.173602956391566],[152.61476030945173,-25.173756002599085],[152.6147603104624,-25.18223483552976],[152.60863700392505,-25.182688676130358],[152.60786340389214,-25.18303958220388],[152.6078519859928,-25.183893033197986],[152.60920129608982,-25.18361347206715],[152.60939338804175,-25.183055421052725],[152.61005488610232,-25.183027156987695],[152.61024951017845,-25.18350752696456],[152.6113638492663,-25.183341910855937],[152.61162400424985,-25.182993184833137],[152.61194629631217,-25.183254112799194],[152.61448796355924,-25.183267611548196],[152.61456627149244,-25.182644251545586],[152.6150644325391,-25.182631843496488],[152.61505650462706,-25.183375808491206],[152.61832641126514,-25.186078341146352],[152.6186069813616,-25.18666007211389],[152.62133160192516,-25.18917898082432],[152.62917433484887,-25.198952566969993],[152.63576009888374,-25.21066768822375],[152.64008603208342,-25.217212610742873],[152.64860476129138,-25.21205427694316],[152.65617645504554,-25.220607547124807],[152.65870983770296,-25.22405816184609],[152.6594436528349,-25.224568162769373],[152.65442698589246,-25.22911260922827],[152.66877143407456,-25.24411538568717],[152.66746032313566,-25.245687607804008],[152.667460323252,-25.246660267796063],[152.6683673212354,-25.245786851713486],[152.66851514816392,-25.24506978070474],[152.66914118420445,-25.244902027644144],[152.67333523963325,-25.2450915402277],[152.6751562528701,-25.245596983043413],[152.68090937075075,-25.248300698451974],[152.690338161396,-25.254417042468702],[152.69783907055827,-25.25805557969627],[152.70811591499978,-25.261776665647876],[152.71424375181067,-25.263588767025922],[152.72038224855228,-25.26481425640748],[152.72342190404575,-25.266473228092632],[152.72366229595193,-25.26549593507677],[152.72744366438423,-25.26604593469735],[152.7319936648251,-25.266045934246165],[152.73189322092816,-25.266986882248446],[152.73645477845713,-25.267712363790114],[152.74000491982295,-25.267894129436495],[152.74100167598678,-25.268454130333033],[152.74140186200933,-25.26831903629441],[152.74142263004728,-25.268618508289954],[152.74162354703356,-25.268341736272276],[152.74260458416788,-25.268668976172272],[152.74441036733597,-25.26861160099354],[152.7425375031472,-25.2685507071799],[152.74043013386583,-25.26790726039422],[152.76197258404795,-25.268698837249772],[152.77055063095943,-25.269368804392393],[152.77487597837356,-25.269328518963135],[152.79399029195935,-25.26711946108164],[152.7976358642019,-25.266200038726716],[152.79999367129997,-25.265117342501078],[152.79999366699948,-25.229345927793396],[152.69999365732946,-25.229345937717397],[152.69999364485085,-25.12501260557041],[152.63329363842936,-25.1250126121676],[152.6332936291116,-25.04677927980783],[152.57314361943835,-25.013912619011187]],[[152.55392695929015,-25.08717928730428],[152.5528102927277,-25.083345953445555],[152.5711602944923,-25.083345951638172],[152.58166029801603,-25.10449595043037],[152.56437696235238,-25.104495952133465],[152.5575102946106,-25.095395952884214],[152.55392695929015,-25.08717928730428]]]}},{"type":"Feature","properties":{"name":"Awinya Creek","zt":"CPZ","zid":"CPZ16","notake":false},"geometry":{"type":"Polygon","coordinates":[[[153.16234368313874,-25.074695892770986],[153.16819068869773,-25.074695892181186],[153.16997499763622,-25.072787112016826],[153.17055395966867,-25.072599089959983],[153.17136128152998,-25.070824003893083],[153.1717951445667,-25.070784761849616],[153.1727015384948,-25.06948123876886],[153.17319805859725,-25.069933659715094],[153.17260340557638,-25.07022970177268],[153.1725584186059,-25.070507764774927],[153.17385388173128,-25.07052051964412],[153.17293903161473,-25.070280774738347],[153.17327923261786,-25.070039212706],[153.1732562625807,-25.069752104710666],[153.17266071648163,-25.069405801773648],[153.1718886354721,-25.06993355484718],[153.17175468054964,-25.070676369854628],[153.17129021850803,-25.07069983990128],[153.17046529765082,-25.07252154396958],[153.16962967059231,-25.07269740005243],[153.17351277034092,-25.067579224702612],[153.16746034976254,-25.06757922631323],[153.16234368313874,-25.074695892770986]]]}},{"type":"Feature","properties":{"name":"Woralie","zt":"HPZ","zid":"HPZ10","notake":false},"geometry":{"type":"Polygon","coordinates":[[[153.03874619373238,-25.168979238434396],[153.05016000582998,-25.16897923728848],[153.06276978627818,-25.16267963407349],[153.071894132469,-25.157024569202914],[153.07844146253365,-25.1523737455829],[153.09422262750851,-25.13968240409989],[153.10569986659777,-25.13134738701335],[153.11320868852155,-25.124789878311347],[153.12442161065604,-25.11704790524575],[153.1290235816626,-25.11347237081155],[153.13343615752794,-25.108884773404636],[153.1349213415786,-25.108130752261214],[153.13446462152385,-25.108040332307976],[153.13451376648183,-25.10765528630615],[153.13703884242642,-25.10520938707177],[153.14420259738878,-25.099255762398688],[153.14580745328735,-25.09715741825408],[153.14955607826704,-25.094037784901825],[153.15988220308125,-25.084383054939828],[153.16819068869773,-25.074695892181186],[153.16234368313874,-25.074695892770986],[153.13112701676337,-25.10441256267389],[153.0666936837071,-25.15486256874324],[153.03874619373238,-25.168979238434396]]]}},{"type":"Feature","properties":{"name":"Offshore Wathumba","zt":"CPZ","zid":"CPZ12","notake":false},"geometry":{"type":"Polygon","coordinates":[[[153.17994367306312,-24.97797922578891],[153.20269367522732,-24.977979223491882],[153.2026936719595,-24.951095889712615],[153.17994366979818,-24.951095892009644],[153.17994367306312,-24.97797922578891]]]}},{"type":"Feature","properties":{"name":"Platypus Bay","zt":"CPZ","zid":"CPZ05","notake":false},"geometry":{"type":"Polygon","coordinates":[[[153.22101564139777,-24.99792922147665],[153.22361594390878,-24.991878769263444],[153.22594530125107,-24.984653844087273],[153.226558693203,-24.983778334032436],[153.22841767225214,-24.982729619853107],[153.2284430943306,-24.98335423184537],[153.22789979728734,-24.98342359689974],[153.2275908073128,-24.98387427492733],[153.22773486441375,-24.984590715906837],[153.22795558746407,-24.98483173388254],[153.22946597568662,-24.985480337724525],[153.22792254444818,-24.984727314886758],[153.2278062183306,-24.983852452905715],[153.2284037993758,-24.98375691384605],[153.22881879727123,-24.98257361281385],[153.23006684337503,-24.982450872688663],[153.2301108613455,-24.982173695686438],[153.22963111830143,-24.982186354734825],[153.23052441334033,-24.981807454647612],[153.23354913320944,-24.97836905636996],[153.23404905907825,-24.976900815331447],[153.23388040091834,-24.975719227358272],[153.23430295973822,-24.97390971233035],[153.23387508134897,-24.97104591039715],[153.23413927930005,-24.970437995375445],[153.2356207004268,-24.970321617226535],[153.23596747230678,-24.969065173201813],[153.23519760420885,-24.968861966281327],[153.235064603139,-24.968391932298637],[153.23580675619596,-24.968279875224543],[153.23623849515764,-24.96762826218621],[153.23575723196598,-24.96642920324469],[153.23642135398939,-24.966103180180237],[153.2368350480652,-24.966402664135924],[153.2370332180517,-24.966137334118066],[153.23595263752009,-24.962613529256323],[153.2369550016055,-24.962532840155596],[153.2374802075478,-24.96164847810969],[153.23708421728958,-24.959836102164665],[153.23733492221515,-24.959029197145938],[153.2366678569542,-24.957405872226722],[153.23783329101826,-24.957021802112006],[153.23794718809302,-24.957547224096178],[153.23881997217254,-24.957519553008122],[153.2396940663351,-24.958172863914342],[153.2399855483225,-24.957842192887554],[153.23970748517834,-24.956874868923634],[153.23998501214547,-24.956387563899586],[153.24042028915397,-24.956117963857764],[153.2413641142598,-24.956250883761168],[153.24238839733786,-24.956092744658825],[153.2401968691273,-24.95607326788074],[153.2395984011713,-24.956901861934462],[153.23970191231538,-24.958004726914925],[153.23891395315812,-24.957328155000162],[153.2382417101076,-24.957436955067287],[153.23766986996867,-24.956742062130846],[153.2371229009643,-24.95713282318295],[153.23626776781333,-24.956560641274162],[153.23577363784446,-24.957201785318862],[153.23527297370245,-24.956425867375874],[153.23598705171094,-24.955938413307663],[153.236874520844,-24.956338457214624],[153.237679011876,-24.955974012136235],[153.23856016982606,-24.95487543805611],[153.23983179791205,-24.954589782929798],[153.24006163288092,-24.954154556910154],[153.23962227981528,-24.95395842795618],[153.23932611867085,-24.953002332994004],[153.23970436266333,-24.95264560595868],[153.23924289555592,-24.952123455009662],[153.23950086452479,-24.951666063987325],[153.2402943366558,-24.952123208903284],[153.24091010471645,-24.952140903840853],[153.24192107490174,-24.952875159732535],[153.24306762200203,-24.952804214617167],[153.2432286589081,-24.951906702608223],[153.243135690853,-24.951526447620754],[153.2430320229845,-24.952687978621668],[153.24199014889652,-24.95277762372634],[153.24099591371674,-24.95207665783274],[153.23936672549556,-24.95153065700198],[153.2390281405351,-24.952120005031404],[153.23951565463415,-24.95255308497853],[153.23910689364592,-24.952968909016484],[153.23967405386574,-24.954331977947888],[153.23914905582586,-24.95441453800032],[153.23641374038468,-24.95292400528927],[153.2357827803175,-24.952863960353586],[153.2362552062714,-24.952116667311923],[153.23615880319898,-24.951596907325957],[153.2369499883154,-24.9519358792431],[153.23718244632093,-24.95179979422076],[153.23723213428536,-24.951469055218414],[153.2370299472078,-24.950989558242824],[153.23704623431033,-24.95181915123437],[153.2362668221957,-24.951486035315963],[153.23597876718156,-24.951594031344193],[153.2361608822639,-24.952128283321347],[153.23565283431142,-24.95291572736629],[153.23734515854898,-24.953546724189923],[153.2382843867628,-24.954570874086542],[153.23471575958504,-24.9558956394366],[153.23441573964664,-24.956635347460818],[153.23532029196474,-24.958544000353655],[153.234806507955,-24.95886444940299],[153.2339969048524,-24.958653620486647],[153.2333653198419,-24.959060847547157],[153.2319750640709,-24.962027541663403],[153.23078527314107,-24.963533237771326],[153.23075562034117,-24.96520145976066],[153.22993809037382,-24.96610782883583],[153.22889530667985,-24.969436845913933],[153.2274988669137,-24.972449741030427],[153.22757373810137,-24.97393405301067],[153.2281332093163,-24.975262416943142],[153.22785229163296,-24.978084249948438],[153.22740478061488,-24.97828475299201],[153.2266581283174,-24.97642476008279],[153.22678558513445,-24.97482094808307],[153.22783677975198,-24.970857165009335],[153.22987420926083,-24.96522972584953],[153.2320278363971,-24.956449016703843],[153.2337399501981,-24.945258922622656],[153.23411130850525,-24.939273744634267],[153.23352012750502,-24.931512355757828],[153.23256278785297,-24.92689846389255],[153.23043863486214,-24.920406802160734],[153.22735292480687,-24.914134278524298],[153.22211733528468,-24.90569277012296],[153.21353259696585,-24.893302075092475],[153.21257220975974,-24.89235363819733],[153.1985007745173,-24.86837858581598],[153.1918081786599,-24.858286648574765],[153.1831018033895,-24.846350505551836],[153.17819128223422,-24.84064841909435],[153.17353801422917,-24.835982635602274],[153.16490729851722,-24.828579678533814],[153.15831477933074,-24.823923214236913],[153.15152799321658,-24.820012307953363],[153.1436785310624,-24.81659901877258],[153.13696292820651,-24.814764819464415],[153.13163597064786,-24.814303583004826],[153.12835666539937,-24.814808479330956],[153.12451627924497,-24.816530778703548],[153.12181114407989,-24.81727857796982],[153.12038861996828,-24.817466102111506],[153.11831200872166,-24.81704842232402],[153.11745168251656,-24.816023975419036],[153.11745908137843,-24.81487458842776],[153.121066929932,-24.808362566118113],[153.11548855440546,-24.808362566679726],[153.11287571974069,-24.813179049903123],[153.11243956095979,-24.81533263892929],[153.11262327117868,-24.817000873897094],[153.11314911138444,-24.818292397833485],[153.11521632685478,-24.820568671606733],[153.11742223818467,-24.82157478537633],[153.12071863854382,-24.821969891041245],[153.12486629884546,-24.821224928629714],[153.13006092807416,-24.81905872412438],[153.1324835652759,-24.818835181882157],[153.13595178264617,-24.819189174529853],[153.1432670545932,-24.821307349775346],[153.14909202146217,-24.823942567166608],[153.15307517510314,-24.826130011747086],[153.16133983856355,-24.83174524286753],[153.1675067797643,-24.83684915320354],[153.17209269072274,-24.841182874705297],[153.17857079820544,-24.84836539999256],[153.18824999272672,-24.861612558906657],[153.11116031943274,-24.86161256667745],[153.1111603246219,-24.904512566324833],[153.21544526350897,-24.904512555807013],[153.22128855712384,-24.9132439381447],[153.2256632555641,-24.92167974363307],[153.22820682479733,-24.929838404308857],[153.22908680574469,-24.93694143316153],[153.2288110326773,-24.944823923124687],[153.2271606628332,-24.95561506220289],[153.2250225726825,-24.964266149347985],[153.22318250912807,-24.96936530249213],[153.2219078285807,-24.974082050582275],[153.22178133094906,-24.977208485569406],[153.22310076348242,-24.980560933408473],[153.22132975361296,-24.983017818567284],[153.21890876528806,-24.990459200750944],[153.21548734687138,-24.99792922203543],[153.22101564139777,-24.99792922147665]]]}},{"type":"Feature","properties":{"name":"Rooney Point","zt":"MNP","zid":"MNP03","notake":true},"geometry":{"type":"Polygon","coordinates":[[[153.05749363791438,-24.78334590571705],[153.11548855440546,-24.808362566679726],[153.11965722989768,-24.800904949321396],[153.12513915453778,-24.793646792829097],[153.1280395754333,-24.79051823256275],[153.13550525733197,-24.783856470865597],[153.1483622270224,-24.771274467673575],[153.15377071978892,-24.76513111317892],[153.16264309802818,-24.751935350392937],[153.17051014568295,-24.742962479673334],[153.17732314356343,-24.7366792280377],[153.11209363742978,-24.736679234611444],[153.11209363984358,-24.756679234446754],[153.0574936347016,-24.75667923993646],[153.05749363791438,-24.78334590571705]]]}},{"type":"Feature","properties":{"name":"Hook Point","zt":"HPZ","zid":"HPZ20","notake":false},"geometry":{"type":"Polygon","coordinates":[[[153.07881474446336,-25.790779229339634],[153.1159937661471,-25.790779225598627],[153.1159937451975,-25.620012559986872],[153.09397630903408,-25.620012562202852],[153.0904865182854,-25.63303816044793],[153.08767512848456,-25.645093770632638],[153.0847342130115,-25.65992993280772],[153.08297605417928,-25.670881820895485],[153.0821031862606,-25.680414304905725],[153.0821060964145,-25.689834037828852],[153.08343081287094,-25.708818551541256],[153.08402465728017,-25.711679229458333],[153.07901225178534,-25.711679229962357],[153.08037266109176,-25.72124522874779],[153.0817748011019,-25.728357359549044],[153.08345074201364,-25.734444222330982],[153.0843713876828,-25.739161073200084],[153.08676411175696,-25.745992949903965],[153.08760696626933,-25.74949060979076],[153.08828955073818,-25.76091606162933],[153.086251006335,-25.767426154781447],[153.0816664100123,-25.78479867310145],[153.08028584729888,-25.788249559212264],[153.07881474446336,-25.790779229339634]]]}},{"type":"Feature","properties":{"name":"Offshore K'gari South","zt":"GUZ","zid":"GUZ13","notake":false},"geometry":{"type":"Polygon","coordinates":[[[153.18060916501372,-25.94861666580349],[153.24553871449095,-25.948629211240306],[153.24704555570514,-25.94106888214908],[153.2476051231898,-25.936456358129856],[153.24770116961994,-25.931776532158057],[153.24728527996137,-25.926790966240542],[153.2457446869225,-25.91963691145454],[153.24405181615475,-25.914793963665108],[153.24107336010084,-25.908672548016167],[153.23755766605936,-25.903080603417255],[153.23306470794756,-25.89770480191538],[153.22664507452183,-25.891336727616334],[153.22062794134018,-25.88661703726309],[153.21546088944217,-25.883506878810667],[153.2080362752966,-25.880208416587855],[153.20015211223347,-25.87794554940283],[153.19163818223745,-25.876732379272706],[153.18358529743006,-25.87667653208632],[153.17560833576022,-25.877676302883437],[153.16406809599272,-25.880757900022953],[153.15674309062504,-25.883686483738057],[153.1497219644101,-25.887609507414297],[153.14446624488255,-25.879455258010303],[153.13922658449366,-25.87240848759562],[153.13821861612942,-25.870265427714628],[153.13546262680472,-25.861730858061538],[153.133253180467,-25.852646253357896],[153.13126550877686,-25.840516766656602],[153.12980243191268,-25.818412957983433],[153.12914880120252,-25.813165375091856],[153.1300351898737,-25.809776444030113],[153.13382080601397,-25.799734138730198],[153.138025051863,-25.786987184410016],[153.14012498716383,-25.77960940325829],[153.14370054812701,-25.760164024055857],[153.1444191863645,-25.753383207038507],[153.14427708330405,-25.74486874812201],[153.14351749757623,-25.739557679241763],[153.14242344393264,-25.735199430387464],[153.13607648680053,-25.714802029192892],[153.13396645159202,-25.698508719538008],[153.13321083225117,-25.688191253698037],[153.1331393214835,-25.68199309975565],[153.1336590569132,-25.676927811744438],[153.13599898531388,-25.66201466162999],[153.14118128995383,-25.638620603298037],[153.14747011588844,-25.61674240984222],[153.1535918211595,-25.597744532379654],[153.15830873400375,-25.584548103011446],[153.16756101002406,-25.561010617269837],[153.16933809556167,-25.555821269132824],[153.18285019780976,-25.522599452039856],[153.18507405944763,-25.517873387853907],[153.20338007682963,-25.473796575364517],[153.21399367405076,-25.450855142479217],[153.22039676484732,-25.435958757953557],[153.22250888034552,-25.430190286787102],[153.2312021618346,-25.410976103064854],[153.23969073823739,-25.391226196367533],[153.24522675538725,-25.3799127488998],[153.2520016321972,-25.36485040833723],[153.2555897386841,-25.357829813031362],[153.2614908505645,-25.344037752546665],[153.26422154722331,-25.339100183310467],[153.26809985453332,-25.33041243798876],[153.27854970489665,-25.30882603110671],[153.29199293290625,-25.282009780963584],[153.3000634015409,-25.26452941128838],[153.30296638715228,-25.25907915503862],[153.30539842064607,-25.253040624841372],[153.30758607638123,-25.249162451651184],[153.3128158685133,-25.237979210212234],[153.2570829011508,-25.238007563860155],[153.25602804341005,-25.240957193942773],[153.25351287276615,-25.245846127157378],[153.25179251189496,-25.248253471311806],[153.25101200215516,-25.250994585368392],[153.24936033345557,-25.25475064350478],[153.23625476142414,-25.28116826361468],[153.23358084191057,-25.28725334383537],[153.23132764018027,-25.291235663030665],[153.22890822158732,-25.29647244123251],[153.2272919307086,-25.298739838377433],[153.22636686997853,-25.30167625144693],[153.21423823182278,-25.326334328471425],[153.2118644922969,-25.332086517664333],[153.21023039147002,-25.334794303807367],[153.20790027685268,-25.339765453002183],[153.2064660712137,-25.343851044113674],[153.20563079129332,-25.345163425187387],[153.20441747865394,-25.349071459278036],[153.20317189675367,-25.35087299438911],[153.19402486519652,-25.36991271815748],[153.17410543079987,-25.415173632798783],[153.17275750422587,-25.419726578897677],[153.16906174375208,-25.426965596211467],[153.15272865567212,-25.463831261558056],[153.13609808193485,-25.503761088908742],[153.13263969542612,-25.510538303201983],[153.12647666774023,-25.52620277969516],[153.12460657425535,-25.531907677837054],[153.11897533351384,-25.546696822283632],[153.11664065693816,-25.552032163475307],[153.11211520502744,-25.56455743282888],[153.11010590131144,-25.568487549999187],[153.10907314773215,-25.572752831068367],[153.10385558093822,-25.5867903244792],[153.09397630903408,-25.620012562202852],[153.1159937451975,-25.620012559986872],[153.1159937661471,-25.790779225598627],[153.07881474446336,-25.790779229339634],[153.07836606052322,-25.79162922937786],[153.07334953699512,-25.823979229619628],[153.07837709949416,-25.823979229114148],[153.08202710405638,-25.85817922846963],[153.0925104432658,-25.892079227140236],[153.11357711495148,-25.921229224783623],[153.12582711750318,-25.9320292234624],[153.143893787579,-25.942362554558024],[153.16299378990809,-25.945795885604003],[153.17277712351785,-25.942829218640874],[153.1766604571643,-25.936829218297603],[153.17666045090542,-25.88611255170882],[153.2166604548833,-25.88611254766827],[153.21666045938804,-25.92256254737266],[153.19729379147392,-25.930779216263126],[153.1972937927281,-25.94092921618088],[153.18461191946344,-25.940929216461665],[153.18060916501372,-25.94861666580349]]]}},{"type":"Feature","properties":{"name":"Pialba Reef","zt":"MNP","zid":"MNP17","notake":true},"geometry":{"type":"Polygon","coordinates":[[[152.8488603445604,-25.27781258953348],[152.84886034349188,-25.26894592260592],[152.83974367560936,-25.268945923514043],[152.83974367616548,-25.27356259047632],[152.8488603445604,-25.27781258953348]]]}},{"type":"Feature","properties":{"name":"Hervey Bay foreshore","zt":"GUZ","zid":"GUZ14","notake":false},"geometry":{"type":"Polygon","coordinates":[[[152.8331298826956,-25.27497925812337],[152.83353425384018,-25.27585411707598],[152.8348692160637,-25.276636547936665],[152.8375226094547,-25.277749406663325],[152.84512997947746,-25.2801228578862],[152.8459846116695,-25.281029256793705],[152.84669104971917,-25.2808729067246],[152.84957342013976,-25.28204657542782],[152.85363425366583,-25.283146989014202],[152.8585036472033,-25.283693456524503],[152.85894825919,-25.283225719484008],[152.8591271862816,-25.283841995461113],[152.8595326713265,-25.283888638420336],[152.86573139587563,-25.2834633918059],[152.8705870143736,-25.28369215031989],[152.87087199833405,-25.28313516829598],[152.87124512242622,-25.28360047125498],[152.8778017629833,-25.282953739606388],[152.8837641313785,-25.2814446780239],[152.89076753494226,-25.280497168332882],[152.89096749988929,-25.279897999317814],[152.8910551429712,-25.2805059833041],[152.89262902713205,-25.28057641114641],[152.8947056203198,-25.280465489940067],[152.8950657762811,-25.279856381909102],[152.89514472335935,-25.28044102389642],[152.89955352084522,-25.280929874452337],[152.90330860941233,-25.282614753063704],[152.9039625263847,-25.281862584004553],[152.90016034981136,-25.280162584398028],[152.89754368249956,-25.27967925166322],[152.89411034914707,-25.279512585007243],[152.88697701451682,-25.280012585715067],[152.87856034788683,-25.28154591954223],[152.8599936792635,-25.282995921381662],[152.85262701142545,-25.281962589124255],[152.8331298826956,-25.27497925812337]]]}},{"type":"Feature","properties":{"name":"Breaksea Spit","zt":"MNP","zid":"MNP02","notake":true},"geometry":{"type":"Polygon","coordinates":[[[153.2999936415889,-24.62551861854645],[153.2962038567619,-24.621618512962808],[153.29093195874336,-24.617279017532987],[153.2860118488894,-24.61402336105846],[153.2806311200451,-24.611201184626932],[153.27493070023655,-24.60891989022316],[153.26898052347633,-24.607227638839724],[153.2649136830022,-24.606447083257954],[153.25872157434713,-24.605808845890127],[153.25249025776648,-24.605816421520714],[153.2463000252678,-24.60646971014166],[153.2402306378575,-24.60776029674504],[153.23629023363569,-24.60896686113361],[153.23092109439494,-24.611119986658796],[153.22583371524223,-24.61378443215117],[153.22108614917926,-24.61692980260515],[153.21673258720682,-24.62052021301554],[153.2127696963259,-24.62456716038257],[153.21040384145613,-24.627472617597643],[153.207300011726,-24.632104209873017],[153.20554317795424,-24.635350745023725],[153.20281974252146,-24.64214853524276],[153.2014848210398,-24.64746793933371],[153.20094680442645,-24.651082585358246],[153.18832696734847,-24.65193532762549],[153.1883269765807,-24.72827489899632],[153.20469165361268,-24.715841560446215],[153.20891193066464,-24.712997592043262],[153.22258020305614,-24.705638827722677],[153.24875611604355,-24.693529786175173],[153.25126197920545,-24.692927479926556],[153.25389157243507,-24.69278882066156],[153.25867553698535,-24.6936289701704],[153.26784804019246,-24.69649155421817],[153.26984423456528,-24.698022716003447],[153.27097186991244,-24.700012551872817],[153.29999364456143,-24.650012549344368],[153.2999936415889,-24.62551861854645]]]}},{"type":"Feature","properties":{"name":"Offshore K'gari North","zt":"GUZ","zid":"GUZ06","notake":false},"geometry":{"type":"Polygon","coordinates":[[[153.32689029781488,-24.69722692922659],[153.32683743814854,-24.69178807227679],[153.32614476903834,-24.68318955641799],[153.32509941128393,-24.677789274568628],[153.3237676916273,-24.673412105739853],[153.32405665599944,-24.66802360875497],[153.32372023931154,-24.662621775833657],[153.3227648815696,-24.65725158697492],[153.32117879678418,-24.65200753317914],[153.31811630268547,-24.645317973545023],[153.31619656412028,-24.642142334765964],[153.31285196425458,-24.63758640014285],[153.30757579508972,-24.63205025672366],[153.30147263494035,-24.62727695738197],[153.2999936415889,-24.62551861854645],[153.29999364456143,-24.650012549344368],[153.27097186991244,-24.700012551872817],[153.27203526761878,-24.705010875723943],[153.271888505769,-24.714602040659706],[153.27027156542934,-24.729529712700465],[153.2667958711394,-24.771006597710784],[153.26510413386384,-24.80297355361889],[153.26461082377065,-24.819044723536535],[153.26508164493887,-24.83651394634516],[153.2658928734662,-24.84844381516483],[153.2684323168501,-24.866069114762702],[153.27114794574032,-24.879491690377282],[153.2727840695678,-24.88501790016615],[153.27394316000164,-24.887681023026847],[153.27453515742,-24.890657075942404],[153.27601873608373,-24.894955857756766],[153.27772158551582,-24.897180486565976],[153.27894260591967,-24.899547334422817],[153.28422174412242,-24.913525619773026],[153.2891875168485,-24.923828375185074],[153.29375198123395,-24.93164301465819],[153.29722164412112,-24.936221363268867],[153.30254042432313,-24.94193947468252],[153.3082305874629,-24.946857366065085],[153.31930165857688,-24.955569835870335],[153.32385284135347,-24.95839210538531],[153.3267819077823,-24.959625890077888],[153.33108499632291,-24.96070829363221],[153.33509412878885,-24.96140614321942],[153.33979168125754,-24.961593226740884],[153.34199971035952,-24.960712458523897],[153.34494179765144,-24.960815691224255],[153.34609444458164,-24.95934993011918],[153.34732729159415,-24.95849527800099],[153.34905461369573,-24.957984614829716],[153.35077253186708,-24.958052990654636],[153.35254775511982,-24.95874230346862],[153.35402237141528,-24.96001440230835],[153.35510547269777,-24.961483617186225],[153.35648387221548,-24.964647344020165],[153.35686573565098,-24.96791281595454],[153.35643191182555,-24.969677105984097],[153.35543356090275,-24.971083737073997],[153.35502582676605,-24.978458972054828],[153.35589330502117,-24.979870766955106],[153.3562477942135,-24.98116810390841],[153.3558011667709,-24.986071685913515],[153.35677603606828,-24.987745838800713],[153.35713422726553,-24.98907976375333],[153.35697307244712,-24.990689281756502],[153.356187120571,-24.99231247882305],[153.35672655305814,-24.99587520873895],[153.35820456583812,-25.001101539545814],[153.36109589211313,-25.001102352251998],[153.36332575345278,-25.00214461101678],[153.36493827485026,-25.004139443836493],[153.3652085251811,-25.006631398788546],[153.36455470235487,-25.008559935839195],[153.36280119146002,-25.01078134599913],[153.36196252188796,-25.014929223050366],[153.35992305254157,-25.021854406200738],[153.3559258493901,-25.031895262524557],[153.35198331495482,-25.03957588786208],[153.3444581978827,-25.05301559151624],[153.33437783639923,-25.073262542373776],[153.39026201673252,-25.073262536693594],[153.40222270416535,-25.05119062565743],[153.4102426513921,-25.030508407010693],[153.4118081737338,-25.023927484905293],[153.41355938827482,-25.018827456768836],[153.41472230873313,-25.013508668694126],[153.41529690386335,-25.00597212769747],[153.41469386187597,-24.998388792821196],[153.4134684000902,-24.99293010799083],[153.41158630526152,-24.98762895622602],[153.40929239146277,-24.98289006849859],[153.4062034285701,-24.9779997348533],[153.40608628940694,-24.976759523875387],[153.4068895057913,-24.971113085840024],[153.4069947301237,-24.96558231287471],[153.4063320851782,-24.95837835000139],[153.40512012640403,-24.952996777169037],[153.40395638086423,-24.949490200316337],[153.40169267402607,-24.944398774588606],[153.39920607421914,-24.93973339388006],[153.39640318742292,-24.935399394201],[153.39190162333523,-24.92999697970352],[153.38663620024332,-24.92514922027908],[153.38031874209742,-24.920672712958503],[153.3731921529713,-24.916982504713587],[153.36566945093443,-24.91432690050019],[153.35792586200319,-24.912706300300577],[153.34998882017732,-24.912097346112006],[153.3420385434786,-24.91253990491588],[153.3368732782929,-24.906833744487347],[153.33457961759515,-24.902896819752595],[153.33121436438478,-24.89558834715432],[153.32816158406456,-24.887134189533782],[153.32274864914478,-24.87559079017805],[153.32071992926618,-24.86995786843028],[153.3178189452082,-24.855323591845007],[153.31720027435352,-24.848790118961542],[153.31620961259583,-24.84333912310693],[153.31547478347642,-24.826511101319927],[153.315622367672,-24.811582270427888],[153.31687373682647,-24.787243285501255],[153.31769655814136,-24.78097988846939],[153.3177081268068,-24.77000560355862],[153.3192584211932,-24.755548672520433],[153.32012295426395,-24.739024527568844],[153.3217573207403,-24.725238414516575],[153.32225337960875,-24.715551821546114],[153.32554826978043,-24.70620077428882],[153.32629821141754,-24.702639033242075],[153.32689029781488,-24.69722692922659]]]}},{"type":"Feature","properties":{"name":"Sandy Cape","zt":"HPZ","zid":"HPZ02","notake":false},"geometry":{"type":"Polygon","coordinates":[[[153.1883269765807,-24.72827489899632],[153.18832696734847,-24.65193532762549],[153.0574936347016,-24.75667923993646],[153.11209363984358,-24.756679234446754],[153.11209363742978,-24.736679234611444],[153.17732314356343,-24.7366792280377],[153.17051014568295,-24.742962479673334],[153.16264309802818,-24.751935350392937],[153.15377071978892,-24.76513111317892],[153.1483622270224,-24.771274467673575],[153.13550525733197,-24.783856470865597],[153.12791478343607,-24.790639227574346],[153.12218948670537,-24.797335355095807],[153.11916090094695,-24.80169974736484],[153.11548855440546,-24.808362566679726],[153.121066929932,-24.808362566118113],[153.125126630478,-24.801436207766315],[153.13031926819048,-24.795004412296237],[153.1400217790305,-24.786112673391962],[153.15206615573388,-24.774273193275516],[153.15717110752087,-24.768536536808057],[153.16122104222634,-24.762948303445686],[153.16550710079505,-24.756047330070242],[153.17342934042415,-24.74681989734707],[153.18210871525525,-24.738678484538305],[153.1887422282481,-24.733466929911632],[153.19498553131908,-24.72920696331636],[153.2078680773296,-24.719299450096827],[153.2115794053751,-24.716797373742505],[153.22426081373257,-24.709921448517438],[153.25044595471618,-24.697771495969203],[153.25265788286697,-24.69730447174921],[153.25421891402172,-24.69737407559063],[153.25721347337128,-24.697940736282863],[153.26255248509477,-24.699779591727236],[153.2655661784632,-24.700486465416287],[153.2664584957194,-24.701909131314213],[153.26702579110636,-24.704660012234086],[153.2671269028824,-24.71097689817183],[153.26186055664195,-24.77073454821274],[153.26016422437274,-24.802762895120768],[153.25966268829376,-24.81896079203821],[153.26046630025067,-24.842662527761835],[153.2612702773912,-24.851417585608445],[153.26354982747793,-24.86680326525103],[153.26630564039635,-24.880429445859946],[153.2678323761101,-24.885107859666878],[153.26789763625152,-24.886218815651127],[153.26919239770584,-24.888944193497622],[153.2697487471077,-24.891814194417652],[153.27128880679913,-24.896295883224806],[153.2771124593505,-24.89629588263492],[153.27601873608373,-24.894955857756766],[153.27453515742,-24.890657075942404],[153.27394316000164,-24.887681023026847],[153.27156201096884,-24.881047603322553],[153.26952371668622,-24.872092026602637],[153.2658928734662,-24.84844381516483],[153.26481837308182,-24.829669302428115],[153.26477848080026,-24.810930840586384],[153.2667958711394,-24.771006597710784],[153.27206297537094,-24.71118742767023],[153.2720142525886,-24.704778838727933],[153.2712798420516,-24.700921490834112],[153.2705742637599,-24.69906239392093],[153.26920049742645,-24.69737581407394],[153.2675628931488,-24.696352316248213],[153.25847627096033,-24.69357673319104],[153.25378379142484,-24.692787746672476],[153.25126197920545,-24.692927479926556],[153.2486056380358,-24.69358237518998],[153.22258020305614,-24.705638827722677],[153.20891193066464,-24.712997592043262],[153.20469165361268,-24.715841560446215],[153.1883269765807,-24.72827489899632]]]}},{"type":"Feature","properties":{"name":"Dayman Spit","zt":"HPZ","zid":"HPZ17","notake":false},"geometry":{"type":"Polygon","coordinates":[[[152.90859368514654,-25.276179251588562],[152.90062701402712,-25.26501258447522],[152.89299367936124,-25.257329252299986],[152.8908770123577,-25.25899591849761],[152.89796034797035,-25.266679251727876],[152.90537720327814,-25.27984591687976],[152.90793703207257,-25.276092706654797],[152.90847005713016,-25.276142480601205],[152.90444680047796,-25.282245916953062],[152.90774368423206,-25.28584591659446],[152.91031035131948,-25.28451258334903],[152.90859368514654,-25.276179251588562]]]}},{"type":"Feature","properties":{"name":"Big Woody Island","zt":"MNP","zid":"MNP16","notake":true},"geometry":{"type":"Polygon","coordinates":[[[152.93982701874577,-25.27267924749608],[152.94325843507923,-25.272691443152855],[152.94707611153873,-25.273436761764938],[152.94956030695428,-25.27488534850466],[152.95326412069508,-25.278045912108297],[152.9579436881479,-25.27804591164011],[152.9373270171437,-25.261429247837963],[152.9249936835855,-25.266679249027863],[152.9249936849594,-25.278045914934932],[152.93982701939484,-25.2780459134522],[152.93982701874577,-25.27267924749608]]]}},{"type":"Feature","properties":{"name":"Maaroom","zt":"HPZ","zid":"HPZ19","notake":false},"geometry":{"type":"Polygon","coordinates":[[[152.8759202537062,-25.612762584105614],[152.87642705375598,-25.61276258405508],[152.87642705348904,-25.610562584072966],[152.87557914141263,-25.610619989157076],[152.87600430559465,-25.61177598410528],[152.8759202537062,-25.612762584105614]]]}},{"type":"Feature","properties":{"name":"Platypus Bay","zt":"HPZ","zid":"HPZ06","notake":false},"geometry":{"type":"Polygon","coordinates":[[[153.1111603246219,-24.904512566324833],[153.14167699903038,-24.950012562877667],[153.1980603476969,-25.026579223560898],[153.16746034976254,-25.06757922631323],[153.17351277034092,-25.067579224702612],[153.17802181798695,-25.061126403300545],[153.18581946156092,-25.051501742592468],[153.1939128639978,-25.04052360986532],[153.20031321762698,-25.032457731285152],[153.20143208746344,-25.030236362190372],[153.2090118297974,-25.01882512051826],[153.21344448632524,-25.011474467130686],[153.21476988531435,-25.010347865005993],[153.21468313828066,-25.010138511016475],[153.21408817224503,-25.010311372075204],[153.21419379118868,-25.009765669069015],[153.21713564493257,-25.005358791807847],[153.22101564139777,-24.99792922147665],[153.21548734687138,-24.99792922203543],[153.21890876528806,-24.990459200750944],[153.22132975361296,-24.983017818567284],[153.22310076348242,-24.980560933408473],[153.22235364624422,-24.979186913495283],[153.22176188093408,-24.977100238572238],[153.221927216566,-24.973945679581433],[153.2257600234252,-24.961574613295554],[153.2281471622319,-24.949901494150048],[153.22906466232394,-24.941721060124493],[153.22904550768035,-24.936444785169797],[153.22820682479733,-24.929838404308857],[153.2256632555641,-24.92167974363307],[153.22128855712384,-24.9132439381447],[153.21544526350897,-24.904512555807013],[153.1111603246219,-24.904512566324833]],[[153.17994366979818,-24.951095892009644],[153.2026936719595,-24.951095889712615],[153.20269367522732,-24.977979223491882],[153.17994367306312,-24.97797922578891],[153.17994366979818,-24.951095892009644]]]}},{"type":"Feature","properties":{"name":"Southern Gutter","zt":"CPZ","zid":"CPZ03","notake":false},"geometry":{"type":"Polygon","coordinates":[[[152.81909361230183,-24.75736259676324],[152.81909361014627,-24.739295929911822],[152.7992936082786,-24.73929593188111],[152.79929361043244,-24.75736259873255],[152.81909361230183,-24.75736259676324]]]}},{"type":"Feature","properties":{"name":"K'gari eastern beach","zt":"CPZ","zid":"CPZ15","notake":false},"geometry":{"type":"Polygon","coordinates":[[[153.32725348647568,-25.08761582897924],[153.3444581978827,-25.05301559151624],[153.35198331495482,-25.03957588786208],[153.3559258493901,-25.031895262524557],[153.35992305254157,-25.021854406200738],[153.36196252188796,-25.014929223050366],[153.36280119146002,-25.01078134599913],[153.36440802736976,-25.008795921852126],[153.3650432852582,-25.007389672799132],[153.36515766395178,-25.004798435808738],[153.36382427055392,-25.002583729962495],[153.36140986015195,-25.001175680219458],[153.35820456583812,-25.001101539545814],[153.35740560748442,-24.99883189964568],[153.35626434669962,-24.993303760807034],[153.356187120571,-24.99231247882305],[153.3569950494398,-24.990612540754906],[153.35138763990682,-24.99061254132467],[153.35095965895158,-24.99131092336241],[153.35258444415336,-24.99987288512699],[153.35432437783356,-25.00408045791563],[153.35482461796659,-25.00477821985909],[153.35701847137435,-25.006405278622776],[153.35781484844395,-25.006355598542292],[153.35925286347768,-25.005512773403083],[153.36002387055058,-25.005509100324762],[153.36033774861778,-25.00581479729035],[153.35995546659186,-25.00589942132851],[153.36017339668047,-25.006454377301786],[153.35881840368575,-25.007551453430484],[153.35897155874534,-25.007919027411894],[153.35805512173312,-25.008531793500012],[153.35785182581046,-25.009321562514177],[153.3575889247641,-25.0091464195423],[153.35793285087274,-25.009767472502286],[153.35777408601052,-25.011016152508173],[153.35579437775286,-25.018621004646878],[153.35407055221876,-25.023768445779798],[153.3513547477417,-25.03015486100331],[153.34791982924116,-25.036908409296778],[153.3399754992196,-25.051090671987264],[153.32298893477363,-25.08520733543189],[153.31749676182085,-25.09805470588381],[153.3143652082842,-25.104287266150425],[153.31362146149152,-25.106563284207216],[153.309029423112,-25.115222773602046],[153.3043666479878,-25.12602677098637],[153.303128965146,-25.128288037093355],[153.30159048020778,-25.129996604235394],[153.30175492229787,-25.130605011213696],[153.30140990842935,-25.13194925223769],[153.30026192966548,-25.1347770683309],[153.29372949873118,-25.148601217879936],[153.290502191353,-25.15621199414467],[153.28957322242098,-25.157495140228306],[153.28917003357463,-25.1590669892563],[153.2862133680306,-25.165110505506483],[153.28493695032878,-25.168548993607647],[153.28439778831142,-25.16883002166],[153.28441724945498,-25.16998742464852],[153.2832948185559,-25.171692378748293],[153.2832676096422,-25.172418817745104],[153.28127839400048,-25.176908178909922],[153.27827237544648,-25.182910896165318],[153.27742468550542,-25.184058188241792],[153.2743199771227,-25.191540151495023],[153.27359113114932,-25.192330009562394],[153.27335001529661,-25.1937229255754],[153.27117071957395,-25.197701081763583],[153.2677522082342,-25.205783456043644],[153.26622816237605,-25.208139992178673],[153.26623801145212,-25.20875422617266],[153.26347098485036,-25.214183754408378],[153.26274611084943,-25.214745655477202],[153.26277106994442,-25.215502246468446],[153.26190640800272,-25.21665868854656],[153.26180921506685,-25.217259205551493],[153.26127815206516,-25.21766337760194],[153.26027681729707,-25.220345779681384],[153.25973983126468,-25.220503717734438],[153.2599251423235,-25.22083885171294],[153.25952561241166,-25.221873372744927],[153.25840909758034,-25.22413033883949],[153.25780938559078,-25.224686941895605],[153.2572883067925,-25.226745656931538],[153.25413844718582,-25.23243886920376],[153.25142539976025,-25.23926946442246],[153.2485386131599,-25.24480869566929],[153.24807946810856,-25.24475081971626],[153.24763143113006,-25.245279106757284],[153.2469057333277,-25.24746597281281],[153.2461588033824,-25.248501266879874],[153.24654310246504,-25.24887417183794],[153.245786055634,-25.25085145889842],[153.24483821465458,-25.25176604698686],[153.2450899997434,-25.252294456957006],[153.2446186838285,-25.253360307995994],[153.2417599341806,-25.258491597243278],[153.24112845236522,-25.26049842629073],[153.2401124544205,-25.261751055383296],[153.2372992109694,-25.268454946612994],[153.2317681907266,-25.27900689708611],[153.22894762526346,-25.28562052431731],[153.22670127452665,-25.289545550512344],[153.223971895966,-25.295292153741276],[153.222273744916,-25.296223534905398],[153.22263899403356,-25.296896545862925],[153.22183299131535,-25.299836418920368],[153.21881947679447,-25.30613384317354],[153.217535159919,-25.308166719286728],[153.2154330543275,-25.313167876458348],[153.21344132654835,-25.316547609631996],[153.21324603266257,-25.317635066642822],[153.21209190772888,-25.31908948674759],[153.21203540281715,-25.319856583747036],[153.2097191441378,-25.324308907944697],[153.207329056633,-25.330247558137682],[153.20637276774877,-25.331951550220356],[153.20562977368144,-25.33198891829512],[153.2054494628578,-25.333572840300405],[153.20483803684448,-25.33394834335909],[153.20500506793312,-25.33454025133738],[153.2046766359214,-25.334705094369262],[153.20385299114076,-25.337149784432444],[153.2031195301776,-25.338031220499367],[153.20239609110138,-25.33798108057282],[153.20302171828183,-25.33896130450166],[153.20246706840868,-25.340436618545645],[153.20168833832295,-25.340352865624972],[153.2019720073977,-25.34073904459314],[153.20184318956734,-25.342227777594022],[153.20124589455253,-25.342579970651467],[153.20063096665535,-25.34390752270275],[153.20026740961634,-25.34387635773973],[153.20061813475544,-25.34473534569729],[153.2002464937453,-25.344946819733046],[153.20037937181536,-25.345414675715823],[153.1998285059981,-25.347344278755706],[153.19934118499316,-25.347689805802144],[153.19851233110288,-25.349243535873114],[153.19249674708178,-25.362011856376366],[153.19164404313773,-25.36314492645321],[153.1911891032988,-25.36482281148542],[153.18938162153304,-25.368170536640605],[153.1824574168583,-25.38449693420633],[153.179881349286,-25.390037521421085],[153.17881598137268,-25.391591627515936],[153.17787574164134,-25.39453434858682],[153.16942703715748,-25.41364091528339],[153.16815304757029,-25.418027780376086],[153.1673114966308,-25.419191479451502],[153.16447449509306,-25.425226397688466],[153.16209292357848,-25.431088669880843],[153.1532391460474,-25.450143835618245],[153.14745992418565,-25.464052855087427],[153.14439609568086,-25.470542996343358],[153.14399933084698,-25.472217142369654],[153.1425179240275,-25.47487431749734],[153.14141622232478,-25.478183432581375],[153.14012412650837,-25.48071499169097],[153.13874276686303,-25.48471613879755],[153.1373166520774,-25.487606143917688],[153.13430846474037,-25.49542576715704],[153.13305921090208,-25.497745759264006],[153.13146065228236,-25.502130396389326],[153.13090192537902,-25.503366618435507],[153.13052321330056,-25.503027962476423],[153.1292679105154,-25.50578672058043],[153.12966185058372,-25.5060310205387],[153.12925636764228,-25.50683358257301],[153.12880237857976,-25.50668484462001],[153.12849406761546,-25.50722326964668],[153.1283933387195,-25.508153836649186],[153.1262955220834,-25.512804327822607],[153.12385586570878,-25.51986588901078],[153.12073080027244,-25.526972066267632],[153.12054022633333,-25.52762239828149],[153.12076344339792,-25.527971267256223],[153.11989146461815,-25.530469148323622],[153.11901667673826,-25.532151102397997],[153.1188439278552,-25.53324443740649],[153.1181689648936,-25.534098833467517],[153.1177126091033,-25.53617779149651],[153.11713911611633,-25.536742269549652],[153.11704535023657,-25.537800870550477],[153.1162777173328,-25.53920156461639],[153.1162417164374,-25.540085687612816],[153.1143001908673,-25.54515322176698],[153.11374118189303,-25.545810675817926],[153.11251799022537,-25.549505984910937],[153.111799411219,-25.550029388979038],[153.1114854894774,-25.552392071991402],[153.1102629746552,-25.554824158094654],[153.109061524025,-25.558809235183126],[153.10817033808283,-25.559995635263153],[153.108197376179,-25.560760169254195],[153.1074393693805,-25.56301383631217],[153.1052459026953,-25.567344769497684],[153.10510902887484,-25.568921818498612],[153.10432066810253,-25.571414656557604],[153.09981685121483,-25.58411571290744],[153.09878995320412,-25.584851070004778],[153.09900143733108,-25.585720023976442],[153.09837789760138,-25.588429405017113],[153.0957462793238,-25.59644435221663],[153.09515385935154,-25.597146090270535],[153.0953508694222,-25.597565784247262],[153.0900492001305,-25.615781791632365],[153.08922100118474,-25.616890206706632],[153.0894111772789,-25.617506563682483],[153.08911188743892,-25.61905506270002],[153.08563059568556,-25.632038204944507],[153.08155895849342,-25.65008219220714],[153.0780292596265,-25.6703477423972],[153.07712602574728,-25.680229164407695],[153.0771283949479,-25.690031259327746],[153.07847704027213,-25.707921549046688],[153.07817293653713,-25.710329703057727],[153.07774126457483,-25.710984773095795],[153.07791382079768,-25.71266552006474],[153.07816111270753,-25.7117300320475],[153.07791794758504,-25.710926174078494],[153.07848629352728,-25.709996655028895],[153.07901225178534,-25.711679229962357],[153.08402465728017,-25.711679229458333],[153.08343081287094,-25.708818551541256],[153.0821060964145,-25.689834037828852],[153.0821031862606,-25.680414304905725],[153.08297605417928,-25.670881820895485],[153.0847342130115,-25.65992993280772],[153.08767512848456,-25.645093770632638],[153.09434486183704,-25.618106637181267],[153.10385558093822,-25.5867903244792],[153.10907314773215,-25.572752831068367],[153.11010590131144,-25.568487549999187],[153.11211520502744,-25.56455743282888],[153.13089467376182,-25.51467578734406],[153.13263969542612,-25.510538303201983],[153.13425683724398,-25.507758163061737],[153.1346216751088,-25.506362264036287],[153.13609808193485,-25.503761088908742],[153.14716676271914,-25.476821927012853],[153.15881583156295,-25.449918599057707],[153.16671921723054,-25.432738961400712],[153.16906174375208,-25.426965596211467],[153.17275750422587,-25.419726578897677],[153.17410543079987,-25.415173632798783],[153.18049688861026,-25.40037425327461],[153.18703452551748,-25.386252921729923],[153.19402486519652,-25.36991271815748],[153.20317189675367,-25.35087299438911],[153.20441747865394,-25.349071459278036],[153.20563079129332,-25.345163425187387],[153.2064660712137,-25.343851044113674],[153.20790027685268,-25.339765453002183],[153.21023039147002,-25.334794303807367],[153.2118644922969,-25.332086517664333],[153.21423823182278,-25.326334328471425],[153.22636686997853,-25.30167625144693],[153.2272919307086,-25.298739838377433],[153.22890822158732,-25.29647244123251],[153.23132764018027,-25.291235663030665],[153.23358084191057,-25.28725334383537],[153.23625476142414,-25.28116826361468],[153.24936033345557,-25.25475064350478],[153.25101200215516,-25.250994585368392],[153.25179251189496,-25.248253471311806],[153.2529407648391,-25.2468927732067],[153.25593655442498,-25.241150474950455],[153.25877002584946,-25.234217449720344],[153.27229322289017,-25.207574953569036],[153.28196661520244,-25.186189833764146],[153.28584206065506,-25.17867636143293],[153.29071212272805,-25.167283239032724],[153.3048663663115,-25.136451852850264],[153.30656165488912,-25.131675012717448],[153.30894782863754,-25.1277528815076],[153.31374377175203,-25.116766732111152],[153.31795303717735,-25.108781686749538],[153.32201221647833,-25.09989951541049],[153.32725348647568,-25.08761582897924]],[[153.2007852217027,-25.344172531684958],[153.20053755567525,-25.34414395771022],[153.20058910266656,-25.34403182570596],[153.2007852217027,-25.344172531684958]]]}},{"type":"Feature","properties":{"name":"Waddy Point","zt":"CPZ","zid":"CPZ08","notake":false},"geometry":{"type":"Polygon","coordinates":[[[153.35616630614595,-24.98067920792072],[153.35502582676605,-24.978458972054828],[153.35543356090275,-24.971083737073997],[153.3565796437943,-24.969307074972157],[153.35685511254178,-24.967028017962868],[153.35626838612532,-24.964077544046756],[153.35505663968235,-24.96139578119191],[153.3538460683754,-24.959825073327796],[153.35197255402838,-24.95844069352954],[153.3494849117324,-24.95795029678627],[153.34683115158114,-24.95877381304911],[153.34494179765144,-24.960815691224255],[153.34199971035952,-24.960712458523897],[153.33979168125754,-24.961593226740884],[153.33509412878885,-24.96140614321942],[153.33108499632291,-24.96070829363221],[153.3267819077823,-24.959625890077888],[153.32385284135347,-24.95839210538531],[153.31930165857688,-24.955569835870335],[153.31484565074913,-24.952252938349698],[153.30254042432313,-24.94193947468252],[153.29722164412112,-24.936221363268867],[153.29375198123395,-24.93164301465819],[153.2891875168485,-24.923828375185074],[153.28422174412242,-24.913525619773026],[153.27902087094952,-24.89973087841337],[153.2771124593505,-24.89629588263492],[153.27128880679913,-24.896295883224806],[153.2717329109931,-24.897543295169633],[153.27267561117233,-24.89828234806804],[153.27267881523696,-24.898810840063376],[153.2734042033745,-24.899376375985266],[153.27386027560135,-24.900884723926684],[153.27437039469712,-24.901274761871775],[153.27431315176804,-24.90190186987243],[153.2791647016826,-24.913848280282743],[153.27940964688946,-24.91535609124555],[153.28049352016853,-24.916803277123854],[153.28652430323322,-24.92905627141203],[153.29133088860237,-24.936548842863296],[153.2989671083658,-24.94506909601916],[153.31172220289986,-24.955916743636447],[153.32138296959837,-24.962317652603705],[153.3209243955972,-24.962663928647395],[153.32115592763364,-24.9627821246229],[153.32162141063486,-24.96243061857859],[153.32513519414852,-24.963904581209842],[153.32994823875262,-24.965108714711455],[153.3349644473286,-24.965925439195466],[153.33409902529112,-24.966290607280317],[153.3344158603409,-24.966451867246843],[153.3353615553648,-24.965913049155265],[153.34258712808395,-24.96618337141929],[153.3428226490883,-24.966035834396557],[153.3425381559982,-24.965520373429726],[153.3428595069844,-24.965157649400055],[153.34691215342144,-24.965585461984897],[153.34947353552297,-24.964426338734253],[153.34928251133013,-24.96299771976536],[153.34977641031335,-24.962476834719514],[153.3506646975203,-24.963480069621028],[153.3501179955203,-24.963904194673056],[153.3505659995842,-24.964079394626108],[153.35030257662424,-24.9646112096485],[153.3506095706991,-24.964985474614235],[153.35094316270445,-24.96476960858211],[153.35119416575841,-24.965016960554596],[153.35104173378275,-24.965333893567447],[153.35165354588725,-24.96571357450219],[153.35167755896325,-24.966316222494783],[153.35122983899646,-24.966935514535184],[153.3516672920477,-24.96701475149011],[153.3515132521049,-24.967602207500935],[153.35193292113456,-24.967519498458973],[153.35174067318906,-24.96811417447358],[153.3509162810784,-24.967849574559544],[153.35062865910842,-24.968318148584874],[153.35001920856809,-24.980729728544883],[153.35616630614595,-24.98067920792072]]]}},{"type":"Feature","properties":{"name":"Champagne Pools","zt":"MNP","zid":"MNP08","notake":true},"geometry":{"type":"Polygon","coordinates":[[[153.3569950494398,-24.990612540754906],[153.3570111171707,-24.98840031277144],[153.3558011667709,-24.986071685913515],[153.35612008463926,-24.984748248891986],[153.35616630614595,-24.98067920792072],[153.350546447612,-24.98067920849173],[153.35051252665738,-24.981076195491912],[153.35089491268013,-24.980965405453954],[153.35072467472511,-24.981465763467163],[153.3511369447396,-24.981264069426917],[153.35131968580848,-24.981685392404856],[153.35044327396938,-24.983680948477563],[153.35118214013164,-24.984434052396267],[153.35043206815104,-24.985175862466384],[153.35042130243656,-24.98751835444822],[153.35113117764138,-24.98864182736688],[153.3513927386034,-24.988127894344554],[153.35126849267402,-24.988802134351655],[153.3516317158048,-24.989588900308263],[153.35220056784473,-24.989473245251414],[153.35138763990682,-24.99061254132467],[153.3569950494398,-24.990612540754906]]]}},{"type":"Feature","properties":{"name":"Offshore Dundubara","zt":"MNP","zid":"MNP12","notake":true},"geometry":{"type":"Polygon","coordinates":[[[153.3128158685133,-25.237979210212234],[153.3207603144248,-25.222871074529827],[153.3241970466904,-25.214188892252096],[153.334221393063,-25.193066371407475],[153.3418300826799,-25.175835057776005],[153.3442051903328,-25.171147121573146],[153.34803191856147,-25.161866216260503],[153.35092772214503,-25.156207996012704],[153.3593627866821,-25.13769206230734],[153.36216607632977,-25.132631592063852],[153.36741625446288,-25.12146843062174],[153.3726502984,-25.10872161919411],[153.37652503373593,-25.10028892086921],[153.38373971376058,-25.086718560246762],[153.38690095919338,-25.07963452298325],[153.39026201673252,-25.073262536693594],[153.33437783639923,-25.073262542373776],[153.32725348647568,-25.08761582897924],[153.32201221647833,-25.09989951541049],[153.31795303717735,-25.108781686749538],[153.31374377175203,-25.116766732111152],[153.30894782863754,-25.1277528815076],[153.30656165488912,-25.131675012717448],[153.3048663663115,-25.136451852850264],[153.29071212272805,-25.167283239032724],[153.28584206065506,-25.17867636143293],[153.28196661520244,-25.186189833764146],[153.27229322289017,-25.207574953569036],[153.2658734737746,-25.21984796911873],[153.257100924149,-25.23797921585855],[153.3128158685133,-25.237979210212234]]]}},{"type":"Feature","properties":{"name":"Wanggoolba Creek","zt":"HPZ","zid":"HPZ18","notake":false},"geometry":{"type":"Polygon","coordinates":[[[152.98928226834892,-25.444245907145586],[152.9840103773893,-25.440579241703603],[152.9818770435538,-25.44364590789233],[152.9875156115756,-25.447529241295815],[152.98805309848325,-25.446338183251665],[152.98902265654354,-25.44605568715688],[152.98890956542124,-25.44514007817567],[152.98928226834892,-25.444245907145586]]]}},{"type":"Feature","properties":{"name":"Teewah Point","zt":"GUZ","zid":"GUZ17","notake":false},"geometry":{"type":"Polygon","coordinates":[[[153.02768129547988,-25.938295899279616],[153.03606829872652,-25.94162923241081],[153.03634459461233,-25.94047411439243],[153.03731752955036,-25.939179232305225],[153.02809146817302,-25.93546256626139],[153.02871888539934,-25.93679599518761],[153.02768129547988,-25.938295899279616]]]}},{"type":"Feature","properties":{"name":"Little Woody Island","zt":"MNP","zid":"MNP18","notake":true},"geometry":{"type":"Polygon","coordinates":[[[153.01649370352504,-25.358062572121163],[153.04868507764982,-25.3580625688906],[153.0490520453066,-25.354947185879222],[153.04822469493902,-25.35258503898155],[153.04879483564756,-25.34973431994759],[153.04940427753118,-25.348290926898187],[153.05120222951436,-25.346718102730485],[153.05179111655167,-25.34655546367268],[153.05261895065348,-25.346732593588094],[153.05352829382494,-25.347416839491178],[153.05516912800314,-25.34757388332508],[153.05552124196694,-25.346994541294446],[153.05501602582675,-25.346245415351287],[153.05562344189138,-25.34629303928988],[153.05553377381295,-25.345719553303574],[153.0559701318105,-25.345351464262727],[153.05593368389714,-25.34609220826039],[153.05669631800075,-25.346335611181757],[153.057370483936,-25.345266319122807],[153.05686858983054,-25.34479917517703],[153.05756735087903,-25.344640895108135],[153.0574422777546,-25.343717373128243],[153.0560942955236,-25.342893547270386],[153.05560133648018,-25.34292957831958],[153.0554111375925,-25.344004913329908],[153.05504961256335,-25.34405281336585],[153.0545745123666,-25.342814124423708],[153.05341719816374,-25.34206902954601],[153.05124948161074,-25.339250324786704],[153.0512797308608,-25.333059324834238],[153.05080442060392,-25.33132484489614],[153.05128767250514,-25.330127528857414],[153.0506300553235,-25.329157678931384],[153.0497143856393,-25.32426030806331],[153.04888172436387,-25.322658217160033],[153.04923997121432,-25.321142307136476],[153.05079666510844,-25.31903071599737],[153.05044543002327,-25.31860945303607],[153.0502671820889,-25.319291382048444],[153.04960022908224,-25.319768703111478],[153.048686265882,-25.318849674210785],[153.04828611736275,-25.314895902283265],[153.02471949700094,-25.322479238586688],[153.02402241511706,-25.323991536644296],[153.0192468170217,-25.318782507165913],[153.01649369816022,-25.31388313848202],[153.01649370352504,-25.358062572121163]]]}},{"type":"Feature","properties":{"name":"Boonooroo","zt":"HPZ","zid":"HPZ21","notake":false},"geometry":{"type":"Polygon","coordinates":[[[152.9047103969683,-25.665662580802177],[152.9038437296862,-25.664045913901848],[152.9039761495412,-25.66274591389918],[152.90356394652082,-25.662912938938977],[152.90334605564573,-25.664116279950974],[152.90420592891851,-25.665662580852562],[152.9047103969683,-25.665662580802177]]]}},{"type":"Feature","properties":{"name":"Tuan","zt":"HPZ","zid":"HPZ22","notake":false},"geometry":{"type":"Polygon","coordinates":[[[152.8783564307835,-25.68554591627094],[152.878877062511,-25.682879250240656],[152.8791437300534,-25.678895916246418],[152.87861627300134,-25.678895916299034],[152.87837123350806,-25.683266775287972],[152.87793668572138,-25.685374909314206],[152.8783564307835,-25.68554591627094]]]}},{"type":"Feature","properties":{"name":"Poona","zt":"HPZ","zid":"HPZ23","notake":false},"geometry":{"type":"Polygon","coordinates":[[[152.92312707135574,-25.711429245590498],[152.9225471772984,-25.711429244648407],[152.92202271032627,-25.712084891695515],[152.91808497365335,-25.71796838004119],[152.91753754364763,-25.718366125092633],[152.9176036197231,-25.718931697081477],[152.91702889176693,-25.719758982132127],[152.91636921574502,-25.720114388195178],[152.91591364666505,-25.719827416243014],[152.9162436937498,-25.720255508206545],[152.91378161677312,-25.722447386434744],[152.91407974884754,-25.72281621240194],[152.91393704286975,-25.72311462841379],[152.91324588075994,-25.72277499148558],[152.91274373775786,-25.723165500532577],[152.91332707089032,-25.72377924646931],[152.913827070885,-25.72332924642301],[152.91569373823395,-25.724679246225566],[152.91601040521465,-25.724262579197358],[152.91431040488004,-25.72289591237828],[152.91749373784782,-25.72004591208336],[152.92312707135574,-25.711429245590498]]]}},{"type":"Feature","properties":{"name":"Wolf Rock","zt":"MNP","zid":"MNP27","notake":true},"geometry":{"type":"Polygon","coordinates":[[[153.19006773071703,-25.930481789995444],[153.1910132228049,-25.930430078900354],[153.19133673087214,-25.930713734865396],[153.19102728889226,-25.931126323893324],[153.1919063870772,-25.93191399579815],[153.19173994409303,-25.932176552812805],[153.19207282916477,-25.932488339776643],[153.19165789516973,-25.932863421815508],[153.19208220622244,-25.93294781477199],[153.19204841726824,-25.933345882772162],[153.19729379147392,-25.930779216263126],[153.21666045938804,-25.92256254737266],[153.2166604548833,-25.88611254766827],[153.17666045090542,-25.88611255170882],[153.17666045540312,-25.922562551413247],[153.18794378952742,-25.922562550274098],[153.187943790303,-25.928842789223214],[153.18864851448146,-25.929719060144922],[153.19006773071703,-25.930481789995444]]]}},{"type":"Feature","properties":{"name":"Tinnanbar","zt":"HPZ","zid":"HPZ24","notake":false},"geometry":{"type":"Polygon","coordinates":[[[152.9569937462612,-25.756995907833634],[152.95399374596406,-25.756995908133817],[152.95184374583442,-25.757679242343432],[152.9518437459289,-25.75845331133712],[152.9529524039859,-25.75802050322974],[152.95502243617167,-25.757862369023897],[152.9551798701329,-25.757416612011735],[152.95556755616292,-25.75734842197352],[152.95579284822844,-25.757702753948085],[152.95706739533935,-25.757576373821582],[152.96098135586237,-25.758685888420864],[152.96371041431343,-25.76016647213569],[152.96371041422748,-25.759462574141413],[152.96241041401328,-25.758762574277224],[152.9569937462612,-25.756995907833634]]]}},{"type":"Feature","properties":{"name":"Cowra Point","zt":"MNP","zid":"MNP24","notake":true},"geometry":{"type":"Polygon","coordinates":[[[152.96449375281043,-25.804545906697033],[152.9725770856577,-25.796729239951205],[152.97672708606942,-25.796729239535622],[152.99971042087972,-25.784712570330388],[152.99356041873793,-25.772179238048565],[152.98458920084894,-25.77217923894744],[152.98600700026822,-25.774460498786894],[152.9862385004472,-25.77573699975328],[152.98516949985031,-25.779902498826573],[152.98522549970764,-25.778689998830785],[152.984340999678,-25.779164998915558],[152.9837594995642,-25.778704998977545],[152.9830755004942,-25.778686999046208],[152.98261725138667,-25.778179239096243],[152.97524493065598,-25.778179239834614],[152.9740966228688,-25.78085332092791],[152.9743573769548,-25.781346609897817],[152.97419612201693,-25.78198573090878],[152.97093403336567,-25.787488631190755],[152.97004392331388,-25.78778718727743],[152.97041199046078,-25.788690377233262],[152.97007386568336,-25.790786966250074],[152.97048418000537,-25.793089921190305],[152.96990166707738,-25.794152755240017],[152.97018793314695,-25.794489854208617],[152.97091336621267,-25.79443814313638],[152.96937634518687,-25.79547486528189],[152.96739010137438,-25.7986235534552],[152.96452264540034,-25.801164991721595],[152.96449375281043,-25.804545906697033]],[[152.98325750016775,-25.792233498918044],[152.9806020001001,-25.793834999171036],[152.9800880000017,-25.79344749922568],[152.9811220000722,-25.793184999124225],[152.98133700001728,-25.792560999107742],[152.98171850010738,-25.792988499066052],[152.98325750016775,-25.792233498918044]],[[152.98172549999586,-25.79207049907284],[152.98196200006439,-25.792438999046134],[152.98175850005006,-25.792486999066135],[152.98172549999586,-25.79207049907284]],[[152.98456349994086,-25.78113549887729],[152.98417099915872,-25.783236500899584],[152.98225150042126,-25.786941999061757],[152.98168249959792,-25.78884949910329],[152.98311299994973,-25.790566498946045],[152.98343650014235,-25.791880498902966],[152.9830075000776,-25.791698498947422],[152.98330300009033,-25.79156299891892],[152.98284650001355,-25.79130549896675],[152.98286249993672,-25.790663498970343],[152.98198199984085,-25.790593499059124],[152.98119249966823,-25.78982149914448],[152.98113149958914,-25.789224499155406],[152.98057700048597,-25.78883049921417],[152.98085999950135,-25.788725999186664],[152.98062700036851,-25.787827999217274],[152.98122350027194,-25.786554499167895],[152.98212900025248,-25.785659999084448],[152.98279450030273,-25.785531499018795],[152.9838190001739,-25.783646498931517],[152.9832300000312,-25.782956498996093],[152.98339199998622,-25.782456998983942],[152.9841860000407,-25.782257998906008],[152.98417499998922,-25.781846498910472],[152.98371799997506,-25.782100998954164],[152.98359599992958,-25.781828498968608],[152.9829764998672,-25.781819999030684],[152.982886999743,-25.780875999047325],[152.98223099957622,-25.78004349911978],[152.98261449960256,-25.77994799908216],[152.98316049970668,-25.780357499024134],[152.9827944997102,-25.780682999058172],[152.98321599974577,-25.780631999016393],[152.98317399976779,-25.780845999018826],[152.9842034999209,-25.781264498912332],[152.98398099990996,-25.781354998933875],[152.9843549999576,-25.781441498895735],[152.98399749994454,-25.781624498930032],[152.98440899998258,-25.781601498889014],[152.98456349994086,-25.78113549887729]],[[152.98466899991482,-25.78083699886917],[152.98504849989257,-25.780346998835103],[152.9846339999465,-25.78112399887031],[152.9844079998841,-25.780796498895626],[152.98466899991482,-25.78083699886917]]]}},{"type":"Feature","properties":{"name":"Kauri Creek","zt":"MNP","zid":"MNP25","notake":true},"geometry":{"type":"Polygon","coordinates":[[[152.92004476213071,-25.810558569093747],[152.91997572305195,-25.809968903105435],[152.91945224207717,-25.810601839152586],[152.91791511592476,-25.810604004306185],[152.91619000068872,-25.810073600482838],[152.91541429665514,-25.81043051955744],[152.91449344451297,-25.81001411365282],[152.91356307554693,-25.811050368737327],[152.9122234393706,-25.81069582887405],[152.9128730636621,-25.81255762379407],[152.91215778472687,-25.813671882856433],[152.9130352407766,-25.813364720771265],[152.9134477999529,-25.814474518721074],[152.91226672789455,-25.814958342835126],[152.91080802163535,-25.814021177988472],[152.91129133962298,-25.81352537694422],[152.9111055585706,-25.813247253964988],[152.9104129755188,-25.81338722003305],[152.9101379315757,-25.81407801005494],[152.9096124424881,-25.813787491109746],[152.9095770021776,-25.811269658133753],[152.90903023905605,-25.81071826819285],[152.90703409485735,-25.810715142392215],[152.90606477288742,-25.811751534480614],[152.90508730479215,-25.81176625457815],[152.90449968971535,-25.81161577963805],[152.90421079863074,-25.81115697967058],[152.9038146415969,-25.81120174570979],[152.9026834146193,-25.812307489813776],[152.90145281347537,-25.812130720938082],[152.90242486268426,-25.81305192883355],[152.9033729287595,-25.812895802740176],[152.9042658529486,-25.813720220644296],[152.9038496860822,-25.815154401674203],[152.90327301408794,-25.815672268727624],[152.90238842900433,-25.81570751481565],[152.90251316811305,-25.81649723379681],[152.90224637011448,-25.816726418821556],[152.901862364083,-25.81678112485947],[152.90190946985751,-25.814893664870084],[152.90131089667153,-25.813855304938294],[152.8985017165499,-25.81514745020828],[152.89833467560152,-25.815707723220438],[152.8986066166964,-25.816264122188777],[152.8992484767763,-25.816396453123588],[152.90096206185953,-25.81568258095828],[152.901149182966,-25.816403133933765],[152.8989644667635,-25.816522729150922],[152.89834585976354,-25.81702746920859],[152.8970463390455,-25.820401312310988],[152.89716439714985,-25.82116130429301],[152.89748202607143,-25.820258267268642],[152.89803103610134,-25.820056239215457],[152.8981771380607,-25.81960334720455],[152.8983858071386,-25.820072257179927],[152.89846749801612,-25.819000752180433],[152.89875682911853,-25.819605186146653],[152.898826005906,-25.81780499715436],[152.89916816612185,-25.81929742210807],[152.89857428727095,-25.821005266153517],[152.8970085942851,-25.82239789929857],[152.8911989999231,-25.824166643864146],[152.88646887547162,-25.82432131133494],[152.88581939549996,-25.82508415639363],[152.88508252338698,-25.824757448469747],[152.88545722427764,-25.823554776442137],[152.88526621221095,-25.823162794464395],[152.8851085772665,-25.823748027475354],[152.885002082203,-25.823313106489543],[152.88449128015128,-25.823305534540545],[152.8838919210234,-25.8227453836049],[152.88326071101324,-25.823176632664353],[152.8839362110777,-25.82315504359718],[152.88465578921452,-25.823690421521015],[152.88506082341465,-25.825002887469957],[152.88656618859986,-25.825293942317373],[152.88676644453395,-25.82458988730311],[152.8915705110049,-25.824534476824073],[152.89741340035133,-25.822611309256388],[152.89891714533238,-25.821228976117474],[152.89939476722128,-25.81992829908034],[152.8994219110241,-25.81828845409091],[152.89858137781547,-25.817261987183183],[152.89871902179036,-25.816943432172],[152.90066827793873,-25.81657172098043],[152.90116551109716,-25.817465820923516],[152.90032391208504,-25.818053054002757],[152.9014805891774,-25.817867408888787],[152.9018288222586,-25.81825007585089],[152.9025392332328,-25.817458997786424],[152.9039950782929,-25.816765153646642],[152.90461139022597,-25.81571323259365],[152.90717375730017,-25.81423358734973],[152.90723416725888,-25.813845032346865],[152.90623020107367,-25.813144921452814],[152.90387792182088,-25.812987954688978],[152.90347481072112,-25.81249805473321],[152.90352399965548,-25.811919110733033],[152.90509256686013,-25.812320388573077],[152.90767414411368,-25.81229623231548],[152.90766481116975,-25.812763387312632],[152.9069406891332,-25.81305334338256],[152.90786967931263,-25.813768799283995],[152.90804191141154,-25.814439099261385],[152.9077948674287,-25.814781487283245],[152.9067502233112,-25.81466912138851],[152.90640442232402,-25.815056121419904],[152.90864993358542,-25.815370310193074],[152.9096817789078,-25.81717302007536],[152.91092334513112,-25.81799290994471],[152.91194340023713,-25.818030754842518],[152.91263471225588,-25.817621619776787],[152.9141613561589,-25.81558216664081],[152.91467093428494,-25.816200541584884],[152.91747645550308,-25.81570323230864],[152.91871443363792,-25.815800732184137],[152.91910013284527,-25.81718601013435],[152.91872833309674,-25.81955082115232],[152.91800434503287,-25.819617442224096],[152.9162097570634,-25.821329131389557],[152.91587526811458,-25.822021466417365],[152.9143197010833,-25.82303327756458],[152.91262478894745,-25.823300354731735],[152.91086576692956,-25.824587531897],[152.91233070098264,-25.82382888775678],[152.91554693338065,-25.824471188430294],[152.9154538555344,-25.825807043428732],[152.91481938963923,-25.82718428848096],[152.9150411557219,-25.827680355454763],[152.91604443289708,-25.82829899934955],[152.91604377801056,-25.829229821342057],[152.91640551209102,-25.829594909302962],[152.91583793401642,-25.82944565536088],[152.91533556705448,-25.83016767740521],[152.91539292210115,-25.830502799396722],[152.9159357781796,-25.83070417734091],[152.91575457919618,-25.83098704335667],[152.91513764411565,-25.830830298419624],[152.9158203342117,-25.831061542349495],[152.91597697917103,-25.830599943337575],[152.91541781206632,-25.83019751039675],[152.91591195602916,-25.8294903663531],[152.9164465341151,-25.82975875529751],[152.91644668908964,-25.829550255299218],[152.9161096560053,-25.829133055336246],[152.9166276901059,-25.829535465281207],[152.91701444512887,-25.829409088243658],[152.91710537806347,-25.828798531239485],[152.91679311196694,-25.828262199275013],[152.91737765595337,-25.82767426522136],[152.91802676772693,-25.82528875417586],[152.91714770042873,-25.823560654277728],[152.91572494420362,-25.82287475442544],[152.91710733428937,-25.822451099290795],[152.91737930123034,-25.82174531026928],[152.91873726726635,-25.820934409140225],[152.9212299572658,-25.82709556584118],[152.92135930070143,-25.830561264800135],[152.9224440897287,-25.829900588697093],[152.92324980091428,-25.83076482160953],[152.9229938340614,-25.832179521623633],[152.92142211096046,-25.832632920777048],[152.9221623110841,-25.833042876699757],[152.9220385011463,-25.83365343270715],[152.92129806806258,-25.83357111978181],[152.92207805724567,-25.83443557769687],[152.92202587838358,-25.83560812169256],[152.9216141004334,-25.836352399727694],[152.92218911163826,-25.8375624996604],[152.9219624776952,-25.838213809677786],[152.92293849994684,-25.83947995556995],[152.92365843299012,-25.839247698499893],[152.92463493315316,-25.839787955397934],[152.9251893343741,-25.841146932331494],[152.92488042342748,-25.84183543135675],[152.92545659041892,-25.841295976303584],[152.9264072886069,-25.84206142120238],[152.9277540218023,-25.84256462106364],[152.9273111119082,-25.84379281009797],[152.92662214484076,-25.843801776166753],[152.92602543284153,-25.844294698222384],[152.92685755708158,-25.845583077128776],[152.92699946750378,-25.84892591008747],[152.92764708961596,-25.849317097019632],[152.9286144335692,-25.848144998932376],[152.92970435670156,-25.84834096482186],[152.93030806674594,-25.848212830762538],[152.93049337772237,-25.847868588746824],[152.93009312251544,-25.846500397797953],[152.92872552236568,-25.846388064935564],[152.9277901341953,-25.845754786034206],[152.92806823413102,-25.84500112101248],[152.92754392305378,-25.84479613006656],[152.9286648441529,-25.84469430995535],[152.93075168948906,-25.84574692073818],[152.930843244706,-25.84744997771528],[152.93292035561163,-25.85317336646115],[152.9345823558684,-25.853921455288948],[152.93446401179574,-25.853423099304838],[152.93321064357826,-25.852663576436303],[152.93395627862256,-25.85241858736375],[152.93465929971964,-25.852641231291592],[152.9352434558659,-25.853362120227374],[152.93609772226077,-25.85590002112138],[152.93798271164633,-25.857519964919792],[152.93832007803582,-25.860433275862405],[152.93929120128536,-25.86168482175514],[152.94017091071387,-25.864475698644533],[152.94108552190895,-25.865327031546173],[152.94100063293988,-25.865648966552044],[152.93983117887961,-25.86610846666526],[152.94086493296103,-25.865932565563313],[152.94167011197095,-25.86535792048748],[152.942576412124,-25.86587193139263],[152.9403997567142,-25.86429179962317],[152.93993477942536,-25.86230605468576],[152.93862259005243,-25.860323009833024],[152.93833626761656,-25.85698807588874],[152.93638849024836,-25.85556130909507],[152.9352743217856,-25.85267984122986],[152.934673111663,-25.85216593129408],[152.93290147949492,-25.85223316647067],[152.93259984542806,-25.851931666503308],[152.93239268919814,-25.850217577537904],[152.93129118974576,-25.847410621670814],[152.93131293355296,-25.84581340968156],[152.92779691093855,-25.843645666050623],[152.92833818896142,-25.843391654998555],[152.9284835790333,-25.843862608980245],[152.92990922217527,-25.84386330783771],[152.92906665702466,-25.843316675926353],[152.92844711182875,-25.842216397997202],[152.92745888966022,-25.84164144210065],[152.9243608677858,-25.83700075544793],[152.9236014556745,-25.836708410526203],[152.9227616676011,-25.836790843609453],[152.92223108852986,-25.83663987766373],[152.9233758226197,-25.836442710550905],[152.92341798951924,-25.835585742553658],[152.9240636794767,-25.834710243496204],[152.9239497453676,-25.83390968851406],[152.92448171217,-25.831856931477557],[152.92425357799925,-25.83064382151021],[152.92348457873888,-25.829136620599307],[152.92411967872283,-25.828487131541085],[152.92349568860675,-25.82804416660706],[152.92303898935106,-25.826320510666655],[152.92389270033368,-25.82548279958816],[152.92355015714682,-25.824230076632503],[152.9223232008814,-25.823054109764644],[152.9218665996153,-25.821245676825004],[152.92205547933318,-25.818778375826124],[152.9227637782489,-25.817511141765618],[152.92166135606803,-25.816926654880547],[152.92220269005867,-25.816408975830615],[152.92150571197678,-25.816305009901114],[152.92136040089918,-25.81578696491987],[152.92424375013084,-25.815338088635347],[152.92424374960956,-25.811064912669995],[152.9221704433929,-25.810976636877914],[152.92128766325936,-25.810600681969195],[152.92060475722369,-25.810864802035308],[152.92004476213071,-25.810558569093747]],[[152.91481599986318,-25.812623999599385],[152.91507699979798,-25.811876499579384],[152.9156036908992,-25.812277297523504],[152.91609417791645,-25.81201954647659],[152.9164144999938,-25.81239299944156],[152.91573000007,-25.8135749995004],[152.91495100002095,-25.81380799957632],[152.91481549993037,-25.81317499959498],[152.91514099988328,-25.812523499567742],[152.914968999846,-25.812357999586293],[152.91481599986318,-25.812623999599385]]]}},{"type":"Feature","properties":{"name":"Griffen Creek","zt":"MNP","zid":"MNP28","notake":true},"geometry":{"type":"Polygon","coordinates":[[[152.99431535625533,-25.890210310015387],[152.9930576330869,-25.889858231144306],[152.99279654512924,-25.890416321165922],[152.99197780108264,-25.890701766245684],[152.99130373419115,-25.89213564230157],[152.9915434222247,-25.89221507727694],[152.99211302318784,-25.89145093222606],[152.99389526733,-25.891161232049782],[152.99501297751084,-25.891727965933146],[152.99506507784204,-25.894389719906368],[152.99435062208747,-25.896974153957018],[152.9947706571971,-25.897527976910432],[152.99581725732273,-25.897701887804146],[152.99590386839122,-25.898190231791514],[152.99536036740903,-25.898778364841224],[152.9955786556101,-25.900241264807466],[152.99720550104624,-25.90247695562631],[152.99864136821316,-25.9026712424808],[152.99863489025813,-25.90304314247845],[152.99919557832212,-25.90310928842169],[152.99964249031893,-25.90271977638002],[153.00210462257346,-25.902793254132668],[153.00216043567806,-25.90360133212051],[153.0040564389631,-25.904384790924066],[153.00892335910956,-25.90162049945847],[153.00855722300838,-25.90109319949945],[153.00763647900462,-25.901811877585967],[153.00667154389384,-25.90169249868367],[153.00520833355168,-25.90009097684338],[153.00516082341323,-25.899000531856966],[153.0033951002073,-25.898755866035994],[153.0016388569233,-25.897867221219286],[152.99916591170265,-25.89807758846543],[152.99865331249418,-25.89679394352722],[152.9974477441742,-25.89516253266128],[152.9974240559254,-25.89315120967997],[152.9970538667755,-25.892228177724572],[152.9980221227481,-25.891217165635712],[152.99531440143883,-25.890895109909696],[152.99431535625533,-25.890210310015387]]]}},{"type":"Feature","properties":{"name":"Myers Creek","zt":"MNP","zid":"MNP26","notake":true},"geometry":{"type":"Polygon","coordinates":[[[153.04845459283683,-25.850993894901855],[153.04725434364855,-25.850431628026943],[153.04685566649616,-25.849512565074477],[153.03666043248262,-25.84951256609812],[153.0418937676954,-25.863312565460784],[153.0427437682584,-25.867212565343802],[153.05215527219474,-25.867212564398628],[153.0514356138534,-25.865014229488736],[153.05184500002116,-25.866049481439237],[153.0532259102289,-25.866623177295885],[153.05329787329984,-25.867142765284417],[153.05366766834024,-25.86717258824699],[153.0539912742621,-25.866273151221804],[153.0546908362529,-25.865630696156735],[153.05714977351263,-25.865754805908715],[153.05660392344782,-25.865668767964234],[153.05559503122717,-25.864688430073578],[153.0557806292041,-25.864350546057626],[153.05707260835445,-25.864528648926377],[153.05851718664863,-25.86575429777135],[153.0591177787083,-25.865754074710996],[153.05911820381922,-25.866657077703643],[153.06420241932474,-25.866655019192763],[153.06373443319094,-25.86594430224556],[153.06373085608658,-25.86509729225277],[153.06247157889246,-25.8645365833839],[153.06262684287591,-25.864275962370396],[153.06217601682133,-25.864196614416322],[153.06242167182558,-25.864031976392976],[153.06215550577465,-25.86383235142134],[153.06018143849377,-25.8631447556253],[153.05930238242001,-25.863255127712712],[153.05823619924982,-25.86273298882407],[153.0598565702883,-25.86173268866939],[153.06153999660316,-25.86293403949046],[153.06397430977174,-25.862335165250716],[153.06396869568658,-25.861646857256865],[153.0623975614657,-25.861120022419062],[153.06178398311488,-25.858758554499843],[153.06123501409152,-25.859013630552916],[153.0601481679454,-25.858703103664652],[153.0603089758708,-25.85796560065448],[153.05848011857773,-25.857059269845585],[153.05523809460874,-25.859938621147908],[153.05467892159308,-25.86026460720145],[153.0536701194555,-25.85996066130526],[153.05377871028963,-25.85852059730604],[153.05324069121065,-25.858313288361757],[153.05301893004872,-25.85717368739328],[153.0523185608596,-25.856199696471517],[153.04967528149373,-25.855359376743817],[153.049591999376,-25.85446707775943],[153.05001792343958,-25.854640779715233],[153.0500179233669,-25.854048293720084],[153.05059375336052,-25.85352957066642],[153.05028291809157,-25.851589537713405],[153.04968479802525,-25.85153320277392],[153.0492251879088,-25.850956500824783],[153.04845459283683,-25.850993894901855]],[[153.05634182595648,-25.861877869021356],[153.05703530903418,-25.861948438951107],[153.0566644140295,-25.862211395986186],[153.05634182595648,-25.861877869021356]]]}},{"type":"Feature","properties":{"name":"Tin Can Bay","zt":"HPZ","zid":"HPZ27","notake":false},"geometry":{"type":"Polygon","coordinates":[[[153.0094437704517,-25.91214590132096],[153.0087437701102,-25.909929235409127],[153.0110271028618,-25.906045901211662],[153.01050650280982,-25.906045901263877],[153.00957852392992,-25.907779725342866],[153.00835381897915,-25.909177445454347],[153.00840247625916,-25.911422085431294],[153.00883435139073,-25.912143839382104],[153.00728710348884,-25.914202485520548],[153.00739060959495,-25.91498413850389],[153.0070903675625,-25.91496361953413],[153.0063368647578,-25.917169935591815],[153.00662851496364,-25.91861137155089],[153.006168682989,-25.919191961592315],[153.00661007406592,-25.91946024554585],[153.0074227331307,-25.919327844465453],[153.00782783452823,-25.92224030440124],[153.00852204258265,-25.92211895233261],[153.00792241943728,-25.92142117539838],[153.00893963753396,-25.92138191429669],[153.00996399577954,-25.92255082418449],[153.01147325805007,-25.923528627025235],[153.01202291333624,-25.925414944954813],[153.01177842434666,-25.92569869597703],[153.0125534986509,-25.92754849888432],[153.0131239537669,-25.928030298823188],[153.01311999883106,-25.928556498819365],[153.0139161079066,-25.928524334739787],[153.01545957431216,-25.930574035568306],[153.0160403273958,-25.930784220508382],[153.01585737942472,-25.931168634523626],[153.01449377331514,-25.931384360658654],[153.01449377337585,-25.931879234654616],[153.01629377350443,-25.931462567477425],[153.01646044040442,-25.930512567468423],[153.0147271060311,-25.928879234655547],[153.01294377255255,-25.926429234854236],[153.0120771051165,-25.923579234964233],[153.00911043847503,-25.920762568284577],[153.00814377136842,-25.920679235382227],[153.00782710392815,-25.91734590144092],[153.0082937706068,-25.914345901418468],[153.0094437704517,-25.91214590132096]]]}},{"type":"Feature","properties":{"name":"Southern Tin Can Inlet","zt":"CPZ","zid":"CPZ28","notake":false},"geometry":{"type":"Polygon","coordinates":[[[153.0338604433956,-25.940729232639715],[153.02768129547988,-25.938295899279616],[153.02450796239765,-25.94020811858256],[153.0234629213211,-25.940434732685567],[153.02313065039817,-25.94133246271165],[153.02068086234448,-25.94288883094479],[153.01806707612243,-25.94320674520442],[153.01713623110777,-25.94384444129266],[153.0134310148804,-25.945008469654876],[153.01337587491273,-25.945316514657907],[153.01253157886748,-25.94563521874],[153.01182758001235,-25.947389317796365],[153.0091312388645,-25.94837965105875],[153.00791598170238,-25.948047729183312],[153.0084935988124,-25.948474566121956],[153.00836190986166,-25.94898301713102],[153.00741230881016,-25.949336849223393],[153.00520938785687,-25.95151242442663],[153.00369236872945,-25.95170896757716],[153.00277687059545,-25.95136275667172],[153.00285647755234,-25.95094577766716],[153.0022914605051,-25.951021898723177],[153.00197558843,-25.95066676275773],[153.00162580749557,-25.95148589278612],[153.00114753545805,-25.95156976883342],[153.00104759837257,-25.950954082848426],[152.99939959310905,-25.950148020020137],[153.00005357827717,-25.950986205947782],[153.00012435438055,-25.95177175893434],[152.99815227741064,-25.95362463611701],[152.9991922285113,-25.95359739101302],[153.0005230985337,-25.95269613288691],[153.00101060160517,-25.952880975836543],[153.00207058368204,-25.952643847732144],[153.00227420881748,-25.953581688704155],[153.00265580884079,-25.953461086666895],[153.00276662080003,-25.953038616659192],[153.00282375885436,-25.953435115650244],[153.00310251984484,-25.953130382624753],[153.0029526339757,-25.954319376630167],[153.0028099069825,-25.954491291643105],[153.00276835293252,-25.95411730165028],[153.00206096906683,-25.95578843470766],[153.00304488137363,-25.95748813459527],[153.0005544963067,-25.958971812832928],[153.0027696494573,-25.958393700615513],[153.0026805215831,-25.95949230061559],[153.00348365877565,-25.96040767352766],[153.00302300379775,-25.960963041569336],[153.00336915991872,-25.961667291528933],[153.0043774619048,-25.960731364435418],[153.00757784910482,-25.959754040122416],[153.00804065404097,-25.958856984083305],[153.00775431596935,-25.95850665611482],[153.00777555386472,-25.957636275119775],[153.00826268385478,-25.957158107074775],[153.0084889088766,-25.95715140505213],[153.00786811187666,-25.95765813211029],[153.00852675498925,-25.95803949904115],[153.00823692897308,-25.95814354206938],[153.00835716204622,-25.9586419500533],[153.00722770418898,-25.96072482714965],[153.00438270028718,-25.963844000409654],[153.00454676246417,-25.9651532163826],[153.00401174156173,-25.966383469426287],[153.00311333253467,-25.966895420512227],[153.0025279914115,-25.96636886057515],[153.0016014473051,-25.966256583668983],[153.00100585438224,-25.967371622719615],[153.00012227627616,-25.967226806809375],[153.00001600519795,-25.966676495824494],[153.00040400114727,-25.965946365791503],[152.9997605041509,-25.966501035851536],[152.99945355410338,-25.96636362188345],[152.99952850716122,-25.966774078872593],[152.99899669707844,-25.96653315892783],[152.99923761719188,-25.96726127389781],[152.99882180719297,-25.967609269936624],[152.99905915828347,-25.96815357190847],[152.9987450692836,-25.968410553937865],[152.99908949634516,-25.968631843901566],[152.9984708553656,-25.969302640958137],[152.9990020505344,-25.97024511789724],[152.99861861955176,-25.97069958993197],[152.99737875234598,-25.970033158061657],[152.99630568223583,-25.970009910169402],[152.9960541072752,-25.970535890190387],[152.9965005893922,-25.971125345140834],[152.99623651835768,-25.971059796167825],[152.99638134442318,-25.971475743149963],[152.999155194857,-25.972749637861607],[153.00076739589713,-25.971762516708004],[153.00074701882698,-25.9712069917145],[153.00015436769644,-25.970626586778625],[153.00181782184464,-25.97047859961308],[153.00358538488607,-25.969374952444834],[153.0042766409735,-25.969524136374314],[153.0056707190714,-25.969185590237263],[153.00706347048526,-25.971422929079534],[153.0067448494717,-25.97157202011024],[153.0075050966402,-25.972325221027916],[153.00764669880954,-25.973589990003465],[153.00864588310455,-25.975179234890394],[153.02477108063906,-25.966395899344015],[153.0253411314225,-25.964168674304833],[153.0249650779792,-25.960864550369326],[153.02401404067012,-25.959121755478897],[153.02473811774243,-25.959120459406247],[153.02555033591923,-25.959899529318466],[153.02711263305886,-25.95976553816273],[153.02734382503434,-25.95937728814272],[153.02716586385793,-25.958085312171043],[153.02744329676855,-25.95713216715088],[153.0265180315056,-25.955743282255],[153.0267636854642,-25.955205708234683],[153.0271271104967,-25.95517512319846],[153.02712710934313,-25.945779233274568],[153.03187710947998,-25.94302923282014],[153.0338604433956,-25.940729232639715]]]}},{"type":"Feature","properties":{"name":"Searys Creek","zt":"MNP","zid":"MNP29","notake":true},"geometry":{"type":"Polygon","coordinates":[[[153.04937033111628,-25.94212923107107],[153.0487241299446,-25.941256917143047],[153.04916225384093,-25.9400573881088],[153.04832670758736,-25.938673115203876],[153.04876182237552,-25.936594433177035],[153.04747895216494,-25.935923352311303],[153.0470766569417,-25.93443266936379],[153.04757296283634,-25.933171011324205],[153.04624622261758,-25.932468965463116],[153.04625642251065,-25.931589804469233],[153.04869760565907,-25.93081493623032],[153.04922613474466,-25.93108225517506],[153.05021943178392,-25.930594577079248],[153.05487028538641,-25.931720591602932],[153.05554661943626,-25.931576966536202],[153.05603329061395,-25.932628012478794],[153.05737025974148,-25.932579732344855],[153.05816273376993,-25.93216846026858],[153.0585109886638,-25.931021481242873],[153.05935609266228,-25.930323533163573],[153.05986267253076,-25.928841992124713],[153.05920736544311,-25.928660705191984],[153.05886883334475,-25.928135230230296],[153.05675517014228,-25.92820297144213],[153.0560412779513,-25.927228480521716],[153.05548118789895,-25.92725731357773],[153.0546574439765,-25.92855740264999],[153.05251154264857,-25.92763119087305],[153.05103196949634,-25.927593439021944],[153.0505032463755,-25.92703939107957],[153.04875961724858,-25.927422239251598],[153.04805126009342,-25.926734350328324],[153.0461707121171,-25.928455180503178],[153.04535169205536,-25.928617946584122],[153.0401406213091,-25.92677503712233],[153.03837820115425,-25.926946058297894],[153.03699377498108,-25.926661293439192],[153.03699377649764,-25.9390125653391],[153.03731752955036,-25.939179232305225],[153.03827930248966,-25.937902233219045],[153.0395539845145,-25.93706868509783],[153.04070362369671,-25.937617911977924],[153.04135815793893,-25.939057162900554],[153.04026205804,-25.940771727996715],[153.0406447583535,-25.943012564940183],[153.0462477099129,-25.943012564377568],[153.04668606092466,-25.942751556335608],[153.0467493308869,-25.942393213332203],[153.04589166474017,-25.94189576742236],[153.04497148147402,-25.940476841526216],[153.04521752949017,-25.940408326502105],[153.04565882662916,-25.941181450451513],[153.04631872546207,-25.939284257400615],[153.04729136763132,-25.939871668298156],[153.04798605797797,-25.942129231210092],[153.04937033111628,-25.94212923107107]]]}},{"type":"Feature","properties":{"name":"Cooloola Creek","zt":"MNP","zid":"MNP30","notake":true},"geometry":{"type":"Polygon","coordinates":[[[153.03606829872652,-25.94162923241081],[153.0338604433956,-25.940729232639715],[153.03187710947998,-25.94302923282014],[153.02712710934313,-25.945779233274568],[153.0271271104967,-25.95517512319846],[153.02804028966563,-25.955807543101752],[153.02959433886485,-25.956165558942846],[153.02972934400603,-25.957204847920888],[153.03033214116874,-25.9580397298536],[153.03030862730643,-25.95917934784676],[153.03113849478683,-25.96241546373725],[153.03212575596004,-25.96302274563327],[153.03319618908947,-25.963205232524313],[153.03378715424034,-25.963952347458974],[153.03394991236092,-25.96480166843572],[153.03509984159686,-25.96578653831235],[153.035399823723,-25.966569110275884],[153.0351123737396,-25.96693807030177],[153.0356831997926,-25.966905429244715],[153.03672596803872,-25.968059673130707],[153.03731951912184,-25.968253537069522],[153.03783052412956,-25.96790040202112],[153.03870909721485,-25.967879405933047],[153.03898456718693,-25.967427751909078],[153.03845582898063,-25.96617957797226],[153.03771497287153,-25.965894221048963],[153.03751936469936,-25.96465227707863],[153.03705983559342,-25.964163347128714],[153.0376426495453,-25.963297135077212],[153.0367321744012,-25.962865739172155],[153.0367205443605,-25.962543889175905],[153.03733480037155,-25.962133675117556],[153.03820200950472,-25.962512358027453],[153.03893096048193,-25.96173358596058],[153.0413223877052,-25.961605354721492],[153.04089166959753,-25.96107895576905],[153.03920844938315,-25.960703676941044],[153.03713989298785,-25.959169178161147],[153.03708688893204,-25.958757064169827],[153.03752934190652,-25.95818953112997],[153.03823634997048,-25.958135537059444],[153.03995371598134,-25.95682699889764],[153.03814949059932,-25.955184913092065],[153.03711863643477,-25.95468349719962],[153.03762057442765,-25.95421751515301],[153.03875039452956,-25.95412757104029],[153.03945016139315,-25.952448970983642],[153.03996554046157,-25.952586232930795],[153.04050049946215,-25.95215608088059],[153.04186809059294,-25.95210784674365],[153.0424755955464,-25.951235644689728],[153.04149760337464,-25.950632667792796],[153.04133877225678,-25.94980249481547],[153.04020917418956,-25.950173145925913],[153.0385465989072,-25.949227094100454],[153.03649964186528,-25.950550414295225],[153.03592485180852,-25.950556516352854],[153.0333647833378,-25.948805691624024],[153.03221752500485,-25.947027407753588],[153.0322503219055,-25.9461911307571],[153.0326598879463,-25.946191034715973],[153.03309389116174,-25.94759253266108],[153.03379675027625,-25.947952791587593],[153.0347149453268,-25.947618081498142],[153.03525643127168,-25.946728050451018],[153.0361349282889,-25.946154370367456],[153.03596963023577,-25.945855766386458],[153.0341726390358,-25.94568899956819],[153.03390821795,-25.94520524859866],[153.03606829872652,-25.94162923241081]]]}},{"type":"Feature","properties":{"name":"Carland Creek","zt":"MNP","zid":"MNP31","notake":true},"geometry":{"type":"Polygon","coordinates":[[[153.02102512062112,-25.993728100498544],[153.0199636302901,-25.991898536619864],[153.01943470506032,-25.990459091684617],[153.01958657097504,-25.98964086167597],[153.0184495516049,-25.987553453806974],[153.0186344385097,-25.98662760779588],[153.019784330591,-25.986352726682743],[153.022315598947,-25.987188539422075],[153.022929229234,-25.989024564345616],[153.02294505308365,-25.987787637354003],[153.0238782722429,-25.98832383425607],[153.02506884927598,-25.987622968142286],[153.02733585158495,-25.988291440909357],[153.0218961976467,-25.98508498048115],[153.02145920703032,-25.980422600562708],[153.01851153447254,-25.978282278875767],[153.01710411928923,-25.977936043019756],[153.01686374113208,-25.976851716052654],[153.01610241098902,-25.976307138133482],[153.01637718790968,-25.97543743211294],[153.0173392969567,-25.975035935019637],[153.02077502826685,-25.974763378677228],[153.0223740493733,-25.974327086520297],[153.02283342244638,-25.97454801847241],[153.02259482350718,-25.975237346490804],[153.02347905164305,-25.975624240398933],[153.02451781173374,-25.97551654229559],[153.02611119977902,-25.974587007143217],[153.02745916693243,-25.97473797800673],[153.02966021936902,-25.976500629771575],[153.03069854468362,-25.978215112653494],[153.0318089948966,-25.979045181535334],[153.03181540181433,-25.978370241540134],[153.03008991529913,-25.975581213735918],[153.03055209717073,-25.97415956070102],[153.02884499674383,-25.9720749698892],[153.0285940166023,-25.971126621922107],[153.02639648300018,-25.968013807167836],[153.0249293597127,-25.966867319324304],[153.02477108063906,-25.966395899344015],[153.0078478820621,-25.975483261967977],[153.00726323619395,-25.977033890014024],[153.00757879127573,-25.977443713979074],[153.0082024343074,-25.977192951918568],[153.00834035139258,-25.977774693900052],[153.00636845636893,-25.979189552086293],[153.00688065542465,-25.97922598003467],[153.00615254049103,-25.980360506098474],[153.00531876841663,-25.980433841181465],[153.0055346714791,-25.98076659815712],[153.00533383656125,-25.981599609170534],[153.00480416955222,-25.98195795622072],[153.00532470065,-25.98233009216553],[153.00587658665032,-25.981883358113823],[153.0057492905602,-25.98125268313166],[153.00698605259353,-25.98051611601363],[153.00784444367278,-25.98046168592801],[153.00758389258868,-25.979988767957966],[153.008824186593,-25.979012593841464],[153.01004752777084,-25.979464097715145],[153.0108086569733,-25.980493809630477],[153.0113618820051,-25.980301072576598],[153.01312506228646,-25.981155894392785],[153.0141030213928,-25.981225493294176],[153.01630520482047,-25.982913647059632],[153.01594471696126,-25.984353815084116],[153.01433322690872,-25.985238975238587],[153.0141404910211,-25.986311517249224],[153.01152358204448,-25.988635841492883],[153.01140401415134,-25.989603092497077],[153.01058293214993,-25.990261017574067],[153.01099445024352,-25.99068812652933],[153.0114200762728,-25.990579266487515],[153.0120500382177,-25.989617369432153],[153.01389709529377,-25.988730425254072],[153.01413980026197,-25.988273568233435],[153.01588415665924,-25.990087607043776],[153.016280388665,-25.98981069900631],[153.01623208274106,-25.990470082005768],[153.01572532574772,-25.990936549052837],[153.01623993095365,-25.992194750991015],[153.0166652129924,-25.99216316094863],[153.0167592220372,-25.99245136893688],[153.01631742010227,-25.993340902973966],[153.01655008214465,-25.993496888949373],[153.01618872709705,-25.993403751986367],[153.016248807156,-25.993834731976904],[153.01591405811553,-25.993778018010893],[153.01579849043677,-25.996487589000584],[153.01523286340023,-25.99665105005598],[153.01595676348086,-25.996718509982802],[153.01637560859706,-25.99732278193593],[153.0158057056224,-25.997992975987664],[153.01564538475552,-25.999208232993865],[153.0151750968006,-25.999958440034984],[153.0153854488818,-26.00044850900993],[153.01451689808175,-26.002784065078135],[153.0145499481491,-26.00330585707058],[153.01554592690965,-26.00054422699307],[153.01535090782002,-25.99997376601726],[153.0158268817801,-25.9992595979753],[153.0159778296477,-25.998059219969846],[153.01660237463878,-25.9974767479119],[153.01619909748152,-25.996525330960043],[153.0163529143724,-25.99551197795285],[153.01642683142498,-25.99587981994247],[153.01733863448985,-25.9956644608527],[153.01671304632035,-25.99479399492253],[153.01745374523662,-25.99350892685861],[153.01791341627657,-25.99345911881293],[153.01883532146604,-25.994250729714054],[153.01936608552927,-25.994332521660155],[153.01956801851563,-25.994057103642117],[153.02000941260619,-25.994434244594782],[153.02033672472643,-25.99514657255616],[153.0201682897604,-25.995560079569724],[153.02047325681858,-25.99578490053731],[153.02016609883165,-25.996142066565202],[153.02029623090638,-25.996644652548103],[153.01957302496203,-25.997687004612203],[153.02000530204953,-25.998047262565898],[153.02027299123347,-25.999326223528723],[153.02057129223792,-25.99911898150049],[153.0204842390989,-25.9980582885178],[153.02125348213457,-25.997721343443356],[153.02147138102578,-25.99665871243005],[153.02222482107777,-25.996467470356038],[153.02269411817025,-25.99683772730594],[153.02246934208688,-25.9963420403325],[153.02137212492048,-25.995882227446334],[153.02163638190805,-25.99556565942238],[153.02102512062112,-25.993728100498544]]]}},{"type":"Feature","properties":{"name":"Inskip","zt":"HPZ","zid":"HPZ25","notake":false},"geometry":{"type":"Polygon","coordinates":[[[153.08202710405638,-25.85817922846963],[153.07837709949416,-25.823979229114148],[153.07334953699512,-25.823979229619628],[153.07345227301155,-25.832177130542725],[153.07458800851796,-25.84353006633647],[153.07823375449672,-25.86483385879707],[153.07985042847713,-25.87150600758038],[153.0824154287864,-25.880084172252896],[153.0853834270783,-25.888191534888694],[153.0878617560058,-25.89372922759453],[153.0925104432658,-25.892079227140236],[153.08202710405638,-25.85817922846963]]]}},{"type":"Feature","properties":{"name":"Teewah","zt":"CPZ","zid":"CPZ27","notake":false},"geometry":{"type":"Polygon","coordinates":[[[153.19065572460391,-25.937186677881716],[153.18886966342112,-25.937148965062338],[153.18838863828228,-25.93641334711691],[153.18730926518006,-25.93645655322554],[153.18605537725352,-25.938063717339148],[153.18461191946344,-25.940929216461665],[153.1972937927281,-25.94092921618088],[153.19729379147392,-25.930779216263126],[153.19204841726824,-25.933345882772162],[153.19112245228956,-25.93426538185824],[153.19117044137352,-25.934906401848167],[153.19152896139923,-25.934825567812616],[153.19125468243183,-25.935310829836435],[153.19179122554237,-25.9357727947785],[153.19138066253186,-25.93601846781796],[153.19169232660818,-25.936384500783507],[153.19129673259948,-25.93663357882145],[153.19177291065782,-25.93672148777264],[153.19065572460391,-25.937186677881716]]]}},{"type":"Feature","properties":{"name":"Double Island Point","zt":"CPZ","zid":"CPZ26","notake":false},"geometry":{"type":"Polygon","coordinates":[[[153.1766604571643,-25.936829218297603],[153.18164200866102,-25.936829217794738],[153.18169897827386,-25.93364813081473],[153.18220937315328,-25.932259684774497],[153.18189989788254,-25.930317042821457],[153.18232401480236,-25.929324588786734],[153.18221431168433,-25.928457392804837],[153.1829216996928,-25.92795481473747],[153.18449392885125,-25.927969157578595],[153.18664833193898,-25.92694143936941],[153.18649037899982,-25.927561424380357],[153.1874338161083,-25.92767811528409],[153.18736371416335,-25.92818044028712],[153.18771251320337,-25.92822305025159],[153.18766273626576,-25.928768865252138],[153.187943790303,-25.928842789223214],[153.18794378952742,-25.922562550274098],[153.17666045540312,-25.922562551413247],[153.1766604571643,-25.936829218297603]]]}},{"type":"Feature","properties":{"name":"Boaga","zt":"GUZ","zid":"GUZ04","notake":false},"geometry":{"type":"Polygon","coordinates":[[[152.05476018053753,-24.529068731535986],[152.05171018007925,-24.527579340842472],[152.05091017999257,-24.527479340920426],[152.05057684598435,-24.527679340950936],[152.04910141013417,-24.530181749072653],[152.05001862311784,-24.529292500991527],[152.05095584701147,-24.527606180914965],[152.05476018053753,-24.529068731535986]]]}},{"type":"Feature","properties":{"name":"Marsh Creek","zt":"MNP","zid":"MNP14","notake":true},"geometry":{"type":"Polygon","coordinates":[[[152.65617645504554,-25.220607547124807],[152.64860476129138,-25.21205427694316],[152.64008603208342,-25.217212610742873],[152.64343664788507,-25.221210948379145],[152.64952513717375,-25.227068224729567],[152.64953461821077,-25.227370400726155],[152.6490129211556,-25.227330543778006],[152.64782914683101,-25.225572563909385],[152.64345892290285,-25.221341776375876],[152.64869460511702,-25.22726510381005],[152.6486509242158,-25.228127982807305],[152.6490404582859,-25.228398625766562],[152.64848476638963,-25.22971752281074],[152.64827775237237,-25.229740723830997],[152.64836949632576,-25.22927661882572],[152.64886221928654,-25.228549199782982],[152.64862328122456,-25.22822355680927],[152.64764092134058,-25.22999034689191],[152.64737592556457,-25.232080592901045],[152.65019312160445,-25.230131664638467],[152.64876775948574,-25.230292202778095],[152.64907516848217,-25.230014079749935],[152.65085376166192,-25.230077548573597],[152.65232798192028,-25.23104594242],[152.6594436528349,-25.224568162769373],[152.65870983770296,-25.22405816184609],[152.65617645504554,-25.220607547124807]]]}},{"type":"Feature","properties":{"name":"Four Mile Reef","zt":"MNP","zid":"MNP10","notake":true},"geometry":{"type":"Polygon","coordinates":[[[152.56074361631298,-24.997579287366477],[152.56074361481112,-24.984912620470276],[152.54716028051112,-24.984912621807695],[152.54716028201216,-24.997579288703882],[152.56074361631298,-24.997579287366477]]]}},{"type":"Feature","properties":{"name":"Pelican Bank","zt":"HPZ","zid":"HPZ12","notake":false},"geometry":{"type":"Polygon","coordinates":[[[152.95929368357156,-25.239145911823],[152.99319008565743,-25.22934590850908],[152.99210882939724,-25.228059038627936],[152.9922035041846,-25.22622758163346],[152.99468384712853,-25.22378847640488],[152.9949892091511,-25.22373178537473],[152.994890675275,-25.22483387537562],[152.99558495741115,-25.225404627301373],[152.99587728052532,-25.226115136266248],[152.9973706896857,-25.226248979115514],[152.99888572764013,-25.224666012976638],[152.99891930750852,-25.223552456982368],[152.9977136923094,-25.2228685761088],[152.99881216127864,-25.221739589007925],[152.9999022633287,-25.22128569990242],[153.00059097954482,-25.222521512823278],[153.00160004868948,-25.22291192371889],[153.00220731571522,-25.22264158666027],[153.00306464664655,-25.22139140158457],[153.00289041549388,-25.220269448611216],[153.00326395754752,-25.22041471957259],[153.0031725316054,-25.220965764577212],[153.00345308266526,-25.221237174546914],[153.00469453576014,-25.22103163542411],[153.0054683158593,-25.221233777344914],[153.00597827878886,-25.220246329301897],[153.00559050578582,-25.220530218338453],[153.00552909773737,-25.220178991347467],[153.00520143681993,-25.221121459372604],[153.00467193874422,-25.220918140427308],[153.00377881468384,-25.22113016951511],[153.0033585276183,-25.220923684558965],[153.00343153556673,-25.220440536555586],[153.00297652948393,-25.220119378603787],[153.0032765494879,-25.219912968575425],[153.00197584239515,-25.220182962703554],[153.00265931346863,-25.220245614634596],[153.0029183546053,-25.22116702760105],[153.0021301136845,-25.222448639669576],[153.00166782666864,-25.222685835713982],[153.00089216156772,-25.22247014079348],[153.00013352233097,-25.221119476880595],[152.99928820121346,-25.22082268296774],[152.9987159001806,-25.22100759902354],[152.99805729817038,-25.221447132085977],[152.99715652326586,-25.222952447163944],[152.99737402137944,-25.22371730913589],[152.9984105825738,-25.2244969000256],[152.99712715952398,-25.22510796714925],[152.99622882221308,-25.22325617025439],[152.9933065248617,-25.222682535551932],[152.99371664974478,-25.22139021752139],[152.9929992327718,-25.22218501558679],[152.99284949876667,-25.222261487601155],[152.9925947407417,-25.222259036626703],[152.99297304476437,-25.22214438758971],[152.9940066255421,-25.21948544650791],[152.99562209143488,-25.217313549363816],[152.99765527209232,-25.212865672196436],[153.0012325637866,-25.207492990881892],[153.00520364871525,-25.203743829514536],[153.01113614370294,-25.198922751959195],[153.01242028865818,-25.19753207184184],[153.01501179538334,-25.19320209261735],[153.01868609728004,-25.189429240279754],[153.01226034966132,-25.189429240924152],[153.0168436823658,-25.183345906514326],[152.93332700732407,-25.1833459148764],[152.93332701134935,-25.216679248603747],[152.8866603408459,-25.216679253264317],[152.88666034237332,-25.229345919160732],[152.83371033725803,-25.229345924438448],[152.8626270097616,-25.26012925530604],[152.93332701287954,-25.229345914500136],[152.95929368357156,-25.239145911823]]]}},{"type":"Feature","properties":{"name":"Rainbow Beach","zt":"CPZ","zid":"CPZ24","notake":false},"geometry":{"type":"Polygon","coordinates":[[[153.11357711495148,-25.921229224783623],[153.0925104432658,-25.892079227140236],[153.0878617560058,-25.89372922759453],[153.08880356935612,-25.895815328482847],[153.0908870699526,-25.89897922724763],[153.09176044395156,-25.89826256016557],[153.09592711096712,-25.903145892706775],[153.0951061329756,-25.90387939278341],[153.09809262284298,-25.90851151144534],[153.1038753614445,-25.916843092795833],[153.10972761991033,-25.924012558148664],[153.11357711495148,-25.921229224783623]]]}},{"type":"Feature","properties":{"name":"Rainbow Beach","zt":"HPZ","zid":"HPZ26","notake":false},"geometry":{"type":"Polygon","coordinates":[[[153.09510611197555,-25.9038792267834],[153.09592711096712,-25.903145892706775],[153.09176044395156,-25.89826256016557],[153.0908870699526,-25.89897922724763],[153.09510611197555,-25.9038792267834]]]}},{"type":"Feature","properties":{"name":"Coloured Sands","zt":"HPZ","zid":"HPZ28","notake":false},"geometry":{"type":"Polygon","coordinates":[[[153.10972761991033,-25.924012558148664],[153.1137162968252,-25.92821180071301],[153.11995763315164,-25.93392735603822],[153.12493580611329,-25.937702506506152],[153.13063091013424,-25.941376893902657],[153.13817290234303,-25.945077560112633],[153.14255169798915,-25.94677412465755],[153.14820749276998,-25.94852838607312],[153.15383770346514,-25.94960959249666],[153.15930886608854,-25.950236818939764],[153.16450176360888,-25.95025493841576],[153.16873449797484,-25.949797397992363],[153.17057038809574,-25.949293552811227],[153.17580959228363,-25.946581385304427],[153.17722702028672,-25.94546153317044],[153.1792193650399,-25.94185379799858],[153.1800709657552,-25.938860370936894],[153.18164200866102,-25.936829217794738],[153.1766604571643,-25.936829218297603],[153.17277712351785,-25.942829218640874],[153.16299378990809,-25.945795885604003],[153.143893787579,-25.942362554558024],[153.12582711750318,-25.9320292234624],[153.11357711495148,-25.921229224783623],[153.10972761991033,-25.924012558148664]]]}},{"type":"Feature","properties":{"name":"Kinkuna","zt":"HPZ","zid":"HPZ08","notake":false},"geometry":{"type":"Polygon","coordinates":[[[152.48850927766236,-24.966012627728915],[152.49344360609828,-24.965707071246815],[152.4923269352542,-24.934079294615678],[152.48795933183706,-24.93407929404462],[152.48758099190476,-24.93495838207453],[152.4862376547549,-24.934775907207957],[152.48751003291838,-24.935131504080065],[152.4872248249734,-24.935827381102364],[152.48614840785336,-24.935681874209305],[152.4856926401936,-24.938930917227392],[152.48538992520105,-24.939239617254604],[152.48527207418843,-24.94769445019685],[152.48495230421142,-24.94814711322457],[152.4853444392971,-24.948555428182694],[152.4858193790754,-24.954759159085253],[152.48850927766236,-24.966012627728915]]]}},{"type":"Feature","properties":{"name":"Mangrove Point","zt":"MNP","zid":"MNP20","notake":true},"geometry":{"type":"Polygon","coordinates":[[[152.91326139157547,-25.40001258211134],[152.92917703312511,-25.40001258052107],[152.9291770288135,-25.364412580811535],[152.91768298769634,-25.364412581960085],[152.91711821169758,-25.364876676012777],[152.91579312655844,-25.364790890145784],[152.9148991406993,-25.366673364219725],[152.9130491317347,-25.368452488389998],[152.91210299997488,-25.371197144462105],[152.9117239249787,-25.371532976497253],[152.91189827902176,-25.371749234478116],[152.91115522106776,-25.372725761544338],[152.91102218120986,-25.374007403547143],[152.9099274783327,-25.375902651641052],[152.90994637548843,-25.377174175628788],[152.90895257755483,-25.378521421717],[152.9094854666466,-25.378851939661097],[152.90900124674235,-25.380032151699822],[152.90836902371595,-25.380322445760633],[152.90781341963114,-25.380067842818146],[152.9060062555668,-25.3809899299911],[152.9085370787691,-25.38062639974138],[152.9078587218151,-25.381551897801522],[152.90813424394074,-25.382368343767347],[152.9094102012519,-25.38391383162731],[152.909045599514,-25.386372610643683],[152.91000036679708,-25.387944498535497],[152.91083938935506,-25.391879398419565],[152.9123009776482,-25.39312554326342],[152.91377576684235,-25.393543910112705],[152.91458882300597,-25.394240899025792],[152.91440539211746,-25.395309910035433],[152.91478759516067,-25.395359178996824],[152.91450698420476,-25.39594890102002],[152.91468442825945,-25.396258050999794],[152.9140415363988,-25.3979256380504],[152.91440891949605,-25.398434244009593],[152.91428944659637,-25.39935829901397],[152.91326139157547,-25.40001258211134]]]}},{"type":"Feature","properties":{"name":"Duck Island","zt":"MNP","zid":"MNP19","notake":true},"geometry":{"type":"Polygon","coordinates":[[[153.00361036859434,-25.352462573458695],[152.99791036875308,-25.358329240982094],[152.99791036901206,-25.360462573964686],[153.00689370251814,-25.357445906088852],[153.00361036859434,-25.352462573458695]]]}},{"type":"Feature","properties":{"name":"Gatakers Bay","zt":"HPZ","zid":"HPZ14","notake":false},"geometry":{"type":"Polygon","coordinates":[[[152.81226033705022,-25.244855615446575],[152.81111033656705,-25.241762593586273],[152.8105436695343,-25.241945926641144],[152.81166033701513,-25.245045926504744],[152.81226033705022,-25.244855615446575]]]}},{"type":"Feature","properties":{"name":"Susan River","zt":"MNP","zid":"MNP21","notake":true},"geometry":{"type":"Polygon","coordinates":[[[152.86679636227134,-25.385292237868427],[152.8666534520988,-25.383979603893405],[152.86657973922766,-25.385105345891567],[152.86592761305585,-25.384208597963895],[152.86635737823548,-25.38534885391173],[152.86580763519655,-25.385470349965583],[152.86516573909876,-25.385177259031956],[152.86523296903053,-25.38455842103025],[152.8648574560699,-25.38518659906257],[152.86422827992632,-25.384506023130882],[152.86437965105597,-25.385457093108027],[152.8632929778184,-25.384366097225296],[152.8630233249947,-25.38604239723847],[152.86525883423212,-25.386206087014234],[152.8658168183657,-25.386862817953304],[152.865806636452,-25.387585309948395],[152.86559391255392,-25.388600388961326],[152.86427749468456,-25.390742344075104],[152.86350178865206,-25.39109850114954],[152.8623070985174,-25.39094611726983],[152.86146760013006,-25.39669382130667],[152.85988215395247,-25.39650252446626],[152.8607378112095,-25.397940076369263],[152.8609280571961,-25.397675843352417],[152.86206420038772,-25.398345488233712],[152.86035691233556,-25.399290419396166],[152.8594985382543,-25.39931012048162],[152.85980935637622,-25.400068743444425],[152.8566978021933,-25.40106419774646],[152.85793966842706,-25.401996831615044],[152.86205659055756,-25.399757265222938],[152.86239983479595,-25.40145388817493],[152.85843449067693,-25.40366641055213],[152.85796432401827,-25.40687066857284],[152.86127473733163,-25.4067941002435],[152.8638608066967,-25.407729570978063],[152.86625922533221,-25.411053916711825],[152.86743883784206,-25.4143203475676],[152.87094369632072,-25.415453396208854],[152.87056849991325,-25.4123859992713],[152.87099965082143,-25.41127863323734],[152.87072049974145,-25.41084249926872],[152.8710214997821,-25.41093599923798],[152.8705639995959,-25.409764999293145],[152.8707865004949,-25.408749499279196],[152.8719714995369,-25.40814199916602],[152.8746279998316,-25.408437998898677],[152.87558059315705,-25.410361908787927],[152.87723001832575,-25.4104280836229],[152.87722339222682,-25.409614940630178],[152.87646550009535,-25.409138499709673],[152.87648300008792,-25.409062999708564],[152.8778091142264,-25.40913969257565],[152.87838450024591,-25.408836999520748],[152.87814750016952,-25.408396999547936],[152.87889500026213,-25.40856049947204],[152.87973800028948,-25.408106999391645],[152.87978900038172,-25.408828999380678],[152.88027416746547,-25.409129708329797],[152.88026150042668,-25.408819999333634],[152.88114050042822,-25.408123999251625],[152.88088400034096,-25.40760899928139],[152.8812455003608,-25.40748199924634],[152.88217249952777,-25.408115499148757],[152.8824065004703,-25.40745199913079],[152.88206100039432,-25.407101999168137],[152.88236400037,-25.40665649914153],[152.8830510004481,-25.40674899907224],[152.88272200035948,-25.406281999108856],[152.88344600039798,-25.406016499038767],[152.88320050031464,-25.405524999067257],[152.88379600038203,-25.40560299900724],[152.8835715003421,-25.40545349903085],[152.88436036339567,-25.405260579953733],[152.884360362965,-25.401699550982745],[152.88388944787764,-25.40135705703253],[152.8843113798478,-25.40077049099525],[152.88402801772642,-25.39999516302981],[152.8830491336705,-25.40032125112481],[152.88252315260257,-25.400183204178422],[152.88235321152132,-25.39964785519977],[152.8819649045426,-25.400136464234535],[152.88125069844284,-25.39988683030782],[152.8805350532279,-25.39868560238899],[152.87960764611233,-25.39847727048321],[152.8792848060522,-25.398239874517365],[152.87959050105013,-25.39797596348897],[152.87893698397525,-25.39788353355493],[152.87884065084842,-25.396912008572492],[152.87799894568906,-25.39627158466164],[152.87741311670285,-25.39685747571532],[152.87754255878605,-25.397441395697637],[152.87711616074077,-25.397410938740443],[152.8769657776653,-25.396907920759524],[152.87658506461128,-25.39676800679864],[152.87639137567479,-25.3974487708124],[152.87683462984526,-25.39850220975963],[152.87637778582715,-25.398719919803376],[152.87491616348734,-25.397087256962465],[152.87478196242603,-25.396687507979124],[152.87508605739586,-25.396193531952843],[152.87483050333165,-25.395868021981],[152.87463776537302,-25.396365745996135],[152.87376260121013,-25.395722398088676],[152.8733010872157,-25.39614022013131],[152.87200846204306,-25.395753807263382],[152.87079874397247,-25.396144990380815],[152.87060527189485,-25.395658237404035],[152.87024194986736,-25.39572335043974],[152.87012517893567,-25.39638233144603],[152.87012178789323,-25.396034821449216],[152.86967055581513,-25.3957516994965],[152.86998258892126,-25.396378178460274],[152.86970078390942,-25.396508157487325],[152.86835149855006,-25.394621690637276],[152.86750072451986,-25.39505758171856],[152.86622536436204,-25.39477953584799],[152.86599290915763,-25.39327482888339],[152.86656082523714,-25.393474855825147],[152.86710323022083,-25.392903415775738],[152.8667952071225,-25.39233783781104],[152.86645985108768,-25.392319613844656],[152.86639812599972,-25.391641578856316],[152.86716886707893,-25.391675994779188],[152.867745496055,-25.3910135777271],[152.86871008609492,-25.390565924634608],[152.86818965502135,-25.39037681168799],[152.86813492795332,-25.38985808869771],[152.86764256285116,-25.389409480750455],[152.86770893079583,-25.38889775774802],[152.8672996637028,-25.388457557792414],[152.86681261565545,-25.388458144840957],[152.8671005814717,-25.386705217826574],[152.86859820864797,-25.386957287675177],[152.86802071353742,-25.386507807736447],[152.8683069625072,-25.3860278697118],[152.86803427550078,-25.386194194737648],[152.86761683542025,-25.385864100781955],[152.86777515338088,-25.38541039976986],[152.86756956738958,-25.385648106788413],[152.86679636227134,-25.385292237868427]],[[152.87301684537536,-25.397690341147012],[152.87239850023403,-25.39701949921411],[152.87268441624,-25.39683903418709],[152.87326150032015,-25.397036999127913],[152.87333127936523,-25.397353714118374],[152.87361050037012,-25.39716899909204],[152.873716500477,-25.39796799907499],[152.87431199952005,-25.397843999016587],[152.87491699966927,-25.39859149895013],[152.8744839996449,-25.398737998992132],[152.87569649985306,-25.39948349886513],[152.87511799982806,-25.399742498920684],[152.87518849978036,-25.399290998917337],[152.8735739997265,-25.400146999071378],[152.8740304997748,-25.40017849902563],[152.87409499983755,-25.400645499015404],[152.87462899987412,-25.400517498963172],[152.87445749992992,-25.40111699897535],[152.87497800002728,-25.40150299892034],[152.87486600005985,-25.40186299892855],[152.8752840000605,-25.401531998889553],[152.87558099992978,-25.400210998870687],[152.87610551602478,-25.40057359781545],[152.87668491006437,-25.40043502575876],[152.87612735909846,-25.40116557680843],[152.87657294717718,-25.401458050761576],[152.87654199225761,-25.402147948759044],[152.8759810271756,-25.401922518816857],[152.87489227517864,-25.4028247699181],[152.87254855780625,-25.40163235916152],[152.87287849979353,-25.40126199913166],[152.87258299971955,-25.400887999164166],[152.87275454666369,-25.400287455151947],[152.87159050048078,-25.399711999272743],[152.8718695004126,-25.398923499251367],[152.87097450030848,-25.398783499341754],[152.87129950028185,-25.398301499313252],[152.87097050019,-25.397806499350096],[152.87123350016984,-25.397427499327012],[152.8720690002757,-25.397629999242035],[152.87229476138754,-25.39837306921346],[152.87273443443362,-25.39840037716935],[152.87301684537536,-25.397690341147012]],[[152.8709745314916,-25.40029838332942],[152.87130680869953,-25.401750919284435],[152.87102628262414,-25.401353087315616],[152.87015144552797,-25.40126235840362],[152.86975110639608,-25.400494425449796],[152.87005743238683,-25.400170123421866],[152.87068462351507,-25.400726080354808],[152.8709745314916,-25.40029838332942]],[[152.87769233693706,-25.398570420673497],[152.87699188287553,-25.39862596074291],[152.8769450667774,-25.397851148753894],[152.87766949384883,-25.397858961681585],[152.87769233693706,-25.398570420673497]]]}},{"type":"Feature","properties":{"name":"Turkey, Bookar, Walsh Islands","zt":"MNP","zid":"MNP22","notake":true},"geometry":{"type":"Polygon","coordinates":[[[152.98029371402865,-25.473512574807362],[152.94999371106894,-25.473512577840197],[152.93912704353727,-25.477879245891415],[152.9357603777462,-25.482312579191895],[152.93351037812087,-25.48721257937693],[152.93351037823413,-25.488145912369305],[152.93466037873094,-25.491312579228545],[152.93469371206584,-25.494045912202925],[152.93392704543186,-25.497679246249998],[152.93431037967574,-25.499379246197787],[152.93542704594282,-25.50067924607557],[152.93541038006654,-25.50171257906883],[152.93472704621414,-25.503479246122733],[152.9342437138284,-25.508929246126637],[152.93291038120987,-25.51314591222558],[152.93302704726776,-25.51352924621084],[152.93374371433592,-25.513512579139338],[152.9346270474791,-25.513979246047228],[152.936210381885,-25.516045911872055],[152.93882704826666,-25.517079245602005],[152.94924371624407,-25.516729244563102],[152.97411038514113,-25.51231257511043],[152.9803437177355,-25.503962574554226],[152.98252705033093,-25.498879241376954],[152.98304371616743,-25.48889590740653],[152.98029371402865,-25.473512574807362]],[[152.96494130963902,-25.48264825627],[152.9635976883252,-25.48114624341674],[152.96467056833774,-25.480386267315577],[152.96376598822224,-25.480163141407953],[152.96286183194,-25.478567364511406],[152.9620995547814,-25.47787497759339],[152.96281067871843,-25.476784088531105],[152.96389626681017,-25.476667041423397],[152.96518843499922,-25.477183556289862],[152.96619614622736,-25.478251401180263],[152.9652781563244,-25.47978807825961],[152.96662229141583,-25.47945990012777],[152.96766876566926,-25.48070372201289],[152.96870250183866,-25.481267086904822],[152.968405111878,-25.481830144929955],[152.9673452798115,-25.482134953033576],[152.96717705589347,-25.482944430043833],[152.96667290189689,-25.483378397090753],[152.96552282072315,-25.482873655210025],[152.9653805217663,-25.48334289922042],[152.96583268888435,-25.4839507221702],[152.96600026708882,-25.485499378140823],[152.96466870008842,-25.4865666992654],[152.96429413498194,-25.485991711307594],[152.964617412938,-25.485370000280287],[152.96420419075505,-25.484196708331183],[152.96494130963902,-25.48264825627]],[[152.95026905454097,-25.485414832715634],[152.9507996127023,-25.486316041655233],[152.95053377778697,-25.487227464674387],[152.94977181276974,-25.487698675746813],[152.95041807785714,-25.487897954680495],[152.94809761277745,-25.48911039990274],[152.94657458848346,-25.48791546406484],[152.94606673243405,-25.487917377115643],[152.94494750223427,-25.487173078233617],[152.94424423195818,-25.485465045317873],[152.94621819106217,-25.484732378126388],[152.94739531121667,-25.485057599006044],[152.94751144602705,-25.483402266007882],[152.94878134306094,-25.482658831886962],[152.95104327833934,-25.483131078656825],[152.95209323154378,-25.483969588544966],[152.95178145456038,-25.484357141573],[152.9511699904255,-25.483738797639166],[152.9507544214078,-25.483927245679222],[152.9506501655096,-25.484849189682162],[152.95144622368534,-25.485656189595893],[152.95074202166236,-25.48603313266334],[152.95054605557058,-25.485435875687752],[152.95026905454097,-25.485414832715634]],[[152.95195477698863,-25.487744000528036],[152.952211911962,-25.487317777505826],[152.95332847705453,-25.487181398395187],[152.9534078001942,-25.488267310378426],[152.9522824220861,-25.488283044490867],[152.95195477698863,-25.487744000528036]],[[152.94886206082094,-25.488853512828353],[152.9508601499904,-25.488639980630243],[152.95099368705894,-25.48909700661315],[152.95261374133102,-25.490032925443483],[152.95244044138946,-25.490654080455723],[152.95171663235513,-25.490953735525682],[152.95237708751338,-25.491725101453376],[152.95342378346749,-25.490504443358578],[152.95389466036352,-25.48926931532151],[152.95452385445623,-25.489526569256483],[152.95310673069577,-25.492639295372893],[152.95020380648197,-25.493216700658607],[152.9503921116435,-25.49439492063014],[152.95171382972944,-25.494038350500876],[152.9526104028778,-25.494538463407093],[152.9526179279861,-25.4954238603991],[152.9522006740438,-25.496234863434275],[152.95129591998477,-25.496477335522755],[152.95164750513814,-25.49745702647962],[152.95067909108383,-25.497789745573815],[152.95027300695847,-25.4970839246202],[152.9508712888938,-25.496070198568606],[152.95011621678267,-25.495762906646632],[152.94864592042543,-25.494005887808],[152.94942506439418,-25.4931207597373],[152.94960661223263,-25.491644203731166],[152.94816932090058,-25.490067115887832],[152.9486414638974,-25.48966029184385],[152.94886206082094,-25.488853512828353]],[[152.95414188796366,-25.494012233258164],[152.95376633390632,-25.493841644297135],[152.95446889996734,-25.49377873122734],[152.9547817330539,-25.494239732192298],[152.954795167214,-25.495546687180266],[152.95356359034702,-25.497633421286537],[152.9525825991747,-25.49700446538978],[152.95441285608848,-25.494820478224444],[152.95414188796366,-25.494012233258164]],[[152.94338948013544,-25.49585033131871],[152.94409996944322,-25.49781324423166],[152.94350069043722,-25.498246322288075],[152.94355650153247,-25.498985530276503],[152.94209613241222,-25.499171878421034],[152.94201219032865,-25.498551621434434],[152.94114181320018,-25.498194422524357],[152.94077665618815,-25.498389698559304],[152.94049602211533,-25.49801574159045],[152.94049570019263,-25.498652964585304],[152.9402335551794,-25.49875481161067],[152.9397565220419,-25.498006941664475],[152.94024354602354,-25.497463375620168],[152.94160081016466,-25.497531897483878],[152.94342633329273,-25.49711628830475],[152.94290236917956,-25.49660630036128],[152.9423593671501,-25.496801519414024],[152.94247155619726,-25.497098930400337],[152.9417882021365,-25.497149634468254],[152.94164852194135,-25.49565422249441],[152.94095608781268,-25.495152666567765],[152.9411719666874,-25.493946286555975],[152.94234216876274,-25.493623888441594],[152.94318453286363,-25.493777144356134],[152.94352119097397,-25.494414489317254],[152.9436236331222,-25.495553044297743],[152.94338948013544,-25.49585033131871]],[[152.94467089110975,-25.49460656720071],[152.94330847984597,-25.493531722345715],[152.94194555771756,-25.493571886481675],[152.94180262157218,-25.492489375504793],[152.94249408936912,-25.490259599453843],[152.94327434739304,-25.48982855537934],[152.9440005354849,-25.489999744305273],[152.94522834475612,-25.491245444172343],[152.945730398823,-25.491392142120926],[152.94613369891383,-25.491815499077116],[152.9461065129853,-25.492425910074886],[152.94653680205613,-25.49266208602992],[152.94617770014148,-25.49365488905776],[152.945334832066,-25.49371155314161],[152.94467089110975,-25.49460656720071]],[[152.9459518996544,-25.489824765111525],[152.94460954451355,-25.489745930246475],[152.94293219918154,-25.48836139742547],[152.9429712220131,-25.486942699433136],[152.94341238802983,-25.486725267390796],[152.94438040223125,-25.487604721286825],[152.94697846559416,-25.488502175019647],[152.94697768980757,-25.490260322005387],[152.94781153199165,-25.49110488891509],[152.94642060201417,-25.49240995304358],[152.94620039089958,-25.49164393207187],[152.94500254258693,-25.490033308204826],[152.9461914547233,-25.490199119084526],[152.9459518996544,-25.489824765111525]],[[152.95178733368917,-25.4854129005638],[152.95162810059256,-25.484745220585175],[152.95223068963975,-25.484648909525685],[152.95296573184248,-25.48572697844331],[152.95178733368917,-25.4854129005638]],[[152.94123076670374,-25.50226979848228],[152.94159793468177,-25.50179376544945],[152.9426622778134,-25.50201988834117],[152.94293807688044,-25.50235028931089],[152.94284379894242,-25.502936532315598],[152.94208853190565,-25.5032417643886],[152.94174899983966,-25.502971877424752],[152.9418524987528,-25.5021737084209],[152.94123076670374,-25.50226979848228]],[[152.94071008973103,-25.502914518529142],[152.94139972286365,-25.5034515024558],[152.94130082393917,-25.504153310459927],[152.94049099091126,-25.50457538653749],[152.94011043085524,-25.50442118857678],[152.93767575386832,-25.50649132380341],[152.93659944775393,-25.50641618591164],[152.93662945269784,-25.505930109912583],[152.93744818066872,-25.50503027383803],[152.9375229995744,-25.504193145837363],[152.93820606357744,-25.503667442773363],[152.9385360546196,-25.50374927973973],[152.93819961852384,-25.50323173977756],[152.93869956559823,-25.503440729725895],[152.93836305951748,-25.50304723376274],[152.93903207758657,-25.503076558695607],[152.93870691247574,-25.5024264807334],[152.93930426354356,-25.502503191673053],[152.93933848160341,-25.502968944665856],[152.93987678761127,-25.502600057614988],[152.94021657870402,-25.50309036657702],[152.94071008973103,-25.502914518529142]]]}},{"type":"Feature","properties":{"name":"Flat Rock","zt":"HPZ","zid":"HPZ01","notake":false},"geometry":{"type":"Polygon","coordinates":[[[152.0220935084166,-24.511246928831884],[152.02165964839074,-24.511375751872638],[152.0212768412987,-24.5108884289135],[152.02127684140504,-24.511812676905897],[152.02209350848167,-24.51181267682721],[152.0220935084166,-24.511246928831884]]]}},{"type":"Feature","properties":{"name":"Great Sandy Strait","zt":"CPZ","zid":"CPZ21","notake":false},"geometry":{"type":"Polygon","coordinates":[[[153.04828611736275,-25.314895902283265],[153.04732382291766,-25.31200078840356],[153.047588757939,-25.311965256377256],[153.04702225331584,-25.307289316472318],[153.04570972920482,-25.307420692603063],[153.04549992111907,-25.30688238862849],[153.04586900766353,-25.302839360624517],[153.04554513142747,-25.301154918670804],[153.0449875152627,-25.300242341734236],[153.04268301988898,-25.29900271297574],[153.04229004661343,-25.29704704803115],[153.04322960167679,-25.296819789938688],[153.04639630015862,-25.298263556608962],[153.0477838893296,-25.29856523046717],[153.048704348561,-25.299736715365146],[153.04905123258365,-25.29964675733107],[153.04927383351867,-25.298935561314526],[153.05081225175113,-25.299623228154392],[153.05140501974464,-25.299097351099178],[153.0512371208088,-25.299758791110637],[153.0507283807956,-25.30005520515928],[153.0514267979565,-25.300823419082867],[153.0512863990863,-25.302002928087315],[153.0514866861298,-25.302201769065558],[153.05200687120396,-25.302397250011783],[153.05228018021648,-25.302283382985223],[153.05241572919974,-25.30203774497366],[153.05198898219513,-25.30233892701405],[153.05138879309462,-25.30198998607713],[153.05159295397974,-25.300882592065715],[153.0509596538244,-25.300108670135625],[153.05129602583858,-25.29995758710308],[153.05150385874578,-25.29902842508983],[153.05116741370742,-25.298980779123973],[153.05080800473118,-25.29946260115617],[153.04901270644882,-25.298568255343714],[153.04878809345104,-25.298765435364704],[153.04897871554627,-25.299397311340403],[153.04867999252446,-25.299455739369904],[153.04814524932394,-25.29823166843357],[153.04667748510036,-25.297560475586486],[153.04497793269604,-25.295586085773227],[153.04477260955144,-25.294558732802255],[153.04560281332053,-25.291997484739824],[153.04888124034727,-25.28960654043015],[153.04828202027133,-25.289458572491583],[153.0469157772948,-25.29073978161832],[153.04619113423112,-25.290793008690603],[153.0455443341024,-25.29024840076],[153.04576413303022,-25.289478517744204],[153.04260554234983,-25.286393165086565],[153.0417307690306,-25.284461110190183],[153.041723720767,-25.282295584208597],[153.04049287032035,-25.27959823535419],[153.04043467317814,-25.27847287036922],[153.03981406195012,-25.27708952044287],[153.03989200264255,-25.274494550456232],[153.04127100147585,-25.272023371338005],[153.0414743503489,-25.270815766327463],[153.0420660673539,-25.27038581627158],[153.04303102912863,-25.267763502196136],[153.04394655708762,-25.26669645211292],[153.0450709457613,-25.26311455602936],[153.04559106376547,-25.262734456980205],[153.0462295788297,-25.26275574291591],[153.0463004257878,-25.262354290912093],[153.0466156898147,-25.262325568880684],[153.04931191416298,-25.263048640604],[153.05000741818162,-25.26264814953744],[153.05086820632127,-25.26311384844722],[153.05112089228794,-25.262638829425708],[153.0495241139924,-25.261474534595603],[153.05002967295812,-25.260790414550417],[153.04955321585808,-25.260345532601885],[153.0496219618038,-25.25984376659915],[153.0504722218625,-25.25965088551529],[153.0513350290236,-25.260291203423435],[153.05216896500212,-25.259451567346524],[153.05145928988034,-25.259012735421393],[153.05112719474204,-25.258137747461898],[153.0504901037048,-25.25833805652426],[153.04911058353642,-25.258048869665142],[153.04912806337794,-25.25672989267419],[153.0482850524271,-25.25780535475],[153.04748899536852,-25.257956212828745],[153.0471297881637,-25.256554572876247],[153.0475237221443,-25.256081318840565],[153.04700729305216,-25.25573377189527],[153.04748397302725,-25.255149444852176],[153.0474718289413,-25.254450505859094],[153.04702216375907,-25.25330729691363],[153.04765043375903,-25.252807250854612],[153.04774916183555,-25.25335915984021],[153.04811566286696,-25.253326809803657],[153.04802870778468,-25.252717553817348],[153.0485840657198,-25.251742504769584],[153.048253006687,-25.2517353878029],[153.0478984857146,-25.25224447883429],[153.04754762365812,-25.252058228871086],[153.0476340495751,-25.251305533868546],[153.04733881350776,-25.250986179900806],[153.04760222147888,-25.250538526878035],[153.04806733853073,-25.250595709830836],[153.0480435644928,-25.25030182183565],[153.04691670133678,-25.24991366195197],[153.04569680997892,-25.247935592090617],[153.04592766587936,-25.246932029075666],[153.04664200484746,-25.246100231010715],[153.04781881689362,-25.245545557897128],[153.0481928738396,-25.244802704865624],[153.04972930983183,-25.243517808721815],[153.04938741768723,-25.242598041763703],[153.04951854763894,-25.242096162754624],[153.04892715750944,-25.241499079818897],[153.04928211147583,-25.240940517787855],[153.04877366940505,-25.240761457840314],[153.04895710228345,-25.23961415783132],[153.04818201819276,-25.23948304291023],[153.0478884280938,-25.238900853944482],[153.04669752702344,-25.23926871906104],[153.0459405708383,-25.23834419214461],[153.04521544975697,-25.238251238218147],[153.04376491949185,-25.237219467372253],[153.04190633406785,-25.235203720575285],[153.0423057449731,-25.234105221544198],[153.04202920169428,-25.232026531588936],[153.04063692735755,-25.23035879374238],[153.03981584324285,-25.230066290827164],[153.04028184716822,-25.22908054878843],[153.04041118896606,-25.227311080789956],[153.0399972348544,-25.226719787836352],[153.03915502075387,-25.226561187922147],[153.03877114459166,-25.225529080969164],[153.0383350245096,-25.225199453015616],[153.03828746841455,-25.22445393302648],[153.03752041631984,-25.224282122104903],[153.0371472542084,-25.223660930147457],[153.03624374417123,-25.22407215723475],[153.03597080724697,-25.224913283255276],[153.0356135292038,-25.2248416832917],[153.03514082722543,-25.22539617833462],[153.0338170831459,-25.225793137464223],[153.03311820305103,-25.225566304536212],[153.0318989157187,-25.223795964673055],[153.0300864275458,-25.22381070185482],[153.0300284774648,-25.223189419865705],[153.02937186545535,-25.223633965927945],[153.0284573442347,-25.22254116702865],[153.02860481335162,-25.223387531006917],[153.02798907527153,-25.223217538070102],[153.02760648017065,-25.22269003711278],[153.02745926423123,-25.223306394122524],[153.02690060421526,-25.223619177175987],[153.0267323401351,-25.223091631197182],[153.02583288399512,-25.22265216629102],[153.0256206990305,-25.223112873308533],[153.02592537604497,-25.22299047527901],[153.02594015707305,-25.22321023727571],[153.0240785549945,-25.224043040455676],[153.02397279404127,-25.224512658462444],[153.02263596699052,-25.225157729591235],[153.0216246770065,-25.22609392568509],[153.02120921008554,-25.22707689571871],[153.02190753809552,-25.226603485652493],[153.02206276416837,-25.227080292633048],[153.01871416012062,-25.229351392950335],[153.01625796399065,-25.230234100189463],[153.0117940976343,-25.230846605632074],[153.0099913924422,-25.230697123814068],[153.00673912497294,-25.229414186150613],[153.00140257234733,-25.228500224693047],[152.99871984093485,-25.22723127097228],[152.99674316469782,-25.226848951173462],[152.9948320535322,-25.227004199363705],[152.99429779544417,-25.22670287541974],[152.99402766734397,-25.226090967451817],[152.99412047123246,-25.22509577845063],[152.9944571932506,-25.224977239417868],[152.99430263820074,-25.224688305435702],[152.99334443421634,-25.225580520524456],[152.99269612117718,-25.225773982587786],[152.99350933654782,-25.228186688486606],[152.9942734756748,-25.228626526406423],[152.99526034991683,-25.229839078297623],[152.9958078338976,-25.229243896247596],[152.99670288704706,-25.2297648111537],[152.9974259591081,-25.229692503081782],[152.99539517598174,-25.230267337280633],[152.99319008565743,-25.22934590850908],[152.95929368357156,-25.239145911823],[152.93332701287954,-25.229345914500136],[152.8626270097616,-25.26012925530604],[152.83371033725803,-25.229345924438448],[152.79999366699948,-25.229345927793396],[152.79999367129997,-25.265117342501078],[152.80087929132478,-25.264610932417146],[152.8008029543728,-25.265071808421006],[152.8019290474507,-25.26481263231115],[152.80425236473314,-25.265290488076175],[152.80651797290795,-25.26492001185387],[152.80577797209324,-25.26705639991],[152.80613151714752,-25.267222610873503],[152.80589302018575,-25.26773260789305],[152.80563895815365,-25.267670258918816],[152.80527006831386,-25.269299162942232],[152.80597526258228,-25.2709625938585],[152.8107137670412,-25.270962593387157],[152.81016949782472,-25.26960110545237],[152.80967754779667,-25.26976492250003],[152.809746099703,-25.2689308805],[152.81086638376163,-25.268515885391924],[152.8101506076013,-25.26776018546933],[152.81026165545913,-25.266489151468672],[152.81105176746757,-25.265923361394695],[152.81082177753945,-25.266705734411175],[152.81163560462682,-25.266777061329638],[152.8121991437569,-25.267404269268415],[152.81192992968082,-25.26698864529861],[152.81206099563514,-25.266503487289544],[152.8128787396542,-25.266004143212275],[152.81270920260314,-25.265715634231476],[152.81359852652713,-25.264368263153997],[152.81244746260208,-25.26591788825589],[152.8120935165689,-25.265926811291024],[152.8123760775147,-25.265248664268416],[152.81168157336043,-25.264525903343404],[152.8116925862375,-25.263494809350753],[152.81142879718564,-25.263275854378826],[152.81118586223707,-25.263899354397903],[152.81063597316972,-25.263782128453524],[152.81096708121765,-25.263913436419497],[152.81082877422358,-25.264074347431972],[152.8104725411365,-25.263636862470957],[152.81070672509975,-25.263143166451727],[152.8102944380149,-25.2627696194958],[152.8086490767682,-25.262042765665413],[152.80695466261966,-25.262171731832886],[152.80716279552428,-25.261211310820023],[152.80824180350683,-25.260198418720968],[152.80827665138128,-25.25912633172624],[152.8093303092529,-25.257210790637135],[152.80908740521414,-25.25708444466233],[152.8094526711209,-25.256015274634667],[152.80932790906772,-25.25567387164989],[152.80892357416073,-25.25677225968112],[152.8087610780777,-25.25621190870188],[152.80886646766066,-25.25266055172042],[152.80816033758254,-25.25257926079131],[152.80432700272263,-25.24851259420586],[152.80494325878232,-25.24851259414457],[152.80466003468342,-25.247918198177587],[152.80510465262805,-25.247100154140025],[152.80792709988665,-25.246980366860257],[152.80983438398553,-25.246268254676387],[152.81201033716476,-25.246008407462043],[152.8105436695343,-25.241945926641144],[152.81111033656705,-25.241762593586273],[152.81226033705022,-25.244855615446575],[152.81369838903709,-25.243589885313842],[152.81551498923952,-25.243812266131293],[152.81716365250628,-25.244703571959995],[152.82139149409699,-25.24621496952691],[152.82355464845313,-25.24743614630163],[152.82626349672765,-25.24754015803117],[152.82779156392064,-25.247915844875973],[152.8280328410345,-25.24866823084578],[152.82690140803047,-25.249543634951248],[152.82709084411692,-25.25010943992779],[152.82656035106316,-25.250089521980794],[152.8259995591071,-25.250904876029942],[152.82516082633796,-25.253497680092206],[152.8254761047906,-25.257005005032198],[152.82599048701795,-25.25848013896891],[152.8260436073019,-25.260796676944718],[152.82672234663673,-25.26303218085888],[152.82886174118764,-25.265888494622565],[152.82932547940374,-25.26731045156477],[152.8301957656423,-25.268591792467692],[152.83001611568113,-25.269058165481763],[152.8308626100299,-25.271274633379356],[152.832999975607,-25.27434780214146],[152.8331298826956,-25.27497925812337],[152.85262701142545,-25.281962589124255],[152.8599936792635,-25.282995921381662],[152.87856034788683,-25.28154591954223],[152.88697701451682,-25.280012585715067],[152.89411034914707,-25.279512585007243],[152.89754368249956,-25.27967925166322],[152.90016034981136,-25.280162584398028],[152.9039625263847,-25.281862584004553],[152.90537720327814,-25.27984591687976],[152.89796034797035,-25.266679251727876],[152.8908770123577,-25.25899591849761],[152.89299367936124,-25.257329252299986],[152.90062701402712,-25.26501258447522],[152.90859368514654,-25.276179251588562],[152.91031035131948,-25.28451258334903],[152.90774368423206,-25.28584591659446],[152.90921035160787,-25.287781713432153],[152.91139425673077,-25.28704824222004],[152.9092103516102,-25.287801015432002],[152.90921035169185,-25.28847667542649],[152.91290258199365,-25.288014468061505],[152.91480296221928,-25.28835928986887],[152.91776999169863,-25.289947853559447],[152.9187957369355,-25.2910855704477],[152.91929119011516,-25.292174862389313],[152.91944882630742,-25.293638930361613],[152.91919510742252,-25.2947948883775],[152.91753786358248,-25.2974454925214],[152.91706896286496,-25.300158031546086],[152.91565486794002,-25.301913345673007],[152.9130772318309,-25.303076502920987],[152.9078204353686,-25.303466807442835],[152.90519810503483,-25.30280817071006],[152.90256483757628,-25.30112500698674],[152.9016885426338,-25.302303764064593],[152.90164068757502,-25.30185536507303],[152.90244727756237,-25.301104286998637],[152.9021510604918,-25.300757024031064],[152.90005017461215,-25.303438461218896],[152.89740365697526,-25.308567788441213],[152.8977895602826,-25.310802548384455],[152.8989371436513,-25.31293287025247],[152.8990640707781,-25.313880480232086],[152.899941950978,-25.314830615136685],[152.90137730610283,-25.314711561994343],[152.90208212320255,-25.314970722921842],[152.90320864374252,-25.31853513178029],[152.90361726679146,-25.31861225473885],[152.90458170203152,-25.319824242632677],[152.9045130681916,-25.32120410362823],[152.90504876738632,-25.32238496656511],[152.90353173945127,-25.324139713702248],[152.9031120905996,-25.325704186731368],[152.90347826473817,-25.326555959687855],[152.90357058398044,-25.328486830662882],[152.90399729211757,-25.32927802261383],[152.90396218125252,-25.330422609607975],[152.90422449329472,-25.330561011580617],[152.9036633014208,-25.332054793624454],[152.90389148268483,-25.33405543458534],[152.9046405548744,-25.335022660502666],[152.90611278911456,-25.33582643534909],[152.90670904826126,-25.336561306283585],[152.90681030855586,-25.33891576025423],[152.9064407266545,-25.340029052282066],[152.90725441677614,-25.340380880197902],[152.90992556691575,-25.33939109793923],[152.91022570196913,-25.33959158690765],[152.90744349382368,-25.340622543177055],[152.90717685203597,-25.34259268518759],[152.90897940050107,-25.344991101987976],[152.91084825985217,-25.346392860789944],[152.91199051317417,-25.34813757666157],[152.9121149783176,-25.349223382640332],[152.91352201989164,-25.352838798470263],[152.91336421691776,-25.353182136483216],[152.91270900186447,-25.353267431547938],[152.91253329982052,-25.353045287567326],[152.91282335681228,-25.35274471254077],[152.91240842578355,-25.35283996158147],[152.91230557881428,-25.353176652588964],[152.91302482094773,-25.353702350512876],[152.91307983302067,-25.354261299502802],[152.91195740200345,-25.355020743608705],[152.9134247324022,-25.35713748744488],[152.91337761752237,-25.358168627441138],[152.91495923273462,-25.35865283127922],[152.91460295480283,-25.35950289930784],[152.91416388676376,-25.35953245035148],[152.91447382689051,-25.360330704314023],[152.91493636501846,-25.361016951262194],[152.91693973028814,-25.361636691057008],[152.9176464295722,-25.363416289971905],[152.91768298769634,-25.364412581960085],[152.9291770288135,-25.364412580811535],[152.92917703312511,-25.40001258052107],[152.91326139157547,-25.40001258211134],[152.9129471055883,-25.400371756139798],[152.91329603169092,-25.400938671100295],[152.91315780271316,-25.40123305011172],[152.91219318666649,-25.401623531204894],[152.9122607067295,-25.40208978219433],[152.91198448372631,-25.402285520220328],[152.91234037595,-25.403846758172072],[152.91297198804529,-25.404125559106685],[152.9120374549715,-25.40426773219889],[152.91187171099517,-25.404596621212704],[152.9122528513544,-25.407257370152962],[152.91336835563558,-25.4086816400299],[152.91338157072806,-25.40943501902242],[152.9131937026868,-25.409245810042766],[152.913144428712,-25.4094927000457],[152.91423405997872,-25.410818665926],[152.915120511321,-25.412932209820205],[152.91558878944352,-25.413567524768265],[152.9161552585153,-25.41370367871059],[152.9162741976663,-25.41485483468931],[152.9168641888152,-25.41560967362416],[152.9178489049709,-25.41610333552182],[152.91786594207,-25.416907668513527],[152.91867661932747,-25.41838067742052],[152.91820156150288,-25.42021100145307],[152.91844296165996,-25.421313240419938],[152.9203338792724,-25.424847009202182],[152.9212041864593,-25.42568949510836],[152.92160889461414,-25.426641266060205],[152.92142328061806,-25.426823952077207],[152.9219103786846,-25.42698113902727],[152.92361359612852,-25.429274068838378],[152.92441556618783,-25.429118054759538],[152.92447726123422,-25.429451528750672],[152.92411210322814,-25.429694169785172],[152.92458057127473,-25.429701947738277],[152.92467644833388,-25.430113405725326],[152.92366680224202,-25.430167411825813],[152.92342681329086,-25.430764226844918],[152.9229583912413,-25.43073124389195],[152.92303568116307,-25.430024289889985],[152.9192932944765,-25.42736956828559],[152.91600294962294,-25.422971355650166],[152.91386295625458,-25.42165197487473],[152.91309089502218,-25.420354725962437],[152.91147571675864,-25.419479085130913],[152.9102517234777,-25.41814373126406],[152.9087460002735,-25.417669743418298],[152.90767143498985,-25.416191621537635],[152.90655213580942,-25.415602467654253],[152.90627897363873,-25.41441273669124],[152.90545615654082,-25.4142656847746],[152.90514819343744,-25.41366038381027],[152.9038280361825,-25.412617006950583],[152.90280077406356,-25.412461115054413],[152.90288364000432,-25.41190553605071],[152.90359798713814,-25.412435188975063],[152.90248347784348,-25.410897969098897],[152.899571332391,-25.409504554401],[152.89852663910145,-25.407952360517957],[152.89720026887474,-25.407146865656927],[152.89611507482226,-25.40758679776168],[152.89545715371793,-25.407254861830033],[152.89562044667096,-25.406735216817996],[152.89491582656345,-25.40641372189096],[152.89484314942933,-25.405364296906754],[152.89350269028213,-25.40522637904167],[152.89190395896037,-25.403854622212396],[152.89192911278113,-25.402352609222152],[152.89056469946905,-25.400870876370423],[152.89074217644736,-25.400548988355364],[152.89042574643923,-25.400736543385367],[152.8892690781924,-25.399627532509868],[152.88894585606636,-25.398845742548474],[152.88792613896197,-25.3988034066506],[152.88774909386686,-25.39815942267351],[152.88706345371997,-25.397497341747346],[152.88660553272243,-25.397886815789846],[152.88631388663603,-25.397406503822886],[152.88475697949414,-25.397486961977588],[152.88384456255702,-25.39874169405834],[152.88602097702628,-25.400868723823827],[152.884943480047,-25.4019087939229],[152.8844633040119,-25.40200518697001],[152.884360362965,-25.401699550982745],[152.88445500044463,-25.405589498941584],[152.88406552045439,-25.405983525977256],[152.88468132766994,-25.40727044690528],[152.88569499969168,-25.406633498809374],[152.88777785597523,-25.40729987659611],[152.8885100001178,-25.407888499518247],[152.88968315720422,-25.407657787403036],[152.8904875353771,-25.408439166316377],[152.89023335557684,-25.41029532132659],[152.89174630084776,-25.411315543167316],[152.8919109450061,-25.412491943141305],[152.89091694414026,-25.414401177224907],[152.89089583331392,-25.415853865215134],[152.8905524683599,-25.4165098662441],[152.88947190225988,-25.41655392135157],[152.88857352225972,-25.417275930435327],[152.88640794402315,-25.417065754653162],[152.88538633297674,-25.417505721751496],[152.88771982346714,-25.41967811050094],[152.88573980237567,-25.42051803269166],[152.88552535752697,-25.42194122070144],[152.8842668683204,-25.42124848683269],[152.8830350689974,-25.419570697969213],[152.88125230074758,-25.418942055152247],[152.88111491065806,-25.418313305171033],[152.8803050004857,-25.417540499258138],[152.8806615004364,-25.416845999228233],[152.88016550031986,-25.416282499282325],[152.88055794629545,-25.415764331247402],[152.87916990208453,-25.415138865391],[152.8783800582503,-25.417146455453356],[152.87805026922962,-25.41724043348557],[152.87802750039543,-25.418629999476494],[152.87757800037858,-25.41885349951946],[152.87773750028202,-25.417926499511108],[152.8774674001928,-25.417406525542322],[152.87618527611204,-25.417771860667248],[152.87526199997347,-25.41737049976259],[152.8739050826809,-25.41604508690872],[152.87298649957225,-25.415886499001587],[152.87242040942382,-25.415115731064336],[152.8709436962086,-25.414526107216417],[152.87094369632072,-25.415453396208854],[152.86768103189107,-25.414530950541725],[152.86685007665773,-25.41327041063489],[152.86625922533221,-25.411053916711825],[152.86387315808415,-25.40773855344007],[152.86127473733163,-25.4067941002435],[152.85796174402014,-25.406888244572947],[152.85216890285045,-25.401878669191156],[152.85238113069641,-25.400432054181785],[152.8521067636378,-25.400167988211262],[152.85228095362407,-25.39991411519597],[152.8524286586619,-25.400108081179702],[152.85251774559725,-25.39950082217575],[152.851955718576,-25.39977851222948],[152.85169011851576,-25.399493354258293],[152.85184105248427,-25.399111210246357],[152.85259878553845,-25.398948407172195],[152.852760532421,-25.39784584116504],[152.85342045849495,-25.397925654098643],[152.8537386772647,-25.395762910084585],[152.84988029383268,-25.39529726547285],[152.84930964381132,-25.395580567527418],[152.84885800494752,-25.39707328356019],[152.84852492492516,-25.397157024592733],[152.84840793783266,-25.396485041609843],[152.84798551276293,-25.396248337653894],[152.84788402661934,-25.395140666673036],[152.84663852345233,-25.394762775800178],[152.84579736021908,-25.393509647894213],[152.84580664300583,-25.39173568690775],[152.84650872686817,-25.39002925585174],[152.8443404777305,-25.390637920062787],[152.843206010542,-25.389991799181058],[152.84086802326235,-25.38956079941741],[152.839705844309,-25.390885764522405],[152.83758504523345,-25.391970621724735],[152.83708223326582,-25.392644786769324],[152.83877939974883,-25.39527714457885],[152.8385563938904,-25.39662934059003],[152.83797071887324,-25.39695985564569],[152.8381983559227,-25.397186248621168],[152.83787748995604,-25.39772085764874],[152.83796811810925,-25.398917190629973],[152.84125345860332,-25.400357797291022],[152.84109974679686,-25.402085415292188],[152.84426122177948,-25.407671807931766],[152.84361185904731,-25.410413718974088],[152.84015575696716,-25.412539998300968],[152.8403434971946,-25.414271733268162],[152.84138693735517,-25.414759226160253],[152.84116058643804,-25.41562844317572],[152.84069422838425,-25.415559011222747],[152.84093751257,-25.416901216187544],[152.84071826259324,-25.41727064420635],[152.83853363245464,-25.417887038418947],[152.8355736359736,-25.416293225726722],[152.8327316717329,-25.416595495007215],[152.8308787723749,-25.41512708320372],[152.82929369237524,-25.41640973835102],[152.82929369325944,-25.423734560291365],[152.83059318941798,-25.423997642159833],[152.8349518558314,-25.423900709726595],[152.8357526120646,-25.4251850316364],[152.83672991823485,-25.42580453753404],[152.83672571228712,-25.42624133253089],[152.8384098775084,-25.426712988359323],[152.84056899954334,-25.425258376156105],[152.84243294572377,-25.42524590997055],[152.8432659581104,-25.427774748866938],[152.84036925419088,-25.430780231131035],[152.84206939347774,-25.43178214595347],[152.84340879459947,-25.43170783782069],[152.84445072879706,-25.43250148671042],[152.8441281888578,-25.433264744736338],[152.84397595579446,-25.432863398754733],[152.84332702871157,-25.43270168082073],[152.84332702898251,-25.434944425802453],[152.84465560321604,-25.435803748663076],[152.84852939054608,-25.435406498280393],[152.84899641550555,-25.43469372323965],[152.84870794428434,-25.43309587928144],[152.84926140327335,-25.432557798230658],[152.8498633733268,-25.43251454717109],[152.85171107860566,-25.43332971498028],[152.8524065536412,-25.433061829913196],[152.85417323594802,-25.43417475372807],[152.85608349721466,-25.434837989532255],[152.8569339072721,-25.43462674244924],[152.8577641404703,-25.43559622735857],[152.85839687756084,-25.435834119293606],[152.85859484964757,-25.436391382269296],[152.85837032574247,-25.4373580362838],[152.85743880970966,-25.437839008372727],[152.85689735377767,-25.438838503418502],[152.85858143140626,-25.44267848821938],[152.85794175434904,-25.442721686282805],[152.85718958134808,-25.44332135435288],[152.8570021024311,-25.44415878436473],[152.85778356262188,-25.445105798279144],[152.85865259175938,-25.445541262188932],[152.8590430099023,-25.446408532142964],[152.85967033397938,-25.446539662079363],[152.86072542519636,-25.447481831966552],[152.8621480463263,-25.44740704282535],[152.86502310577123,-25.44876483752765],[152.86629589607625,-25.450258992388566],[152.86674277526757,-25.45148089433404],[152.86589077918757,-25.459773659351416],[152.8654309362963,-25.461044206386912],[152.8646975312911,-25.46159374645555],[152.86268326613794,-25.461953997653396],[152.8607371520519,-25.46281532084041],[152.85681312493188,-25.464993856213766],[152.8506422336636,-25.467763124806176],[152.84714131764565,-25.470445371133142],[152.84565392851815,-25.47059340728011],[152.8449534326321,-25.47210172533759],[152.84340266072996,-25.474166281475245],[152.84211699670067,-25.47496376159684],[152.8401026869896,-25.478983938764678],[152.8392841669291,-25.47914500384494],[152.8366305155918,-25.478502399114404],[152.8365673856307,-25.478874989117703],[152.8372159997391,-25.479247499050043],[152.8364912996775,-25.479324040121593],[152.83641917072197,-25.479749748125332],[152.8368924567631,-25.479707188078546],[152.83695497982413,-25.480161296068598],[152.83616789587654,-25.481232756138247],[152.83541691333883,-25.485665015176938],[152.8336230142703,-25.48654976434839],[152.83140556524933,-25.48817131655594],[152.83045995231203,-25.48945598963967],[152.82913963525348,-25.490041135766337],[152.82605730005238,-25.490872926066412],[152.82348700571518,-25.490164890328046],[152.8177270001068,-25.489795498904297],[152.8162004998652,-25.489032999062395],[152.81308699951956,-25.488693999374963],[152.81301269247422,-25.488379382384956],[152.81136868919194,-25.487373917556674],[152.80936665794403,-25.48694409375936],[152.80760505777465,-25.486969521934405],[152.80324649121982,-25.485907181376568],[152.80138106707983,-25.486259929559232],[152.80029187406427,-25.48701424166143],[152.79993885078315,-25.484971779713142],[152.8001023460615,-25.487144812679205],[152.79777669902504,-25.48872872289754],[152.79752071196586,-25.488446845925314],[152.79764085289827,-25.487789025918712],[152.79650393075033,-25.487485534034253],[152.79701781267906,-25.486477768991342],[152.795783750526,-25.486211046116193],[152.79691127667581,-25.486538022001458],[152.79636412074612,-25.487563825047456],[152.79658973180764,-25.48789022002237],[152.7975009309013,-25.487927711931516],[152.79727177291915,-25.488260744951603],[152.79744385201013,-25.48887536592942],[152.79142779094013,-25.493176333492524],[152.79031036486484,-25.49345891460134],[152.79031036490088,-25.49375739359888],[152.79087690996644,-25.493841155541933],[152.78651682329505,-25.500102972924314],[152.78472707232285,-25.501785701088494],[152.7817270312346,-25.503490724372742],[152.7817270318203,-25.508344839333223],[152.79369001838396,-25.503301940185192],[152.79461463544806,-25.50308249809505],[152.79580831470403,-25.504234647966992],[152.7963878587833,-25.50442049590785],[152.80157919213752,-25.503142259402015],[152.81032955028877,-25.49729761457925],[152.81265424935853,-25.49599109535859],[152.81441740748875,-25.495639605186067],[152.8162601816979,-25.49587749400077],[152.81823491097379,-25.496560102798654],[152.81999503824343,-25.49736566061696],[152.82364192389227,-25.4997799892343],[152.82395587869516,-25.497894166218394],[152.82760569934476,-25.500312309835348],[152.82742158545918,-25.50140856584479],[152.8326123749939,-25.50162619832619],[152.8353110742209,-25.501318003059975],[152.8357248462047,-25.500848676022628],[152.83603609127564,-25.50118403498885],[152.84007609965545,-25.501053053587583],[152.8440732219203,-25.500007121197925],[152.84447216800132,-25.500353689155368],[152.84702732328682,-25.50064574389842],[152.8490326233453,-25.49950590970795],[152.85085420031487,-25.49778017554045],[152.85158045954438,-25.49908973945743],[152.851885686592,-25.49923638242586],[152.85100042231227,-25.49764011952708],[152.85153863624922,-25.496684453481187],[152.85596335741576,-25.494480721058196],[152.8576995825983,-25.49458534788433],[152.85956705372237,-25.494100480702127],[152.85980096780835,-25.494621163674562],[152.86258525299297,-25.493895256402908],[152.86322668592305,-25.492799408347928],[152.86276888988084,-25.492820561393373],[152.86282242883001,-25.49235656639179],[152.86235129578992,-25.492406534438373],[152.8630506268104,-25.49201075937187],[152.8638469669034,-25.492135330291497],[152.86713211193657,-25.489753170983338],[152.8697834260887,-25.488866807726176],[152.86962598801415,-25.488378067745877],[152.87030891310923,-25.48861187167587],[152.86978130901187,-25.488234129731556],[152.87011385702314,-25.48805867469984],[152.86978181095432,-25.487757859735403],[152.86866482282957,-25.487630242847775],[152.86871307263894,-25.486016784856176],[152.87008126379206,-25.486176209718426],[152.8689914698583,-25.487603885815453],[152.86969785988813,-25.487279686747637],[152.8707454180194,-25.48751657864128],[152.8706920420547,-25.487852459643868],[152.87021946699147,-25.48771185869215],[152.87035376211097,-25.48859011367157],[152.87282378422927,-25.487570851433553],[152.87534145101313,-25.483751532213553],[152.87571298602114,-25.48351729517845],[152.87600850112057,-25.484100129144206],[152.87663722617975,-25.48408085408166],[152.87818014586142,-25.48020586295929],[152.88003273401762,-25.47999958577621],[152.8816793860177,-25.478670894622752],[152.88286306010454,-25.478431969506584],[152.88302160809513,-25.47822582649247],[152.8826381189653,-25.47746352853691],[152.88427054914843,-25.477657816372446],[152.8832696689541,-25.47686103647883],[152.88430599902222,-25.476586825377694],[152.88342900584482,-25.475829801471303],[152.88354634581702,-25.4755056424623],[152.88450656792384,-25.47561265436557],[152.88528609994412,-25.47515062929156],[152.8856521470257,-25.475529327251973],[152.88673532813078,-25.475522279143952],[152.8871513422626,-25.4762749060963],[152.88765621732762,-25.47640474704485],[152.88748880636948,-25.476885416057662],[152.8883817476525,-25.47850084895538],[152.8892543967905,-25.478935749864743],[152.88908886687662,-25.47978010687439],[152.88959616500242,-25.480409182818637],[152.88950469707004,-25.481041588822634],[152.888557564923,-25.480592117920786],[152.8867442387144,-25.480334292103848],[152.88640759579937,-25.481307319129492],[152.88672852888803,-25.48178001609363],[152.88727895193276,-25.481705648039302],[152.8880152870602,-25.48216278896213],[152.88804154617765,-25.483111817951755],[152.88623674604625,-25.483483879128812],[152.88471132300046,-25.484337125274102],[152.88414800303786,-25.485101565324044],[152.88175435768778,-25.484143811570693],[152.8802342218487,-25.486700053701487],[152.88058690292675,-25.48706006566336],[152.88094287492245,-25.486737199630497],[152.8819581310705,-25.48713898552594],[152.881942938227,-25.48844428351679],[152.88342482355526,-25.489956966356672],[152.8813799244444,-25.490693375554635],[152.8798417974668,-25.492121017696476],[152.8804045784907,-25.491863799642413],[152.88126554162005,-25.49223601455351],[152.88138771671368,-25.49291035553582],[152.88196472584448,-25.493524584473253],[152.88233063785512,-25.49331677643847],[152.88274845994525,-25.493723410393475],[152.88258361198478,-25.494183390406135],[152.88383100026772,-25.495511237270875],[152.8842622962743,-25.495217447230253],[152.88497578052733,-25.496729860146736],[152.885731374585,-25.496595155072445],[152.88603975363506,-25.49675957604031],[152.88584367465384,-25.497073095057342],[152.88873091004288,-25.49795226676207],[152.88893234502493,-25.49764120874448],[152.88925024207316,-25.49778207271161],[152.88972905817738,-25.49825620865995],[152.8895056113544,-25.49989686466888],[152.88501719092756,-25.50000013211598],[152.8822824315237,-25.498875211397955],[152.880217534082,-25.496896954620116],[152.8795417912679,-25.49897865567051],[152.87850722426035,-25.49975176576743],[152.8771617241213,-25.499691287902174],[152.87758649994788,-25.497916029874244],[152.87335240817686,-25.494971200320574],[152.87268444912277,-25.495064384386403],[152.8719932589427,-25.494135558462876],[152.87072303080961,-25.494062564590166],[152.86930283374636,-25.49468819872671],[152.86881162981987,-25.495692956767474],[152.8683971857145,-25.4951571288132],[152.8663935506485,-25.496231957004195],[152.86642864276718,-25.49718365699296],[152.8675659859428,-25.49771487287526],[152.86781684104807,-25.4983816718448],[152.86733440001242,-25.49847776189212],[152.8673163370897,-25.49913031188859],[152.8667405580159,-25.498985802947175],[152.86672475208888,-25.499602224943732],[152.86700473807284,-25.49924320891876],[152.86781760217679,-25.49944416783605],[152.86764374008243,-25.498805165858577],[152.86812468418685,-25.49927933680676],[152.86830137818723,-25.4991398727903],[152.86820597121417,-25.499439651797356],[152.86857279427724,-25.499663602758968],[152.8679508223199,-25.500518954813984],[152.8682014564269,-25.5012008577835],[152.8673592384195,-25.501819537862414],[152.8663454153278,-25.501882760962992],[152.86661621545105,-25.502681215929474],[152.86583968835905,-25.502549095008007],[152.86586675928072,-25.501880112010735],[152.86648662321414,-25.500829378957476],[152.86538094709718,-25.500756689068286],[152.86406363106923,-25.501591734192854],[152.8641276492693,-25.50319263417339],[152.86350763134882,-25.50435087522582],[152.86267210228405,-25.50449185930795],[152.86176552713263,-25.50397432640255],[152.86195658395096,-25.50231850639701],[152.86312886299208,-25.50171033028507],[152.86285305985686,-25.500816306319862],[152.8631052828219,-25.500323757298727],[152.86268334373682,-25.499961443343718],[152.85857494756166,-25.50183833873797],[152.85894759465353,-25.502295322697147],[152.85912264295013,-25.504604704660863],[152.85806596380138,-25.50423013576927],[152.8567961604859,-25.502650893908633],[152.85622816446173,-25.50291035596316],[152.85603680150422,-25.50341634197812],[152.85599239068176,-25.50492009897027],[152.8549831326199,-25.505225199068406],[152.85505723283032,-25.506904030047345],[152.85879733426813,-25.507495343669717],[152.8586921243226,-25.508030700675896],[152.8567555011893,-25.508496174865076],[152.85478402414685,-25.509740922051478],[152.8523795995046,-25.506378898318452],[152.8513075894591,-25.50687089742125],[152.85295106700755,-25.510072953231404],[152.8487410225939,-25.510062876650988],[152.84565786653624,-25.512082597941735],[152.8495596929551,-25.512384698550505],[152.84955273090594,-25.511984385554452],[152.84983731495666,-25.512172838524577],[152.8499943599434,-25.511936796510874],[152.85202392916426,-25.51211885530716],[152.85221996824058,-25.51259067028375],[152.8527049172926,-25.512628218235132],[152.85265426425684,-25.51237383624228],[152.85313834129036,-25.51225881619496],[152.8550173215408,-25.51280725600323],[152.85616292157832,-25.512190002894048],[152.855420351472,-25.511912096970395],[152.85568465047268,-25.51170365594569],[152.85864105665948,-25.510854821657944],[152.8673636451433,-25.516053542746057],[152.86968941826328,-25.515162561521404],[152.8701458983604,-25.51559461547236],[152.8734806227872,-25.516422064133035],[152.87762602402535,-25.52329016466365],[152.87584735507377,-25.525127714826095],[152.87239893485167,-25.526084839162213],[152.87109765350144,-25.524245999306995],[152.86998542676213,-25.527298451393033],[152.87016561881399,-25.52758044337276],[152.86952261587058,-25.52856857242885],[152.85359537632763,-25.52045868208264],[152.8520066441464,-25.520248285242673],[152.84752578111565,-25.523623270661655],[152.84663559816966,-25.524789782740864],[152.8458762271043,-25.524865698815915],[152.84498006109817,-25.52554065589969],[152.84556258621524,-25.526035716837615],[152.84611546126465,-25.525996979782835],[152.84649515036085,-25.52648361374106],[152.84638752849781,-25.52770248674184],[152.8467450566138,-25.528371352700784],[152.84752072974723,-25.528845272619634],[152.84671625072798,-25.529338510695766],[152.84686282377754,-25.52962883567883],[152.84749238985222,-25.52973638261519],[152.8485768678236,-25.528620946516263],[152.8483775157279,-25.52799133054123],[152.84750482061372,-25.52775515063009],[152.84753295756934,-25.527365935630478],[152.84978702180638,-25.527498705404795],[152.85180763396383,-25.527162652206187],[152.8550112174478,-25.528566686875504],[152.8594617542821,-25.531853277405173],[152.85937446342558,-25.533108850403615],[152.85866603439254,-25.533409915471818],[152.85816197731367,-25.53316647652401],[152.8576870043252,-25.533645934567478],[152.85901298360517,-25.534884916425177],[152.85763702355388,-25.535575696556727],[152.85809858765626,-25.53604717750691],[152.85934401479912,-25.536218761381367],[152.86076841018217,-25.53822751622306],[152.8607383563014,-25.539236558217787],[152.859492246233,-25.539681022338375],[152.86048567140554,-25.540300871234347],[152.8608124995271,-25.541040017195748],[152.86001131249313,-25.54140831727261],[152.85941577642117,-25.541296547332895],[152.85910112243081,-25.541631010361527],[152.859766614617,-25.542629777287065],[152.8583800366234,-25.543805570415667],[152.85698494932205,-25.542447284565803],[152.85598963451056,-25.544810503645785],[152.85428142013396,-25.543083728830073],[152.8535911350495,-25.54294558989999],[152.8525345180047,-25.543432034001317],[152.8533545891317,-25.54381631591644],[152.8543628863718,-25.544982251806474],[152.85407176948593,-25.546160992825868],[152.85442832052522,-25.546195776790096],[152.85438385060067,-25.54685524178917],[152.85486852064543,-25.546832283741],[152.85439857668578,-25.547546119782083],[152.85512133873908,-25.547400379711178],[152.85632332268767,-25.546002327602817],[152.85720434379772,-25.54619767851342],[152.8570558658619,-25.54684717552291],[152.85817983404658,-25.54746155040588],[152.85868474717572,-25.548118617350227],[152.85838733018122,-25.548405569377483],[152.85856038124217,-25.548768298357295],[152.85946445438475,-25.54921289926358],[152.85952883264636,-25.55132095424003],[152.85829046154365,-25.55147660136218],[152.85707965329846,-25.550433085491377],[152.85609768718572,-25.550297452590335],[152.8555451762537,-25.551306819637173],[152.85503913019534,-25.551235116688208],[152.85480633621728,-25.551605092708385],[152.8561155754066,-25.5521063255738],[152.856491216521,-25.552746583531178],[152.8563639355953,-25.55346324753801],[152.85275850952226,-25.55578276787845],[152.8514000442672,-25.554777185022026],[152.850411124173,-25.55480166912036],[152.85072532331614,-25.555728405081513],[152.85129157241582,-25.556093287022094],[152.85140221650846,-25.556767865005607],[152.852338177694,-25.55754142790605],[152.85186010066258,-25.557669638952643],[152.85223803284413,-25.558862586905263],[152.85270155788965,-25.558862586859064],[152.85373040086336,-25.557811621765087],[152.85778881115098,-25.556896330368033],[152.85727590014886,-25.55729431141593],[152.85767354628172,-25.55806953237],[152.85710330131332,-25.558792153420935],[152.85702122238035,-25.559411932424112],[152.8553380341532,-25.55890109959599],[152.854792990105,-25.55894484364998],[152.8545894671029,-25.559092231669048],[152.85453982218203,-25.559785833668347],[152.85518111237752,-25.560880087595557],[152.85573365649176,-25.561375054536466],[152.85545669850376,-25.56169946556142],[152.85566767857637,-25.562127667536878],[152.85579063449285,-25.561338209531055],[152.85468623319656,-25.55978745565376],[152.8546787571297,-25.559241376658942],[152.85500444512954,-25.558976043628636],[152.85697213240513,-25.559656877427017],[152.85786066629768,-25.558049044351502],[152.85765805520168,-25.557421609376796],[152.85832544532687,-25.557913052306326],[152.85815023843725,-25.558967112315205],[152.85903610857775,-25.559408793223287],[152.8602487807045,-25.559472437101864],[152.86014965275598,-25.55997783510765],[152.86067426788858,-25.56064677704993],[152.86384283825225,-25.561080030730494],[152.86441529412116,-25.559534506686006],[152.86404796808804,-25.559559466722444],[152.86411637804633,-25.559159122718874],[152.86451136809916,-25.559275121678546],[152.86467202206234,-25.55884138866609],[152.86605196525247,-25.559292846524812],[152.86792492270138,-25.56147915632028],[152.8689659371271,-25.56414891119475],[152.86977759462724,-25.567616854085568],[152.86975549770384,-25.5682673420825],[152.86889217381736,-25.569902924155276],[152.86929884423324,-25.573004696089463],[152.86740444634583,-25.575468733258298],[152.86681725471334,-25.57897664628832],[152.86556563387956,-25.581361987393688],[152.86643191419003,-25.58322080429222],[152.86614066919628,-25.5835082423189],[152.86607975542123,-25.585413714309457],[152.86334881228484,-25.586503246572907],[152.8624874471347,-25.585963108663158],[152.85966953882166,-25.585665710946486],[152.85766189899834,-25.588751837121468],[152.85672915093016,-25.588946952212844],[152.85509969592144,-25.59019616936511],[152.8534454937247,-25.589915393532234],[152.85241280877716,-25.591186025624808],[152.85278853481728,-25.591211753587174],[152.85270310285304,-25.591576256592727],[152.85374054686562,-25.59083862449529],[152.8553569010099,-25.590717354335236],[152.8567272472262,-25.591390659193166],[152.85816812531436,-25.59094876605317],[152.85931134248153,-25.591400176935508],[152.8601631885139,-25.59097663185405],[152.8609461824811,-25.590070758783362],[152.86124822258998,-25.59072441074797],[152.8617717036577,-25.590857659694695],[152.8622523546351,-25.590281830651442],[152.86280058268005,-25.590208067597413],[152.86217269045667,-25.588874887670837],[152.86335832949115,-25.588197423558153],[152.86405217962204,-25.588713766484805],[152.8636914535839,-25.588692350520898],[152.86365718961488,-25.588975506522036],[152.86491418373842,-25.588975385396687],[152.8650610718152,-25.589489470377863],[152.86545130286453,-25.589579889338246],[152.86539895491364,-25.59002722833982],[152.86624604299465,-25.590008192255482],[152.86622680507298,-25.59067018225205],[152.86676813223227,-25.591544634190964],[152.86628979920903,-25.591740956237032],[152.8716876678033,-25.592264412694544],[152.870857521573,-25.591039421787297],[152.86967280141818,-25.59072293890799],[152.869480717302,-25.589920651933685],[152.87016356638046,-25.590014262864827],[152.87119987758933,-25.590896231754282],[152.87232417290159,-25.59255887962867],[152.87464508136304,-25.594482009381522],[152.87402766250025,-25.596114133429843],[152.87399009966438,-25.597497551422336],[152.87438548990053,-25.59912383236965],[152.8763026333895,-25.60159999815827],[152.87515620928843,-25.60169636727185],[152.8745440213194,-25.602448038326777],[152.87420708938748,-25.603282515353627],[152.87430989748722,-25.60402163133738],[152.8736788494949,-25.604597405395612],[152.873917270653,-25.6057067093628],[152.8731334757207,-25.606900247431266],[152.873009267775,-25.607449189439212],[152.87334667582957,-25.60762485340413],[152.87298105993824,-25.608816978430884],[152.87338275312223,-25.610008181381154],[152.8739126861533,-25.609834826329685],[152.87495697234436,-25.61056258421958],[152.875481343396,-25.610562584167294],[152.87541200034647,-25.610210347177105],[152.87559256640702,-25.610562584156202],[152.87642705348904,-25.610562584072966],[152.87642705375598,-25.61276258405508],[152.8759202537062,-25.612762584105614],[152.87590215674805,-25.613122897104493],[152.87550934472398,-25.613243091142724],[152.87471234357244,-25.6126407052271],[152.87358043357418,-25.61357238433242],[152.87260878169238,-25.615335862414984],[152.8716740326608,-25.61583339950416],[152.87145768879512,-25.61711651051532],[152.86984739863001,-25.617062511676355],[152.86917916661224,-25.617457788739774],[152.87043184595802,-25.619291243599957],[152.87244721229487,-25.62043198838967],[152.87080799023073,-25.62123359854663],[152.87091913333032,-25.621965010529575],[152.87171232446514,-25.622431697446718],[152.87351585467547,-25.622702098264604],[152.87324832271403,-25.623236420286972],[152.87192047866884,-25.623941609413635],[152.870915135493,-25.623308110519055],[152.86954958835122,-25.623248677655713],[152.8690172674641,-25.62461046569772],[152.86967362137617,-25.623353586642512],[152.87093632151993,-25.623513821515292],[152.87192461068662,-25.624085209412055],[152.87319668773912,-25.62348475629006],[152.87369830070236,-25.62277495524584],[152.87351230063828,-25.62239767526745],[152.87118160035456,-25.621951243503545],[152.87100084626292,-25.621342233526516],[152.87264947735787,-25.620787321366628],[152.87279461232444,-25.620393800355316],[152.87043808790835,-25.618876608602665],[152.86962870065045,-25.617407742695356],[152.87256997795183,-25.617505076401212],[152.878696629681,-25.618544283781656],[152.87937711867158,-25.617914533718917],[152.8800838177389,-25.617895497648558],[152.88042646078273,-25.617978778613708],[152.88090711193252,-25.618823487558842],[152.88300786917532,-25.619120016346873],[152.88456589655843,-25.621012597176012],[152.8846350155129,-25.620581134172635],[152.88519851085297,-25.622926154097353],[152.88638746719957,-25.62481555596329],[152.886297515309,-25.625790462964357],[152.88709027649102,-25.626646264878335],[152.88871852268346,-25.626910521713665],[152.88937233380824,-25.6274078676444],[152.8893771678668,-25.62788656763999],[152.8927651602546,-25.628332053298212],[152.89111696086175,-25.626433653478202],[152.89072144963328,-25.62487351853034],[152.88852633238756,-25.624629349751416],[152.89098941259778,-25.624363608507736],[152.89162429787257,-25.626111835430148],[152.8914503228799,-25.626313014445874],[152.8934547813198,-25.628309619229622],[152.89296437525445,-25.62816970727969],[152.89578319076148,-25.630058031982934],[152.89739844423818,-25.632672798800446],[152.8964818886969,-25.637192221855177],[152.89768183336204,-25.64169416569879],[152.8994477437348,-25.64332969950921],[152.89945686596528,-25.645218599492914],[152.89558453374732,-25.64656594286858],[152.89319591201178,-25.650680742073515],[152.8875766659957,-25.64687694466529],[152.88670465857058,-25.65231757670807],[152.88927816361036,-25.650555918465543],[152.88968862855447,-25.649762414431038],[152.89020249468555,-25.65042419537439],[152.89262726811222,-25.651969043119802],[152.89454752222437,-25.651333375933294],[152.89444992306946,-25.650137665952784],[152.8963292682211,-25.649860830767405],[152.8979459425071,-25.65090353159755],[152.89630785557168,-25.652763308745943],[152.8956507119424,-25.656347364782448],[152.8957456873463,-25.659593724746564],[152.89664990068533,-25.661649354639568],[152.89355928762524,-25.66366369893175],[152.89257543351627,-25.66356558803074],[152.89404394533074,-25.66084688790624],[152.89350340215913,-25.659873733968098],[152.8920383229667,-25.65947941811757],[152.8917642231471,-25.661186499131],[152.89295384528353,-25.66134337701102],[152.89283843335946,-25.662062153016688],[152.89144686735602,-25.663163255146653],[152.89016693243224,-25.66482935226084],[152.89185539954488,-25.664386119095926],[152.89342589873908,-25.664708654936533],[152.89684013491734,-25.663403786606352],[152.89739047303763,-25.663947276546978],[152.89851893516698,-25.66409582143312],[152.89849736611157,-25.66365711043882],[152.89900967709193,-25.663080076392365],[152.8987277329808,-25.66239448642608],[152.89747432183788,-25.66223578855251],[152.89779219867657,-25.660650355533658],[152.89913478991733,-25.66154230039234],[152.89894807897778,-25.662190677405725],[152.89959514314012,-25.66300178733455],[152.90064769128054,-25.663302082227002],[152.90041497917977,-25.66266248325544],[152.90118115030978,-25.663109976175324],[152.9011052531831,-25.66212955019086],[152.89921887081223,-25.66060873239154],[152.8991176247636,-25.660290629404262],[152.89968881384817,-25.66052307234536],[152.89955140080323,-25.66026549536115],[152.9010145951484,-25.661917540201653],[152.90386819548291,-25.66235430191315],[152.90411039655444,-25.66274591388576],[152.9038437296862,-25.664045913901848],[152.9047103969683,-25.665662580802177],[152.90420592891851,-25.665662580852562],[152.90408446895836,-25.666089382861205],[152.9040690321243,-25.66746698685151],[152.9035101992171,-25.668683611897478],[152.90351508347598,-25.670808124879667],[152.90432962173813,-25.67230319878624],[152.90460876391708,-25.673548623748207],[152.90380970898866,-25.67478600781793],[152.90229148492523,-25.675495936963788],[152.90165168385153,-25.67540957702838],[152.9007411616209,-25.674252113128667],[152.89802197107588,-25.67197636941868],[152.89709421983167,-25.670719836521513],[152.89656173579638,-25.670862297573503],[152.895763157669,-25.670461986656452],[152.89569372560376,-25.66998195166728],[152.89592578661913,-25.669919996644627],[152.8952558654117,-25.668757872720953],[152.89545668238677,-25.66838888070388],[152.89516490739078,-25.66865912773083],[152.89467077730254,-25.6683345647828],[152.89448373031257,-25.66856844579956],[152.8947188633755,-25.668895749773476],[152.8943759723663,-25.66909805580601],[152.895232593533,-25.66977447971499],[152.89518000662713,-25.670591229713626],[152.89562583578888,-25.671559940661233],[152.8942996055521,-25.670688785800724],[152.8911850574409,-25.672302621098492],[152.88992173131837,-25.672321055224394],[152.88968636835833,-25.672840864243685],[152.88899176733094,-25.67317933031026],[152.88954618041322,-25.673405974253097],[152.8894388684654,-25.673922792259614],[152.89000037048964,-25.673666547205663],[152.88928645450494,-25.674372321271147],[152.88853843042165,-25.67429329734643],[152.88807197830639,-25.67372463239762],[152.88683241612424,-25.67323257752531],[152.88657728610823,-25.673307381550178],[152.88643997219845,-25.674162134556934],[152.88520584308893,-25.674262932679266],[152.88348087669112,-25.672390109866623],[152.88106099937832,-25.671780897112995],[152.8794103950998,-25.67082925028537],[152.877160395068,-25.672395916497134],[152.87577706093143,-25.67239591663513],[152.87537585697442,-25.67307607366959],[152.87606816421572,-25.674500142588954],[152.87664239726666,-25.67445305253204],[152.87596099215872,-25.674117361602764],[152.8758293210745,-25.673531709620672],[152.87617531106915,-25.67320627858879],[152.877217443327,-25.67448264347448],[152.8789080495253,-25.674740814303714],[152.87963021656844,-25.67450881723354],[152.87997255760445,-25.674527351199234],[152.8786704675566,-25.675191362323762],[152.87818072878065,-25.677433972354386],[152.87708032568236,-25.677519132463445],[152.87609191974926,-25.678872735551078],[152.87699989885093,-25.67897193545965],[152.87757117384928,-25.67849416440658],[152.87840291699382,-25.67900752831942],[152.8791437300534,-25.678895916246418],[152.8783997528182,-25.685796197264562],[152.87814751482813,-25.686082212287445],[152.87767790277172,-25.686000253334957],[152.8768484298618,-25.68741588940619],[152.87664914882546,-25.687279193427162],[152.87579528281566,-25.68789209650733],[152.8758555000299,-25.689606999487452],[152.87529050003326,-25.690093499539813],[152.8753759580771,-25.690385427528938],[152.8725428729123,-25.691332949803797],[152.87121202073934,-25.690990804939315],[152.86937299972422,-25.692362499111585],[152.8682394996363,-25.69256099922302],[152.86696020045576,-25.692115127354207],[152.86396754825037,-25.692858572646504],[152.86283781720996,-25.693445071754372],[152.8628622593483,-25.694564901742847],[152.86174933231817,-25.69522164684848],[152.8620755344961,-25.696421379806207],[152.86178689853796,-25.697001335830258],[152.8610026974822,-25.69718014190699],[152.86182297757446,-25.697272669824503],[152.8617322478056,-25.699249806817473],[152.86032117260967,-25.698784650961898],[152.85966572936863,-25.697333432039038],[152.85892182933264,-25.697642543110653],[152.8580378291582,-25.696925684204636],[152.8566103409645,-25.69649229135041],[152.85432497097764,-25.698460998562204],[152.85449817707888,-25.699154054539342],[152.85401813704013,-25.699225252586604],[152.85390691307546,-25.69960742059459],[152.85431807513885,-25.699794193552083],[152.8543592562438,-25.70062569354124],[152.85519092442283,-25.701422300451856],[152.85578282243355,-25.70102850139606],[152.85577263739592,-25.700727446399487],[152.85583710555323,-25.701970544383002],[152.8548489504572,-25.701983842481376],[152.8528650081703,-25.701236827685175],[152.85206818716364,-25.70183064575974],[152.85293267402722,-25.70000254968843],[152.85283037496276,-25.699555656702262],[152.85221466889027,-25.699459923764426],[152.8510419218535,-25.700111430875992],[152.85033387290034,-25.701074524938715],[152.84945513878213,-25.700815725028384],[152.8488250747629,-25.70117047408829],[152.84916637586167,-25.701706456049887],[152.84984602495496,-25.70192115598045],[152.85001943517082,-25.70355783894988],[152.8494077260986,-25.70346163901159],[152.84795322382942,-25.70242898016492],[152.84743649163775,-25.701270272225834],[152.84728954255354,-25.70069669924512],[152.84798138447823,-25.699512586185808],[152.84612460929458,-25.69951258637082],[152.84745560376572,-25.70230991421545],[152.8468062057011,-25.70230624628021],[152.84728345981793,-25.702880167228024],[152.8470478430689,-25.70513865423316],[152.84655177017055,-25.70638054227247],[152.8468463532493,-25.706788872239834],[152.84687557513226,-25.70580149024493],[152.84739705512442,-25.705312241196946],[152.84760169184725,-25.702861960196476],[152.8486898060856,-25.703938745079263],[152.85010313024634,-25.704112230937],[152.85084197827769,-25.703768936866215],[152.85050088608207,-25.70243535891103],[152.85086426410746,-25.70234852387554],[152.85054209903066,-25.701977898910634],[152.85096962004357,-25.70173606586997],[152.8513947149217,-25.700386324838576],[152.8522586209416,-25.699846387756875],[152.85147753608302,-25.70164793282013],[152.85175414321466,-25.702506541785567],[152.85224504628985,-25.70272582673487],[152.85435358947606,-25.702542961526216],[152.85416006953972,-25.703224167539947],[152.8545394996548,-25.703863499496922],[152.85440029159008,-25.70344315651424],[152.85512599961498,-25.703058499445056],[152.8552759995622,-25.70250099943461],[152.8559440686392,-25.702591303367264],[152.85648609762214,-25.702009233318023],[152.85647802752524,-25.70121790732524],[152.85496212007288,-25.698727000496586],[152.85669268703523,-25.69700804433801],[152.8570947570937,-25.697161757296712],[152.85620613113244,-25.69820406337681],[152.855622496098,-25.698395390433426],[152.85635452420846,-25.698709264357916],[152.8569880192108,-25.698212923298783],[152.85762091727335,-25.69821354223574],[152.85783108937542,-25.698882736209306],[152.85889629955568,-25.699500054098145],[152.8588742796487,-25.700283707093963],[152.85972705974905,-25.700416217007888],[152.86082915694294,-25.70111514389232],[152.86140731598962,-25.70102968083537],[152.86425462098717,-25.698691716570497],[152.8668843880778,-25.697297538319617],[152.86876118824267,-25.697127976133856],[152.86813051442368,-25.699131493180477],[152.86974503741718,-25.69776366403057],[152.87056023035825,-25.69661538395861],[152.87167490655833,-25.697356080841445],[152.87286200565157,-25.69715766672463],[152.87334612082597,-25.698199801667872],[152.87265972384455,-25.698911199730574],[152.87284259603575,-25.700336021700764],[152.87244565215332,-25.70162587072985],[152.87274720722883,-25.702002142696752],[152.8728200611979,-25.701688616692035],[152.8744936244573,-25.702461174518827],[152.8745297405032,-25.702810058512394],[152.87390537947778,-25.703108631572256],[152.8728683722818,-25.702339903681903],[152.8742184056148,-25.70398186853395],[152.87454842756,-25.703262734506854],[152.87522361261924,-25.703200237440033],[152.8742414586567,-25.70430818052898],[152.87350849954095,-25.703951499605],[152.87302599951332,-25.704116499651764],[152.87263249955737,-25.70479899968544],[152.87326449964596,-25.705013999620682],[152.87313149965865,-25.705226499632218],[152.87291449962956,-25.705163999654395],[152.87276749963561,-25.705332999667657],[152.8735239996889,-25.705156499593624],[152.8730919995644,-25.70448349964218],[152.87326949955315,-25.70424599962644],[152.8741624996975,-25.704707499533594],[152.87330499973336,-25.705700499611066],[152.8725064996628,-25.705769499690124],[152.87368899983608,-25.70623299956843],[152.87353549976476,-25.705770999587532],[152.8738559997637,-25.70550199955776],[152.8741490000363,-25.707506499512245],[152.8749575003052,-25.709061499418976],[152.87380750035098,-25.710373499523],[152.8734820002837,-25.710084999557807],[152.8734665003124,-25.710333999557314],[152.8730325002915,-25.710515499599126],[152.87339600028176,-25.71013899956597],[152.8734425001888,-25.709335999567827],[152.8730190001031,-25.708975499613008],[152.87283350012095,-25.70927349962906],[152.8719560000462,-25.70937249971581],[152.87118800007843,-25.71026299878515],[152.87091031618775,-25.711388472803698],[152.87115700031333,-25.712221498772344],[152.87197550042265,-25.712454499688803],[152.8728345004791,-25.712219999605047],[152.8724615004932,-25.712639499638858],[152.87248649955865,-25.713157999632152],[152.87233049950393,-25.712833999650304],[152.8719065004641,-25.71285199969246],[152.87057049952983,-25.71447999881248],[152.87048499956583,-25.714845998818003],[152.87109899968786,-25.7153499997527],[152.870985999812,-25.716463999754907],[152.87143199993463,-25.717109999705183],[152.87021399987557,-25.71761549882255],[152.87006349990835,-25.71800799883439],[152.8715354999434,-25.717097499695],[152.87110099982633,-25.716487999743293],[152.87128699968213,-25.715149999735573],[152.87066099955456,-25.714609998802416],[152.87197850048528,-25.712967499684336],[152.87219299950465,-25.712952499663118],[152.8721509995865,-25.71365999966153],[152.87265949958424,-25.713227499614334],[152.87265899952038,-25.712701999618623],[152.87291049965742,-25.713624999586024],[152.8734644226891,-25.713434832532368],[152.87288250045935,-25.712018499601896],[152.87195950040098,-25.712288999691744],[152.87119150027982,-25.711916998771343],[152.87164050008104,-25.709915499742838],[152.87241350009077,-25.709366999670195],[152.87238750011738,-25.70960749967085],[152.873042500198,-25.709737499604486],[152.87319500022952,-25.709872499588165],[152.87318400025083,-25.71005749958776],[152.87277650023663,-25.71027149962663],[152.8722090001825,-25.71028799968311],[152.87260900016463,-25.709815499647053],[152.87206650011714,-25.709866499700745],[152.8717685001677,-25.71052549972513],[152.87251900024535,-25.71055299965005],[152.87333900038874,-25.711065499564114],[152.87395200038603,-25.710544999507214],[152.8746685004627,-25.710592499435357],[152.8739285004955,-25.71146499950203],[152.87419649960833,-25.712174999469568],[152.87415799955522,-25.711768999476696],[152.87543849958138,-25.710942499355685],[152.8754870004447,-25.709778999360346],[152.87430799997924,-25.70690799950122],[152.87447650001724,-25.707082999483003],[152.8744214998244,-25.705541499500995],[152.87486704574712,-25.70454302446469],[152.87541273673358,-25.70398813541478],[152.8750428597749,-25.70462813744641],[152.875402688835,-25.704830071408914],[152.87505916988013,-25.705480847437865],[152.8753653169608,-25.70589624140396],[152.875810512986,-25.705741320360847],[152.87642912861833,-25.702212874327763],[152.87716135364224,-25.701813293257974],[152.87739106659902,-25.70127117723951],[152.87720705851052,-25.700692823262525],[152.87663240142578,-25.700462970321702],[152.8770764813464,-25.69944791428568],[152.8770041111656,-25.69801908030449],[152.87854090626894,-25.69761947815446],[152.87918406617248,-25.696303030100985],[152.8787631210133,-25.695335034150855],[152.877269499758,-25.694449164307],[152.8772570756666,-25.69370699231427],[152.87922395375523,-25.692837572125185],[152.88209941421212,-25.694258812826753],[152.8799452817442,-25.692159684058673],[152.88010183167327,-25.691449536048847],[152.88133915265476,-25.6902907379348],[152.88170082968819,-25.6902717018989],[152.88244322186682,-25.691137825817755],[152.88283797502507,-25.692119828770444],[152.8837955671107,-25.69204533667549],[152.88665010854155,-25.693269823380696],[152.88781128562385,-25.693003324266975],[152.8864373414285,-25.692513321408093],[152.8866790633958,-25.692047605387728],[152.88648541535525,-25.691871845408496],[152.88470466115186,-25.69164512758801],[152.8833376608866,-25.690574369733145],[152.88387089787705,-25.690062309684095],[152.88862981956936,-25.691889736194323],[152.8895244976647,-25.691946842104606],[152.89006249488344,-25.6933093220398],[152.89084295702992,-25.6938803919573],[152.89307576229072,-25.69421055273172],[152.89327759129728,-25.69410019771248],[152.89235479217,-25.693803584806997],[152.89304506425046,-25.69390492073729],[152.89391952029632,-25.693571063652715],[152.89399893626208,-25.69322467964759],[152.89474493532367,-25.693125498573945],[152.8949609754204,-25.69374503854735],[152.8941098994256,-25.694479118626376],[152.8941206705281,-25.6953135446185],[152.89466584465248,-25.695893566559366],[152.89566772277846,-25.696115292457556],[152.89597529991636,-25.696999893419665],[152.89681082702688,-25.697229519334353],[152.89805037612186,-25.697004144212496],[152.89867676921597,-25.69726854514778],[152.89974036640845,-25.697987131035756],[152.89925323839213,-25.698249106082265],[152.89962839148563,-25.698712401041014],[152.90027801849516,-25.69826271097983],[152.90090754958726,-25.69850875491496],[152.90195833366602,-25.698303034811712],[152.9023927497568,-25.698695975765116],[152.90301688179892,-25.698535118704143],[152.90292103382757,-25.698848643711123],[152.90335668591553,-25.699218215664622],[152.9037771639385,-25.6990653436239],[152.90551510916427,-25.699509805446734],[152.90602889857834,-25.702495902371197],[152.90714092281138,-25.703507942251896],[152.90808656290596,-25.703516587157345],[152.90713981098577,-25.70494149224036],[152.9070920421261,-25.706133907235422],[152.90761225728505,-25.707017329176306],[152.90768585739357,-25.707849720162216],[152.90693516931282,-25.70779594123758],[152.90643548232333,-25.70828848928349],[152.90689138945143,-25.708970634232408],[152.90865489056728,-25.70848962706022],[152.90972632669278,-25.708650929951872],[152.9115975388069,-25.7080689487697],[152.91259433796202,-25.708533735666357],[152.91309768110122,-25.70926829861009],[152.91284473736505,-25.711641828616067],[152.91328411052046,-25.71256125556476],[152.9140707765542,-25.712200138489106],[152.91507900452606,-25.711149459396907],[152.91665386562016,-25.71064384724365],[152.91777481871733,-25.710532189132554],[152.91846659385584,-25.711107508058774],[152.91823731876758,-25.710569184086086],[152.91900584575382,-25.70983224801526],[152.91846570764176,-25.709350407073124],[152.9162247883794,-25.709014432299778],[152.9140150262197,-25.709496968516614],[152.9135286331389,-25.70922789056743],[152.91336155605228,-25.70865227358873],[152.91215837985723,-25.70802671071404],[152.9086779414479,-25.70749033706601],[152.90878560438955,-25.70692322305987],[152.90978217347185,-25.70679037696144],[152.90896051432986,-25.706291234047562],[152.9133204168744,-25.707224380604476],[152.91616382231228,-25.708512654309942],[152.91908333459858,-25.708494593018397],[152.91929517958343,-25.70819724799961],[152.91881107344628,-25.707464077053967],[152.92019726056452,-25.70731004991669],[152.9202429837369,-25.70868903090094],[152.9206293408938,-25.70966378585444],[152.92238915318225,-25.710603708670924],[152.9225471772984,-25.711429244648407],[152.92312707135574,-25.711429245590498],[152.91749373784782,-25.72004591208336],[152.91431040488004,-25.72289591237828],[152.91601040521465,-25.724262579197358],[152.91569373823395,-25.724679246225566],[152.913827070885,-25.72332924642301],[152.91332707089032,-25.72377924646931],[152.91274373775786,-25.723165500532577],[152.91167034564998,-25.72315090463994],[152.90863613745825,-25.724041774935746],[152.9080136703442,-25.723610616001427],[152.9092792044663,-25.723585732875215],[152.9074964871477,-25.722416985062775],[152.90076268420515,-25.720145242753677],[152.8994962419293,-25.718907640890162],[152.89612572361017,-25.719024692225748],[152.8933030764683,-25.720153722498292],[152.89195813051964,-25.72166942362024],[152.89078272864538,-25.72365876472143],[152.89049951191274,-25.726087463729968],[152.8891107279809,-25.727777775854843],[152.88837975809523,-25.729312052915304],[152.8883730951786,-25.73000304791035],[152.88699491119328,-25.7312456020378],[152.88790862435394,-25.73182238394191],[152.88763641435415,-25.73204605296729],[152.8880228384121,-25.73220785692745],[152.88758977636198,-25.73214789397114],[152.88680464020544,-25.73150008805474],[152.88594140992396,-25.729888641153934],[152.88536438983076,-25.72959120821398],[152.8835084106166,-25.72934136540121],[152.88121966556764,-25.730801610617675],[152.8810352586225,-25.73140242463119],[152.8819529318639,-25.732640821529586],[152.88285564638554,-25.736194215410656],[152.8824033813618,-25.736367895454354],[152.88111586111654,-25.735399350590708],[152.88027749701286,-25.735228789675727],[152.8806426708845,-25.733876186650292],[152.8809432630448,-25.73494949961159],[152.88158600294167,-25.733578301558584],[152.88125018684585,-25.733064341596283],[152.88081828079805,-25.733022176639686],[152.87977781090987,-25.734788589729135],[152.8797269510142,-25.73568783372695],[152.8802076022099,-25.73690611766911],[152.87990695027887,-25.737717706692475],[152.88037069839154,-25.738267477641745],[152.8790442611712,-25.737535528780043],[152.87981261216615,-25.73686804670881],[152.8795794250157,-25.735821083740568],[152.87807191517436,-25.738352514870424],[152.87796615039915,-25.740287330865215],[152.8772396094335,-25.741161360930636],[152.87651683436818,-25.741212572002294],[152.8761975330153,-25.746794440988854],[152.87516634018237,-25.749008381073736],[152.8747860191935,-25.74940944610841],[152.87196090901645,-25.750255168383333],[152.87030981700693,-25.751521992537686],[152.86740470626756,-25.756033232790763],[152.86477952715055,-25.757211099043],[152.86013323970033,-25.757296306505523],[152.8593922816848,-25.757772244575534],[152.8596354538799,-25.75917925153983],[152.85992505490867,-25.759179251510947],[152.8598315607639,-25.758065348529353],[152.86035179076703,-25.757666847480728],[152.86424538115483,-25.757681280092406],[152.86677297933133,-25.75707197184536],[152.8686320443336,-25.755575613672125],[152.87003773916518,-25.753044885552473],[152.87105471712653,-25.75189895846037],[152.87308162518832,-25.750754902267513],[152.8746662852914,-25.75031189211303],[152.87400750027672,-25.750727499175337],[152.87441450035678,-25.751053999132132],[152.87437500040102,-25.751450499132815],[152.87363850031596,-25.7513514992071],[152.87333850034204,-25.75180949923328],[152.8729720002817,-25.75161249927148],[152.87255950029817,-25.75208449930879],[152.87292300036776,-25.75235999927029],[152.8727985002942,-25.751856499286752],[152.87324200034146,-25.751883999242352],[152.8735740004295,-25.752336499205555],[152.87359800046178,-25.75258299920116],[152.87325850038465,-25.752225499237912],[152.87300300035375,-25.752179499263764],[152.87343300044566,-25.752584999217603],[152.87286750036978,-25.752421999275345],[152.87280450043085,-25.7529749992771],[152.8723460003749,-25.75288899932351],[152.87253750043402,-25.753218999301758],[152.87310850046384,-25.75299849924658],[152.87342249954563,-25.75341499921191],[152.87301849953204,-25.753632499250415],[152.8733794995756,-25.753696499213895],[152.8732314995905,-25.753940499226676],[152.87260099954366,-25.754068499288543],[152.8728029996587,-25.754849999262],[152.87324049968458,-25.75470599921956],[152.8731059997313,-25.75519999922898],[152.87099699955,-25.755427999437458],[152.87066549953786,-25.755598499469155],[152.87048449955898,-25.75591999948458],[152.87084399966935,-25.756533999443725],[152.87059199957,-25.75592249947383],[152.8707809995512,-25.755613999457474],[152.8730954997501,-25.75536349922869],[152.87341499969037,-25.754611499202934],[152.87283799962512,-25.754545499261017],[152.8727584995631,-25.754099999272555],[152.87297949961285,-25.754328999248646],[152.87365149963912,-25.753997499184347],[152.87339600049063,-25.75298449921807],[152.87428899951385,-25.752448499133326],[152.87521706732412,-25.75013213705958],[152.87641575031626,-25.749091277948466],[152.87725522818067,-25.747292595879305],[152.87712109673942,-25.743773759921247],[152.87755213976672,-25.743646724879273],[152.87769518163665,-25.74246083987466],[152.87924815248203,-25.73992466274028],[152.87910576338103,-25.73921083976029],[152.8784446642471,-25.738646965830853],[152.8788583742314,-25.738181288793324],[152.87922087430167,-25.738464118754877],[152.8790377813122,-25.738699414771208],[152.8794117964057,-25.73916419373014],[152.87942713851834,-25.740077939721186],[152.88097599936816,-25.73758160258696],[152.88047464913265,-25.736053801649366],[152.880647883104,-25.73567672063514],[152.88078819216844,-25.736092342617752],[152.88137354022743,-25.736101198559307],[152.8812402882572,-25.736454020569685],[152.8816638333998,-25.737282072520745],[152.883106507435,-25.736397578383997],[152.88259826663366,-25.73022176548483],[152.88337956968024,-25.729969561408943],[152.8828243156484,-25.730159453462782],[152.88289569987361,-25.731952823441112],[152.88372137177439,-25.730464619370824],[152.8858087750174,-25.730764739160108],[152.88557342613205,-25.731898096174366],[152.88536097505863,-25.73146771319906],[152.8856626560178,-25.730886825173673],[152.88510645598626,-25.731080155227616],[152.88450778489133,-25.730786887289728],[152.88493573015393,-25.7325973592323],[152.88464670509802,-25.732372911262992],[152.88420147509083,-25.732675752304964],[152.88523110823212,-25.73299929319962],[152.88680693862358,-25.734935339026592],[152.88792754472837,-25.73488507191517],[152.88906254788614,-25.73525864779888],[152.88968596791022,-25.73494931873916],[152.88955747580437,-25.734183132758247],[152.88997226970898,-25.73306151872596],[152.88897557443175,-25.731593954837358],[152.88976988447658,-25.731316317760328],[152.88967959840295,-25.73078437377361],[152.89014359337247,-25.73015619673244],[152.89049178243627,-25.73039723069573],[152.88993417146543,-25.731090694745753],[152.8901837556101,-25.73207701171285],[152.8899564027889,-25.7337314497221],[152.89083680283412,-25.733386427637],[152.89231206897645,-25.733356684490012],[152.89315677779956,-25.731215170423088],[152.89292042260251,-25.729788569458268],[152.89356287760708,-25.729303160398068],[152.8939122565207,-25.728309253371254],[152.8928182982411,-25.726900379491905],[152.89290015015888,-25.726157988489742],[152.89249925911653,-25.72613609652997],[152.89230414204226,-25.725683999553073],[152.8925516070384,-25.7254508125303],[152.8933253602582,-25.72662840744349],[152.8940165942809,-25.726253190377523],[152.89472472118464,-25.724886428317983],[152.89543284927237,-25.725031099246113],[152.89543316615703,-25.72408345525376],[152.89649083720332,-25.723603422152074],[152.89463937703658,-25.723738909335786],[152.89445089189866,-25.72275819036257],[152.89517366385525,-25.721813462298122],[152.8965329209353,-25.72136620616605],[152.89703260700065,-25.7214970761151],[152.89837912046374,-25.724208011958627],[152.89999087268603,-25.724724813793507],[152.9022917420869,-25.72614816855226],[152.90337796634142,-25.727356328433952],[152.9031019483654,-25.727777968458106],[152.903526443502,-25.728554624409384],[152.90474663068395,-25.729058119283465],[152.9052377526703,-25.728546059238568],[152.90482277456857,-25.728048275284067],[152.9080391319075,-25.728217763961432],[152.90825970696258,-25.72849152093718],[152.9089482960095,-25.728316393869854],[152.91063662051718,-25.73111473867848],[152.91024837276157,-25.733437925698393],[152.90984945573072,-25.733508595737682],[152.9095877146041,-25.732680541770524],[152.90878277849217,-25.73241568585308],[152.90805823157285,-25.733667520915272],[152.90810320368783,-25.7345758799034],[152.90762635968048,-25.734902817948395],[152.9080125458474,-25.73596001290127],[152.90673751788665,-25.737319067017545],[152.9054598878561,-25.738107045138747],[152.90424160477028,-25.73839258125808],[152.90289007055188,-25.737697778398687],[152.90183200346434,-25.737839276503195],[152.90146556746,-25.73810101753763],[152.90140370056739,-25.73903376653625],[152.90043288052976,-25.739514417629323],[152.90083262961474,-25.739887993586336],[152.90267433164155,-25.738610221412838],[152.9041591158743,-25.739314542258843],[152.90396399995518,-25.74013783627163],[152.90473653193632,-25.739353882200856],[152.90578369700887,-25.739099077098363],[152.90780615024858,-25.739422128893743],[152.908521065231,-25.73869774582825],[152.90888988114668,-25.73770432179949],[152.91003202314053,-25.736725768693304],[152.91003202166203,-25.741008798658548],[152.90962156581188,-25.742573294686842],[152.90880659987712,-25.743771947758468],[152.90839614285466,-25.74392066279829],[152.90779532895922,-25.74526803284738],[152.907890508073,-25.746124638830928],[152.90708743901803,-25.74632689290947],[152.90730754032526,-25.748670661868477],[152.90640334438996,-25.749937725948453],[152.9055388073679,-25.75045971903058],[152.90039522106252,-25.75213688653055],[152.90020923318335,-25.75328075953988],[152.89932841413804,-25.753624403625015],[152.8976849272227,-25.75565778577258],[152.89490261602094,-25.756265604045396],[152.8944743130364,-25.756741497084263],[152.8965206512479,-25.756812880879444],[152.896211318507,-25.75919234089099],[152.8966872115483,-25.759144751843905],[152.8974486404355,-25.75759810178042],[152.89835283646133,-25.75707462169444],[152.89837663041163,-25.75664631869551],[152.89951866439216,-25.755557521590358],[152.90347140650996,-25.753308341213884],[152.90477057566792,-25.75354812008221],[152.90342991871447,-25.755021216204135],[152.9037546528531,-25.755896069164564],[152.90308954212082,-25.758635780208767],[152.90336282221645,-25.759198925176904],[152.90376886619853,-25.758721347140252],[152.90503094148684,-25.760061640003336],[152.9052776026175,-25.7609338699716],[152.90628469584414,-25.76197519586259],[152.90664209406236,-25.763475982814693],[152.90696272208663,-25.76341382878321],[152.90730119796183,-25.76211466275993],[152.90762153609865,-25.762976716720964],[152.91014042242327,-25.763592389464346],[152.9107170974549,-25.763382493408468],[152.91267789480602,-25.764669088202172],[152.9137178198522,-25.764202016102075],[152.91416537484184,-25.76375370306101],[152.9139362707436,-25.763132964088943],[152.91236503836848,-25.761332338260466],[152.91101385628087,-25.76171260139238],[152.90945592711105,-25.761586206549037],[152.90818288677178,-25.759836490690358],[152.90694991857114,-25.759191809818763],[152.90631060022517,-25.75687145390141],[152.90811993708013,-25.754209209742367],[152.90959949010178,-25.753182763602886],[152.9095229098933,-25.751533546623975],[152.91018163388114,-25.750897820563285],[152.9102196417113,-25.74947206757109],[152.91077709765187,-25.74853156552304],[152.91193316566392,-25.7476901804144],[152.91481820596104,-25.747783642125423],[152.9152279441341,-25.74887112707563],[152.91527553430404,-25.750227420059883],[152.91595070550596,-25.751335652983464],[152.91595784536577,-25.750179235992128],[152.91648608420067,-25.748394639953847],[152.91640042403574,-25.74710973097285],[152.91697863297728,-25.74616032592277],[152.91779954700465,-25.74571774584435],[152.9178066849558,-25.745310857846913],[152.91636348964943,-25.743968751002015],[152.91701000261864,-25.743190619943746],[152.9183382077288,-25.743014936812454],[152.9183920327058,-25.742782442808977],[152.91555095736965,-25.74233272509646],[152.91290192197908,-25.741279383369683],[152.91356965699248,-25.74084583430647],[152.91633967328505,-25.74099616402856],[152.91941917366515,-25.741614523715825],[152.92642664232488,-25.741334927017824],[152.92875440660112,-25.7417115897821],[152.92746845248993,-25.741843293909575],[152.92744715653254,-25.742210491908722],[152.92996128982435,-25.742562892654544],[152.93402056541345,-25.74409886323625],[152.93445615543948,-25.743958177193857],[152.9343621934852,-25.744410186199595],[152.93604457983565,-25.745918913019107],[152.93585412396084,-25.747099721028576],[152.93608610918676,-25.748765264991842],[152.93668335433293,-25.749479102926294],[152.93658811344145,-25.750446249928004],[152.93723718752392,-25.750595650861886],[152.93674308068964,-25.752356259896974],[152.93636503764162,-25.752269243935523],[152.93590609367948,-25.75295241297582],[152.93600496890105,-25.754690122951867],[152.93530064818282,-25.757572839998858],[152.93552193940403,-25.759207528963476],[152.93522926544833,-25.759808342987874],[152.93372306638352,-25.7605007661328],[152.93442024845749,-25.76054121706279],[152.9349437294656,-25.76018191801334],[152.93537679060017,-25.76093382796396],[152.93530074281546,-25.762761134956705],[152.93619375508797,-25.76427018985517],[152.9358588442378,-25.76577173787647],[152.93627727435538,-25.76639528582959],[152.93548848228906,-25.766492367907638],[152.9350344823886,-25.767677696943416],[152.9356233986068,-25.768988659873877],[152.93648285866226,-25.768744885789975],[152.93663276570476,-25.76897188577314],[152.93687047369642,-25.768710264751494],[152.9373220397839,-25.769060323703474],[152.93717927267113,-25.768251306724313],[152.9380983396965,-25.7677129526368],[152.9386069486584,-25.766987217591815],[152.9406260358188,-25.766661748392565],[152.94202243284175,-25.765715240260583],[152.94233487991076,-25.766026559226805],[152.94224757909643,-25.76761987622262],[152.94274131818807,-25.76797084617039],[152.9446546885068,-25.769028729970394],[152.9456423305897,-25.768905705872672],[152.94615391458092,-25.768417916825424],[152.9468201637078,-25.768917604754705],[152.9476833799938,-25.770559581655057],[152.94716941613794,-25.772158579693514],[152.94782138823393,-25.772415560626172],[152.9480926471075,-25.771159205609255],[152.94896352916652,-25.770935535523922],[152.9491253320594,-25.769926644515948],[152.9482716346587,-25.767335263622385],[152.94843819847344,-25.76568153861913],[152.94822404639123,-25.76518185064462],[152.9474626192838,-25.76492011072291],[152.94635616978888,-25.761761374859258],[152.94604683884094,-25.762439521884655],[152.94475955075058,-25.76274404301098],[152.94600638890537,-25.76300102488416],[152.94616581195575,-25.763284229865885],[152.94548766718108,-25.76568153691429],[152.94496418520606,-25.766312093961552],[152.94459536813324,-25.76601466200083],[152.94461916401372,-25.76501528800657],[152.9441599268095,-25.763714863063043],[152.94344132866405,-25.763105771139863],[152.9424667566371,-25.76367642523271],[152.9412665145027,-25.763549499353743],[152.939425989418,-25.76435077453133],[152.9381475734093,-25.76531803265132],[152.9382600533431,-25.764683899645217],[152.93942909129782,-25.763362330539024],[152.9425387245145,-25.76261238423414],[152.9439116904734,-25.76116065310863],[152.94665901061052,-25.76005323984283],[152.94720191756045,-25.759202272795402],[152.9486577336245,-25.758544978655106],[152.9518437459289,-25.75845331133712],[152.95184374583442,-25.757679242343432],[152.95399374596406,-25.756995908133817],[152.9569937462612,-25.756995907833634],[152.96241041401328,-25.758762574277224],[152.96371041422748,-25.759462574141413],[152.96371041431343,-25.76016647213569],[152.96591985669048,-25.76146254990398],[152.96613739577006,-25.76193805887836],[152.9654502356317,-25.761362091951845],[152.96595395977795,-25.76215185289497],[152.96554258078103,-25.76251043893325],[152.96557992883487,-25.762921396926217],[152.9651834617733,-25.762738485967358],[152.9649495568043,-25.76318195098716],[152.96494642193164,-25.76422784097899],[152.96550984405903,-25.76481393491785],[152.96643240004784,-25.76397381383231],[152.9665237349621,-25.763197731829454],[152.96610540586056,-25.762705453875373],[152.96742420393937,-25.762280351746778],[152.9664272678507,-25.762363627845904],[152.9663290808191,-25.76218425685719],[152.97185606833065,-25.761890338306223],[152.97338939254223,-25.76237860414872],[152.97275050048628,-25.76243949921219],[152.97169188532126,-25.761946017322213],[152.97022851724165,-25.762481396464374],[152.97028276820785,-25.762160169461566],[152.96906960407733,-25.76207639858366],[152.9690682551915,-25.763012054576226],[152.96939026730485,-25.763679042538552],[152.97014972938942,-25.76375567646193],[152.96985038842257,-25.764269644487744],[152.9704791006418,-25.765555000414338],[152.9724736118527,-25.76566377521375],[152.97298749895452,-25.766080689158887],[152.97324787821873,-25.768032899116964],[152.9738538433246,-25.768408155053287],[152.9756790448615,-25.771323496846843],[152.97578615705456,-25.77281714382396],[152.97527178822045,-25.774592764861097],[152.97557824349556,-25.77659636581409],[152.97524493065598,-25.778179239834614],[152.98261725138667,-25.778179239096243],[152.98254300000954,-25.775152999128245],[152.98306199984432,-25.7733794990907],[152.98276049980524,-25.773303999121467],[152.98262799971067,-25.77263799914019],[152.98406749983062,-25.77245149899746],[152.9832274996858,-25.771947999085718],[152.98333499967214,-25.771748999076546],[152.9844629998201,-25.772044998961153],[152.98438599977834,-25.77176599897114],[152.98458920084894,-25.77217923894744],[152.99356041873793,-25.772179238048565],[152.99971042087972,-25.784712570330388],[152.97672708606942,-25.796729239535622],[152.9725770856577,-25.796729239951205],[152.96449375281043,-25.804545906697033],[152.96453638939113,-25.80107902772093],[152.96403392633206,-25.801003555771842],[152.96148460785392,-25.799160027041943],[152.9584501305509,-25.799144909345795],[152.95716330647787,-25.79959251547092],[152.95559734929964,-25.79940581262911],[152.95310293117473,-25.800410276870554],[152.95243901818662,-25.801047576931804],[152.9513287540397,-25.800746559045372],[152.9504500250192,-25.801292873128826],[152.94918082990557,-25.801394762254986],[152.94803213271388,-25.800758104375102],[152.9472716573969,-25.798779772467196],[152.94646340024332,-25.79817887855292],[152.94489484601834,-25.79761090471445],[152.94270049279478,-25.797563870934276],[152.94331663977454,-25.796896378878085],[152.94405748186858,-25.797065084802615],[152.94494502687166,-25.796368252719486],[152.94644138295928,-25.795869467573866],[152.9474937499367,-25.794828748477038],[152.94749374982896,-25.79394590848417],[152.93656870074483,-25.793945909576802],[152.93652091784568,-25.79481132557457],[152.93311841502572,-25.799055499880307],[152.93252244539116,-25.802535463911685],[152.93198340441572,-25.80317557596036],[152.93126956558956,-25.805181463015437],[152.9306562934942,-25.804898950079046],[152.9291283431401,-25.80323966324526],[152.92892899517477,-25.80368651626157],[152.92925654243493,-25.805552658213685],[152.9284836286041,-25.807568506274556],[152.92815526260233,-25.80782072930536],[152.92720348047297,-25.807535193402842],[152.92668046247763,-25.80799922545132],[152.92518093833425,-25.80804439860081],[152.92631505158198,-25.809152545478497],[152.9256369057063,-25.810722989533527],[152.92504204067328,-25.810937140591257],[152.92496373171693,-25.81135833359569],[152.92444002967522,-25.811442999647323],[152.92424374960956,-25.811064912669995],[152.92424375013084,-25.815338088635347],[152.9252618212788,-25.815721221530513],[152.92655227732897,-25.815081486406662],[152.92729093440116,-25.815072431332943],[152.92729039851028,-25.81596710032573],[152.92759206754715,-25.816023756295078],[152.92811266751508,-25.81533653224864],[152.93179008771736,-25.814000999891864],[152.93373396770482,-25.812315932711222],[152.93398401061813,-25.811401220693643],[152.93388533435746,-25.809345643720167],[152.9352835452951,-25.80769733259376],[152.9359571883745,-25.807799277525543],[152.93983309858027,-25.806331598149928],[152.94201763180388,-25.806386664930994],[152.94099964482842,-25.807415721024444],[152.94078950997283,-25.808770200034477],[152.93939721000984,-25.81020545516205],[152.93856182128079,-25.81310549922206],[152.93700315534517,-25.814901865363346],[152.93800042345794,-25.815014067262734],[152.93935906750582,-25.814300989132636],[152.94019475563198,-25.81465386504621],[152.94059336774927,-25.815290298001198],[152.94061195485398,-25.816132941992496],[152.94150413211375,-25.817534809891903],[152.94134823336213,-25.819696342889966],[152.94217408758178,-25.820823053798215],[152.94400745574617,-25.82067759961601],[152.9450616449024,-25.821099310507158],[152.94659424494088,-25.82016783136143],[152.94854854483245,-25.825877777119583],[152.9481775659383,-25.827047000147246],[152.9471988099275,-25.827755143239404],[152.94715108798368,-25.82825383024013],[152.94667594498054,-25.82861477728473],[152.94701766608912,-25.82922538724561],[152.9460672791091,-25.83016223233303],[152.9466884992191,-25.83055769826773],[152.94688614430308,-25.83108453224366],[152.94827164334828,-25.830326478111196],[152.95000502080887,-25.83268703191863],[152.94982989994202,-25.83391963092616],[152.94915434499063,-25.83486758798611],[152.94907226615393,-25.836270885982895],[152.94973564525722,-25.836576641914085],[152.95032947727256,-25.836218641857595],[152.95079484539346,-25.836829854806023],[152.9504924792785,-25.83613440984194],[152.94958468813928,-25.835733743936],[152.95027185509826,-25.834838474874495],[152.95124976616074,-25.834554352778994],[152.95112232196917,-25.83308987580359],[152.9519488220411,-25.83300586672162],[152.95156520984716,-25.831730942770324],[152.95217080081346,-25.830962054715982],[152.95282272185486,-25.830770521652287],[152.95532459034945,-25.832783597385642],[152.95586051125093,-25.8315405663421],[152.95721072339927,-25.831656865206067],[152.95786227656703,-25.83249988913401],[152.9585722336714,-25.832776121060707],[152.95865333181723,-25.83390344104346],[152.9598282232173,-25.836221575907086],[152.96098040042074,-25.836948831785865],[152.9608990903495,-25.83643257579817],[152.96043358825818,-25.83606371084778],[152.96024799999773,-25.834082997882387],[152.95972426591732,-25.833851065936663],[152.95959638784274,-25.833345330953573],[152.959841087777,-25.8326079089351],[152.9593407666526,-25.831996710990104],[152.95994625663812,-25.83138581993445],[152.95941106849085,-25.830616588994264],[152.95784002121238,-25.829615265159592],[152.95668743417374,-25.830236521269946],[152.95547683206752,-25.830352044390114],[152.9551041880807,-25.830762810424098],[152.95412646597057,-25.830657154522772],[152.95391704491627,-25.830383166545946],[152.9549182989489,-25.829835633450244],[152.95458122275843,-25.82855019849438],[152.9535571335915,-25.828016787601136],[152.95245098959091,-25.828911933704553],[152.95172966841108,-25.828026719783914],[152.95050738831915,-25.828268630904216],[152.95160265509472,-25.825540297816787],[152.95282483420456,-25.825445878695284],[152.95226654402427,-25.82442375575945],[152.95247645692422,-25.823433497746464],[152.95202275680478,-25.822824387796782],[152.95017256748957,-25.821749152990627],[152.94997510135283,-25.820790353018175],[152.94932341225592,-25.82052673208548],[152.94883486612497,-25.819852299139846],[152.94866083394942,-25.818556366167787],[152.94784672070185,-25.817190666260288],[152.94517035529043,-25.81599917753766],[152.9441582430715,-25.81502952264674],[152.94478704504914,-25.814334431589494],[152.94398454482524,-25.81315413367933],[152.94427613269121,-25.811818354661014],[152.94385755654545,-25.810964809709837],[152.94404403449317,-25.81038543169586],[152.94462609950986,-25.810048510640417],[152.94514975657734,-25.810175142586996],[152.94653409887698,-25.81150312243772],[152.94786069905126,-25.8118512873022],[152.94979261025094,-25.811915176108396],[152.9508868682837,-25.811293954004018],[152.9513174123458,-25.81145213195965],[152.9523643226119,-25.812779964844136],[152.9517588896225,-25.813359208900003],[152.95235341098993,-25.815884032820005],[152.95410604338065,-25.817658454630244],[152.95474727860918,-25.819007199555145],[152.95543477770914,-25.819266753484285],[152.955641089717,-25.81916307646446],[152.9555161103523,-25.81627923250036],[152.95466916592602,-25.813478142607842],[152.95401614480798,-25.813042254676702],[152.9556090899345,-25.812783410519437],[152.9558610680014,-25.81312581049141],[152.95543689001883,-25.813613233529935],[152.9559295560982,-25.81386234447856],[152.95670906807808,-25.813063822407088],[152.95610205691003,-25.812181900474947],[152.95377594264605,-25.8119114777099],[152.95371842271123,-25.81249236471094],[152.9535925766329,-25.81195291072794],[152.9539020336446,-25.811797399698236],[152.95949441222268,-25.811983720137103],[152.9600288342404,-25.811693644085977],[152.960663499398,-25.81246774301617],[152.96057496757962,-25.81402694301235],[152.96007167866725,-25.81515354305363],[152.9601217337584,-25.81585919804288],[152.96094505491948,-25.816508142955215],[152.96043543401998,-25.81774514299615],[152.96052954409822,-25.818308541982177],[152.96157845456457,-25.82127248885312],[152.96267190984074,-25.822644210732598],[152.96397311203756,-25.823196521597836],[152.96448875503938,-25.822792620549542],[152.96457693398003,-25.822234965545213],[152.96301833361858,-25.82054446571493],[152.9629243454852,-25.819529242732546],[152.9622270232268,-25.81798121981493],[152.9642385205143,-25.81869874260775],[152.96679735667877,-25.817965254357553],[152.96849469886413,-25.81810222018656],[152.9696323770705,-25.818866132066397],[152.9694994434899,-25.822405656051018],[152.9710269207497,-25.82328915489093],[152.97117127888222,-25.82425658686859],[152.97159912075642,-25.82287954283696],[152.9708133876178,-25.822384299919655],[152.97007181241193,-25.821302942002646],[152.9710656682364,-25.81905876592137],[152.96962005594185,-25.81782361007612],[152.96774057666616,-25.817094809270227],[152.96702388760886,-25.81720846534105],[152.96598671246082,-25.816840600447822],[152.96557789950165,-25.817506320483382],[152.96448401040755,-25.817625554591917],[152.9633148002524,-25.81730658771155],[152.96322058921461,-25.817073255722864],[152.96417648816623,-25.81590122263665],[152.96336592093047,-25.814629742728155],[152.96290159954438,-25.811846919797194],[152.9632976985587,-25.811642154759227],[152.96534694278935,-25.811864587552268],[152.96600714379298,-25.811358278490285],[152.96798102297936,-25.81127905629331],[152.97116217812768,-25.80990828698592],[152.97355962136695,-25.80991881074579],[152.97421924337397,-25.809439789683626],[152.97552889851556,-25.80953486755172],[152.97849262271708,-25.808776555261044],[152.9784098570062,-25.81120870924963],[152.97906831016837,-25.812001466177243],[152.97819996721304,-25.81307177625551],[152.97962188838582,-25.81332942011099],[152.9799139342988,-25.812380976089482],[152.98034052133866,-25.81236071004688],[152.98120091063802,-25.814110098946497],[152.98188190075453,-25.814509897875084],[152.98194915683987,-25.81515352186308],[152.97890251094293,-25.81847143114137],[152.97887998899208,-25.8188914761402],[152.9797030902006,-25.81992814204936],[152.98052646821856,-25.819406588971123],[152.98157421238233,-25.819894510862202],[152.98204553358866,-25.821199408804407],[152.9814766785612,-25.821436454859462],[152.98083278965956,-25.82276424191317],[152.98139410074526,-25.823008208854976],[152.9813939898351,-25.82374396384901],[152.9824118879636,-25.82396765474522],[152.98259902295402,-25.823737332728342],[152.98171596576194,-25.822883597823758],[152.98278642074564,-25.821881044724616],[152.98310835668815,-25.821149399698328],[152.98269257758528,-25.820645532744063],[152.98487867865617,-25.819449565534775],[152.98620033261363,-25.81802864341391],[152.9853260574476,-25.81738099750675],[152.98509764531815,-25.816508554536732],[152.9863099792507,-25.814972488427706],[152.9868862662992,-25.81490058937058],[152.986558434216,-25.814486833406775],[152.9853760671261,-25.81471157752339],[152.98468050112083,-25.815233155588864],[152.9839055899845,-25.814747389670437],[152.98327961194542,-25.81493619873157],[152.9828027898222,-25.814315554784383],[152.98310094378144,-25.813739967759172],[152.98258432070364,-25.813524053812706],[152.9825645116556,-25.81314630881772],[152.98068852124308,-25.81129637502069],[152.98019887693565,-25.809179243086902],[152.98100834383206,-25.80767388901802],[152.98232989889996,-25.807156564889844],[152.98280495500293,-25.807613632838557],[152.98426773391725,-25.805725244707336],[152.9849655999643,-25.80554386563889],[152.98687350019893,-25.805913687444786],[152.9868214342965,-25.80675378844318],[152.98729657732886,-25.806632854396565],[152.98787556748994,-25.807479731331636],[152.98808332264943,-25.808615556301614],[152.98696214469112,-25.80986687640377],[152.98767484279642,-25.810149211330096],[152.98826143174864,-25.8092822752784],[152.98910777883597,-25.80930922119336],[152.98877383361872,-25.80780373323902],[152.9882838985224,-25.8074138982913],[152.98786826832418,-25.806130187343314],[152.9876976231915,-25.80518387836812],[152.98792041113305,-25.80452526535116],[152.98695529005542,-25.804673033446633],[152.98673264297744,-25.804216000472678],[152.9858937788605,-25.80394036755896],[152.98756390989192,-25.802842211400534],[152.9880615899778,-25.803140788348216],[152.98786110102117,-25.803658267364092],[152.98936803229563,-25.804679954204865],[152.9911989788463,-25.80769662199691],[152.9926113341055,-25.808669997847478],[152.99361261138927,-25.81017768973492],[152.9958893118955,-25.812467865488134],[153.00357485640674,-25.818583087668124],[153.00678667713373,-25.821916711319034],[153.01039992259894,-25.822785487949684],[153.01602606849224,-25.825518322363276],[153.0181384228897,-25.827050655138947],[153.01993674334312,-25.82929397594034],[153.02091155697676,-25.833676677807016],[153.0210515682384,-25.83569903077655],[153.02253650008706,-25.841421454581134],[153.02241493548541,-25.84477098856616],[153.02199596847078,-25.84499226560645],[153.0203723993462,-25.845292697766844],[153.01874857904352,-25.84413953093912],[153.01831202192074,-25.843491808988176],[153.01803225654845,-25.84067949803902],[153.0168275453126,-25.839731655167558],[153.01539564481664,-25.836843631334645],[153.01481955475165,-25.836780487392925],[153.013772244781,-25.837870767489132],[153.01291686772117,-25.838076244573212],[153.01145562250673,-25.837510744724362],[153.01108893436003,-25.836610188768475],[153.01215377739038,-25.835993911666673],[153.01255519933153,-25.835188098632933],[153.01169965506088,-25.833671398731013],[153.01073952294607,-25.833513466828617],[153.009395389859,-25.83389275496028],[153.00862736791814,-25.834998787028386],[153.0107570770794,-25.834587843818145],[153.01147283419112,-25.834919587743652],[153.01133324325272,-25.835535798752687],[153.01047793428583,-25.83649963083062],[153.01044309938678,-25.837352821827217],[153.01173505667387,-25.838648298687122],[153.01264287680078,-25.838948411593634],[153.01513923398502,-25.83842678934747],[153.0157503111135,-25.838979710281723],[153.01587254515272,-25.839200889267648],[153.0147903452135,-25.84057557736505],[153.01356836615784,-25.841112888483252],[153.01470314528225,-25.84120757736867],[153.0159774903431,-25.840670256245243],[153.01664093244966,-25.841001976175964],[153.01716159986648,-25.8439817330996],[153.01679502287067,-25.844313576133636],[153.01611411176623,-25.8440134542044],[153.0153459787286,-25.844329531278913],[153.01532865685067,-25.84534071127242],[153.01497952285277,-25.845640942304982],[153.01653324492983,-25.845008788154257],[153.01784267709675,-25.845308822020492],[153.01759834515374,-25.845972442039635],[153.0167254570999,-25.846241132125012],[153.01676049020017,-25.847031111115072],[153.0183842554448,-25.84771029994672],[153.02035703360022,-25.847378254751508],[153.02074100955318,-25.846683009718607],[153.02278375581045,-25.847125098510066],[153.02269657687918,-25.847757089513713],[153.02046194271713,-25.848247211733927],[153.0184668337465,-25.850106332918948],[153.01758072267052,-25.850205320007056],[153.01679192077648,-25.851710355074008],[153.01643990976433,-25.851897142107767],[153.01605142068667,-25.851578621149322],[153.0159422217283,-25.852007044156817],[153.01326088964717,-25.853521055413456],[153.01294532066288,-25.853905556441973],[153.01383153281554,-25.854432765348836],[153.01306690088765,-25.85564118741572],[153.01313995613705,-25.857618476392386],[153.01239235629745,-25.85953433145182],[153.011931055261,-25.85961126549745],[153.01190669015222,-25.858743456506936],[153.01048629894092,-25.858172342653983],[153.00979425676448,-25.857293589730507],[153.0095515768964,-25.858567867744497],[153.0087503778611,-25.858930421821942],[153.0088475429354,-25.859457687807872],[153.01048638807154,-25.859237887645357],[153.01054716818663,-25.860127665632024],[153.0113606123644,-25.86091853154403],[153.01071721232051,-25.861083356607217],[153.01094793444446,-25.86190721157743],[153.01324024296804,-25.864319331327945],[153.01452712311362,-25.864462010197748],[153.01586245615758,-25.863736856069686],[153.01663948827928,-25.86409927698878],[153.01668810033794,-25.864538675980363],[153.01561981027484,-25.864890310084693],[153.01517058920587,-25.86469263313133],[153.01466075521165,-25.86515405417873],[153.01367735507475,-25.86483557827993],[153.0130460680322,-25.86500042034191],[153.01281547909272,-25.865681509359526],[153.01292477713858,-25.865967100346218],[153.01359251121468,-25.866046133278616],[153.0135319103123,-25.866891987277818],[153.01276704523613,-25.86689205435456],[153.0092586662383,-25.869759410683162],[153.00638863406917,-25.8707108649632],[153.0059151791136,-25.871457866004643],[153.00414262102723,-25.872193922176393],[153.0040001431125,-25.87300508718406],[153.00172728912392,-25.874945842396208],[153.0024455902969,-25.875773754317457],[153.00230784536924,-25.87647703232557],[152.99607325543772,-25.873939765971116],[152.99513731116227,-25.872450876076943],[152.99458631107848,-25.872215311134134],[152.99076219869917,-25.87222689951725],[152.9892554554226,-25.871193367676604],[152.98932184338253,-25.870811667673067],[152.98892372128986,-25.870378467716442],[152.9884307452355,-25.87033554176619],[152.98767242302924,-25.86926755385083],[152.9873028658092,-25.86777070889997],[152.9876678568236,-25.867590597864908],[152.98755795474685,-25.867053630880243],[152.98793245474374,-25.866723419845403],[152.98850121184338,-25.867075153785557],[152.9887620337113,-25.865784229769886],[152.98967688973886,-25.865265342682434],[152.98945892062244,-25.86449161071054],[152.99062503160053,-25.863363720602855],[152.99096644341066,-25.861535822583484],[152.9905920682579,-25.860592244628624],[152.9893123661049,-25.86038200975856],[152.98679880992452,-25.860952211005795],[152.98664719883755,-25.860364631025753],[152.98555222182623,-25.861162254128967],[152.98561387678876,-25.86080628712564],[152.984451289604,-25.8602417552467],[152.98381152344686,-25.85947825631702],[152.98176876819363,-25.85907057652494],[152.98123597918814,-25.859458600575177],[152.98100714425036,-25.86015253359245],[152.98173352245223,-25.86121181151111],[152.9812826655064,-25.862021377549706],[152.9800718343136,-25.86143074267579],[152.97943288814727,-25.8605905987466],[152.97872638816784,-25.861333153811337],[152.9793586792896,-25.861814142744088],[152.9785244772117,-25.86185663082732],[152.97839669916607,-25.861587553842313],[152.9778988101679,-25.86200750888875],[152.9780667343522,-25.86337718586086],[152.97666943238278,-25.864763609989517],[152.97728384346664,-25.864949031926503],[152.97731890140759,-25.864438264927106],[152.97778347846324,-25.86451516688],[152.97816819946289,-25.864198820843985],[152.97943204460194,-25.86430748771654],[152.97948915484858,-25.866276487694876],[152.97874472182923,-25.8667238757658],[152.9787796318813,-25.867121642759063],[152.97782519895293,-25.86848297584359],[152.97927406601866,-25.86784133270369],[152.97955390998672,-25.867353199679645],[152.98077288907996,-25.867122831559406],[152.98051825494343,-25.866214243592246],[152.9816274209413,-25.865294989488607],[152.980948165773,-25.864472232563337],[152.98121305569816,-25.863645076543506],[152.98179248778408,-25.863875677483588],[152.98334804463954,-25.86142993334761],[152.98456560984422,-25.86211185422012],[152.98645601001522,-25.861972032031876],[152.98714887914224,-25.862446909958575],[152.98983313237514,-25.862167100691885],[152.9886282104764,-25.863973597797987],[152.98712784539163,-25.864500565944024],[152.98651776839716,-25.865042531000768],[152.9866549666259,-25.866799887972764],[152.98586888973787,-25.868353287038968],[152.98600602202987,-25.870627798006783],[152.9867313122812,-25.872090830922236],[152.9880887325332,-25.87304569777845],[152.98826455460804,-25.87351314475706],[152.99152641002794,-25.87429010042395],[152.99284211029993,-25.875441842282743],[152.99297943247498,-25.87675960025829],[152.99393564386995,-25.879207189142644],[152.99357391099764,-25.880543842168013],[152.993172666982,-25.880742731206663],[152.99155674478808,-25.88047411137074],[152.99129839979415,-25.88073268739455],[152.99145774390612,-25.881518365372205],[152.99114797891676,-25.881856919400498],[152.98858659869904,-25.88216258765468],[152.98871573180784,-25.88294642063541],[152.98844204485383,-25.88354457765793],[152.98744627782372,-25.884108298753173],[152.98783385693972,-25.88474088870918],[152.9887383340754,-25.88511224461557],[152.98951367908862,-25.88458976554213],[152.99033466702642,-25.883414078469404],[152.99215892310625,-25.882582242293307],[152.99265302105948,-25.881798431250168],[152.99494753219295,-25.881021588026485],[152.9982006095464,-25.881262310698546],[153.00260141194815,-25.88096320925981],[153.0045813450273,-25.88000056506908],[153.00653088819158,-25.879756408875586],[153.00773186646288,-25.880993967745145],[153.00925202265043,-25.881289522590304],[153.01014697669768,-25.88094740050337],[153.0107549656739,-25.88025979844796],[153.01124143375432,-25.88052103339703],[153.0109299659281,-25.882191843414713],[153.00820905594276,-25.88452286666869],[153.00617202277954,-25.88484613087035],[153.0046138767152,-25.885588755020546],[153.00452267677528,-25.886152556025124],[153.00510038790952,-25.8867782309621],[153.0050243789368,-25.887063566967413],[153.0039716208033,-25.886829831074866],[153.00376644293493,-25.888070878085387],[153.00567812110523,-25.88790580889506],[153.00658638805166,-25.88673003281351],[153.008364977131,-25.885932367641637],[153.0095469212344,-25.885815410524067],[153.0102423432161,-25.8851002984601],[153.0111278222621,-25.88475645437412],[153.01214988805174,-25.882208931292244],[153.01329741197046,-25.880613676190098],[153.0125333116197,-25.878372278284935],[153.01341289049745,-25.87666015621059],[153.0136882443639,-25.875346889193622],[153.0182838572778,-25.870911588768607],[153.01858766615635,-25.869673921748166],[153.01817346812194,-25.86972897778929],[153.01789981104406,-25.869316475820067],[153.02199181108128,-25.86629749843403],[153.02282795727066,-25.86716370034312],[153.02364595497787,-25.8722687562197],[153.02456587926,-25.873822498114784],[153.02517432056158,-25.875788831037788],[153.02563886612924,-25.88004134395668],[153.02496655526252,-25.881674431010897],[153.02396345728914,-25.882705955103187],[153.02397883239055,-25.883520711095045],[153.02463270957873,-25.884524444021295],[153.02626689873642,-25.884482899857666],[153.02659393388288,-25.885411053817325],[153.02647244293814,-25.885961130825027],[153.02496771194265,-25.887219653965843],[153.02518063201188,-25.88761152094127],[153.025773555092,-25.887783299880407],[153.02718913216256,-25.88720893374299],[153.02733344512137,-25.886755111732203],[153.0281087221838,-25.8866346426554],[153.02779314508194,-25.8860605876917],[153.02765573175492,-25.883506299726204],[153.02672441154505,-25.882550766827404],[153.02755262147954,-25.881343933754096],[153.0302697336843,-25.880807089485764],[153.0304326454648,-25.87888530948497],[153.03022703424787,-25.877283322518636],[153.02966068813626,-25.87683307857906],[153.0298050231177,-25.876564900566777],[153.03039777913966,-25.876262254509765],[153.0310590452223,-25.876399631442272],[153.03194870950145,-25.877953331340382],[153.0303463900064,-25.88337169845727],[153.02992982067624,-25.889171389452038],[153.0293299329235,-25.891674254491964],[153.0282044880733,-25.893809365587632],[153.02809922316698,-25.89465852059128],[153.02654887722034,-25.896353665733145],[153.02521116618826,-25.897178976860666],[153.023356368017,-25.897289298045894],[153.02029500966395,-25.896898121356166],[153.01988420954672,-25.89627617640243],[153.02049168856578,-25.895938176344245],[153.02069091149457,-25.895195431330258],[153.02002147929943,-25.894148009405896],[153.02022076626778,-25.893727254389326],[153.01985043314554,-25.89303181143212],[153.01992139998998,-25.891705221435743],[153.0185119109727,-25.892710009568965],[153.01712126785625,-25.89289048970704],[153.01723797615406,-25.895224213676435],[153.01879254022677,-25.89455380252592],[153.0199640316544,-25.897089577387852],[153.02015600990956,-25.899013621352942],[153.0180472429429,-25.90099945554844],[153.01526423486496,-25.902626609814433],[153.01639648612354,-25.903815215691196],[153.0163421571563,-25.90412564669413],[153.0149290209977,-25.903981385837042],[153.01430251288366,-25.90356146790329],[153.01366477785152,-25.903817460965183],[153.01308682175113,-25.903468733025974],[153.01134317272655,-25.904686087190974],[153.01053225277434,-25.905734953263764],[153.01050650280982,-25.906045901263877],[153.0110271028618,-25.906045901211662],[153.0087437701102,-25.909929235409127],[153.0094437704517,-25.91214590132096],[153.0082937706068,-25.914345901418468],[153.00782710392815,-25.91734590144092],[153.00814377136842,-25.920679235382227],[153.00911043847503,-25.920762568284577],[153.0120771051165,-25.923579234964233],[153.01294377255255,-25.926429234854236],[153.0147271060311,-25.928879234655547],[153.01646044040442,-25.930512567468423],[153.01629377350443,-25.931462567477425],[153.01449377337585,-25.931879234654616],[153.0144319293003,-25.931313715665382],[153.0136495621801,-25.930971072746694],[153.01308717615913,-25.931257559800752],[153.01157229324096,-25.933157677937253],[153.00995961403754,-25.932812062101796],[153.00982695796694,-25.93234449711886],[153.00773838567804,-25.93168836033366],[153.00707154162288,-25.931782349399754],[153.00541436062366,-25.933136998554946],[153.00369179844526,-25.933085293728027],[153.00350309847218,-25.93345826974399],[153.00224568737454,-25.933685626868172],[153.00129092836627,-25.93439589495811],[153.00076625730688,-25.93433878901119],[153.0004044242179,-25.933908071050944],[152.99841171906485,-25.934282024247672],[152.99786044998473,-25.93407821230458],[152.9977931200126,-25.934360203309055],[152.99601668494395,-25.9352473424799],[152.9969652000293,-25.935170932385496],[152.99729388810303,-25.935504728349844],[152.9969352921917,-25.93651975937751],[152.99726323324015,-25.936647471343655],[152.99700429533777,-25.937654762361415],[152.99655695732307,-25.937899847404275],[152.99645464028114,-25.937640485416615],[152.99595971221385,-25.937495339467446],[152.99682107738502,-25.938190141375486],[152.99760664025095,-25.936456353310756],[152.9986546212496,-25.93559158421274],[152.99915701931982,-25.935755076161023],[152.9994564174346,-25.93644698712544],[152.99994524451705,-25.936722202074204],[153.0001319914049,-25.935655067064094],[153.0014230215348,-25.93566339693462],[153.00320270062335,-25.934935976762134],[153.00422997281444,-25.935657844653253],[153.00613080698537,-25.935503442463954],[153.00663156806283,-25.935727254411933],[153.00714520407558,-25.935413520362943],[153.00925250035723,-25.935993789146927],[153.00957351549212,-25.936832575107932],[153.00928121068944,-25.9386792351223],[153.0148111631395,-25.93784590057446],[153.01466547404561,-25.93719888459431],[153.01505050899448,-25.936469548561583],[153.01649436598714,-25.935234445426765],[153.01831295221191,-25.93558628224153],[153.0188810233543,-25.936284581178846],[153.0200584285062,-25.93656411505849],[153.0205290684696,-25.935883287016797],[153.02017266239642,-25.935577144055046],[153.0203828503047,-25.93465871204134],[153.01993505709635,-25.93332447409711],[153.0201589540329,-25.932625368080295],[153.01918112078448,-25.931396223188383],[153.0206053898891,-25.93109004904799],[153.023014115235,-25.93194927979934],[153.02505604874023,-25.93440510957454],[153.02506297579347,-25.93483379957041],[153.02446649181294,-25.93547744862503],[153.02562339504857,-25.93645679450102],[153.02705423118968,-25.936442249357544],[153.02739173805855,-25.935098921334546],[153.02790725008146,-25.934866273284687],[153.02773295411376,-25.93527193529887],[153.0279911251434,-25.935302868272746],[153.02922283714187,-25.93428917815736],[153.0290710631996,-25.93488290916776],[153.02809146817302,-25.93546256626139],[153.03699377649764,-25.9390125653391],[153.03699377498108,-25.926661293439192],[153.03212882619792,-25.924235804947166],[153.03058308399537,-25.92384196710551],[153.0292837687157,-25.922619379245795],[153.02795382555126,-25.922361164381332],[153.0272139394035,-25.921758047460507],[153.02733931735946,-25.921298130451646],[153.0292283815611,-25.921405292261202],[153.02955036569364,-25.922223083222235],[153.03013354477315,-25.92239656916229],[153.0316657128379,-25.921679503014335],[153.0318109388056,-25.921297221002884],[153.03098501958462,-25.920168525094923],[153.0298886595046,-25.92040763720304],[153.02887127532105,-25.919738858310538],[153.0268127636398,-25.915861135548514],[153.02607643111025,-25.912143141652546],[153.02496887670472,-25.909738129783168],[153.0245589914463,-25.907964265838686],[153.02485614344067,-25.907677477811223],[153.02561586364172,-25.908698699726667],[153.0264188647824,-25.909192755642113],[153.0265005826802,-25.908293179641163],[153.0269151696637,-25.9078224666034],[153.02952254582695,-25.907033889348163],[153.03183222583266,-25.905203312131174],[153.032689138864,-25.904762185048742],[153.03343034494057,-25.90478485697418],[153.0340960400717,-25.90531212690305],[153.0336555391522,-25.90632671793904],[153.03243997708014,-25.90672667205785],[153.02941363314707,-25.90973134233723],[153.02973219839146,-25.91146359529122],[153.0304686204846,-25.911624773215983],[153.0302735793497,-25.910683996243208],[153.03051121530808,-25.910150922223643],[153.03276626037416,-25.908857240007826],[153.0326971494966,-25.909911654006226],[153.03375108481825,-25.911676226886136],[153.03457670693055,-25.911920970801262],[153.03550782796293,-25.911427989711793],[153.0367518962894,-25.91307693657354],[153.03797259247926,-25.9136320344465],[153.03813480637672,-25.912664442438075],[153.03766368319802,-25.91159148449405],[153.03768560279306,-25.908274359518707],[153.04057668097644,-25.907420694235412],[153.0426414400155,-25.90606136603909],[153.04509972013457,-25.905036112800577],[153.04530778495,-25.90336330879323],[153.04569107992864,-25.90287811175869],[153.04785887198275,-25.901558942551677],[153.04924142381944,-25.899106524432693],[153.05075334786363,-25.898239932287826],[153.05172915796902,-25.898306488189323],[153.05219355217795,-25.899631112131928],[153.0511244392688,-25.901238232226248],[153.05076201346145,-25.903101942247563],[153.05100664456722,-25.903764798217644],[153.04999634649593,-25.904004126317137],[153.04936092252473,-25.90475403437493],[153.04883924895205,-25.90865743839564],[153.04966515314285,-25.909541099305528],[153.05183825644303,-25.910221337081772],[153.0528236628973,-25.913120812959267],[153.0525012462085,-25.915916307968978],[153.05292387322646,-25.91571897892814],[153.05339298432975,-25.91617879187731],[153.05336631123978,-25.915468020885744],[153.05442246820124,-25.91429685678917],[153.0569653514678,-25.91440340853281],[153.05807569575902,-25.91587238740934],[153.05777934195115,-25.917676321424512],[153.05814952406945,-25.91833911038194],[153.06050692516362,-25.917192473154376],[153.0629928194265,-25.917314289903587],[153.06389475561457,-25.918112701806468],[153.06450309594342,-25.920295252727684],[153.06549395605865,-25.920428603627002],[153.0659138930649,-25.920139334587137],[153.06651908916402,-25.920454412523796],[153.06692053417612,-25.92022725848527],[153.06643143305428,-25.919632620539254],[153.06625537780891,-25.917778843571963],[153.0657344637241,-25.917511843626468],[153.06675168275711,-25.916955049528777],[153.06579157054085,-25.915973521633198],[153.0660378454917,-25.91537389761331],[153.06585938642564,-25.91498128663443],[153.0661841823913,-25.9144387696062],[153.06697654242515,-25.91407114252954],[153.06714429424278,-25.912450729525798],[153.0655881270736,-25.91233651568313],[153.06417376702376,-25.913078524819245],[153.0619303218307,-25.91332706704268],[153.0615549897484,-25.91296168108337],[153.06185585170604,-25.91237381405789],[153.06180217046975,-25.91049339507854],[153.0610811943353,-25.90998419115508],[153.05756137597712,-25.909924704509223],[153.05590475574422,-25.90937362068014],[153.05487659141664,-25.907540720798277],[153.05446851319553,-25.906071403851183],[153.05555545105048,-25.90400841075873],[153.05748638415557,-25.903296953570493],[153.05907705436306,-25.903695512407477],[153.05976471832713,-25.902844856345265],[153.05930889217137,-25.90194660939834],[153.05950876718035,-25.901857378378974],[153.05858434602652,-25.901355312475943],[153.05836876791625,-25.900632671503423],[153.05862574883088,-25.899729189484923],[153.05833437475138,-25.899318291517538],[153.05476044044582,-25.899729230873266],[153.05474377309412,-25.89687923089808],[153.05855117046158,-25.89678228551631],[153.0581825303885,-25.896486669555777],[153.05858600143117,-25.896506547515074],[153.05900853721957,-25.894441109489378],[153.057352281468,-25.889663872694456],[153.0575333292229,-25.887521167693663],[153.058174359158,-25.886472449637775],[153.05862156127773,-25.88708485858786],[153.06028147444343,-25.887087996421055],[153.06239867072628,-25.88767478520358],[153.06391174901955,-25.888835747042084],[153.06658899024615,-25.88851001277567],[153.0667470473217,-25.888996986755842],[153.06771073043774,-25.88916116965769],[153.06969519953628,-25.888354533464728],[153.06944535739476,-25.887405128497562],[153.06863229425986,-25.886965879582835],[153.06879647821617,-25.8864768995703],[153.0692890262509,-25.886360306521787],[153.06960549431986,-25.886664877487448],[153.0701551503316,-25.88631509643508],[153.07060010941169,-25.88660658038798],[153.07077380934788,-25.88594628037583],[153.0703136832385,-25.88542892942631],[153.0695760511794,-25.88554552349952],[153.06922389110574,-25.885231434537424],[153.0690344230386,-25.884838640559664],[153.0697863330805,-25.884569762486283],[153.06981726703145,-25.88414621748662],[153.0691175768724,-25.88341853556286],[153.06866539269015,-25.88230099361734],[153.06663095433348,-25.881046065832013],[153.06435149908037,-25.880832696062775],[153.06303606389946,-25.880425026198328],[153.06241540476486,-25.879832004265467],[153.0624093137166,-25.879444213269235],[153.06376060986778,-25.87957984113235],[153.0630658075953,-25.877923737215614],[153.06127634925238,-25.87658209040628],[153.0616666851603,-25.875515723375706],[153.06239004120656,-25.87530633030473],[153.0633618421578,-25.874121745216726],[153.06347031504592,-25.873121984213903],[153.0628825889354,-25.872698441276395],[153.0622575888779,-25.87273693933886],[153.0625491607761,-25.871671050318188],[153.0630430037626,-25.871161251272724],[153.06211878346454,-25.8694825983792],[153.06125741739683,-25.869628936464537],[153.0603049574503,-25.870836568550505],[153.059409259404,-25.871184475637683],[153.05857132326605,-25.870740065725464],[153.0580288062375,-25.870947077778258],[153.05690332108256,-25.870597297894218],[153.05560794285392,-25.869784711030896],[153.05493931378177,-25.869739502098426],[153.05426116665015,-25.869216020170857],[153.05451338964133,-25.868940002147724],[153.05315044931763,-25.867407531297047],[153.0427437682584,-25.867212565343802],[153.0418937676954,-25.863312565460784],[153.03666043248262,-25.84951256609812],[153.04685566649616,-25.849512565074477],[153.0471560674154,-25.848610438051608],[153.04770392741293,-25.848146689000348],[153.05122930778717,-25.848340541644678],[153.05264270089555,-25.84807894950488],[153.05791014753598,-25.849031971967943],[153.06014684089726,-25.85016459673406],[153.0606132159401,-25.85013604268739],[153.0612889838263,-25.848660776631462],[153.06111766063756,-25.847261653660023],[153.06183149952747,-25.84578638760028],[153.06151406132227,-25.84437152864368],[153.06124139324572,-25.84396847867436],[153.0604704481738,-25.84400655075151],[153.0608286965225,-25.84655793969478],[153.05947667542955,-25.84689556182791],[153.05910364134618,-25.84651784886845],[153.05925062826844,-25.845765293859785],[153.0572005486844,-25.842665765090892],[153.05579417143198,-25.841747960239605],[153.05662504830693,-25.840055781169898],[153.05995538141624,-25.83825010384996],[153.0596663013279,-25.837762919882937],[153.06016444029854,-25.83712049483808],[153.06000789122172,-25.83662169285788],[153.06042285916703,-25.835840239822517],[153.06076550193842,-25.833698724805462],[153.06044467774169,-25.83235539184864],[153.0585321861384,-25.828985480068106],[153.05757587869246,-25.82612448818742],[153.0561995166723,-25.827073891317983],[153.05626280074478,-25.827613480307214],[153.05580708972187,-25.827796287351557],[153.05566489266428,-25.82744139636869],[153.05512051164817,-25.82775123842084],[153.05383223750397,-25.82761812655139],[153.05365696342508,-25.827116554573045],[153.05446858348068,-25.826912654493185],[153.0554553776316,-25.827344653390536],[153.05929135170408,-25.82483055302552],[153.06065704467323,-25.823473670899336],[153.06190511584825,-25.823890553770568],[153.0637787972089,-25.82531402157072],[153.06406744018526,-25.82488817154518],[153.06501981030078,-25.825058547448055],[153.06581095450292,-25.826066186360382],[153.0703706590712,-25.827007769894507],[153.07144087223628,-25.827487825782978],[153.0722676173071,-25.82739562970065],[153.0724548622871,-25.827081354684402],[153.07215999620743,-25.826670557717325],[153.07252394718304,-25.826177886684725],[153.0717493238089,-25.82375576078226],[153.07191248476104,-25.823233317770136],[153.0716100205995,-25.822161702809215],[153.0711067424424,-25.82128853786687],[153.07114981228364,-25.81996007687335],[153.06971800689738,-25.817969637033396],[153.06957410877902,-25.81712208405475],[153.0683791304825,-25.815672012186628],[153.06573822013937,-25.815010857457427],[153.0622409666056,-25.81348790782126],[153.0584005711632,-25.81298762521117],[153.05796805201183,-25.8121033322618],[153.05764079299246,-25.81220978229378],[153.05789717410372,-25.812909720262358],[153.05486560648373,-25.810306590588038],[153.05323253234567,-25.810501679750487],[153.05122202508488,-25.810001621956484],[153.04919538191191,-25.81023124715822],[153.04734178169863,-25.80999151734629],[153.0469448886262,-25.809721924388345],[153.04691869456872,-25.809274555394627],[153.04749563160655,-25.809116157337915],[153.0475287035735,-25.808819234337065],[153.0529223051791,-25.80939412679065],[153.05270012809186,-25.80886300481728],[153.05316054411418,-25.808672257772614],[153.05928978183002,-25.809551470149707],[153.06079715791608,-25.809033546002432],[153.0622002980595,-25.809068148861176],[153.07038729827374,-25.812345609011768],[153.07123030150274,-25.813530403917447],[153.07226608700347,-25.816774026786998],[153.07337341595462,-25.82362922962003],[153.07836606052322,-25.79162922937786],[153.07720665560882,-25.793263889481132],[153.07507772660583,-25.794958911681398],[153.07258208842683,-25.795516414927782],[153.0713184922643,-25.795213326057283],[153.06881500002845,-25.795313305308067],[153.06442475275165,-25.796604573738843],[153.0607590904693,-25.797265581101783],[153.05508275288153,-25.797062448673707],[153.05050894634905,-25.796417220138387],[153.04288756830547,-25.794067955922863],[153.03553858415995,-25.790663606688224],[153.02967855304004,-25.78626194531217],[153.02446787084983,-25.780758103879716],[153.02406103162116,-25.77921882193302],[153.02173782104256,-25.77637198518922],[153.0217118109166,-25.775364420200003],[153.02120836776908,-25.774566016256983],[153.01835615210356,-25.77143696656852],[153.01512370250848,-25.769189438910995],[153.01402465308388,-25.766608140042198],[153.0133521776922,-25.76395068213118],[153.01247078947927,-25.76292341122791],[153.0111356082554,-25.762173257367905],[153.01169751613367,-25.76072306132332],[153.0119314189055,-25.758668258316593],[153.01100964138536,-25.755161135437483],[153.01090394020292,-25.75375505445955],[153.01120720805312,-25.752284474441023],[153.01032973064275,-25.749638393550537],[153.01042460740487,-25.74761591855748],[153.00999720433921,-25.747424810601863],[153.00981783937345,-25.747850067616408],[153.00934816228613,-25.747515595666194],[153.00842469897265,-25.745699031773587],[153.008076294725,-25.743954843822653],[153.00741677655546,-25.743101952895735],[153.0060554372718,-25.741883448042064],[153.00407883499372,-25.74120827724579],[153.00118225846026,-25.739187754552578],[152.99949027608815,-25.737511440735787],[152.99619464618812,-25.732813067104292],[152.99549903692431,-25.731216445186945],[152.99534662764034,-25.729015744220085],[152.9958507266815,-25.728944077170166],[152.99665161966624,-25.728170714096187],[152.99690277063957,-25.72774945107441],[152.9964838465744,-25.72755496811801],[152.9966152235485,-25.727236717107413],[152.99684761460935,-25.72754712308159],[152.99712325562507,-25.72745250805471],[152.9974912554291,-25.725550844033325],[152.99706546960832,-25.727361499061285],[152.99663808154003,-25.727148785105864],[152.99638733956462,-25.727552800127654],[152.99674978062646,-25.727765701089616],[152.99656932764358,-25.72805172110539],[152.9957210936403,-25.72871185718501],[152.99487666752793,-25.728475287271593],[152.99458112628653,-25.72673819131533],[152.9923413103271,-25.720695867588844],[152.99037817872443,-25.717349244812773],[152.98891396779973,-25.71096056601141],[152.98859959110996,-25.70556456508673],[152.98954925683043,-25.7025064070164],[152.98946508049752,-25.699847049046472],[152.9910509742605,-25.696621714913746],[152.99033392190816,-25.69431523900434],[152.99054513854517,-25.69117034100878],[152.99003111621263,-25.688861712079017],[152.98733200945077,-25.684801190382473],[152.98644568005284,-25.682256504491942],[152.98419979954082,-25.679875902736267],[152.98246501396767,-25.676580010936846],[152.98265476483107,-25.6753066469282],[152.98353223473018,-25.673770269852767],[152.9841181037148,-25.673170207798957],[152.98478894676845,-25.673067986732637],[152.98514170172197,-25.6724019797027],[152.98546961677627,-25.67258123266839],[152.98626388583264,-25.67240209059025],[152.9861391857832,-25.672097727605212],[152.9867228868741,-25.67237017254453],[152.9871168138986,-25.672252654506053],[152.98684485276112,-25.671345896540636],[152.98709639875747,-25.671112261517354],[152.98681478875017,-25.671279891544234],[152.98701714688747,-25.67224262651611],[152.98620329078176,-25.672033182599332],[152.9860205347738,-25.67211631661698],[152.98620086882133,-25.67236010659697],[152.9854249357523,-25.67242160367417],[152.98518610669137,-25.672114788700547],[152.98456819371785,-25.672832041756607],[152.98322644758673,-25.672841465890997],[152.98197247138808,-25.67222601802158],[152.9804468080753,-25.67089528518525],[152.97990231176144,-25.668762035257085],[152.97967120277687,-25.6690750192777],[152.97944077771888,-25.668786167303132],[152.97919183156665,-25.667739629336555],[152.9794045092741,-25.66516850033616],[152.98006560703243,-25.662651791290443],[152.98060943203077,-25.662198453239668],[152.98021807488288,-25.661302402286104],[152.98197253806399,-25.66136926310983],[152.98224651105699,-25.661091036084684],[152.98198915298627,-25.660719118113494],[152.98278095604996,-25.660600937035138],[152.98281317197825,-25.659987180036907],[152.98016922883357,-25.660937517293952],[152.9798632858705,-25.66148697532015],[152.9790397727489,-25.661155797405314],[152.9775977880794,-25.656830548584928],[152.97455807018378,-25.65194006192908],[152.9738601370379,-25.651307038004088],[152.97388884392907,-25.65039163700868],[152.97269886662426,-25.648852221140334],[152.97229345931407,-25.646634906198948],[152.97154512308046,-25.64532273228459],[152.97120407969297,-25.642418883342337],[152.96987786128597,-25.640149823493573],[152.96968312613166,-25.6390411625221],[152.96974139700666,-25.637968398524976],[152.97031626893053,-25.636878944476283],[152.97111238494145,-25.636324837401116],[152.9724619020493,-25.636119603267634],[152.97034271785517,-25.63623864147882],[152.97029819272822,-25.635232753491458],[152.97259736752957,-25.631744816289622],[152.97448218552182,-25.63015865411385],[152.97510445140932,-25.628732330063116],[152.97464146486945,-25.62467524314249],[152.97358859347352,-25.622276424267422],[152.97180810607315,-25.620426758460752],[152.97187076499745,-25.619755491459916],[152.97149591100174,-25.620093360494717],[152.97002502471918,-25.618961512651186],[152.9691498654539,-25.61749011275077],[152.96823484528818,-25.616868025847406],[152.96630606799454,-25.61601465804746],[152.96572910186921,-25.61545186410977],[152.96342281254172,-25.614625185347357],[152.96236369033323,-25.613768368460327],[152.96224942816988,-25.612519315481954],[152.96285086899613,-25.610605581437284],[152.96410662680236,-25.60800032233284],[152.96503969280775,-25.607290990245172],[152.96446664571127,-25.60696112330522],[152.96513163338466,-25.60374104126486],[152.96539653838585,-25.603536784240013],[152.96504865635725,-25.603583290274436],[152.96378040301806,-25.601821489415745],[152.9640079439444,-25.60103307639937],[152.96379870182437,-25.600215844426994],[152.96449044287417,-25.600065506358934],[152.96465253086254,-25.599839739344585],[152.9647117628919,-25.600033327337094],[152.96480277885556,-25.59966064133097],[152.96370392978628,-25.599979266438393],[152.9638300759257,-25.601022287417276],[152.96327259395818,-25.601738936467257],[152.96011336133452,-25.59916656380437],[152.96289192860894,-25.599178045526163],[152.95996891026007,-25.598671397822834],[152.9586039710269,-25.597857987966087],[152.9586422288021,-25.595980039977498],[152.96028093978498,-25.594516402825477],[152.9599927956058,-25.59327633586437],[152.96429629622205,-25.594865135420694],[152.96450983719154,-25.594442285402753],[152.96320002492752,-25.593330896542952],[152.96472594898336,-25.592557422396485],[152.96531419508415,-25.592910855334722],[152.96565397822658,-25.59380703329341],[152.96579901126805,-25.59403016327708],[152.9658555022742,-25.594034872271425],[152.9655694141408,-25.59317021730707],[152.96609013517835,-25.593057937255846],[152.96620823414744,-25.59270963724687],[152.96652918319353,-25.592828705213797],[152.96669846015828,-25.592402956200328],[152.96638230209822,-25.592164255233918],[152.96649622906034,-25.59176142422576],[152.96593031999356,-25.59166955828316],[152.96655295014457,-25.5924072552148],[152.96611817212943,-25.59263368625653],[152.96599917915933,-25.592975303265657],[152.96450452494366,-25.592410116419885],[152.96305777888958,-25.593133761558782],[152.96303795993086,-25.593488588557847],[152.9642588941678,-25.594449355427848],[152.96419558719165,-25.59469663343214],[152.9607754416478,-25.592989793788348],[152.95971228854984,-25.59304322889435],[152.9598699437159,-25.59427974286847],[152.95809297970848,-25.595653764035116],[152.95749697087805,-25.597528397079515],[152.95615863065825,-25.596803634219338],[152.95535190444903,-25.595735385308735],[152.9561284999952,-25.59137912026651],[152.95671819198782,-25.590841724211867],[152.95752839007213,-25.590880788130505],[152.95744618001322,-25.590462646142125],[152.95886912209141,-25.589956819003806],[152.95933368106034,-25.589326745962484],[152.959182649878,-25.58794983398878],[152.95968338089247,-25.58766475994102],[152.9594101758144,-25.587243585971777],[152.95925950250395,-25.584813840006625],[152.95973592953862,-25.584713569959746],[152.96072300477385,-25.585850639851728],[152.9612202938405,-25.58599712580078],[152.96130900790018,-25.58641526678845],[152.96175032095516,-25.586511000743506],[152.96126312782516,-25.585835887797767],[152.96062435971618,-25.585456332864783],[152.96012568455433,-25.58452886192222],[152.9591181134002,-25.584074623026808],[152.95899281744568,-25.584549493035485],[152.9587886564117,-25.584435946056814],[152.9587005821011,-25.58195394208584],[152.95932202014424,-25.581806584024847],[152.96108298743403,-25.58276699384082],[152.96129427126144,-25.58117818683256],[152.96190370624134,-25.580521239776953],[152.9626274412928,-25.580360441705796],[152.96238627340747,-25.581497452720697],[152.962648815575,-25.58266158368495],[152.96384897769423,-25.58267344456469],[152.96402738964784,-25.58214774655111],[152.9637933366772,-25.58257871857105],[152.96277954358138,-25.582609071672273],[152.9624968844123,-25.58144728071001],[152.96292801932773,-25.580404400675338],[152.9627462852893,-25.580235972694915],[152.96191288521905,-25.58033037777756],[152.96117181323243,-25.581038026845974],[152.96088165829124,-25.581756180869146],[152.96099997339482,-25.58251181885119],[152.9590753240779,-25.581460087052353],[152.9605200658883,-25.578735811929935],[152.96264298293207,-25.577383242728487],[152.96241342287598,-25.57710736175371],[152.9640237470254,-25.577036074593092],[152.96439892797483,-25.576317935561377],[152.96514654202142,-25.576097093488364],[152.96629408021343,-25.576749868368186],[152.96635317130128,-25.57742369135677],[152.9670840734039,-25.57767756228153],[152.9671170643788,-25.577444537280133],[152.96640853629532,-25.57733052935201],[152.96637629720647,-25.576626099361],[152.96473181189074,-25.57535781653592],[152.96540051685935,-25.574560567475444],[152.9663851929466,-25.574483148377485],[152.96662233795308,-25.57434578135488],[152.96662566793418,-25.57418751635586],[152.96541378583916,-25.574384331475546],[152.96476159183476,-25.57487397553688],[152.96459354488007,-25.575381710549532],[152.96475803894631,-25.57579390652974],[152.96388160398698,-25.57683533360895],[152.96246285684666,-25.57682666875103],[152.96157951684802,-25.577550357833577],[152.96040769677256,-25.57787562094818],[152.95924352881121,-25.579133264054413],[152.95864108167834,-25.57852736011965],[152.95886531484578,-25.579722463087524],[152.95750480103092,-25.582342102202343],[152.957530670287,-25.58442655918275],[152.95819497065455,-25.586910716096092],[152.957746833716,-25.58777770313386],[152.95628332272358,-25.589021510270168],[152.95542561265736,-25.589170045354784],[152.95420585237392,-25.5878242194878],[152.9533570710076,-25.585498794591665],[152.95267217589367,-25.585114858663303],[152.9525605068078,-25.584499515679465],[152.95286355181833,-25.58434134665045],[152.95247491378484,-25.584380045689016],[152.9525469838991,-25.585261173674652],[152.95317262399868,-25.58557493960947],[152.95385672233704,-25.58780316252294],[152.95482119159604,-25.589153423415414],[152.95406890690475,-25.5922977844651],[152.9528200400323,-25.594355552573298],[152.9518748149379,-25.59434333366798],[152.95021118162074,-25.593080198844707],[152.94979802532816,-25.591008080902885],[152.95044302229593,-25.59022226784472],[152.94996613329093,-25.590566097889646],[152.94964352323197,-25.590341983923743],[152.94957204192806,-25.587901873950745],[152.94863967569412,-25.58673107505358],[152.94891951162538,-25.585939898031967],[152.94816132566316,-25.586863442100345],[152.94920163586787,-25.587706094989425],[152.94898825912216,-25.58996841999232],[152.94966995650003,-25.59252493690334],[152.94941848450827,-25.592795445926292],[152.94871872740967,-25.592550253998283],[152.94710598102907,-25.590723901174503],[152.94470613425221,-25.586275048450716],[152.94392379413173,-25.58591631053187],[152.94276968405316,-25.586202613644964],[152.94247748697597,-25.58580379167746],[152.94296212488902,-25.584697432638006],[152.94437718388028,-25.583482443506345],[152.9478935230032,-25.58165290916951],[152.94835827492406,-25.580627142131377],[152.94834586971618,-25.578927762146453],[152.94883365164665,-25.577961779105525],[152.95022166462851,-25.576692102977017],[152.95162496669371,-25.57609550584146],[152.95162162858523,-25.575206814849032],[152.95234093147988,-25.573759122788857],[152.9517072442018,-25.571984140866718],[152.95195419310426,-25.570983579850136],[152.95252530317782,-25.571127137791827],[152.95309071236505,-25.57221013272644],[152.95299326550753,-25.57346021372603],[152.9535245666284,-25.574025123668267],[152.95304448177228,-25.575596138703528],[152.95322563483086,-25.5759307146827],[152.95373538865363,-25.574062570646884],[152.95412463669112,-25.574056192608015],[152.9544306097814,-25.574551961573373],[152.955109171851,-25.574577092505237],[152.95401085885786,-25.57551906960748],[152.9552355559072,-25.574936471489714],[152.95512825281577,-25.57427156650583],[152.95448287577054,-25.57442033956918],[152.95427695670065,-25.5740119955931],[152.95467976460057,-25.572864219562174],[152.95570030080395,-25.573712139453107],[152.95881776511453,-25.573749713140888],[152.9596345721126,-25.573075137064652],[152.9597918019455,-25.571574523061102],[152.96096624390685,-25.57030964495385],[152.96170887396536,-25.57019147888049],[152.96241106113288,-25.571001803803664],[152.9618924409854,-25.570207869862017],[152.9613550749123,-25.570040425917167],[152.9618108499384,-25.569887599872768],[152.96222329092402,-25.569436004835193],[152.9613973049026,-25.56992685691386],[152.9611273257366,-25.568780502950187],[152.96120236086995,-25.569815842934247],[152.95975658991065,-25.57131610706675],[152.95888720483637,-25.57140786815301],[152.9582711676437,-25.57032055322352],[152.95859084982496,-25.571552514181455],[152.95921912787097,-25.571423492119624],[152.95944063392102,-25.571656405095613],[152.9588799180898,-25.573496110136702],[152.955687194765,-25.573403268456982],[152.95560166169722,-25.572914607469503],[152.95476275655957,-25.572460300557136],[152.95370008759818,-25.573635324653875],[152.95335574351535,-25.573231629691612],[152.9537565714225,-25.57214461266039],[152.95341844939972,-25.572230189693506],[152.9526020741329,-25.57069522778769],[152.95189111705454,-25.57062511785938],[152.9512921421367,-25.57178429390984],[152.9519763814492,-25.573801888825013],[152.95091462057187,-25.57566731291601],[152.95038361053614,-25.575802376968024],[152.94917242173202,-25.57016725713509],[152.9500361011694,-25.564843520092012],[152.94979663168832,-25.561080276146622],[152.95117792470347,-25.560090116016482],[152.9515929217865,-25.560438221972134],[152.9509215877641,-25.56079544003635],[152.95085410778282,-25.561003714041465],[152.95114897183942,-25.561231247010088],[152.95154514188206,-25.56126198097022],[152.95195200286852,-25.560822507933075],[152.95152201487207,-25.56119895597302],[152.95094679279148,-25.560999951032212],[152.95168320779996,-25.56047535596282],[152.95151553971883,-25.55994369698387],[152.95218379070332,-25.559277324922483],[152.9527131537696,-25.55939450786856],[152.95348644279866,-25.559010131794317],[152.9563348291976,-25.55999297550134],[152.95860531245827,-25.560305483271595],[152.95889489352894,-25.560651994239763],[152.95879976463047,-25.561563506241875],[152.95742426067687,-25.563055283367394],[152.9578295798232,-25.563931092319677],[152.95872515394012,-25.564170248228134],[152.9598157930141,-25.563898160121177],[152.96047050501528,-25.563379816059886],[152.96029192179788,-25.56173717909115],[152.96126966173375,-25.560420877004],[152.96165677181796,-25.560800908962154],[152.96174122396116,-25.561909919944664],[152.9623391030213,-25.56192199788472],[152.96279235199887,-25.561372621843848],[152.9631505460579,-25.561568638806424],[152.96306607911094,-25.56207278281076],[152.96382738619897,-25.562182850733684],[152.9640855042168,-25.56212079470836],[152.96415942917338,-25.561705044704343],[152.96354191001933,-25.56093672577237],[152.96415438505304,-25.560719467712815],[152.9637397079571,-25.56026540675806],[152.9650595859859,-25.55943779563271],[152.96505417705126,-25.559978968628833],[152.96536492610375,-25.560160614596228],[152.96552036010334,-25.56003162958172],[152.96511475705714,-25.559978983622766],[152.96513078398274,-25.559354207626207],[152.96424032693113,-25.559647872712965],[152.9636751929462,-25.560227102764838],[152.96389894201687,-25.56062857773916],[152.9635406579943,-25.560731230774163],[152.96346151102262,-25.561027532779672],[152.96402768015733,-25.561678736717713],[152.9639591051945,-25.562039508721657],[152.96314253710764,-25.561984314803812],[152.9632217510521,-25.561463473800174],[152.9627511049765,-25.561221657849217],[152.96188081096344,-25.56181678093146],[152.9617594998173,-25.560712544952587],[152.96130134170986,-25.56019868600265],[152.9612766125896,-25.55922981301299],[152.96019821637697,-25.558351389128095],[152.96041437233595,-25.557840153110593],[152.96137708444817,-25.5579862290131],[152.9624467054981,-25.5575348869097],[152.9626457993458,-25.556122040901293],[152.96238401525693,-25.55560191593173],[152.96301875334177,-25.555788433866656],[152.9637901413197,-25.55498398679599],[152.9638429662761,-25.554583846793957],[152.96417550031043,-25.554598196760562],[152.9645942973262,-25.55438928272037],[152.9645770342982,-25.55417340172381],[152.96416138124067,-25.55403560976658],[152.96437642024284,-25.55387946974631],[152.96418038022784,-25.553915268765632],[152.96407920123636,-25.554065747774544],[152.96455638131712,-25.55434539872454],[152.9637955352652,-25.554532466799117],[152.96307411033482,-25.555685697861975],[152.96228396923954,-25.555539777942233],[152.962547205338,-25.556137180911037],[152.96231175248155,-25.55750686592343],[152.9613836854343,-25.55786669201335],[152.96046712232254,-25.557687311106594],[152.96009301432247,-25.557988233141547],[152.96009670238737,-25.55851884813686],[152.96115544358,-25.559248923025],[152.96119012665864,-25.559867940016435],[152.9599244297756,-25.56185056912702],[152.96025983197305,-25.563202976082408],[152.95914411493973,-25.563828721189],[152.95816155483342,-25.563747181287972],[152.95784578469994,-25.562904811326412],[152.95950297966777,-25.561303674173644],[152.95957955659313,-25.560627810171457],[152.95924017550385,-25.560167073209143],[152.95790360929573,-25.559534683348083],[152.9568118011837,-25.559493734457682],[152.95536329595845,-25.55881001060814],[152.9536202097478,-25.558484075785216],[152.9526308695671,-25.557795321889795],[152.9518244192364,-25.555726489987364],[152.9507961120308,-25.554865262097223],[152.95058356989153,-25.55389135212639],[152.95084950275566,-25.552558540110653],[152.9515347176641,-25.551252945052774],[152.954410977644,-25.548767900785215],[152.95530666368367,-25.548371552698846],[152.95545232290013,-25.550034954670693],[152.95625428098577,-25.550092525589992],[152.95825352513305,-25.54969169139319],[152.95553932288516,-25.549841403663553],[152.95586654469008,-25.547973460646052],[152.95750147765793,-25.54639057749531],[152.9610617527263,-25.544082298157853],[152.9612723887724,-25.544291458135067],[152.9606335157816,-25.544882669194163],[152.9610612469151,-25.545635416145256],[152.96117346682948,-25.544840916140522],[152.96208882286257,-25.544375277052687],[152.96154241277486,-25.54409442710962],[152.96152277272063,-25.543664298115093],[152.9639795716125,-25.540794691892575],[152.96455545652805,-25.539636267844386],[152.96579415351903,-25.53856413072915],[152.96851345175648,-25.53832583845886],[152.96938577987578,-25.538603752369237],[152.97153613004448,-25.538257933156828],[152.972382209984,-25.53707957208168],[152.97350319501265,-25.53641264797491],[152.9722912909638,-25.536987013091537],[152.97155191003623,-25.53817731015588],[152.96953094786494,-25.538397564356416],[152.96688722757028,-25.53810445962348],[152.9653991544651,-25.53843863176965],[152.96503444048085,-25.53886226480275],[152.96479088143812,-25.538706904828388],[152.96498204834938,-25.53782295281647],[152.96672152019124,-25.535121425664354],[152.96899636780813,-25.530139147477218],[152.96902842758928,-25.528313092488823],[152.97233427324133,-25.522790148202827],[152.97452547425803,-25.521163476996694],[152.97644814821854,-25.519290512819452],[152.9780846611165,-25.517134524673118],[152.98128595209494,-25.514381557374918],[152.98259568219635,-25.51416142224554],[152.98320636919627,-25.513670235188396],[152.98305931725196,-25.514246075198443],[152.98321546628085,-25.514358408181902],[152.98334454729283,-25.514352462168976],[152.98330314518049,-25.513461864180417],[152.9845423550588,-25.511464654072547],[152.98580109306164,-25.510476133954487],[152.9885476975099,-25.511952034667292],[152.98831386853587,-25.51235343468744],[152.98829907156846,-25.51263251168666],[152.98837487359953,-25.512827448677484],[152.9886888265381,-25.51207050665219],[152.98861515451077,-25.511905185660925],[152.98712281926828,-25.51111179481688],[152.98671208317106,-25.510643436861873],[152.9880662189035,-25.507354646753015],[152.98770027582478,-25.507002128792553],[152.98795683668496,-25.505646301777894],[152.9876410374271,-25.5037802078247],[152.9877151919725,-25.49998353284823],[152.9885736997263,-25.497269278784312],[152.98946364965227,-25.49594563970599],[152.9893374823732,-25.49375218173647],[152.98987683722717,-25.49211818669579],[152.98999310262008,-25.487033634725574],[152.9897041322666,-25.484358838776313],[152.99035996234176,-25.484449348709866],[152.9897568452171,-25.483909657774703],[152.98916333197442,-25.482391154846553],[152.99139559311115,-25.481721996628306],[152.99106917519282,-25.48265537565339],[152.99152196919522,-25.48231131561086],[152.99203264728456,-25.482636287557032],[152.99122713528612,-25.483295708632394],[152.99160874639372,-25.48387393358941],[152.99141394344295,-25.484435423604342],[152.99190089056233,-25.48502565855076],[152.99247481653214,-25.484316028499062],[152.99170609646254,-25.484361402575683],[152.99176540233816,-25.48329095457846],[152.9924591033027,-25.482442736515882],[152.99172195811948,-25.4815284385972],[152.99262487920888,-25.48153805650663],[152.99250643714905,-25.481141417521762],[152.99289712315118,-25.480844571484997],[152.99347252424144,-25.481124758425103],[152.99337624815203,-25.480467006440115],[152.99403175016826,-25.48007401037762],[152.99445292423877,-25.480315371333447],[152.9944577372967,-25.480787306329134],[152.99501051835014,-25.480783715273773],[152.9943891241552,-25.47967956134503],[152.99452336908553,-25.478998608337086],[152.9948918970802,-25.47865932330294],[152.99547033015065,-25.478774010244035],[152.99579019817304,-25.47870115121259],[152.99588889615148,-25.47844456020478],[152.99573098909244,-25.478086113223533],[152.9962824361459,-25.4780826041683],[152.9956835730735,-25.47796783522926],[152.9956743641552,-25.47864743222463],[152.99493669007168,-25.478552966299322],[152.99458261605247,-25.478679626333815],[152.99419297313258,-25.479650839364904],[152.99364116812106,-25.47999914641737],[152.99315282003226,-25.479661806469068],[152.99243809997634,-25.479776441539748],[152.99327174610693,-25.480179793452894],[152.9918036160679,-25.481038629593034],[152.99100868395533,-25.480751290675006],[152.99120603503124,-25.481217182651452],[152.9895440559251,-25.481679713814188],[152.98862407372408,-25.48076566191383],[152.98804787531964,-25.47790203899489],[152.98680543174876,-25.474205180149493],[152.98403440380312,-25.46865209847233],[152.9852216169267,-25.46871470635291],[152.9857874960284,-25.4690970402931],[152.9857800452692,-25.47108355827763],[152.9866924055341,-25.47253023717446],[152.98760312763065,-25.472592435082685],[152.98960897274054,-25.47188527788754],[152.99181198304112,-25.472587942661075],[152.9924490150086,-25.47180897660356],[152.9915645869936,-25.472396790687398],[152.98937734966853,-25.471479049914013],[152.98760317257947,-25.472171872086133],[152.9867240494698,-25.471975869175818],[152.98634652835602,-25.471343099218757],[152.98650468119865,-25.469921439214545],[152.98611655801918,-25.468756593262885],[152.98430706575496,-25.46803663645006],[152.9836976975957,-25.467216029517758],[152.983524486183,-25.463959320561685],[152.98529905070163,-25.45857354942781],[152.98625919173847,-25.458106040335473],[152.98685137881589,-25.458267345274766],[152.9871737509155,-25.458828873237934],[152.98726580299785,-25.459432191223808],[152.98691695205818,-25.46020872825241],[152.98715375417788,-25.46100319822222],[152.98983962149708,-25.461471913949325],[152.99020381964425,-25.462390436905334],[152.99114808375853,-25.462572066809244],[152.99151660484299,-25.462971611769046],[152.99188292787872,-25.462971634732323],[152.9915817978808,-25.46322966376039],[152.9916218069088,-25.46342848175479],[152.991990304893,-25.463002249721335],[152.99114079774222,-25.462444035811036],[152.9902143326276,-25.46224516490547],[152.98983332546808,-25.461238785951814],[152.9871866781419,-25.460680596221536],[152.9874697250048,-25.459324672204215],[152.9869829638004,-25.45803441026351],[152.98486433158018,-25.45792369447665],[152.98596288314548,-25.45346482740298],[152.98607188483894,-25.45085573141333],[152.9865159088013,-25.45018846437431],[152.98632491369912,-25.449501044399007],[152.98680037959912,-25.448296509361214],[152.9875156115756,-25.447529241295815],[152.9818770435538,-25.44364590789233],[152.9840103773893,-25.440579241703603],[152.98928226834892,-25.444245907145586],[152.9915562789612,-25.43923142495866],[152.99386881283607,-25.436346731750486],[152.99407734673272,-25.435329108737882],[152.99612332866,-25.433089799551112],[152.99798363382988,-25.432995751365453],[152.99805678380466,-25.43273007036025],[152.99724943162846,-25.431926965447733],[152.99724885054476,-25.431239120453398],[152.99945371551698,-25.429243042248707],[153.0000872843835,-25.427636965198293],[153.00129693729815,-25.425964712090696],[153.00361391924935,-25.42370702987685],[153.00463021511715,-25.421804225790524],[153.0049632788961,-25.419719098774145],[153.00643382950608,-25.4153321906625],[153.00680212650826,-25.415054983627833],[153.00712695029418,-25.41303430461176],[153.00774910317844,-25.411583967561217],[153.01081932310564,-25.40852595827836],[153.0127502751217,-25.40711170309623],[153.01617257287387,-25.402334181792014],[153.02512438758532,-25.392798774971887],[153.02329712324303,-25.391444590166277],[153.02641742412393,-25.38797039688156],[153.02620766604582,-25.38749541190648],[153.02654373511916,-25.387829764870062],[153.02752134308182,-25.386741233780803],[153.02973989349735,-25.38838535454481],[153.03288521641775,-25.385216570255007],[153.03384506044858,-25.384702607162883],[153.03499840158472,-25.384900338045515],[153.03494218738095,-25.383269912064506],[153.03453546020813,-25.382173358114276],[153.03483846808024,-25.38088016909439],[153.04017040056877,-25.372414826628358],[153.04135945441686,-25.370215951526887],[153.0417205022753,-25.36876426550251],[153.0428961222325,-25.36747360939504],[153.04453259688273,-25.36329173226488],[153.0465995147712,-25.360724165078267],[153.04756709183715,-25.360494425983052],[153.04861909896482,-25.3607043688757],[153.0497554761611,-25.361411228755788],[153.05030231917232,-25.361066944703683],[153.0502596869961,-25.35965248871949],[153.0515097311074,-25.359569891594624],[153.0491390598011,-25.358943371837835],[153.04868507764982,-25.3580625688906],[153.01649370352504,-25.358062572121163],[153.01648457315414,-25.31384091048329],[153.01698783820186,-25.31383182843286],[153.01808783442274,-25.31477369331487],[153.01943016077976,-25.31664342316498],[153.01981805297115,-25.317909694115716],[153.02191833448524,-25.32046757488412],[153.02471949700094,-25.322479238586688],[153.04828611736275,-25.314895902283265]],[[152.80992585045183,-25.26669846950034],[152.81040258833738,-25.26536357646383],[152.8100341554874,-25.26690635548785],[152.80992585045183,-25.26669846950034]],[[152.83974367616548,-25.27356259047632],[152.83974367560936,-25.268945923514043],[152.84886034349188,-25.26894592260592],[152.8488603445604,-25.27781258953348],[152.83974367616548,-25.27356259047632]],[[152.95326412069508,-25.278045912108297],[152.95433691894672,-25.279267436991002],[152.95454678722254,-25.281378126952728],[152.95536573954607,-25.28339718185433],[152.95839527206357,-25.285249828536074],[152.9597902973785,-25.28673648738431],[152.9630096929759,-25.28909598204286],[152.9636008441262,-25.289864590977444],[152.96365498030048,-25.2912606739606],[152.9640648514096,-25.291834203914892],[152.96700539390136,-25.29354453760657],[152.96955994524686,-25.29435507934426],[152.97406949804056,-25.29730211086872],[152.9777870700209,-25.3024225304546],[152.97842088329844,-25.304205856376562],[152.98058093293784,-25.307754463131293],[152.9841151755215,-25.30974506576101],[152.984846733763,-25.31115267367627],[152.98632402004185,-25.312272682519115],[152.98677072720318,-25.31324595946644],[152.98847144144042,-25.313843458291228],[152.98939803162588,-25.314632035191924],[152.99011412310057,-25.31797425309289],[152.98999326722802,-25.319121740095582],[152.9906869825179,-25.320958375011102],[152.99071691186683,-25.323810546984806],[152.99246294058273,-25.328317640773037],[152.99243000074785,-25.32970494776501],[152.99375417843504,-25.334310598594733],[152.99356441160694,-25.335880003600938],[152.99160685426858,-25.33465548480708],[152.98926178364744,-25.331410228068506],[152.98693559275878,-25.325942724346195],[152.9864889384829,-25.324025198406588],[152.98427110888815,-25.32089336165438],[152.9841726567731,-25.320022686671297],[152.98275334439484,-25.318037866829712],[152.98134376113063,-25.31698482397949],[152.98164957804593,-25.316042503956563],[152.9807395557494,-25.31432353606171],[152.97964550553675,-25.313443786178517],[152.9793762123975,-25.312510422213066],[152.97732961889903,-25.310034095438276],[152.97508884159538,-25.30931990566849],[152.97438587238167,-25.308117567748663],[152.97283187515663,-25.30750349790928],[152.97069653073208,-25.305706589137735],[152.96933307455075,-25.30530009327756],[152.9644123090446,-25.305056920772103],[152.96359498790105,-25.304525098858207],[152.959410831336,-25.303206853287715],[152.95857532311592,-25.302057317380708],[152.95846936891417,-25.30047666940427],[152.95760103266713,-25.299130461502134],[152.95771297051934,-25.297820113501615],[152.95732222534366,-25.296681716550047],[152.95509446394968,-25.295210136784906],[152.9541587758571,-25.295193141878716],[152.95371764866698,-25.2939755309328],[152.95376558648275,-25.29241533494072],[152.95275819324715,-25.291275098050807],[152.95108126770478,-25.288135073244216],[152.94790904202642,-25.285066551586638],[152.94397418156095,-25.284367977985855],[152.9442392663397,-25.28232688397604],[152.94378143516138,-25.281218848030875],[152.94524764975722,-25.27670559892111],[152.94413914534184,-25.27415791105278],[152.9429149330942,-25.273089669183967],[152.94325843507923,-25.272691443152855],[152.93982701874577,-25.27267924749608],[152.93982701939484,-25.2780459134522],[152.9249936849594,-25.278045914934932],[152.9249936835855,-25.266679249027863],[152.9373270171437,-25.261429247837963],[152.9579436881479,-25.27804591164011],[152.95326412069508,-25.278045912108297]],[[152.92677510028182,-25.28755851767921],[152.9266277923469,-25.28821483168859],[152.92540204724065,-25.288317253810234],[152.9256835852079,-25.28782128878614],[152.92677510028182,-25.28755851767921]],[[152.9995727456036,-25.34752978290366],[152.99873106940905,-25.346599428995606],[152.99873944435535,-25.346150247998466],[152.99898020240448,-25.34636265697257],[152.9995727456036,-25.34752978290366]],[[153.00661705433666,-25.356173037126975],[153.00689370251814,-25.357445906088852],[152.99791036901206,-25.360462573964686],[152.99791036875308,-25.358329240982094],[153.00361036859434,-25.352462573458695],[153.0050202458923,-25.353789455306554],[153.00661705433666,-25.356173037126975]],[[152.893668836861,-25.426403444852397],[152.89125338203795,-25.429811953065673],[152.88865690699433,-25.43154435531069],[152.88494856684756,-25.433320879666205],[152.88449539204368,-25.43530665269524],[152.88290680201862,-25.436380437845],[152.88197123987928,-25.43598288894157],[152.8802183788345,-25.437026530107893],[152.87898277470464,-25.43695022123182],[152.87734418342473,-25.43595769840332],[152.87627711809478,-25.434091186524995],[152.87662166376722,-25.43110594151497],[152.8779932927878,-25.43016965638578],[152.87665871474258,-25.430871702513173],[152.87482649053027,-25.4305935056982],[152.8752255955012,-25.43003207366298],[152.87429910227056,-25.428872100764814],[152.87387478407229,-25.42757473781772],[152.87213200271563,-25.426031946004098],[152.87012969736693,-25.424762300214148],[152.86884585020331,-25.424445494344756],[152.86868985012796,-25.423947616364334],[152.86779218210805,-25.424507222449297],[152.86691813899776,-25.424300223538143],[152.86593536271536,-25.422757312648724],[152.86657299074903,-25.422521069587052],[152.8660337545732,-25.421501956649138],[152.8661575624066,-25.420023783648823],[152.86491937911256,-25.418590432783965],[152.86459487695416,-25.417542001824856],[152.8666955572817,-25.418556927607174],[152.86805857834585,-25.417987458475885],[152.8686429744304,-25.418216616415773],[152.86925904655547,-25.418753507349933],[152.8691811516231,-25.419375829352653],[152.86955808275363,-25.420151248308727],[152.87014625186953,-25.420635282246145],[152.871338628024,-25.420951880124637],[152.87219966231677,-25.422678999024704],[152.87412282063067,-25.42372321982442],[152.87605394300684,-25.425276450619148],[152.87790370123153,-25.42564334043161],[152.87843656841713,-25.42674747336945],[152.879359144487,-25.426581539278775],[152.87927454438378,-25.42579639129366],[152.88061807959647,-25.426471195154086],[152.88132048665923,-25.42642402808442],[152.8821432348164,-25.427059550997168],[152.88286913186965,-25.42691451192592],[152.88589783824708,-25.427592515618223],[152.88639314535598,-25.428094006564677],[152.88771082548533,-25.428099980433156],[152.88779783243805,-25.42763994542824],[152.88983683266486,-25.427870369222866],[152.8900169356126,-25.427293925209618],[152.89140823483913,-25.428044154064647],[152.8924708658119,-25.426963298967415],[152.89211534671352,-25.42643675700713],[152.8930344137515,-25.42600964391888],[152.89356235681095,-25.426075673865682],[152.893668836861,-25.426403444852397]],[[152.93588265156015,-25.431215127596197],[152.9389727848611,-25.43121262028728],[152.93941677594407,-25.431539665240233],[152.93858550000294,-25.432693499313924],[152.93688199994926,-25.433621499476715],[152.93573000001768,-25.435111499579737],[152.93574550008947,-25.43569099957342],[152.93612550013356,-25.435749499534968],[152.93641500024142,-25.436405999500654],[152.93547750026548,-25.437357999586617],[152.93603700042198,-25.438198499523857],[152.93602099952588,-25.439068999518323],[152.9370164996753,-25.43949999941533],[152.93748999987383,-25.44075599935771],[152.93843250000165,-25.44105249926111],[152.9388205000051,-25.440768499224593],[152.93930350031815,-25.44296099915842],[152.93894859335543,-25.443554669189048],[152.9381455383201,-25.443909149266446],[152.9379760003844,-25.444574999277997],[152.9395428496542,-25.445539737113442],[152.93907549966684,-25.446019999156274],[152.93892947877336,-25.447015375162735],[152.94069416243275,-25.45103161595357],[152.9405438614909,-25.451631516963726],[152.93781800000954,-25.44985649925076],[152.9361107255759,-25.447654471439403],[152.93408194117688,-25.445996928655727],[152.93333692587666,-25.4441203657455],[152.93158499955382,-25.44286749893086],[152.93032689392973,-25.438732685090315],[152.9306393138269,-25.43763291306802],[152.93094053488633,-25.437881056035923],[152.9332670160397,-25.43727428280829],[152.9335832929573,-25.436340672784286],[152.93318985687188,-25.435952465826823],[152.93417537389195,-25.435324993733385],[152.93440029183046,-25.43463760171653],[152.9361989989378,-25.434075783541292],[152.93619084787528,-25.433566372546228],[152.93566894379114,-25.433292803600615],[152.93513382083992,-25.43412501464738],[152.93497999973118,-25.43335199966909],[152.93490649952346,-25.43169799968987],[152.93588265156015,-25.431215127596197]],[[152.87980606368066,-25.41955525829151],[152.88020321379958,-25.42021826624651],[152.87954030881792,-25.420904421307018],[152.8783126566372,-25.420399928433593],[152.87771800049,-25.419661999498892],[152.87883411752946,-25.419088180392315],[152.87980606368066,-25.41955525829151]],[[152.92148549994445,-25.454219498847632],[152.92324749991198,-25.452532999685314],[152.92339349992335,-25.45250949967092],[152.92394193614174,-25.45386923460502],[152.9234615381892,-25.454647836646707],[152.9225490411397,-25.454973573735195],[152.92246500018987,-25.455455499739703],[152.92301458123868,-25.455415844685135],[152.9228435002595,-25.455724999699676],[152.921001000101,-25.455900998882374],[152.9208634999819,-25.45502949890321],[152.92174949999023,-25.454384498819906],[152.92148549994445,-25.454219498847632]],[[152.94096607676025,-25.453512421906158],[152.9401624945781,-25.45265740799347],[152.9420446158688,-25.453539556798074],[152.94629181915997,-25.460763804314414],[152.9441997555963,-25.45780132654777],[152.94205327315973,-25.45593088777773],[152.94096607676025,-25.453512421906158]],[[152.9431454997472,-25.4598929996362],[152.9432763157906,-25.460146128621062],[152.94284542685057,-25.460986934657274],[152.94211099985617,-25.4616239997255],[152.9398194997249,-25.462385998948463],[152.93879999961055,-25.46226399905141],[152.93983049970805,-25.462238498948583],[152.93971599964507,-25.46181149896351],[152.94041449966699,-25.461429998896772],[152.94102449974892,-25.46161399883426],[152.94084949965273,-25.46096199885709],[152.94049349962953,-25.46105749889189],[152.94087299963402,-25.460788998856117],[152.94116999966047,-25.460768498826596],[152.9410499996974,-25.46116899883534],[152.94138599970978,-25.46100099880313],[152.94210349983882,-25.46148649972738],[152.9431454997472,-25.4598929996362]],[[152.94372100006782,-25.462072499560826],[152.9438675001061,-25.46226999954459],[152.94354450008436,-25.462350499576257],[152.9432275000504,-25.462326499608167],[152.94372100006782,-25.462072499560826]],[[152.92961338466705,-25.46188097997291],[152.92873457865224,-25.46246697505597],[152.92895544471853,-25.46283503903089],[152.92866046573133,-25.46317895905759],[152.9303008729661,-25.463793786888594],[152.93039828707802,-25.464637734871996],[152.9301309501137,-25.465146963894554],[152.92895444601277,-25.46526224701122],[152.9286097891159,-25.46639067603648],[152.9286950588357,-25.464011300047336],[152.92790245452608,-25.462096772142175],[152.9269315003138,-25.461127999247093],[152.92706311627373,-25.460691664237494],[152.92773300032468,-25.4605724991715],[152.92819405743404,-25.461102760121108],[152.9281235004872,-25.461598499124143],[152.92961338466705,-25.46188097997291]],[[152.88957516802375,-25.46408833095374],[152.8907027442852,-25.465338408831037],[152.88965825723722,-25.4657841659316],[152.88896181231607,-25.46699767799121],[152.88785184621923,-25.467093955101205],[152.8858346017765,-25.46506496531904],[152.88550147859397,-25.463826398362354],[152.88584982154137,-25.463110387333472],[152.88801780051813,-25.46116959913297],[152.8886622116093,-25.461403077066738],[152.889393866657,-25.461205908995325],[152.88955596760536,-25.460648730983664],[152.88994367765056,-25.460709719944504],[152.88999782356768,-25.459981342945007],[152.8920717667263,-25.459618088741],[152.8928451238247,-25.45980725466225],[152.89319681075986,-25.458988131633838],[152.89389905778046,-25.458591943566972],[152.89581892191535,-25.458157610378873],[152.89598339996763,-25.458456876360025],[152.89672471305505,-25.458580376285006],[152.89719077905866,-25.458234166241322],[152.89811465622583,-25.458869188143893],[152.89784660110385,-25.458078465177135],[152.89820145711724,-25.457903042143123],[152.90163071340038,-25.45747595380426],[152.90333977756978,-25.45749661063342],[152.90356711266946,-25.458136043605535],[152.9039843896801,-25.45788742056588],[152.9040592557465,-25.458375443554417],[152.90485683278953,-25.45808720947716],[152.90524744685598,-25.45832165443622],[152.90559525706698,-25.45978183238959],[152.90433714501606,-25.460376355510398],[152.9044545121612,-25.46147927648967],[152.90362627818666,-25.4623572885652],[152.90335351203782,-25.46134935560067],[152.90212751174008,-25.459879497735063],[152.9007690895692,-25.45956394187323],[152.89698368044625,-25.461601099234542],[152.89435025816863,-25.461433310498794],[152.8940906233728,-25.463328454509256],[152.893778568386,-25.463689342537457],[152.89327345732133,-25.463562088588898],[152.89302711217542,-25.4625566766217],[152.89202739008127,-25.462585219721234],[152.89163996710485,-25.463092431755786],[152.89157402229452,-25.46471248874916],[152.89094054613213,-25.46388245381912],[152.89113450108846,-25.46336533080399],[152.8906512559765,-25.462830142856596],[152.88882617789315,-25.463614376032357],[152.88905250196575,-25.464031487006356],[152.88872034404062,-25.464917898032283],[152.88957516802375,-25.46408833095374]],[[152.90706933803816,-25.46660858718672],[152.90792413425723,-25.467727232092248],[152.90906992341823,-25.468131741974535],[152.91268031159612,-25.4666896106257],[152.91285114365047,-25.467000330606083],[152.91164155664896,-25.467962477719052],[152.91220385571245,-25.468033142662314],[152.91393704381028,-25.467443577494006],[152.9147415557957,-25.466675298419908],[152.91670776715554,-25.468058621212165],[152.91746034524132,-25.468159998136176],[152.9190585435217,-25.46918466596819],[152.9177408565114,-25.470161332091852],[152.91649476835232,-25.46985378821885],[152.91584980041347,-25.470877498274955],[152.9131456781955,-25.471259477541956],[152.91016432406775,-25.472608997828726],[152.9076059906839,-25.471504520093223],[152.90654847758373,-25.47153085419865],[152.90573145643393,-25.470953198284928],[152.90505478919215,-25.469503688364327],[152.90546871113287,-25.468680787329696],[152.9048446340267,-25.46830765539507],[152.90477668994572,-25.467694164406833],[152.90605179095743,-25.466763176287092],[152.90706933803816,-25.46660858718672]],[[152.90551224449902,-25.47166765430103],[152.90646503272012,-25.472723211197234],[152.90788333488754,-25.47296177605368],[152.90803502198355,-25.473630621033085],[152.90880166712816,-25.474205898951812],[152.9080100570795,-25.47444306602896],[152.907071810097,-25.475343365115304],[152.90496461093346,-25.47569386632289],[152.90362113292997,-25.47674858744844],[152.90249709979102,-25.476508732562632],[152.90260039072407,-25.475873120557477],[152.9023627336966,-25.4758379665815],[152.90113986672887,-25.477090677693393],[152.9018647109012,-25.477927999614202],[152.90096692404393,-25.479829631688357],[152.8996033109921,-25.480502686818998],[152.8990169448114,-25.479484530885838],[152.8989597438634,-25.47996004288767],[152.89838493287314,-25.480503964940638],[152.8973122677244,-25.480142253050637],[152.89699132355844,-25.479031621091718],[152.89824217751155,-25.477634475978235],[152.89825597934325,-25.47623415498826],[152.89705723516764,-25.47575204211188],[152.89601198972161,-25.472913998239374],[152.8959427775681,-25.471702199256118],[152.89701474458712,-25.47099496615491],[152.8979257886739,-25.47097576506409],[152.89837737775807,-25.47130690001631],[152.89931600007597,-25.4731734639074],[152.8991709569568,-25.472306576928982],[152.89954304393862,-25.471856898895435],[152.89929619077498,-25.470705419929498],[152.89966113473295,-25.470063854898317],[152.90052906872063,-25.46926249881819],[152.9023147568801,-25.469137976640887],[152.9030064118716,-25.468510420576962],[152.90343015594027,-25.468735098532825],[152.90365494513537,-25.47016445449874],[152.9045801132916,-25.470707621401925],[152.90485641141888,-25.471534899367555],[152.90551224449902,-25.47166765430103]],[[152.94999371106894,-25.473512577840197],[152.98029371402865,-25.473512574807362],[152.98304371616743,-25.48889590740653],[152.98252705033093,-25.498879241376954],[152.9803437177355,-25.503962574554226],[152.97411038514113,-25.51231257511043],[152.94924371624407,-25.516729244563102],[152.93882704826666,-25.517079245602005],[152.936210381885,-25.516045911872055],[152.9346270474791,-25.513979246047228],[152.93374371433592,-25.513512579139338],[152.93302704726776,-25.51352924621084],[152.93291038120987,-25.51314591222558],[152.9342437138284,-25.508929246126637],[152.93472704621414,-25.503479246122733],[152.93541038006654,-25.50171257906883],[152.93542704594282,-25.50067924607557],[152.93431037967574,-25.499379246197787],[152.93392704543186,-25.497679246249998],[152.93469371206584,-25.494045912202925],[152.93466037873094,-25.491312579228545],[152.93351037823413,-25.488145912369305],[152.93351037812087,-25.48721257937693],[152.9357603777462,-25.482312579191895],[152.93912704353727,-25.477879245891415],[152.94999371106894,-25.473512577840197]],[[152.92381154358725,-25.515355564117066],[152.92328706875472,-25.51715868615474],[152.922505333775,-25.517956719226365],[152.9204346105921,-25.518120809431945],[152.92080661256267,-25.517577233399223],[152.92009377747186,-25.517404774471856],[152.92024593340076,-25.516695888462433],[152.920579446471,-25.517005809426585],[152.92142140054355,-25.51692367534311],[152.92193023346803,-25.515891464300687],[152.92289351055658,-25.515843799204795],[152.92381154358725,-25.515355564117066]],[[152.9125664986957,-25.51708314422645],[152.91213542184624,-25.518672411256556],[152.9131063220093,-25.51923173015506],[152.912983802073,-25.519855909162203],[152.9133334332212,-25.52079537811964],[152.91232460018193,-25.521286086216392],[152.9114865550033,-25.520490820306566],[152.90908021022352,-25.516004964583473],[152.90897995811702,-25.515208211599933],[152.909207867192,-25.515641857573662],[152.90990865522915,-25.515382186505768],[152.90908147701919,-25.51431910859708],[152.90886477685072,-25.513105144628554],[152.90979056793557,-25.513057556536516],[152.9114586563466,-25.515099910353296],[152.91186107754413,-25.516403564302454],[152.9125664986957,-25.51708314422645]],[[152.90641786548906,-25.52034369681402],[152.90696464764574,-25.521194163752458],[152.9070431397665,-25.52212642873705],[152.9067344997891,-25.522561999764353],[152.90548944451427,-25.521301772898894],[152.90548132546598,-25.5209099209029],[152.90587674947653,-25.520677734865355],[152.90659736858092,-25.520956968791065],[152.90641786548906,-25.52034369681402]],[[152.91370000040277,-25.52199599907319],[152.9149089294726,-25.521595714955726],[152.9150248795868,-25.52244332993724],[152.91386858646126,-25.522342054053556],[152.91370000040277,-25.52199599907319]],[[152.91382071673777,-25.524659928039437],[152.9129707485569,-25.52385542313093],[152.91234364434078,-25.522579754203967],[152.91334052051582,-25.523218293099163],[152.91384449952824,-25.522913999051305],[152.91436745760305,-25.523108053997483],[152.91420145573565,-25.524335204004053],[152.91382071673777,-25.524659928039437]],[[152.91423016678198,-25.524693617998278],[152.91428199979535,-25.524761498992532],[152.91405501377182,-25.524750859015338],[152.91423016678198,-25.524693617998278]],[[152.90219423960417,-25.524704497200233],[152.90263542267041,-25.52489498015462],[152.9024929997795,-25.525908999160595],[152.9016505198467,-25.527143446234668],[152.90262191298785,-25.52752256213458],[152.90151854192007,-25.527855078242048],[152.90065699977615,-25.52736499933207],[152.89997531380007,-25.528113088393997],[152.8995843107544,-25.528052491433574],[152.89920592361813,-25.527234371477995],[152.8996994865785,-25.52650883743466],[152.90035906963118,-25.526410134369552],[152.90118499958143,-25.52533249929588],[152.90219423960417,-25.524704497200233]],[[152.9079717204548,-25.527050395604228],[152.90859286331445,-25.525391648555697],[152.90907866758127,-25.527199362492446],[152.9079717204548,-25.527050395604228]],[[152.89476700028894,-25.52810749891399],[152.8936510002654,-25.528814499019653],[152.8924115003541,-25.53054799912926],[152.89114200021854,-25.530456499256708],[152.89159700022086,-25.530107999214096],[152.89154900015234,-25.529581499223212],[152.89097300004002,-25.529120999284416],[152.89126800005508,-25.529005999255908],[152.89169850014093,-25.529366499210003],[152.89192600011646,-25.528980999190466],[152.89227400016756,-25.52912099915456],[152.89316150011038,-25.527931999075715],[152.89298000007534,-25.527789499094943],[152.89327150003402,-25.5272129990706],[152.89377950007764,-25.52716249902025],[152.89476700028894,-25.52810749891399]],[[152.90849978974575,-25.529022310535392],[152.9094518007865,-25.52858951244386],[152.90942451384998,-25.529134567442142],[152.90933949985737,-25.529264435449555],[152.90870249981126,-25.529398999512072],[152.90849978974575,-25.529022310535392]],[[152.901280000052,-25.529135999255406],[152.9018086332593,-25.530417852192233],[152.90160218228706,-25.530813504209622],[152.90200931837606,-25.531218268165674],[152.90177150047873,-25.532257499180947],[152.90069467141902,-25.532635272285393],[152.90000039923018,-25.531638798362806],[152.89934325024575,-25.532298720423054],[152.89830400018027,-25.53259849952435],[152.89688899987001,-25.531183499677123],[152.89831707691295,-25.530384154541114],[152.8979842217475,-25.529288755583245],[152.8987434998758,-25.529732999503825],[152.90010949997034,-25.529407999370065],[152.90047750010183,-25.530194999326902],[152.90106927411588,-25.52983289227078],[152.90075350002118,-25.529306999306616],[152.901280000052,-25.529135999255406]],[[152.90644620984438,-25.53149449872036],[152.9068368587409,-25.530325897690844],[152.9075489997721,-25.530007999622324],[152.90741955585156,-25.5307670956291],[152.90644620984438,-25.53149449872036]],[[152.9046039995864,-25.53085599890954],[152.9047199316956,-25.531662835891378],[152.90514195279567,-25.532146704845278],[152.90460513584256,-25.53296732189224],[152.90336349980933,-25.533695999010288],[152.90175549962936,-25.533511999172347],[152.90177599955226,-25.53285949917559],[152.90276627951727,-25.531771140085603],[152.90401379352372,-25.530816559968773],[152.9046039995864,-25.53085599890954]],[[152.90668728999344,-25.53252844568787],[152.9071698410452,-25.532565189639374],[152.9065688350049,-25.532718379698117],[152.90668728999344,-25.53252844568787]],[[152.90520478302213,-25.533962618824248],[152.90477149988743,-25.533202498873706],[152.9059083950842,-25.533906131754446],[152.90765188325065,-25.533868609580615],[152.90618450014432,-25.534178499724618],[152.90520478302213,-25.533962618824248]],[[152.8807287686378,-25.534087024266245],[152.880902979735,-25.534747568243443],[152.88073944275078,-25.535010737257604],[152.8814358119401,-25.53600883718002],[152.88114261893767,-25.536226623207497],[152.88030017182064,-25.535942208293847],[152.88023154570098,-25.535010881308295],[152.87959091953277,-25.53414068837925],[152.88033604660475,-25.53413209130503],[152.88023457563696,-25.534479891312287],[152.8807534306609,-25.53425778926233],[152.88030673557944,-25.53394665730947],[152.8807287686378,-25.534087024266245]],[[152.8780213166181,-25.536114500519776],[152.8782815806983,-25.536566295490143],[152.87798622871685,-25.536957895516416],[152.87740500456565,-25.53618088658073],[152.8780213166181,-25.536114500519776]],[[152.86883590673526,-25.53626210443468],[152.86924254781965,-25.536629167391162],[152.86743712578868,-25.537835835561367],[152.86802960397424,-25.53888740249373],[152.86958328711833,-25.538818997339312],[152.86989261019795,-25.539225877305174],[152.868550474109,-25.539578616436135],[152.86806138512085,-25.54007195848091],[152.86864446228742,-25.540975360415416],[152.86843442330132,-25.541259506434063],[152.8679641942792,-25.541458152479333],[152.86738166916297,-25.540969359541347],[152.86669418353165,-25.544569968580635],[152.86596666446104,-25.544575916653095],[152.86551583538994,-25.544353943699846],[152.86551312216952,-25.542537342714926],[152.86371795670183,-25.54012986491349],[152.86518046677347,-25.539537019772474],[152.86360973336429,-25.537430452946225],[152.86152648031026,-25.530414119211095],[152.85896362976075,-25.52795121448659],[152.85863506161147,-25.526984148527227],[152.85883083959084,-25.526654851510386],[152.85953265462834,-25.5263967644425],[152.8610183588596,-25.52710367428867],[152.8617494269933,-25.527616583211643],[152.86185896906403,-25.52811172019664],[152.86221904908848,-25.528021530161517],[152.86428505346808,-25.52948397494363],[152.86484909562284,-25.530305501880708],[152.86534134865985,-25.530212376832385],[152.86586298881238,-25.53104936577357],[152.86642315079345,-25.530440078722652],[152.86702282686343,-25.530532858662152],[152.8687628193041,-25.532762407470496],[152.8683755773114,-25.533136027506057],[152.86632575706298,-25.532744517713613],[152.8655653200461,-25.533220024785578],[152.86574784815033,-25.533933104761545],[152.86661138626283,-25.53416311967358],[152.8665947293297,-25.534728240670653],[152.86604636332092,-25.535099299722276],[152.86617217239277,-25.535590789705743],[152.86745932650754,-25.535496205578212],[152.86768043160123,-25.536091408551314],[152.8671356105743,-25.536309769603857],[152.86725040262365,-25.536624347589825],[152.86883590673526,-25.53626210443468]],[[152.87981468817551,-25.53926320731521],[152.88057557821247,-25.538952263241868],[152.88093985927367,-25.53916281920382],[152.88043386426625,-25.53951028925149],[152.87981468817551,-25.53926320731521]],[[152.8954101100073,-25.541757057738693],[152.89469249987036,-25.541208498814758],[152.8941666037432,-25.54058516587235],[152.89549524292417,-25.541003173736335],[152.89562499999377,-25.54147199971952],[152.89536008502859,-25.541973611741877],[152.89484128104795,-25.542552306788956],[152.8954101100073,-25.541757057738693]],[[152.8934778847981,-25.541594684932868],[152.89397212299613,-25.542828042873452],[152.89347703003574,-25.543555145916994],[152.8927570499167,-25.543155687992112],[152.89240551680507,-25.5425191980324],[152.89106622868638,-25.542624115165204],[152.89133249964328,-25.54205249914327],[152.89281299979146,-25.5420774989953],[152.8934778847981,-25.541594684932868]],[[152.8624840001236,-25.544610499000047],[152.86314700023712,-25.545011498930695],[152.86336200033134,-25.54561499890434],[152.86324450040178,-25.54629149891056],[152.8619104995024,-25.548202999027957],[152.8615970002489,-25.546363999074206],[152.8620980001426,-25.545080499034697],[152.8616824999685,-25.543979999085074],[152.86208749997778,-25.543728499046775],[152.86251100005555,-25.544027499002098],[152.8624840001236,-25.544610499000047]],[[152.86397466527586,-25.54466031285105],[152.86427464136102,-25.54512063481735],[152.86392820040908,-25.5457982778464],[152.86359974032789,-25.54539401588243],[152.86397466527586,-25.54466031285105]],[[152.86837728083918,-25.545744987403207],[152.86881945591392,-25.54600379235698],[152.86856227994625,-25.54647873437882],[152.86894154905573,-25.547075502336128],[152.8683729659656,-25.546792159395135],[152.86837728083918,-25.545744987403207]],[[152.95400753647303,-25.54768703783434],[152.95478284351248,-25.54738590075927],[152.95235181553858,-25.549561774984767],[152.95153955449288,-25.549840583063727],[152.95400753647303,-25.54768703783434]],[[152.95496754266182,-25.548465430731977],[152.95507936163867,-25.548184677723103],[152.95517177865008,-25.548203937713684],[152.95496754266182,-25.548465430731977]],[[152.94932308810974,-25.548476226296586],[152.94961134316807,-25.54872362226574],[152.94881217941597,-25.551407761323823],[152.94761282150293,-25.55309074343013],[152.94762480289626,-25.556317425402636],[152.9464157671871,-25.559685229496157],[152.94566208120034,-25.560403003565693],[152.94487045014787,-25.560610010643167],[152.94292712179688,-25.55929034784826],[152.94156012664354,-25.559132172986292],[152.94072090762165,-25.559629678066166],[152.94003403171837,-25.560980177123852],[152.94014693060382,-25.55994661812097],[152.94127615547708,-25.557992271023927],[152.94133891222782,-25.555890328034824],[152.94167083525167,-25.555818773002176],[152.94129689020045,-25.55569917604056],[152.94121704306315,-25.55463411605718],[152.94274089486706,-25.55179104092796],[152.94416640685716,-25.55055844679543],[152.9461106729192,-25.549500114609568],[152.9480626880078,-25.548655010421207],[152.94932308810974,-25.548476226296586]],[[152.94969605713382,-25.556599847193155],[152.94995027804063,-25.555628351175603],[152.95139039332247,-25.556784331022133],[152.95174735042437,-25.55733438498197],[152.95200639965867,-25.55905281694204],[152.95169231270307,-25.559671355968437],[152.9506889426412,-25.559972129066363],[152.9500142036553,-25.560633070128457],[152.94979780161128,-25.560445382151645],[152.9505842554428,-25.558425023089455],[152.94969605713382,-25.556599847193155]],[[152.9524045437229,-25.559260150900556],[152.95211529665522,-25.55893619993208],[152.95206316552574,-25.557914128945665],[152.95311634977165,-25.559086485830726],[152.9524045437229,-25.559260150900556]],[[152.94865540407744,-25.55697579629419],[152.9498500673856,-25.55854684816186],[152.94896823153755,-25.56050802723414],[152.9492735040728,-25.564664035169766],[152.9485729776139,-25.56968013119902],[152.9495114241906,-25.573664545072706],[152.94951662446775,-25.57594022105364],[152.94792960557916,-25.57813760519449],[152.94770616986528,-25.580670251196253],[152.94669961890293,-25.581792875287793],[152.94599182177632,-25.58132366736239],[152.9443883666829,-25.5818503345185],[152.94492996540325,-25.5791131404866],[152.9443471432256,-25.578122384552994],[152.94381361515676,-25.577987111607435],[152.94407436314265,-25.57766073158402],[152.94464513720285,-25.577694721526637],[152.94517893322248,-25.577424779475454],[152.94601968714798,-25.576133273401894],[152.94510448720968,-25.577379792483285],[152.94377649611204,-25.5776494286139],[152.94361500413729,-25.577987037627285],[152.94429732925764,-25.578426271555458],[152.94429707532464,-25.578977830551047],[152.94356123359677,-25.581809572601536],[152.94373378868704,-25.58241293557942],[152.94347348071054,-25.58281605660213],[152.94204904864037,-25.583389721739916],[152.93968688708802,-25.580754472997587],[152.939438677865,-25.579120903035697],[152.93973629166038,-25.5771977370216],[152.94085538356222,-25.575485905923607],[152.9426941279395,-25.577104128726596],[152.94266901189224,-25.57673637573207],[152.94391284891688,-25.575934029614192],[152.94226551080203,-25.576319722775796],[152.94120813156758,-25.575245431890337],[152.94262399518166,-25.570927305783847],[152.94197575696836,-25.569696536858743],[152.94203174880786,-25.568330964864245],[152.94231556381524,-25.568162514837187],[152.94264019288377,-25.5684638388023],[152.94266799785163,-25.568177191801844],[152.94209906477425,-25.56799954786018],[152.94197283671173,-25.567587344876156],[152.94177051590506,-25.56934162888212],[152.94116562592583,-25.570000840937247],[152.94064065072098,-25.56873904800001],[152.9402580262108,-25.564851410069956],[152.93982894708012,-25.56412252711876],[152.9404982101212,-25.56391965505349],[152.94092248411903,-25.563559047014014],[152.9397052150521,-25.563991024132214],[152.9396214109799,-25.56346534114485],[152.9412042946616,-25.559568568018328],[152.94246869478096,-25.559529608892145],[152.9447750001768,-25.560925162650182],[152.94573424824947,-25.56074810755564],[152.9467114662603,-25.56004838546361],[152.947990187047,-25.55726231535838],[152.94865540407744,-25.55697579629419]],[[152.9456195377878,-25.581717811396466],[152.94590261584494,-25.581959790366188],[152.94436427975248,-25.582441798516076],[152.9456195377878,-25.581717811396466]],[[152.89931752729848,-25.582204819019378],[152.89936734741406,-25.583116606006985],[152.89904293843392,-25.583542871035903],[152.8993568575589,-25.584318650998277],[152.898961551661,-25.585479513028236],[152.898364682621,-25.585633209086616],[152.89759726246461,-25.58496606216866],[152.8973400184923,-25.585401927190773],[152.8964024883961,-25.58536824528467],[152.89664550333055,-25.584632516266353],[152.89762398941298,-25.584519283169627],[152.89644632716258,-25.58340905929621],[152.897037805167,-25.582967028240777],[152.89641628807257,-25.58269241930503],[152.8958360529199,-25.58190354136938],[152.89590957580995,-25.580938313369927],[152.89673848287626,-25.580813378288166],[152.8959643527242,-25.58018795337051],[152.89598402265236,-25.57957977237356],[152.89659972768206,-25.57932621131412],[152.8959487295747,-25.57896838038204],[152.89604187053743,-25.578585972375862],[152.89630610049954,-25.578060443353735],[152.89697035657494,-25.57814360928677],[152.896745995505,-25.577749163312344],[152.89618778544573,-25.577712806368375],[152.89633561041853,-25.57736885435644],[152.8978269286432,-25.578012780202272],[152.89836818479125,-25.578794297141883],[152.89869106496656,-25.57997732810006],[152.89859544915063,-25.581570738096623],[152.89931752729848,-25.582204819019378]],[[152.9408367952042,-25.572555823949326],[152.93904036345725,-25.576088278100194],[152.9387571664156,-25.575974665129444],[152.93866313166777,-25.56989823918831],[152.93804811726088,-25.56704735727305],[152.93790063277186,-25.563143193319576],[152.93844633474242,-25.56245986327057],[152.939269072864,-25.56279598818554],[152.93943375301885,-25.563936829159775],[152.94007794616513,-25.5646205680898],[152.94054382973732,-25.568952269007983],[152.9413265880507,-25.570898352913858],[152.94148051025437,-25.57244918388583],[152.9411822183133,-25.573174154909765],[152.9408367952042,-25.572555823949326]],[[152.93952882994577,-25.56325894315579],[152.93926344781445,-25.562393478189364],[152.93970907481398,-25.562028727147784],[152.93978844592513,-25.562879807132926],[152.93952882994577,-25.56325894315579]],[[152.93915665876082,-25.562037705202968],[152.93842449768306,-25.561988561276603],[152.9390615076344,-25.561073943220304],[152.9396742056859,-25.56100368415964],[152.9398383947399,-25.561315513140684],[152.93915665876082,-25.562037705202968]],[[152.93869095959263,-25.561030365257746],[152.9378835856087,-25.561813532332113],[152.93800494118906,-25.55826359134885],[152.9388904870522,-25.556421569275305],[152.9403699930363,-25.555096677138135],[152.94092726038485,-25.557514965062712],[152.93869095959263,-25.561030365257746]],[[152.86167390475268,-25.558714346965985],[152.86084599963792,-25.558438499050766],[152.86261017675858,-25.558004686878448],[152.86243239279673,-25.558463826892396],[152.86167390475268,-25.558714346965985]],[[152.93965119091376,-25.554668694213493],[152.9376978049926,-25.556894078390727],[152.9373537528277,-25.555814645433887],[152.93813441667265,-25.55390829537134],[152.93742816167295,-25.55448140843731],[152.93778214647145,-25.552536688417778],[152.94025272873245,-25.552690572169464],[152.93965119091376,-25.554668694213493]],[[152.8829640418642,-25.550645054908404],[152.87829199182607,-25.55411185534623],[152.87689759172974,-25.554446078482666],[152.87693456561627,-25.553480352486833],[152.87806167869755,-25.553238938376353],[152.87735374256084,-25.55268359045151],[152.8773919004612,-25.55183119245462],[152.8781901344975,-25.55148384637782],[152.87945229341682,-25.549796542265675],[152.88104889949233,-25.549128080111807],[152.88140521755238,-25.54933428307458],[152.88156222169408,-25.550376145050468],[152.8829640418642,-25.550645054908404]],[[152.86153656901587,-25.552744670028282],[152.86032955009784,-25.55439856013514],[152.8602072479128,-25.552970629158924],[152.86153656901587,-25.552744670028282]],[[152.87239472203078,-25.552325309949047],[152.87115145579762,-25.551408822080475],[152.87156672174305,-25.550622321045466],[152.87313727886237,-25.550334720891186],[152.8749310783033,-25.552520443694473],[152.87446583433464,-25.553155976735734],[152.8725264331991,-25.553607920925437],[152.87215242207952,-25.552924509968282],[152.87239472203078,-25.552325309949047]],[[152.8680604894226,-25.550816841393516],[152.86776046941037,-25.5509591794223],[152.86716221131599,-25.550664552484342],[152.8655581021738,-25.550790194643266],[152.86563420015486,-25.550572360637442],[152.86688671027406,-25.550541866512805],[152.8680604894226,-25.550816841393516]],[[152.86657700004966,-25.548940499556686],[152.8664853781356,-25.5497233245595],[152.86610945109638,-25.549704664597115],[152.86501520494807,-25.54936660170895],[152.86485553888613,-25.548985015727965],[152.86516407888078,-25.54869094169964],[152.86600049996144,-25.548679499616327],[152.86657700004966,-25.548940499556686]],[[152.8851999999152,-25.549255999696616],[152.88418799964907,-25.5478804988088],[152.88477649968598,-25.54770849975146],[152.88525699983003,-25.548507999697033],[152.8851999999152,-25.549255999696616]],[[152.9396720679492,-25.55494353120917],[152.94044733781715,-25.55323065714562],[152.94052089786203,-25.55354127213573],[152.94085811789515,-25.55354140610201],[152.94069328897848,-25.554359249111833],[152.94093661801938,-25.55449956608634],[152.94038339701154,-25.554881616138537],[152.93994798493148,-25.554574377184572],[152.9396720679492,-25.55494353120917]],[[152.94171118726405,-25.572342550863645],[152.94154055409012,-25.571049308891197],[152.94120838495388,-25.570196507931357],[152.94168595997897,-25.570017477885084],[152.94203461010196,-25.570747858844243],[152.94171118726405,-25.572342550863645]],[[152.85616400030077,-25.526417998778143],[152.8553492762572,-25.52671831285684],[152.8527565899114,-25.525961157121436],[152.85272196785647,-25.52553571712832],[152.85150624055294,-25.524011954261862],[152.85205999958802,-25.52385399920799],[152.85336174476876,-25.524292186074703],[152.85578749994272,-25.52376549883724],[152.85618550003957,-25.52424299879369],[152.855847499184,-25.525710000815454],[152.85616400030077,-25.526417998778143]],[[152.8766119995877,-25.528751999720324],[152.8754259424203,-25.52832900784209],[152.87556690839034,-25.52796791183097],[152.875158312277,-25.527363307876644],[152.8755025893146,-25.527394661842045],[152.87561832326398,-25.526884045834603],[152.876059803338,-25.52713708978855],[152.8762040883191,-25.526864354776365],[152.8758662802414,-25.52649672081308],[152.87621959114256,-25.525394821786808],[152.87749170820945,-25.524918032663805],[152.87790635229123,-25.525257657619665],[152.87776789730256,-25.525463022631786],[152.8784801783752,-25.525486313560524],[152.8785035484172,-25.52581486255555],[152.87774136732344,-25.525656534632876],[152.87686543437184,-25.526765338711225],[152.87673883945791,-25.527578147717207],[152.87983099983984,-25.528228499403486],[152.87983271090573,-25.528771036398908],[152.88052083198332,-25.52885403532955],[152.88097986215854,-25.52992872927502],[152.88075919517195,-25.530217957294656],[152.8798566110578,-25.53000674238643],[152.87921299985948,-25.52889049945973],[152.87926249991762,-25.529329999451246],[152.8787559319182,-25.529744491498345],[152.87831498283674,-25.52942893954495],[152.8778684998525,-25.529919999585466],[152.87658991469414,-25.529647967715228],[152.8763100976085,-25.529167136747056],[152.8766119995877,-25.528751999720324]],[[152.89232269070757,-25.525287864180942],[152.89258999961064,-25.524271999162522],[152.89324173161626,-25.523791108101406],[152.8933361946713,-25.52416868708888],[152.89279551873508,-25.525132379135023],[152.8929743257877,-25.52542161511482],[152.89232269070757,-25.525287864180942]],[[152.90417699970004,-25.523893999008834],[152.90438506167072,-25.523483531991403],[152.90457927667867,-25.523392426972794],[152.9044786807884,-25.524378677974777],[152.90417699970004,-25.523893999008834]],[[152.90254033554635,-25.523948750171858],[152.90284558359136,-25.524073100140328],[152.90272649963248,-25.52450799914871],[152.9022883535579,-25.52424772419456],[152.90254033554635,-25.523948750171858]],[[152.87199177935213,-25.53054564716654],[152.87138024838578,-25.531318500221225],[152.87056259728,-25.53110632130447],[152.8693770020187,-25.52990896443249],[152.87070853814103,-25.529841617300224],[152.87199177935213,-25.53054564716654]],[[152.89310950043165,-25.53062399905896],[152.89281265736918,-25.53034867609084],[152.89406850037466,-25.5293789989734],[152.89534249951342,-25.529492998845278],[152.894854499583,-25.530461498886112],[152.89310950043165,-25.53062399905896]],[[152.90424880655098,-25.522606806012142],[152.90422863361374,-25.523140803009877],[152.90369587057032,-25.523212412062456],[152.90355476251156,-25.52284169707958],[152.9041637334286,-25.52166637702833],[152.90493744357417,-25.522241031946358],[152.90424880655098,-25.522606806012142]],[[152.90337238149817,-25.522879209097425],[152.9023398494425,-25.5232536461975],[152.90176071635867,-25.523031054257128],[152.9015794752737,-25.5224766122798],[152.90080387621447,-25.52261466935607],[152.90056724313854,-25.522179654383237],[152.9012693789556,-25.52010381833001],[152.90213254392071,-25.519118567251883],[152.90254241409608,-25.520233693201895],[152.90404515236656,-25.521250141043517],[152.90337238149817,-25.522879209097425]],[[152.90372899624154,-25.520475009081405],[152.90299150004304,-25.519433499163533],[152.9034154370432,-25.519093136124024],[152.90384899991378,-25.51767549909224],[152.90423549997993,-25.517908999051773],[152.9043660650668,-25.518519369033772],[152.90424813121152,-25.51980844503503],[152.90372899624154,-25.520475009081405]],[[152.87620367721968,-25.517790442850288],[152.87571412714692,-25.517585741900792],[152.8755710000726,-25.51708799891913],[152.87617800012782,-25.517052498858877],[152.87652050021478,-25.51749349882115],[152.87620367721968,-25.517790442850288]],[[152.87861702336636,-25.517049386615586],[152.8783633622378,-25.516193211647902],[152.87934575228186,-25.51576289555342],[152.8795420283618,-25.516264066529743],[152.87861702336636,-25.517049386615586]],[[152.8804638864184,-25.515985271440012],[152.88009534437126,-25.515894176477556],[152.88011050036292,-25.515812999476665],[152.8804638864184,-25.515985271440012]],[[152.91452205496964,-25.51776273202559],[152.91349925488942,-25.51792696712643],[152.9130673207519,-25.517141708175963],[152.912461168496,-25.51552185324971],[152.91263034431668,-25.513907189245938],[152.91138729891662,-25.511612500388768],[152.91193744491386,-25.51114573233767],[152.91374739106428,-25.51092504115862],[152.9140912770534,-25.5105579221273],[152.91071636567742,-25.510181678467486],[152.90980098843235,-25.508900388569344],[152.91009157939027,-25.508318421545038],[152.9109319004154,-25.507847675464973],[152.9111853881919,-25.505800597456282],[152.9121568802823,-25.505761278359582],[152.91263082422233,-25.50488478931938],[152.91320498028242,-25.504916831261824],[152.91259891316676,-25.50445173332612],[152.91114222204058,-25.504587210470493],[152.91119492197453,-25.50400034247003],[152.91171765799191,-25.503722022420078],[152.91249208006752,-25.503719910342724],[152.91316415519756,-25.504249864271287],[152.91383671124652,-25.504111132205253],[152.91493993345173,-25.504912866088503],[152.91791846683734,-25.505688296784605],[152.91779644286768,-25.50603682179401],[152.91626917976146,-25.506393074943627],[152.9157159557939,-25.50710696599312],[152.91481643273565,-25.507353021080956],[152.91512505685665,-25.508101432044036],[152.91687643211822,-25.50884385386302],[152.9167425563286,-25.510686342861398],[152.91610564425855,-25.510623144925514],[152.91701899944414,-25.511415375827855],[152.91682713454514,-25.51240297783892],[152.9173603437389,-25.513569840776192],[152.9161446427076,-25.51429269689176],[152.91609409887187,-25.515687954885426],[152.91473023191077,-25.517109367010114],[152.91452205496964,-25.51776273202559]],[[152.86579713956257,-25.512524166930987],[152.86553699956278,-25.512736498955164],[152.86486571447114,-25.512523312023855],[152.86442543134768,-25.511859871073113],[152.8647644993734,-25.511797465039855],[152.86548441353798,-25.512574652961757],[152.86579713956257,-25.512524166930987]],[[152.89124305689205,-25.51118187940357],[152.89039907887616,-25.511732935483312],[152.8897379407582,-25.511293403552894],[152.88969169469723,-25.510828036561296],[152.8904523997261,-25.51045193648846],[152.89124305689205,-25.51118187940357]],[[152.87421202109672,-25.510130048111357],[152.87237063902475,-25.511024449287703],[152.87171281685892,-25.510186998360133],[152.8731797177134,-25.507799579233275],[152.8736139797117,-25.507434390192962],[152.87510709989112,-25.507708050041813],[152.87614291617186,-25.509189169926437],[152.8763750003101,-25.51014299889547],[152.87512500023743,-25.510552999016827],[152.87421202109672,-25.510130048111357]],[[152.8727176766642,-25.50776692327959],[152.87185194967265,-25.50853672235968],[152.87004794351049,-25.508656062538613],[152.86959723740867,-25.50817992158742],[152.86888507533087,-25.50811356265902],[152.8684298341155,-25.506702283715867],[152.87030182629715,-25.50668961552931],[152.87065074922825,-25.505838077501426],[152.87129010329232,-25.505850241437635],[152.87255656255556,-25.50699981430193],[152.8727176766642,-25.50776692327959]],[[152.87691776582855,-25.50572768987735],[152.87746024980825,-25.50512181082815],[152.87928621604368,-25.50558979664216],[152.8799492712505,-25.506760976566515],[152.87991815851225,-25.508946747551786],[152.87903856042155,-25.50890887963985],[152.87703712098957,-25.506961228855396],[152.87691776582855,-25.50572768987735]],[[152.90921580992088,-25.505154867658295],[152.90866617884348,-25.504960486714758],[152.90817037871,-25.50426020977001],[152.90841183258036,-25.50299586475614],[152.90911437965747,-25.503064319685453],[152.9107635909697,-25.504308355510595],[152.91062876700798,-25.50473299752058],[152.90921580992088,-25.505154867658295]],[[152.900910537038,-25.504578093492338],[152.90113349702406,-25.504283200472493],[152.90142082706154,-25.504360412443187],[152.90138899706892,-25.504447199445643],[152.900910537038,-25.504578093492338]],[[152.8706211008451,-25.502697711529997],[152.8706193619229,-25.503341873524942],[152.8702151579351,-25.503769557561753],[152.86926198080747,-25.503485744659113],[152.86869826461003,-25.502310832724884],[152.8691732045405,-25.501352437685334],[152.87004328163152,-25.501400997598214],[152.8706672177406,-25.50179709953272],[152.87075978680625,-25.502264770519712],[152.8711339738338,-25.50218946048301],[152.8713286859119,-25.50267742745959],[152.8706211008451,-25.502697711529997]],[[152.9135881569657,-25.50199640024734],[152.9126523548045,-25.50142184434545],[152.9125305887122,-25.500759155363006],[152.91360695668172,-25.499639643264608],[152.91460686574553,-25.499358631166995],[152.91544158874225,-25.498658241089352],[152.9152349796817,-25.498326464112708],[152.91441698759823,-25.49829762219466],[152.91409663454868,-25.49814755422784],[152.91686385481722,-25.49812919695156],[152.9171005018473,-25.498186618927456],[152.91723118787053,-25.498272621913724],[152.91672366881392,-25.4982158879649],[152.9153741350826,-25.501519111072792],[152.91461740206384,-25.501974486144686],[152.9135881569657,-25.50199640024734]],[[152.88547323005992,-25.50072382806454],[152.88497260999435,-25.500587245115632],[152.88525267496217,-25.500095744091688],[152.88573750003295,-25.500287499041757],[152.88547323005992,-25.50072382806454]],[[152.89475699965683,-25.498151499158986],[152.89350599953562,-25.49816149928374],[152.89335200042368,-25.49736299930566],[152.89266150036693,-25.497451499373863],[152.89224750028635,-25.497121499417858],[152.891510500245,-25.497374999489338],[152.89118600013947,-25.496766499526686],[152.89060600006476,-25.49661849958579],[152.89044199995988,-25.495884499608128],[152.8909289998753,-25.494792999568432],[152.8904909998096,-25.49460499961363],[152.89032149972965,-25.49408149963484],[152.89066890175522,-25.49401210660076],[152.89127649989067,-25.494639499534998],[152.89247700003082,-25.494826999413633],[152.89278400011682,-25.495288499379267],[152.8946462803084,-25.495366207192745],[152.89557250046772,-25.49593299909564],[152.8957989995927,-25.496780999066143],[152.89475699965683,-25.498151499158986]],[[152.9227278989329,-25.49435413339643],[152.9238456459516,-25.493607221290812],[152.92457675505642,-25.493881444215532],[152.92511415619026,-25.494551464156327],[152.92360856611518,-25.495146009301976],[152.9228876579402,-25.494285388381],[152.9224970659699,-25.494844787415456],[152.9227278989329,-25.49435413339643]],[[152.90260899989912,-25.493811999410443],[152.90232449984575,-25.493601499440583],[152.90313949981484,-25.492688999366624],[152.90301549985608,-25.49312949937543],[152.90336699991366,-25.4933199993388],[152.90260899989912,-25.493811999410443]],[[152.8841355000544,-25.493504499256836],[152.88381750001037,-25.493397999289456],[152.8835284998751,-25.492513999325457],[152.884152999861,-25.49189349926824],[152.8837107097494,-25.49132977831695],[152.88407381172038,-25.490796451285053],[152.884547544738,-25.49055916723973],[152.88526049990483,-25.491360999162055],[152.88645669005317,-25.49161849104059],[152.8849637729824,-25.492240863184502],[152.88503150002543,-25.4925414991753],[152.884324487004,-25.49293556824262],[152.8841355000544,-25.493504499256836]],[[152.90127070736952,-25.49052301957088],[152.90216500149813,-25.490862680478827],[152.90246021762397,-25.491662207442854],[152.90031532255742,-25.492844450647336],[152.8988600863334,-25.492170472798108],[152.89872598425183,-25.491606035816105],[152.89904467023888,-25.49124189978729],[152.90067013436308,-25.490954843627314],[152.90127070736952,-25.49052301957088]],[[152.9282160850708,-25.491066551874766],[152.9287451520681,-25.49061782782549],[152.92959486114847,-25.490595490740745],[152.93010575528825,-25.49133508068367],[152.9295449553183,-25.492034872733985],[152.928897199258,-25.492060194798526],[152.9282160850708,-25.491066551874766]],[[152.90452690077308,-25.491224927240015],[152.9038124997933,-25.491967999305288],[152.90341449978038,-25.49218299934332],[152.9041281087683,-25.49150708627755],[152.9038769047325,-25.49141465330343],[152.90452690077308,-25.491224927240015]],[[152.898702106129,-25.490611838826577],[152.89861225620692,-25.49132699182978],[152.89773583407856,-25.490975619920118],[152.89806658706547,-25.49060003389014],[152.898702106129,-25.490611838826577]],[[152.90100698283723,-25.49459438456406],[152.90118699982594,-25.494356499548037],[152.9014889998706,-25.494480999516824],[152.9013599998664,-25.494550499529144],[152.90100698283723,-25.49459438456406]],[[152.92479215543267,-25.496808742170128],[152.92311706330693,-25.497123325334947],[152.9242384592979,-25.49614425723086],[152.9248916493896,-25.496373719163707],[152.92479215543267,-25.496808742170128]],[[152.93281249726303,-25.49718607936543],[152.93360196480782,-25.501038125255082],[152.93307741683958,-25.50172311530197],[152.93253688876172,-25.50151719935766],[152.9324065206927,-25.501053563374462],[152.93054705057568,-25.501588291556015],[152.92945793261526,-25.50279232865506],[152.92852237053157,-25.502857192748063],[152.9279674224387,-25.50253967080608],[152.9279779723842,-25.502082465808765],[152.92989074444245,-25.501019685626268],[152.9306312804413,-25.50041352155714],[152.93133103136256,-25.499200850497104],[152.93224626838537,-25.498650758410083],[152.93281249726303,-25.49718607936543]],[[152.9007942653454,-25.50720809348254],[152.90178202234017,-25.506366325390786],[152.90117704842783,-25.50757869544127],[152.9007942653454,-25.50720809348254]],[[152.8819630354611,-25.506871870364698],[152.8824683545509,-25.507204489311583],[152.88261898170202,-25.508330602287376],[152.88090135238727,-25.507120236468594],[152.8819630354611,-25.506871870364698]],[[152.9287511408822,-25.505562461703153],[152.92908375686264,-25.50513248867342],[152.9295391739174,-25.505216501627196],[152.93017868710615,-25.506255842554786],[152.9289838081572,-25.50764064466295],[152.92879849727382,-25.508751093672448],[152.92825015633062,-25.509661375719844],[152.92566476012678,-25.510066761974933],[152.92438603906984,-25.510628692098162],[152.92419955103887,-25.510524086117616],[152.92479708800175,-25.509736738064337],[152.92442804591616,-25.509328752104516],[152.9224638418594,-25.5104449602917],[152.92214344389174,-25.510969899319438],[152.92181746682328,-25.510668642354485],[152.9221079416191,-25.508752159341057],[152.92160977449583,-25.50813740439582],[152.9219365344259,-25.507297425370048],[152.92610973081403,-25.507130874954353],[152.92675651577505,-25.506287685896606],[152.9287511408822,-25.505562461703153]],[[152.93060298966594,-25.510526206477603],[152.93063665650973,-25.509212099484966],[152.93170300043366,-25.507724999390472],[152.93056277081504,-25.51178655147136],[152.92967378280113,-25.51238942955531],[152.92882899973503,-25.51252549963864],[152.9287429996285,-25.511717499653802],[152.93027449978075,-25.51173699950057],[152.93010599967226,-25.51097899952357],[152.93060298966594,-25.510526206477603]],[[152.92198787741037,-25.50712810036629],[152.9210615582737,-25.50674938646192],[152.92055644617105,-25.50631053351598],[152.92062316813698,-25.505976619512026],[152.92206841127953,-25.50598543436753],[152.922427146382,-25.50654088632717],[152.92198787741037,-25.50712810036629]],[[152.90399081649463,-25.489359633308794],[152.90335513538207,-25.48894443037559],[152.90407100038368,-25.48838049930873],[152.904609143522,-25.48908669824926],[152.90399081649463,-25.489359633308794]],[[152.91058273580393,-25.486593917673],[152.909357999668,-25.48645999879641],[152.9088343285429,-25.485850520853692],[152.90920404355936,-25.48568875381805],[152.91031199972954,-25.48619849970323],[152.91058273580393,-25.486593917673]],[[152.8880220344182,-25.48511391593738],[152.88790069845246,-25.485494383946385],[152.88692853331077,-25.485108776046552],[152.88721875532244,-25.484970897018695],[152.8880220344182,-25.48511391593738]],[[152.8964210002028,-25.484808999101578],[152.8961520001632,-25.484699499129334],[152.89657500016494,-25.48437299908977],[152.89631982913028,-25.484292038115942],[152.896496491105,-25.48394161610116],[152.89739876718724,-25.48389162901148],[152.89738573922335,-25.48420008001024],[152.89696467018456,-25.48422009605211],[152.8964210002028,-25.484808999101578]],[[152.9117959995795,-25.483763999574844],[152.91195949957324,-25.48358049956002],[152.91134050044806,-25.483047499626164],[152.91072950043346,-25.483419499684192],[152.91021850037436,-25.48334349973588],[152.9107740003745,-25.482897499684],[152.91113150024185,-25.48151449965953],[152.91231900029106,-25.480962999545447],[152.91251350038445,-25.481576999521018],[152.91345500049803,-25.481753999425525],[152.91315849951414,-25.482125999452133],[152.91372049963874,-25.482700999391277],[152.91349799969046,-25.48330649940858],[152.91297099964453,-25.483352999460845],[152.91294599968697,-25.483723499460282],[152.9117959995795,-25.483763999574844]],[[152.89770500000967,-25.482179498994874],[152.8958864999454,-25.48311649916873],[152.89575199986623,-25.482571499186616],[152.89544049989067,-25.483024999214006],[152.8946809998128,-25.482994999290074],[152.89394649962782,-25.48206099937097],[152.89599699968986,-25.48091849917565],[152.89612099980633,-25.48177949915624],[152.89770500000967,-25.482179498994874]],[[152.91590099977603,-25.482074999178558],[152.91789049980474,-25.480707498990974],[152.91625999983697,-25.482287999140986],[152.91590099977603,-25.482074999178558]],[[152.91595049963007,-25.480830999183777],[152.91506880448,-25.480304960276122],[152.91528534746294,-25.479988858257045],[152.9150928464219,-25.479805724277774],[152.91627299962946,-25.480566499153674],[152.91595049963007,-25.480830999183777]],[[152.88943000042818,-25.475802498872746],[152.88895200035248,-25.47556349892238],[152.888874000263,-25.474887998935678],[152.88923000028382,-25.47477249890108],[152.88921900033287,-25.475185998898855],[152.88968100037823,-25.47518799885273],[152.89015750036825,-25.474720998808955],[152.89011400040587,-25.475066498810467],[152.89123299953212,-25.475205499697687],[152.88973650041942,-25.475482998844782],[152.88943000042818,-25.475802498872746]],[[152.91489274472664,-25.457733701477697],[152.914829688691,-25.45748966548597],[152.91526288170843,-25.457284964444376],[152.91640149981023,-25.457207499331243],[152.91625647488527,-25.457943861339743],[152.91489274472664,-25.457733701477697]],[[152.9066465000435,-25.458741499293104],[152.9072430000315,-25.458161499238244],[152.90751500011154,-25.458602999207514],[152.90759000009663,-25.458418999201477],[152.90769800011222,-25.45846099919036],[152.90689750012132,-25.459180999264426],[152.9066465000435,-25.458741499293104]],[[152.91357952991348,-25.460332906587666],[152.9138184378823,-25.45988288056743],[152.9144394999932,-25.46029799950204],[152.91525450017403,-25.461132499413825],[152.9154180752863,-25.461926987391006],[152.91462150020712,-25.46191649947067],[152.9141810000902,-25.461306499519672],[152.9145166980655,-25.460831728489957],[152.91357952991348,-25.460332906587666]],[[152.92549300043953,-25.455076999440166],[152.9254549995132,-25.455714999438822],[152.92501899952975,-25.456201999478388],[152.92462721736112,-25.45512707452628],[152.9236785002973,-25.455363999619184],[152.9234045002272,-25.45500649964946],[152.92434076617613,-25.45383151056549],[152.9247650002264,-25.45390499952249],[152.92447700021424,-25.454035999550207],[152.92467450030887,-25.454657499525435],[152.92478850026464,-25.4542014995177],[152.92521050031064,-25.454240499475237],[152.9250319383867,-25.4550124214868],[152.92549300043953,-25.455076999440166]],[[152.925098512263,-25.453938144488923],[152.92615088335887,-25.453881590384178],[152.9261090003893,-25.454165999386063],[152.9265852354027,-25.453892801340697],[152.9269195004502,-25.454015499306266],[152.92645528045261,-25.45440940934948],[152.92570575837968,-25.454410943424342],[152.925098512263,-25.453938144488923]],[[152.87020864736505,-25.499066069600712],[152.8697371423733,-25.499516230644062],[152.86940176232014,-25.499347299678842],[152.86994057032135,-25.49892175562859],[152.87020864736505,-25.499066069600712]],[[152.8751862008767,-25.499267756102643],[152.87460397174317,-25.49863576316587],[152.87464365972406,-25.498446563163483],[152.8752983657891,-25.498453859098102],[152.87547149288022,-25.499066865075818],[152.8751862008767,-25.499267756102643]],[[152.9310355000147,-25.587143498810526],[152.93099011494246,-25.58658504981965],[152.9325495461568,-25.587088442659628],[152.93331085449117,-25.58922338356616],[152.9327573513945,-25.58887555262433],[152.932746500306,-25.588156999631305],[152.93192576720233,-25.58796729871488],[152.9321680001646,-25.58746099969478],[152.93169750011188,-25.587407499742227],[152.93129196098974,-25.58673022078827],[152.9310355000147,-25.587143498810526]],[[152.93215650041265,-25.58951099967924],[152.9312305001493,-25.58809249878331],[152.9314588801149,-25.58762525576434],[152.93176174018564,-25.587962168731277],[152.93158245420045,-25.588229362747047],[152.9326470423798,-25.588843844635615],[152.93215650041265,-25.58951099967924]],[[152.93282950047964,-25.589517999611914],[152.9332979995444,-25.589671999563816],[152.93348399960485,-25.59001899954238],[152.93282555452356,-25.589882610609333],[152.93282950047964,-25.589517999611914]],[[152.93334203773946,-25.59124043054667],[152.93357158962786,-25.59013741353271],[152.93440345081223,-25.590980955442653],[152.93359799979285,-25.59147299951918],[152.93334203773946,-25.59124043054667]],[[152.96060616712725,-25.60528130170531],[152.962053482224,-25.60490755756349],[152.96237748229402,-25.605221057528514],[152.96134098123076,-25.60553805662968],[152.96060616712725,-25.60528130170531]],[[152.96066600024062,-25.606164999692098],[152.9617225003764,-25.60642699958426],[152.9616235004171,-25.60684099959079],[152.9622600004646,-25.606716999528075],[152.9614690044804,-25.607485383601002],[152.96066650039927,-25.60746749968148],[152.96029414023872,-25.606449434727],[152.96066600024062,-25.606164999692098]],[[152.95621326100166,-25.607798167124447],[152.95805686826967,-25.608511053934127],[152.95870408232298,-25.608425393870082],[152.95892775140345,-25.60890604584376],[152.95874691244245,-25.609372418858058],[152.959237079512,-25.609548498807595],[152.95844709945342,-25.609705542885347],[152.95786146147026,-25.610316470939008],[152.95855179466588,-25.611366406861396],[152.95906226874695,-25.611619184808255],[152.9571744127132,-25.61286747398701],[152.95677679667983,-25.612914802026406],[152.95676133062992,-25.61251743103116],[152.95514589438167,-25.611782841198806],[152.95398608601027,-25.609668423332025],[152.95400512078686,-25.6078172033452],[152.95420499596932,-25.609154460314322],[152.9548284151203,-25.609892093245964],[152.9564987962429,-25.609549451081588],[152.95579923505184,-25.608545318159774],[152.9558706189848,-25.607936176157555],[152.95621326100166,-25.607798167124447]],[[152.95371232371338,-25.615666553310653],[152.95471279781003,-25.615652545210665],[152.95588749002448,-25.6164644180865],[152.95689447910934,-25.616348299986676],[152.95731314110185,-25.615948397948078],[152.95851216822786,-25.616014448827546],[152.9600997974299,-25.616391203665568],[152.96104594559918,-25.617016905565766],[152.96264216606525,-25.619554906385364],[152.96265106629662,-25.62144768236912],[152.9621615563448,-25.622239799411673],[152.96074809518032,-25.62203071255482],[152.9599105229704,-25.620983747647145],[152.95961470080044,-25.61982663668617],[152.95863614563578,-25.619264488788694],[152.95831194644234,-25.61793793883195],[152.9548468560334,-25.617378765183176],[152.95403686499435,-25.617712187261528],[152.95339143603755,-25.61858961431897],[152.95301228570335,-25.61615006037676],[152.95371232371338,-25.615666553310653]],[[152.96469761389562,-25.62471317413769],[152.96597479250568,-25.620479642044273],[152.9677028208446,-25.621866694860035],[152.9698897004804,-25.625320121613047],[152.97058878089,-25.62811814152028],[152.9695906338412,-25.62852356561686],[152.9680077805739,-25.627607940782806],[152.96741113056586,-25.628023853839146],[152.96705561948147,-25.627618132878037],[152.96656220449242,-25.628106868923435],[152.9657939522623,-25.62683776701067],[152.9648763461238,-25.626442312105755],[152.96469761389562,-25.62471317413769]],[[152.9570889325797,-25.628267641870256],[152.95726502861794,-25.628440271851257],[152.95703832861003,-25.628558235872944],[152.95759054870348,-25.62887922981512],[152.9578752507101,-25.62870298278807],[152.9582409998901,-25.629886499741836],[152.9577699999416,-25.63068999878241],[152.95776650012544,-25.63220299877044],[152.95736800017576,-25.632937998804362],[152.9574030002338,-25.63338599879723],[152.957824000245,-25.633137999757114],[152.95733600031937,-25.634143498797737],[152.95787800031334,-25.633655999747496],[152.9578115003467,-25.633983499751483],[152.957320000352,-25.634423998797086],[152.95675100029558,-25.634420998854054],[152.95623050022095,-25.63422899890768],[152.95513799994183,-25.632819999028477],[152.95514149990527,-25.632516499030572],[152.955822500072,-25.633335498955798],[152.95622600010174,-25.63325299891608],[152.9563320000661,-25.632874998908544],[152.95579799998967,-25.632678998963545],[152.95524599982915,-25.631806999025915],[152.95544149977388,-25.631194499011276],[152.95582099984978,-25.631510998970782],[152.95598299984658,-25.631354498955844],[152.9555079997729,-25.631132499005183],[152.95555899970165,-25.63050649900516],[152.95492949961252,-25.630283999069952],[152.9553809996578,-25.630289999024715],[152.9553609996259,-25.63004499902869],[152.9554439996802,-25.63042349901733],[152.95613999974302,-25.630376498948078],[152.95573649965723,-25.629998498991494],[152.95598249966346,-25.629850498968132],[152.95553849962508,-25.629893999012182],[152.95578499962144,-25.62966499898941],[152.95558349956758,-25.629385499011814],[152.95487500047375,-25.6291874990843],[152.9547310004955,-25.6294834990963],[152.95412710814838,-25.62712003417596],[152.9542681641525,-25.627040093162492],[152.95411328512418,-25.626932696178883],[152.95417154510147,-25.62669857917497],[152.9539914760204,-25.626178855197203],[152.95396471198018,-25.625869196202423],[152.9540011549604,-25.62567711020031],[152.9541924740049,-25.625888142179406],[152.95456313298595,-25.625433340146053],[152.9550848800461,-25.62550560609328],[152.95536486003897,-25.625220224067572],[152.95682974729905,-25.62617241391327],[152.9570498213505,-25.626417637889222],[152.9568602704196,-25.62713816190235],[152.9575551285553,-25.627691047828296],[152.9570889325797,-25.628267641870256]],[[152.89045590017878,-25.62134595458556],[152.88929652126302,-25.622979988687916],[152.88884583320498,-25.622867455733832],[152.89076759989808,-25.618781598575257],[152.89071567874515,-25.617563387590362],[152.89121061079675,-25.617587798540793],[152.89209387896267,-25.618237610447345],[152.89205716614296,-25.619752287438693],[152.8913577472297,-25.62103406549803],[152.89045590017878,-25.62134595458556]],[[152.88873269133146,-25.615763874802933],[152.88923224352823,-25.61697975474314],[152.8888362445293,-25.61730895477999],[152.8877950463582,-25.616744342888488],[152.88785225527678,-25.61602679888862],[152.88822397727864,-25.61574150985387],[152.88873269133146,-25.615763874802933]],[[152.8983950002411,-25.64834949957345],[152.89862500022988,-25.648070499552773],[152.89894050029116,-25.648319499519243],[152.89907649952482,-25.650131999490963],[152.8997889997749,-25.651610999407772],[152.89904293783096,-25.652678152473577],[152.8988164997896,-25.65252199949749],[152.89918049980625,-25.652362499462445],[152.89899599973938,-25.65196249948411],[152.89943399977238,-25.651878499441032],[152.8989059996296,-25.65113199949983],[152.89883399955391,-25.65056799951162],[152.8990884995772,-25.65055349948631],[152.89869400042267,-25.649601499533443],[152.8989120004782,-25.649881499509437],[152.89879450030008,-25.648510999532302],[152.8983950002411,-25.64834949957345]],[[152.8995931060638,-25.65414772040673],[152.8993640408888,-25.65289322643981],[152.89966290596408,-25.653270349406892],[152.8995931060638,-25.65414772040673]],[[152.89951677505098,-25.654103534414737],[152.89937145408516,-25.65450363642594],[152.89915881409533,-25.654759527445094],[152.89940364506478,-25.654309371424297],[152.89919570500672,-25.65400026844762],[152.89951677505098,-25.654103534414737]],[[152.88884844938954,-25.731350102851984],[152.88872193529733,-25.73069523186992],[152.88891351640243,-25.73140340484508],[152.88884844938954,-25.731350102851984]],[[152.88664950031543,-25.732530999061847],[152.88735810442535,-25.732857795988473],[152.8875659995857,-25.734006498958415],[152.8891894997537,-25.73406649879593],[152.88814749969052,-25.73439449889722],[152.887299499567,-25.734069498984503],[152.8871254995933,-25.73442749899897],[152.88675499954292,-25.73431499903685],[152.88664950031543,-25.732530999061847]],[[152.89192799986373,-25.73274249953334],[152.8915319998048,-25.732580999574168],[152.8914689996833,-25.73163299958816],[152.89185299964808,-25.73103149955472],[152.8921459897266,-25.731438204522146],[152.89192799986373,-25.73274249953334]],[[152.97837306870366,-25.80058249133951],[152.98092282166263,-25.79817741010365],[152.9820524986874,-25.797463097996324],[152.98265597674214,-25.79742114193619],[152.9859361342749,-25.799116577593818],[152.9874058567428,-25.801750421425204],[152.98672485483272,-25.80303918948297],[152.98581181181407,-25.803627487569678],[152.98448105565288,-25.80338918970493],[152.98417174546458,-25.80210033174636],[152.9843884664073,-25.801455933729883],[152.98417184537902,-25.80139987775209],[152.98353731239993,-25.80208625481004],[152.98341335652458,-25.80320695581334],[152.98181942245031,-25.80389320896748],[152.97923519921096,-25.804032954225196],[152.976829200892,-25.803377031471467],[152.9778066987122,-25.801112064391926],[152.97966961180003,-25.800318720211802],[152.98117624297484,-25.800525589059227],[152.98071063286395,-25.79999645411013],[152.9807654878179,-25.799574843108083],[152.98224483388486,-25.79892195396523],[152.98465533423928,-25.799864642716095],[152.98517584326467,-25.799649755665676],[152.98524893322949,-25.799302565661154],[152.9824732557933,-25.79798782094988],[152.97837306870366,-25.80058249133951]],[[153.0229661780767,-25.84915002147534],[153.0235629330037,-25.848069454424227],[153.02474321207433,-25.847688631308877],[153.02558474535505,-25.849296910211425],[153.02569377864734,-25.85159290918189],[153.02416116682903,-25.85431889731349],[153.0231843117664,-25.854601455409263],[153.0223161097749,-25.855375110490087],[153.02116276764218,-25.85522794460701],[153.02098630157352,-25.85481052062807],[153.02175974468346,-25.85508052154829],[153.02235672072328,-25.854920820489696],[153.01994135732966,-25.85366879974216],[153.02015816814662,-25.851998954733954],[153.02124356722743,-25.851777788626848],[153.02174548821864,-25.851298866580432],[153.02118925519497,-25.85155678963412],[153.02098570014766,-25.85133581165633],[153.02147383199159,-25.849665922620865],[153.0229661780767,-25.84915002147534]],[[153.04688150025254,-25.880108998823683],[153.04746800127742,-25.879836497767027],[153.04739150033117,-25.880336498770628],[153.04727000028274,-25.880039998785247],[153.04688150025254,-25.880108998823683]],[[153.04581900037994,-25.882008998915026],[153.04626899936713,-25.881539495873593],[153.0459115004516,-25.882518498901568],[153.04581900037994,-25.882008998915026]],[[153.04755849954515,-25.881943999740823],[153.0478705025901,-25.88205750070858],[153.04805799964677,-25.88236749968725],[153.04765449964938,-25.882715499724934],[153.04799950069201,-25.88278299868974],[153.04752999967786,-25.88304849973475],[153.04733499961048,-25.882658499757515],[153.04758849958003,-25.88220449973574],[153.0478009996236,-25.882386499712922],[153.04755849954515,-25.881943999740823]],[[153.05009499980176,-25.8819769994858],[153.0506719999847,-25.883000499419566],[153.0509925001417,-25.88401899937912],[153.0509215001572,-25.884202999384755],[153.05046750005476,-25.883736999434166],[153.05009499980176,-25.8819769994858]],[[153.049706999923,-25.88327999951421],[153.04982250003644,-25.884110499495886],[153.04938299995416,-25.883796499542566],[153.04960099994253,-25.88352499952288],[153.04925449991129,-25.883551999557458],[153.0493099998689,-25.883161499555065],[153.049706999923,-25.88327999951421]],[[153.04774749979777,-25.883849499706425],[153.0470929997394,-25.883904498771695],[153.04688799966354,-25.883452998795946],[153.04709249970153,-25.883596998774227],[153.047147499662,-25.883229498771705],[153.04750099969698,-25.8832279997362],[153.04774749979777,-25.883849499706425]],[[153.05161200036366,-25.885324999306317],[153.05119200021616,-25.884463499355487],[153.0520495004334,-25.885538499260665],[153.05168550049257,-25.886315499290898],[153.05077900041803,-25.88644299938093],[153.0510755003687,-25.885800999356324],[153.05072900033633,-25.88581799939101],[153.05023200016316,-25.884810499449067],[153.05056050018774,-25.88474499941662],[153.0505125002136,-25.884994499419395],[153.05138600038603,-25.88569049932602],[153.05161200036366,-25.885324999306317]],[[153.02953528112735,-25.933916075129012],[153.03010424111505,-25.933353223076487],[153.03066543217582,-25.933392214019864],[153.02976447017332,-25.934104715104525],[153.02953528112735,-25.933916075129012]]]}},{"type":"Feature","properties":{"name":"Beelbi Creek","zt":"HPZ","zid":"HPZ15","notake":false},"geometry":{"type":"Polygon","coordinates":[[[152.66536581910117,-25.247095940999724],[152.66386032293747,-25.24694594114982],[152.6630269888049,-25.24651260823579],[152.66187698852616,-25.24511260836096],[152.66139956347993,-25.24511260840818],[152.66368052894163,-25.247126521166127],[152.66539866214387,-25.24742661899372],[152.66536581910117,-25.247095940999724]]]}},{"type":"Feature","properties":{"name":"Riverview","zt":"CPZ","zid":"CPZ10","notake":false},"geometry":{"type":"Polygon","coordinates":[[[152.48347693257924,-24.918582907611725],[152.48018852237422,-24.919505209926974],[152.47884723422598,-24.919334388060076],[152.47698013652231,-24.914881651279824],[152.47717110945445,-24.914153004267057],[152.47682561125512,-24.912743412312558],[152.47600221510902,-24.912171095398016],[152.47537374080107,-24.910069621476975],[152.47503844402763,-24.912260554491915],[152.4754437361792,-24.9132173424443],[152.47610692326555,-24.913412809377572],[152.4764047343849,-24.914183489342047],[152.47510692240851,-24.915432621459182],[152.47262308934995,-24.916945531690533],[152.4704559339726,-24.915500242915094],[152.47024294486963,-24.914800265941725],[152.4689955367867,-24.915105938061576],[152.46876206471393,-24.914678555088013],[152.46923821172493,-24.914386234043658],[152.46931765967176,-24.913871414040113],[152.46720868340242,-24.91329470225178],[152.46655196727596,-24.912753943320666],[152.46616841851076,-24.91505409733944],[152.46684440761265,-24.91537095127047],[152.4674897887714,-24.916194755200436],[152.4677370789287,-24.91732771916686],[152.46938437721033,-24.918382425996608],[152.46949359815156,-24.917795962990667],[152.4708269314382,-24.91914596284876],[152.4718269315828,-24.91956262974723],[152.47174801062957,-24.9200223537512],[152.47384733490352,-24.920646430540067],[152.47473110108345,-24.92145606544667],[152.47482711056404,-24.92545006340452],[152.47729359964953,-24.92417929617284],[152.48004359982565,-24.92344596290895],[152.48347693257924,-24.918582907611725]]]}},{"type":"Feature","properties":{"name":"Fork Bank","zt":"MNP","zid":"MNP13","notake":true},"geometry":{"type":"Polygon","coordinates":[[[152.8866603408459,-25.216679253264317],[152.93332701134935,-25.216679248603747],[152.93332699928024,-25.116679249422074],[152.86666032687788,-25.116679256077244],[152.86666033185085,-25.15801258873894],[152.8866603408459,-25.216679253264317]]]}},{"type":"Feature","properties":{"name":"Southern Hervey Bay","zt":"MNP","zid":"MNP09","notake":true},"geometry":{"type":"Polygon","coordinates":[[[152.93332699492626,-25.080562582717928],[152.93332698321962,-24.983345916514917],[152.8666603108594,-24.983345923169836],[152.86666032253532,-25.08056258937301],[152.93332699492626,-25.080562582717928]]]}},{"type":"Feature","properties":{"name":"Northern Fork Bank","zt":"HPZ","zid":"HPZ11","notake":false},"geometry":{"type":"Polygon","coordinates":[[[152.86666032687788,-25.116679256077244],[152.93332699928024,-25.116679249422074],[152.93332699492626,-25.080562582717928],[152.86666032253532,-25.08056258937301],[152.86666032687788,-25.116679256077244]]]}},{"type":"Feature","properties":{"name":"Urangan South","zt":"GUZ","zid":"GUZ16","notake":false},"geometry":{"type":"Polygon","coordinates":[[[152.9083724696268,-25.288609409509068],[152.90921035169185,-25.28847667542649],[152.9092103516102,-25.287801015432002],[152.90829759758208,-25.28829914651904],[152.9083724696268,-25.288609409509068]]]}},{"type":"Feature","properties":{"name":"Urangan","zt":"GUZ","zid":"GUZ15","notake":false},"geometry":{"type":"Polygon","coordinates":[[[152.90691035101636,-25.284729250686773],[152.90444680047796,-25.282245916953062],[152.90362350548446,-25.282959900029397],[152.90558412888058,-25.28466805481972],[152.90821635553135,-25.287944432530097],[152.90921035160787,-25.287781713432153],[152.90691035101636,-25.284729250686773]]]}},{"type":"Feature","properties":{"name":"Offshore Woodgate","zt":"MNP","zid":"MNP11","notake":true},"geometry":{"type":"Polygon","coordinates":[[[152.69999364485085,-25.12501260557041],[152.6999936398715,-25.083329272911545],[152.6332936291116,-25.04677927980783],[152.63329363842936,-25.1250126121676],[152.69999364485085,-25.12501260557041]]]}},{"type":"Feature","properties":{"name":"Four Mile Reef","zt":"CPZ","zid":"CPZ14","notake":false},"geometry":{"type":"Polygon","coordinates":[[[152.57314361444796,-24.971845952355764],[152.52192694254927,-24.971845957397246],[152.52192694752947,-25.013912624052733],[152.57314361943835,-25.013912619011187],[152.57314361444796,-24.971845952355764]],[[152.54716028051112,-24.984912621807695],[152.56074361481112,-24.984912620470276],[152.56074361631298,-24.997579287366477],[152.54716028201216,-24.997579288703882],[152.54716028051112,-24.984912621807695]]]}},{"type":"Feature","properties":{"name":"Garrys Anchorage","zt":"MNP","zid":"MNP23","notake":true},"geometry":{"type":"Polygon","coordinates":[[[152.96652673158692,-25.620701296987235],[152.96583903550024,-25.620545252057365],[152.96544966057192,-25.621447711088976],[152.96486995374963,-25.623375772131315],[152.9647387710747,-25.626151054121895],[152.96508277216563,-25.626619174083643],[152.9657939522623,-25.62683776701067],[152.96656220449242,-25.628106868923435],[152.96705561948147,-25.627618132878037],[152.96741113056586,-25.628023853839146],[152.9680077805739,-25.627607940782806],[152.9699233098753,-25.62853404058348],[152.97070355687097,-25.6278685405108],[152.9698897004804,-25.625320121613047],[152.96868884610353,-25.623196139750526],[152.96652673158692,-25.620701296987235]],[[152.96524099972848,-25.62290199909803],[152.9657894995569,-25.6210504990582],[152.96644699964162,-25.621213998991028],[152.9676409999087,-25.622442998861526],[152.96786647405793,-25.623485889830473],[152.96706034901194,-25.623759431908947],[152.96542499983354,-25.62361599907379],[152.96524099972848,-25.62290199909803]],[[152.96820450012348,-25.62375099879447],[152.96808711807316,-25.623432747808803],[152.96806656405025,-25.62326122181228],[152.96826732409846,-25.623494937790245],[152.96820450012348,-25.62375099879447]]]}},{"type":"Feature","properties":{"name":"Rooney Point","zt":"HPZ","zid":"HPZ03","notake":false},"geometry":{"type":"Polygon","coordinates":[[[153.05749363791438,-24.78334590571705],[153.11116031943274,-24.86161256667745],[153.18824999272672,-24.861612558906657],[153.17857079820544,-24.84836539999256],[153.17209269072274,-24.841182874705297],[153.1675067797643,-24.83684915320354],[153.16133983856355,-24.83174524286753],[153.15307517510314,-24.826130011747086],[153.14909202146217,-24.823942567166608],[153.1432670545932,-24.821307349775346],[153.14015109516922,-24.820234374098163],[153.13494541053373,-24.819045383632446],[153.13175965120578,-24.818820920955226],[153.13006092807416,-24.81905872412438],[153.12502315985424,-24.821174435614335],[153.121607440619,-24.821897559952326],[153.1186707403327,-24.82182348524864],[153.11608507099842,-24.82107879251507],[153.1148474887837,-24.820269696646303],[153.1133800514531,-24.818680633807098],[153.11270360822084,-24.817287006886627],[153.1124451260066,-24.815716515925565],[153.11281183475307,-24.813330687908277],[153.11548855440546,-24.808362566679726],[153.05749363791438,-24.78334590571705]]]}},{"type":"Feature","properties":{"name":"Point Vernon West","zt":"HPZ","zid":"HPZ16","notake":false},"geometry":{"type":"Polygon","coordinates":[[[152.8088377256482,-25.25257926072393],[152.8082169394566,-25.25148589979466],[152.80573672298212,-25.249536622057242],[152.80526416284494,-25.24877567011044],[152.80432700272263,-25.24851259420586],[152.80816033758254,-25.25257926079131],[152.8088377256482,-25.25257926072393]]]}}]}