lat,lng,depth
-26.637850,153.023360,-0.52
-26.638301,153.024867,-0.76
-26.620694,153.025365,-0.98
-26.637849,153.028132,-0.62
-26.639203,153.028886,-0.45
-26.638526,153.028634,-0.88
-26.636946,153.029136,-0.71
-26.396757,153.064167,1.39
-26.395177,153.063916,1.12
-26.394951,153.064417,1.19
-26.341452,153.064387,0.77
-26.339872,153.064387,1.12
-26.338743,153.064386,1.19
-26.337163,153.064385,1.85
-26.335583,153.064134,1.72
-26.334003,153.064383,1.57
-26.332197,153.063881,1.94
-26.330165,153.064381,1.95
-26.328585,153.064380,2.57
-26.328359,153.064380,2.70
-26.326102,153.064379,2.62
-26.324748,153.063376,2.68
-26.322716,153.064377,2.72
-26.320910,153.064376,2.79
-26.320233,153.063374,2.87
-26.317073,153.063622,2.88
-26.315493,153.063622,2.95
-26.315041,153.063621,2.92
-26.313687,153.063871,2.97
-26.311881,153.063870,3.05
-26.308946,153.064119,2.76
-26.307817,153.064369,2.94
-26.306237,153.064368,3.09
-26.305109,153.064367,2.99
-26.303754,153.064367,2.15
-26.302174,153.064366,1.62
-26.299465,153.064364,0.73
-26.297885,153.064363,0.65
-26.296756,153.064363,0.53
-26.294950,153.064362,0.78
-26.293822,153.064361,0.07
-26.396757,153.064669,0.94
-26.396531,153.064669,1.55
-26.394499,153.066171,2.15
-26.351158,153.065896,0.22
-26.349804,153.066146,0.47
-26.347998,153.066145,1.56
-26.347772,153.066145,1.59
-26.344837,153.066143,2.14
-26.343031,153.066142,3.37
-26.341451,153.066141,4.03
-26.339871,153.066140,4.77
-26.338291,153.066139,5.49
-26.336711,153.066138,6.06
-26.335131,153.066138,6.82
-26.333325,153.066137,7.01
-26.333099,153.066136,7.04
-26.330842,153.066135,6.97
-26.328359,153.066134,7.40
-26.326778,153.066133,7.79
-26.325198,153.066132,7.74
-26.324973,153.066132,7.83
-26.322264,153.066130,7.63
-26.321587,153.066130,7.67
-26.320006,153.066129,7.93
-26.318201,153.066128,7.63
-26.315943,153.066127,7.75
-26.314363,153.066126,7.60
-26.313460,153.066125,7.29
-26.311654,153.066124,7.16
-26.310074,153.066123,6.30
-26.308720,153.066123,6.02
-26.307139,153.066122,5.56
-26.305559,153.066121,5.44
-26.303979,153.066120,4.49
-26.302173,153.066119,3.89
-26.300593,153.066118,3.19
-26.298336,153.065115,3.21
-26.296079,153.065615,3.00
-26.294273,153.065864,2.88
-26.292692,153.065863,3.15
-26.291112,153.066113,3.38
-26.290886,153.066112,3.13
-26.289306,153.066112,2.00
-26.287500,153.065860,1.03
-26.284566,153.065858,0.51
-26.284114,153.066109,0.68
-26.282308,153.066108,0.46
-26.280277,153.066106,-0.56
-26.395176,153.066422,0.78
-26.394499,153.067174,2.21
-26.392693,153.066922,-1.13
-26.362895,153.067907,1.71
-26.361315,153.067906,1.29
-26.359735,153.067404,2.34
-26.358381,153.066902,2.14
-26.356801,153.067904,0.44
-26.354543,153.067903,1.22
-26.352963,153.067902,2.62
-26.351157,153.067901,3.95
-26.349577,153.067900,4.71
-26.348223,153.067899,5.57
-26.346642,153.067898,6.46
-26.345739,153.067897,6.61
-26.343482,153.067896,7.46
-26.341451,153.067895,8.10
-26.339870,153.067894,8.33
-26.338742,153.067893,9.00
-26.336710,153.067892,9.40
-26.336033,153.067892,9.76
-26.333324,153.067890,9.88
-26.333098,153.067890,9.95
-26.330389,153.067888,10.09
-26.329261,153.067888,10.47
-26.328132,153.067887,10.58
-26.326552,153.067886,10.40
-26.324069,153.067885,10.50
-26.322714,153.067884,10.78
-26.320683,153.067883,10.40
-26.320006,153.067882,10.59
-26.317297,153.067881,10.50
-26.315717,153.067880,10.41
-26.315265,153.067880,10.37
-26.313685,153.067879,10.17
-26.311879,153.067878,9.77
-26.310299,153.067877,9.81
-26.307364,153.067875,9.63
-26.306913,153.067875,9.63
-26.305107,153.067874,9.14
-26.303075,153.067873,8.94
-26.300818,153.067871,8.42
-26.300592,153.067871,8.57
-26.299012,153.067870,7.79
-26.297206,153.067869,7.93
-26.295626,153.067868,6.82
-26.293820,153.067867,6.15
-26.292466,153.067866,5.86
-26.290886,153.067865,4.46
-26.289305,153.067865,3.93
-26.286597,153.066861,3.57
-26.284565,153.067111,3.51
-26.283436,153.067360,3.59
-26.281630,153.067610,3.22
-26.279599,153.067859,3.73
-26.279373,153.067859,3.20
-26.277793,153.067858,1.65
-26.276213,153.067857,0.98
-26.274407,153.067605,0.40
-26.272149,153.067855,0.13
-26.271472,153.067604,-0.75
-26.397658,153.068930,-0.77
-26.395175,153.068428,1.24
-26.394047,153.068176,1.88
-26.393369,153.068928,0.60
-26.390661,153.068174,-1.13
-26.389757,153.069427,-1.13
-26.365829,153.069413,1.95
-26.365603,153.069663,1.89
-26.363121,153.068409,1.95
-26.361315,153.068408,2.39
-26.359283,153.069659,2.42
-26.357703,153.069658,3.92
-26.356122,153.069657,5.44
-26.354542,153.069656,6.37
-26.352962,153.069656,7.04
-26.351156,153.069654,7.71
-26.350253,153.069654,8.15
-26.347996,153.069653,8.38
-26.346416,153.069652,8.94
-26.344836,153.069651,9.47
-26.343030,153.069650,9.98
-26.341450,153.069649,10.31
-26.339870,153.069648,10.61
-26.338289,153.069647,11.06
-26.336709,153.069646,11.38
-26.334903,153.069645,11.65
-26.333323,153.069644,11.87
-26.331743,153.069643,12.16
-26.330389,153.069642,12.32
-26.328583,153.069641,12.45
-26.326777,153.069640,12.51
-26.326100,153.069639,12.65
-26.324519,153.069639,12.73
-26.322036,153.069637,12.72
-26.320682,153.069636,12.81
-26.319102,153.069635,12.85
-26.318199,153.069635,12.85
-26.316844,153.069634,12.69
-26.315264,153.069633,12.59
-26.313684,153.069632,12.48
-26.310975,153.069630,12.20
-26.310072,153.069630,12.07
-26.308492,153.069629,11.81
-26.306009,153.069627,11.73
-26.304880,153.069627,11.42
-26.303075,153.069626,11.59
-26.300817,153.069624,11.21
-26.300366,153.069624,11.27
-26.299011,153.069623,10.76
-26.296980,153.069622,10.62
-26.295625,153.069621,10.30
-26.293594,153.069620,9.78
-26.291110,153.069619,9.31
-26.290885,153.069618,9.42
-26.289305,153.069617,9.05
-26.287724,153.069617,8.58
-26.285467,153.069615,8.50
-26.284338,153.069614,7.22
-26.282758,153.069614,6.19
-26.280952,153.069612,5.97
-26.279372,153.069612,4.55
-26.277793,153.068359,3.93
-26.275761,153.068608,3.72
-26.274180,153.068857,3.69
-26.273052,153.069107,3.35
-26.270117,153.069606,3.91
-26.269440,153.069606,3.09
-26.268085,153.069605,1.81
-26.266054,153.069604,1.17
-26.264022,153.069602,0.81
-26.262442,153.069601,0.59
-26.261313,153.069601,-1.12
-26.417973,153.071199,-1.08
-26.417747,153.071449,-1.14
-26.411652,153.070944,-1.09
-26.410072,153.070943,-1.14
-26.403300,153.071691,-1.12
-26.402849,153.071189,-1.11
-26.398786,153.070936,-1.08
-26.396754,153.071186,-0.96
-26.395174,153.069931,0.95
-26.394496,153.071435,2.37
-26.393368,153.070181,0.73
-26.390659,153.070681,1.59
-26.389530,153.071181,1.33
-26.388402,153.071181,0.93
-26.386370,153.071179,1.11
-26.384564,153.071679,0.35
-26.382533,153.071177,-1.07
-26.380727,153.071677,0.35
-26.370343,153.071420,1.80
-26.368763,153.070417,2.00
-26.365829,153.070164,1.94
-26.364474,153.071667,2.73
-26.362894,153.071666,4.81
-26.361088,153.071665,6.25
-26.359508,153.071664,7.06
-26.358153,153.071663,7.96
-26.356347,153.071662,8.59
-26.354767,153.071661,9.27
-26.353187,153.071660,9.63
-26.351381,153.071659,10.05
-26.349801,153.071658,10.33
-26.348221,153.071657,10.68
-26.346866,153.071656,11.04
-26.345060,153.071655,11.39
-26.343255,153.071654,11.77
-26.341674,153.071653,12.06
-26.340094,153.071652,12.49
-26.338514,153.071651,12.88
-26.336934,153.071650,13.22
-26.335128,153.071649,13.57
-26.333548,153.071648,13.81
-26.331968,153.071647,14.06
-26.330388,153.071646,14.31
-26.329033,153.071645,14.54
-26.327453,153.071644,14.75
-26.325421,153.071643,14.79
-26.324293,153.071642,14.82
-26.322261,153.071641,14.94
-26.320681,153.071640,15.03
-26.318875,153.071639,15.04
-26.317746,153.071638,15.06
-26.316392,153.071637,14.95
-26.314360,153.071636,14.93
-26.313006,153.071635,14.93
-26.311426,153.071634,14.86
-26.309846,153.071633,14.71
-26.308040,153.071632,14.58
-26.306460,153.071631,14.39
-26.304879,153.071630,14.17
-26.303299,153.071629,13.94
-26.301719,153.071628,13.79
-26.299913,153.071627,13.48
-26.298107,153.071626,13.29
-26.296527,153.071625,13.27
-26.294947,153.071624,13.07
-26.293367,153.071623,12.71
-26.291787,153.071622,12.78
-26.289755,153.071621,12.26
-26.288175,153.071620,12.34
-26.286820,153.071619,11.66
-26.285466,153.071618,10.95
-26.284337,153.071367,10.83
-26.282757,153.071366,10.51
-26.279823,153.071615,9.64
-26.279371,153.071364,9.55
-26.277114,153.071613,9.14
-26.275759,153.071362,8.54
-26.273502,153.071611,7.84
-26.272148,153.071610,6.68
-26.270793,153.071609,6.97
-26.268987,153.071608,4.71
-26.267182,153.070355,3.78
-26.265602,153.070605,3.51
-26.264021,153.070854,3.85
-26.262215,153.071354,3.56
-26.260861,153.071353,3.28
-26.259280,153.071602,2.92
-26.257249,153.071601,1.82
-26.255443,153.071600,0.85
-26.255217,153.071350,0.99
-26.252734,153.071598,0.47
-26.251831,153.071348,-1.05
-26.421358,153.073206,-1.02
-26.420229,153.073456,-0.94
-26.418875,153.072202,-1.09
-26.415714,153.073454,-1.12
-26.413909,153.073452,-1.00
-26.412554,153.073201,-0.94
-26.410749,153.072698,-0.68
-26.408265,153.073198,-1.09
-26.406459,153.073197,1.78
-26.403300,153.071942,-1.05
-26.398785,153.073192,-1.10
-26.397881,153.073442,-1.14
-26.396527,153.073441,-0.97
-26.393819,153.072437,2.77
-26.393141,153.073439,2.18
-26.391110,153.072686,-1.12
-26.389304,153.072184,-1.15
-26.388401,153.072434,-1.10
-26.385467,153.071931,0.45
-26.383886,153.072682,0.69
-26.382081,153.072430,0.68
-26.381855,153.072430,0.63
-26.380275,153.071927,0.33
-26.377792,153.071926,-1.12
-26.377114,153.073179,-1.04
-26.371020,153.071922,1.93
-26.369213,153.073424,1.76
-26.367407,153.073423,4.24
-26.365827,153.073422,6.01
-26.364247,153.073421,7.18
-26.362667,153.073420,8.09
-26.361087,153.073419,8.76
-26.359281,153.073418,9.44
-26.357701,153.073417,9.82
-26.356121,153.073416,10.28
-26.354540,153.073415,10.66
-26.352735,153.073414,11.06
-26.351154,153.073413,11.37
-26.349800,153.073412,11.67
-26.347994,153.073411,12.00
-26.346414,153.073410,12.36
-26.344834,153.073409,12.71
-26.343028,153.073408,13.17
-26.341448,153.073407,13.59
-26.339868,153.073406,13.95
-26.338287,153.073405,14.35
-26.336482,153.073404,14.71
-26.334901,153.073403,15.02
-26.333321,153.073402,15.30
-26.331741,153.073401,15.62
-26.330387,153.073400,15.67
-26.328581,153.073399,15.86
-26.326775,153.073397,16.12
-26.325195,153.073396,16.29
-26.323840,153.073396,16.42
-26.322034,153.073394,16.46
-26.320906,153.073394,16.52
-26.319777,153.073393,16.56
-26.317294,153.073391,16.61
-26.316843,153.073391,16.61
-26.314134,153.073389,16.68
-26.313682,153.073389,16.64
-26.310522,153.073387,16.72
-26.310296,153.073387,16.71
-26.308716,153.073386,16.57
-26.306684,153.073385,16.46
-26.305556,153.073384,16.36
-26.303750,153.073383,16.22
-26.302170,153.073382,16.06
-26.300590,153.073381,15.90
-26.299009,153.073380,15.76
-26.297203,153.073379,15.69
-26.295849,153.073378,15.55
-26.294043,153.073377,15.29
-26.292463,153.073376,15.06
-26.290657,153.073375,14.77
-26.289303,153.073374,14.54
-26.287497,153.073373,13.97
-26.284788,153.073371,13.93
-26.283885,153.073370,13.46
-26.282305,153.073369,12.97
-26.280950,153.073369,12.54
-26.279370,153.073368,11.94
-26.277113,153.073366,11.70
-26.275307,153.073365,11.00
-26.273727,153.073364,11.14
-26.272147,153.073363,10.65
-26.271469,153.073363,9.95
-26.268761,153.073361,9.89
-26.266955,153.073360,9.45
-26.266503,153.073359,9.08
-26.264472,153.073358,7.30
-26.262440,153.073357,7.70
-26.261537,153.073356,6.24
-26.259957,153.073355,4.70
-26.257925,153.073354,4.15
-26.256571,153.072352,3.77
-26.253862,153.072851,3.90
-26.252959,153.073101,3.70
-26.251830,153.073350,3.85
-26.250250,153.073349,2.38
-26.248444,153.073098,1.16
-26.246864,153.073347,1.21
-26.245284,153.073346,-0.30
-26.425872,153.075215,-1.12
-26.424517,153.074963,-1.14
-26.424066,153.075214,-1.07
-26.421809,153.073708,-0.89
-26.418197,153.074709,-1.13
-26.417294,153.074708,-1.07
-26.414811,153.073954,-0.88
-26.410748,153.073701,-1.08
-26.407361,153.075203,-0.52
-26.405330,153.075202,0.68
-26.403524,153.074950,-0.52
-26.401718,153.075199,-0.35
-26.401267,153.075199,-0.44
-26.398333,153.073693,-1.05
-26.397881,153.073693,-1.08
-26.395623,153.074694,0.57
-26.393367,153.073690,1.31
-26.393141,153.073690,2.21
-26.391560,153.075193,1.09
-26.388626,153.074940,1.04
-26.387045,153.075190,3.24
-26.386820,153.075190,3.19
-26.385239,153.075189,0.14
-26.383434,153.075188,-1.15
-26.381177,153.073933,-1.14
-26.380048,153.074183,-1.13
-26.378694,153.073931,-1.07
-26.374178,153.075182,-0.51
-26.372373,153.075180,1.40
-26.370792,153.075179,3.73
-26.368987,153.075178,6.03
-26.367406,153.075177,7.34
-26.365826,153.075176,8.39
-26.364246,153.075175,9.33
-26.362666,153.075174,9.95
-26.361086,153.075173,10.32
-26.359280,153.075172,10.75
-26.357700,153.075171,11.07
-26.356571,153.075170,11.38
-26.354540,153.075169,11.72
-26.352734,153.075168,12.33
-26.351154,153.075167,12.38
-26.349573,153.075166,12.78
-26.347993,153.075165,13.12
-26.346413,153.075164,13.52
-26.344833,153.075163,13.92
-26.343027,153.075161,14.25
-26.341447,153.075160,14.62
-26.339867,153.075159,14.99
-26.338287,153.075158,15.42
-26.336481,153.075157,15.76
-26.334901,153.075156,16.02
-26.333320,153.075155,16.28
-26.331740,153.075154,16.56
-26.330160,153.075153,16.73
-26.328580,153.075152,16.90
-26.326774,153.075151,17.11
-26.325420,153.075150,17.28
-26.323614,153.075149,17.51
-26.322034,153.075148,17.64
-26.320228,153.075147,17.67
-26.319776,153.075146,17.74
-26.317745,153.075145,17.71
-26.316842,153.075145,17.75
-26.313907,153.075143,17.80
-26.313456,153.075142,17.89
-26.311875,153.075141,17.92
-26.308941,153.075139,17.99
-26.308038,153.075139,17.98
-26.306909,153.075138,17.97
-26.305103,153.075137,17.90
-26.303749,153.075136,17.90
-26.301717,153.075135,17.78
-26.300589,153.075134,17.75
-26.297880,153.075132,17.74
-26.297428,153.075132,17.69
-26.295171,153.075131,17.64
-26.294042,153.075130,17.48
-26.292462,153.075129,17.33
-26.290882,153.075128,17.17
-26.289302,153.075127,16.93
-26.287270,153.075125,16.64
-26.285916,153.075125,16.33
-26.284336,153.075124,15.85
-26.282530,153.075122,15.40
-26.281175,153.075122,15.47
-26.279369,153.075120,14.97
-26.277112,153.075119,14.54
-26.275532,153.075118,14.27
-26.273274,153.075116,13.94
-26.273049,153.075116,13.69
-26.270114,153.075114,12.58
-26.269437,153.075114,12.52
-26.267631,153.075113,11.77
-26.266502,153.075112,11.28
-26.264019,153.075110,10.51
-26.263116,153.075110,10.18
-26.261536,153.075109,9.47
-26.259730,153.075108,9.68
-26.257698,153.075106,8.61
-26.256118,153.075105,8.03
-26.254764,153.075105,7.54
-26.253409,153.075104,6.24
-26.251829,153.075103,4.49
-26.250024,153.073850,4.29
-26.248218,153.074099,3.94
-26.246186,153.074598,4.25
-26.245283,153.074848,4.19
-26.243477,153.075097,3.11
-26.242123,153.075096,1.68
-26.240317,153.075095,1.63
-26.238962,153.075094,1.17
-26.236028,153.075092,0.03
-26.235576,153.075092,-0.11
-26.458602,153.076992,-0.82
-26.458150,153.076992,-0.94
-26.425871,153.076218,-1.14
-26.425646,153.075716,-1.15
-26.423614,153.075966,0.08
-26.407587,153.075454,-0.53
-26.404878,153.075452,-0.32
-26.403298,153.075702,-0.35
-26.402169,153.075450,0.10
-26.400815,153.075700,-0.53
-26.398557,153.075949,-1.00
-26.397880,153.075698,-1.09
-26.390657,153.075443,0.19
-26.388625,153.075442,0.84
-26.387948,153.075942,2.23
-26.386368,153.075440,2.53
-26.385013,153.075690,1.86
-26.383433,153.076942,1.33
-26.381627,153.076439,-1.09
-26.379596,153.075686,-1.12
-26.377338,153.076938,-1.02
-26.375532,153.076937,0.70
-26.373952,153.076936,2.31
-26.372372,153.076935,4.86
-26.370792,153.076934,7.01
-26.368986,153.076932,8.21
-26.367405,153.076931,9.21
-26.365825,153.076930,9.89
-26.364245,153.076929,10.78
-26.363342,153.076929,11.28
-26.361085,153.076927,11.41
-26.359279,153.076926,11.65
-26.357699,153.076925,11.85
-26.356119,153.076924,12.22
-26.354539,153.076923,12.60
-26.352733,153.076922,12.82
-26.351153,153.076921,13.22
-26.349572,153.076920,13.69
-26.348444,153.076919,14.04
-26.346412,153.076917,14.40
-26.344832,153.076916,14.80
-26.343026,153.076915,15.24
-26.341446,153.076914,15.69
-26.339866,153.076913,16.01
-26.338511,153.076912,16.28
-26.336480,153.076660,16.58
-26.334900,153.076910,16.83
-26.333319,153.076909,17.10
-26.332191,153.076908,17.31
-26.330159,153.076907,17.44
-26.328805,153.076906,17.59
-26.326773,153.076904,17.80
-26.325193,153.076903,18.02
-26.323613,153.076902,18.14
-26.322033,153.076901,18.31
-26.320227,153.076900,18.44
-26.318872,153.076899,18.48
-26.317066,153.076898,18.54
-26.315938,153.076897,18.61
-26.314583,153.076896,18.63
-26.312326,153.076895,18.81
-26.310746,153.076894,18.87
-26.308940,153.076893,18.90
-26.307811,153.076892,18.96
-26.306005,153.076891,19.02
-26.303974,153.076889,18.93
-26.302394,153.076888,18.97
-26.302168,153.076888,19.01
-26.299233,153.076886,18.98
-26.298105,153.076886,19.01
-26.297427,153.076885,19.02
-26.294493,153.076883,19.00
-26.294041,153.076883,18.99
-26.292461,153.076882,19.06
-26.290881,153.076881,18.91
-26.289301,153.076880,18.83
-26.287043,153.076878,18.73
-26.285915,153.076877,18.59
-26.284335,153.076876,18.24
-26.282754,153.076875,18.03
-26.281174,153.076874,17.96
-26.279143,153.076873,17.54
-26.276434,153.076871,16.72
-26.275531,153.076871,16.87
-26.273951,153.076870,16.24
-26.272822,153.076869,16.05
-26.270113,153.076867,15.73
-26.269662,153.076867,15.21
-26.267404,153.076865,14.20
-26.265824,153.076864,13.76
-26.264695,153.076863,13.93
-26.261987,153.076862,13.24
-26.261535,153.076861,13.22
-26.259955,153.076860,11.84
-26.258149,153.076859,11.81
-26.256569,153.076858,11.21
-26.254537,153.076857,10.59
-26.253183,153.076856,9.58
-26.251377,153.076855,9.85
-26.249797,153.076854,9.15
-26.248668,153.076853,7.80
-26.245733,153.076851,6.64
-26.245282,153.076851,5.36
-26.243025,153.075347,4.13
-26.241671,153.075597,3.72
-26.238962,153.076096,4.04
-26.238059,153.076345,4.02
-26.236027,153.076845,4.01
-26.235575,153.076844,3.51
-26.233995,153.076843,1.77
-26.230835,153.076841,1.29
-26.230609,153.076841,0.80
-26.227674,153.076839,-1.07
-26.226997,153.076088,2.43
-26.467405,153.077499,-0.61
-26.462890,153.078249,-1.04
-26.458375,153.078747,-1.12
-26.424968,153.077220,-1.11
-26.423613,153.077219,-1.11
-26.387044,153.077195,0.76
-26.386818,153.077696,1.14
-26.383658,153.077193,1.36
-26.383207,153.077694,1.71
-26.381175,153.077692,1.32
-26.378917,153.078693,0.87
-26.377337,153.078442,1.39
-26.376660,153.078441,1.91
-26.373951,153.078690,5.53
-26.372371,153.078689,7.47
-26.370791,153.078688,8.44
-26.368985,153.078687,9.35
-26.367405,153.078685,9.92
-26.365824,153.078684,10.44
-26.364245,153.078182,11.14
-26.362665,153.077179,11.49
-26.360859,153.077679,11.79
-26.359278,153.078429,12.12
-26.357698,153.078178,12.26
-26.356118,153.078678,13.03
-26.354538,153.078677,13.31
-26.353635,153.078676,13.42
-26.351152,153.078674,13.88
-26.349571,153.078673,14.31
-26.347991,153.078672,14.78
-26.346411,153.078671,15.15
-26.344831,153.078670,15.55
-26.343025,153.078669,16.04
-26.341445,153.078668,16.55
-26.340091,153.078667,16.86
-26.338285,153.078666,16.81
-26.336705,153.078665,17.13
-26.334899,153.078663,17.48
-26.333319,153.078662,17.64
-26.331964,153.078661,17.79
-26.330158,153.078660,17.90
-26.328578,153.078659,18.16
-26.326998,153.078658,18.30
-26.325192,153.078657,18.51
-26.324063,153.078656,18.69
-26.322032,153.078655,18.77
-26.320226,153.078654,18.92
-26.318871,153.078653,19.03
-26.317743,153.078652,19.04
-26.315937,153.078651,19.11
-26.313905,153.078649,19.19
-26.312325,153.078648,19.27
-26.310519,153.078647,19.36
-26.308939,153.078646,19.44
-26.308488,153.078646,19.43
-26.305779,153.078644,19.53
-26.303973,153.078643,19.55
-26.302393,153.078641,19.64
-26.300812,153.078640,19.72
-26.299458,153.078640,19.72
-26.298555,153.078639,19.76
-26.296072,153.078637,19.89
-26.294492,153.078636,19.83
-26.292912,153.078635,19.91
-26.291332,153.078634,19.98
-26.289977,153.078633,19.99
-26.289074,153.078633,19.97
-26.287043,153.078631,20.02
-26.284559,153.078629,19.97
-26.284334,153.078379,19.92
-26.282302,153.078378,19.66
-26.280270,153.078627,19.58
-26.278690,153.078626,19.22
-26.277787,153.078625,18.84
-26.275530,153.078623,19.30
-26.274627,153.078623,18.39
-26.273047,153.078622,18.62
-26.270789,153.078620,18.70
-26.269661,153.078619,17.46
-26.266952,153.078618,16.81
-26.265146,153.078616,17.36
-26.264920,153.078616,16.88
-26.262437,153.078615,16.20
-26.261534,153.078614,15.62
-26.258600,153.078612,14.57
-26.258374,153.078612,14.36
-26.256568,153.078611,14.15
-26.253633,153.078609,12.92
-26.253182,153.078608,12.56
-26.251827,153.078607,12.33
-26.250247,153.078606,12.09
-26.248667,153.078605,10.47
-26.246861,153.078604,10.38
-26.243927,153.078602,9.89
-26.243475,153.078602,9.76
-26.241218,153.078600,9.09
-26.240540,153.078600,8.15
-26.238735,153.078599,7.71
-26.237154,153.078598,5.89
-26.234220,153.077344,4.21
-26.233317,153.077594,4.27
-26.232189,153.077843,3.85
-26.229705,153.078342,4.06
-26.229028,153.078342,3.88
-26.227448,153.078591,2.46
-26.224965,153.078339,1.30
-26.223836,153.078589,1.27
-26.221804,153.078587,0.36
-26.649566,153.080636,-0.97
-26.644149,153.080633,1.06
-26.642117,153.080882,0.31
-26.640989,153.080630,1.16
-26.640312,153.080379,1.08
-26.632411,153.080624,1.62
-26.632186,153.080373,0.97
-26.466275,153.080257,-1.14
-26.464244,153.079754,-1.09
-26.462889,153.080004,-1.01
-26.457246,153.079248,-1.09
-26.386140,153.080453,1.31
-26.383657,153.079448,1.22
-26.382754,153.079448,3.96
-26.381851,153.079698,2.59
-26.378917,153.078944,0.57
-26.377336,153.080697,2.37
-26.375530,153.080445,5.64
-26.373950,153.080444,7.53
-26.372370,153.080443,8.65
-26.370790,153.080442,9.38
-26.368984,153.080691,10.10
-26.367404,153.079938,10.44
-26.365824,153.079436,10.76
-26.364696,153.078934,10.99
-26.364018,153.078934,11.04
-26.360858,153.079433,11.38
-26.359504,153.078931,11.88
-26.357697,153.079932,12.69
-26.356568,153.080182,13.52
-26.354763,153.079930,13.86
-26.354311,153.079929,13.88
-26.351151,153.080428,14.36
-26.349571,153.080427,14.96
-26.347990,153.080426,15.31
-26.346410,153.080425,15.69
-26.344830,153.080674,16.16
-26.343024,153.080673,16.85
-26.341444,153.080672,17.70
-26.341218,153.080421,17.63
-26.338509,153.080670,17.26
-26.336478,153.080418,17.60
-26.334898,153.080417,17.97
-26.333318,153.080416,18.43
-26.333092,153.080666,18.55
-26.330609,153.080164,18.20
-26.328577,153.080413,18.43
-26.326997,153.080662,18.71
-26.325417,153.080661,18.89
-26.323611,153.080409,19.02
-26.322031,153.080408,19.15
-26.320225,153.080657,19.28
-26.318645,153.080406,19.33
-26.317290,153.080655,19.51
-26.315484,153.080654,19.53
-26.313904,153.080403,19.64
-26.313001,153.080652,19.73
-26.310970,153.080651,19.78
-26.309841,153.080650,19.92
-26.308035,153.080649,19.90
-26.307132,153.080648,19.96
-26.303972,153.080646,20.00
-26.302843,153.080645,20.06
-26.301037,153.080644,20.15
-26.299908,153.080643,20.17
-26.298554,153.080642,20.23
-26.296297,153.080390,20.28
-26.294265,153.080639,20.44
-26.292685,153.080638,20.55
-26.291330,153.080637,20.76
-26.289525,153.080636,20.90
-26.288170,153.080635,20.88
-26.286816,153.080634,20.87
-26.285461,153.080633,20.80
-26.284333,153.080132,20.58
-26.282075,153.080631,20.50
-26.280269,153.080379,20.39
-26.279366,153.080629,20.31
-26.276883,153.080627,20.30
-26.274852,153.080626,20.27
-26.273497,153.080625,19.96
-26.272594,153.080624,20.04
-26.270788,153.080623,20.46
-26.269660,153.080372,19.07
-26.266725,153.080620,19.55
-26.265371,153.080369,20.07
-26.264919,153.080619,19.39
-26.261985,153.080617,18.32
-26.261533,153.080366,17.63
-26.259050,153.080615,18.22
-26.258373,153.080364,16.89
-26.256341,153.080613,16.55
-26.253632,153.080611,16.34
-26.253406,153.080611,16.08
-26.251826,153.080610,14.77
-26.250246,153.080609,14.11
-26.247763,153.080607,13.94
-26.245957,153.080606,13.33
-26.245054,153.080605,13.45
-26.243022,153.080604,12.17
-26.241894,153.080603,12.29
-26.240539,153.080602,11.43
-26.238959,153.080601,10.64
-26.237153,153.080600,9.69
-26.235122,153.080348,9.56
-26.233316,153.080597,9.10
-26.232187,153.080346,7.89
-26.230381,153.080595,6.50
-26.229027,153.080594,5.51
-26.227447,153.080593,4.32
-26.225867,153.079341,4.22
-26.222932,153.080090,3.82
-26.221803,153.080589,3.74
-26.220223,153.080588,2.88
-26.218868,153.080587,2.16
-26.217288,153.080586,1.68
-26.215934,153.080585,0.48
-26.213902,153.080584,0.31
-26.648663,153.082143,-0.98
-26.648211,153.082394,-0.86
-26.644149,153.081135,1.85
-26.643471,153.081637,1.00
-26.640537,153.082137,0.90
-26.639860,153.080881,0.91
-26.638730,153.082638,1.24
-26.632637,153.080876,2.38
-26.631281,153.082633,0.96
-26.630605,153.082130,0.10
-26.380722,153.080950,0.54
-26.378915,153.082452,3.04
-26.377335,153.082451,6.27
-26.375529,153.082450,7.64
-26.373949,153.082449,8.74
-26.372369,153.082448,9.42
-26.371015,153.081695,9.86
-26.369435,153.081443,10.26
-26.367403,153.082194,10.59
-26.365822,153.082193,11.00
-26.364242,153.082442,10.89
-26.363565,153.082442,11.19
-26.362211,153.081689,11.49
-26.359276,153.082439,11.91
-26.357696,153.082437,12.52
-26.356342,153.081935,13.22
-26.354536,153.082435,13.83
-26.352730,153.082434,14.10
-26.351150,153.082182,14.65
-26.349569,153.082432,15.37
-26.347989,153.082431,15.75
-26.346409,153.082429,16.20
-26.344829,153.082178,16.66
-26.343023,153.082427,17.40
-26.341443,153.082175,18.13
-26.340540,153.082425,18.56
-26.339637,153.082174,18.39
-26.336477,153.082422,17.96
-26.334897,153.082421,18.11
-26.333317,153.082170,18.69
-26.333091,153.081919,18.71
-26.330156,153.082418,18.42
-26.328576,153.082417,18.83
-26.326770,153.082415,19.09
-26.325416,153.082415,19.23
-26.323835,153.082413,19.44
-26.322030,153.082412,19.49
-26.321352,153.082412,19.62
-26.319095,153.082410,19.71
-26.317063,153.082409,19.83
-26.316612,153.082408,19.89
-26.314129,153.082407,19.94
-26.312323,153.082405,20.00
-26.310517,153.082154,20.10
-26.309388,153.082403,20.18
-26.307357,153.082402,20.22
-26.306454,153.082401,20.29
-26.305325,153.082400,20.39
-26.303293,153.082399,20.42
-26.300811,153.081896,20.43
-26.299230,153.082146,20.52
-26.297876,153.082145,20.59
-26.296070,153.081893,20.69
-26.294264,153.082393,20.87
-26.292684,153.082391,20.99
-26.291104,153.082390,21.15
-26.289749,153.082389,21.20
-26.288169,153.082388,21.30
-26.287266,153.082388,21.34
-26.285912,153.082387,21.29
-26.284106,153.082385,21.29
-26.282526,153.082384,21.06
-26.280268,153.082383,20.94
-26.278688,153.082382,21.01
-26.277785,153.082381,20.94
-26.274851,153.081878,21.07
-26.274625,153.081627,21.09
-26.272593,153.082377,20.93
-26.271239,153.081875,20.85
-26.268981,153.082375,20.53
-26.267853,153.082374,20.52
-26.265370,153.082372,21.46
-26.264918,153.082372,20.54
-26.261758,153.082370,19.39
-26.260178,153.082368,19.96
-26.259952,153.082368,19.86
-26.258372,153.082367,18.87
-26.255437,153.082365,18.89
-26.254760,153.082365,19.41
-26.253405,153.082364,18.28
-26.250922,153.082362,17.62
-26.249568,153.082361,17.66
-26.248213,153.082360,16.65
-26.246182,153.082359,17.01
-26.245279,153.082358,16.15
-26.242344,153.082356,14.78
-26.241893,153.082356,14.99
-26.240538,153.082355,14.47
-26.238055,153.082353,13.22
-26.236927,153.082352,13.40
-26.235572,153.082351,12.45
-26.233992,153.082350,11.64
-26.232186,153.082349,11.51
-26.230380,153.082347,10.59
-26.229026,153.082346,10.31
-26.227446,153.082345,9.83
-26.225640,153.082344,9.18
-26.224285,153.082343,7.15
-26.222479,153.082342,5.54
-26.220899,153.082341,4.46
-26.218191,153.081338,3.74
-26.217514,153.081337,3.81
-26.215030,153.082086,3.75
-26.214578,153.082336,3.81
-26.212772,153.082335,2.56
-26.211192,153.082084,1.07
-26.209612,153.082333,1.19
-26.207355,153.082331,0.03
-26.645502,153.083648,0.99
-26.644824,153.083647,1.93
-26.642341,153.084399,1.49
-26.641890,153.083645,0.84
-26.640310,153.082890,0.71
-26.637375,153.084395,2.24
-26.637149,153.084144,1.10
-26.633989,153.083891,2.08
-26.633087,153.083890,1.91
-26.631281,153.082884,1.20
-26.382074,153.083958,0.57
-26.380494,153.084208,3.84
-26.378914,153.084207,6.23
-26.377108,153.084205,7.59
-26.375528,153.083954,8.20
-26.373948,153.084203,9.09
-26.372368,153.084202,9.69
-26.370787,153.084201,10.22
-26.368982,153.084200,10.67
-26.367401,153.084198,10.98
-26.366273,153.083947,11.25
-26.364241,153.084196,11.42
-26.362661,153.084195,11.92
-26.361081,153.084194,12.27
-26.359275,153.084193,12.76
-26.357695,153.084191,13.01
-26.356115,153.083689,13.56
-26.354535,153.083187,14.34
-26.353181,153.083186,14.43
-26.351148,153.084187,14.95
-26.349568,153.083935,15.69
-26.347988,153.084184,16.09
-26.346408,153.084183,16.44
-26.344828,153.084182,16.97
-26.343473,153.084181,17.78
-26.341668,153.083929,18.12
-26.339862,153.083677,18.41
-26.338507,153.084178,18.75
-26.338056,153.084177,18.66
-26.335121,153.084175,18.55
-26.334444,153.084175,18.57
-26.332412,153.084173,18.48
-26.330381,153.084172,18.64
-26.328575,153.084170,18.96
-26.326769,153.084169,19.23
-26.325189,153.084168,19.50
-26.323609,153.084167,19.70
-26.322029,153.084166,19.78
-26.320223,153.084164,19.93
-26.318643,153.084163,20.12
-26.318191,153.084163,20.17
-26.316837,153.084162,20.20
-26.314128,153.084160,20.33
-26.312322,153.084159,20.43
-26.310516,153.083907,20.49
-26.310065,153.084157,20.55
-26.308710,153.084156,20.57
-26.306679,153.084154,20.63
-26.303970,153.084153,20.68
-26.302841,153.084152,20.75
-26.302164,153.084151,20.72
-26.299229,153.084149,20.74
-26.298101,153.083898,20.79
-26.296295,153.084147,20.88
-26.294489,153.084146,21.12
-26.292683,153.084144,21.23
-26.291103,153.083893,21.35
-26.289522,153.084142,21.54
-26.287717,153.084141,21.64
-26.286814,153.084140,21.69
-26.285911,153.084140,21.65
-26.284331,153.084138,21.53
-26.282750,153.084137,21.49
-26.281170,153.084136,21.35
-26.278236,153.084134,21.35
-26.277558,153.084133,21.38
-26.275301,153.084132,21.31
-26.273495,153.084131,21.34
-26.271689,153.084129,21.44
-26.271463,153.084129,21.27
-26.268529,153.084127,21.57
-26.267400,153.084126,21.64
-26.265143,153.083373,21.46
-26.264466,153.084124,21.62
-26.263111,153.084123,20.40
-26.260628,153.084121,20.55
-26.259951,153.084121,20.52
-26.257016,153.084119,20.54
-26.256791,153.084119,20.25
-26.254533,153.084117,20.05
-26.252050,153.084115,19.47
-26.251373,153.084115,19.76
-26.249793,153.084113,20.09
-26.247310,153.084112,20.22
-26.246632,153.084111,20.15
-26.245278,153.084110,18.05
-26.242343,153.084108,17.50
-26.241892,153.084108,18.09
-26.240312,153.084107,17.14
-26.237377,153.084105,16.32
-26.237151,153.084104,16.59
-26.235571,153.084103,15.29
-26.233314,153.084102,14.19
-26.232411,153.084101,13.91
-26.229702,153.084099,13.69
-26.229025,153.084099,13.15
-26.227444,153.084097,12.49
-26.225864,153.084096,11.31
-26.222704,153.084094,10.80
-26.222478,153.084094,10.76
-26.220898,153.084093,9.71
-26.218415,153.084091,9.38
-26.217738,153.084090,8.02
-26.216158,153.084089,6.18
-26.214577,153.084088,4.71
-26.212772,153.082836,4.23
-26.210740,153.083335,3.89
-26.208257,153.083833,3.79
-26.208031,153.083833,3.55
-26.206225,153.084082,1.96
-26.203968,153.084081,1.51
-26.203065,153.084080,0.79
-26.201484,153.084079,0.32
-26.199679,153.084077,-1.05
-26.644146,153.086159,0.81
-26.642791,153.086158,1.84
-26.641664,153.084650,0.42
-26.639180,153.086155,1.11
-26.638729,153.084648,0.46
-26.637149,153.084646,0.10
-26.634440,153.085147,2.54
-26.633763,153.085397,1.29
-26.632182,153.086150,0.68
-26.383654,153.085213,-0.98
-26.382073,153.085963,4.21
-26.380493,153.085962,6.03
-26.378913,153.085961,7.19
-26.377107,153.085960,8.22
-26.375527,153.085959,8.76
-26.373947,153.085206,9.42
-26.372367,153.085706,10.11
-26.370787,153.085454,10.55
-26.369206,153.085703,11.01
-26.367400,153.085953,11.49
-26.365820,153.085951,11.83
-26.364240,153.085950,12.26
-26.362660,153.085949,12.67
-26.361080,153.085948,13.06
-26.359274,153.085947,13.51
-26.357694,153.085945,13.80
-26.356114,153.085944,14.06
-26.354533,153.085943,14.44
-26.352728,153.085942,14.95
-26.351147,153.085941,15.42
-26.349567,153.085939,16.15
-26.347987,153.085938,16.45
-26.346407,153.085937,16.76
-26.344602,153.084683,17.23
-26.343021,153.085935,17.82
-26.341441,153.085933,18.46
-26.340313,153.084930,18.70
-26.338733,153.084428,18.86
-26.337603,153.085931,18.41
-26.335120,153.085929,18.98
-26.334669,153.085678,19.16
-26.331734,153.085926,18.80
-26.330154,153.085925,19.12
-26.328574,153.085673,19.26
-26.326768,153.085672,19.50
-26.325188,153.085921,19.77
-26.323833,153.085920,19.95
-26.322028,153.085919,20.12
-26.320222,153.085918,20.29
-26.319319,153.085917,20.36
-26.317061,153.085665,20.39
-26.315481,153.085664,20.46
-26.313901,153.085663,20.52
-26.312547,153.085912,20.59
-26.311418,153.085911,20.67
-26.308935,153.085909,20.75
-26.307580,153.085908,20.86
-26.306677,153.085908,20.88
-26.304194,153.085906,20.98
-26.303066,153.085905,20.98
-26.301937,153.085654,21.04
-26.299906,153.085652,20.94
-26.297648,153.085901,21.06
-26.296068,153.085900,21.15
-26.294488,153.085899,21.29
-26.292682,153.085897,21.40
-26.291102,153.085896,21.59
-26.289747,153.085895,21.72
-26.287716,153.085643,21.84
-26.287264,153.085893,21.88
-26.285910,153.085892,21.84
-26.283201,153.085890,21.79
-26.282749,153.085640,21.77
-26.281169,153.085889,21.60
-26.278009,153.085386,21.64
-26.277106,153.085385,21.70
-26.275752,153.085635,21.67
-26.274623,153.085884,21.63
-26.271463,153.085131,21.79
-26.270786,153.085381,21.79
-26.268303,153.084878,21.75
-26.266948,153.085628,22.17
-26.266496,153.085878,21.76
-26.264916,153.085877,21.70
-26.263110,153.085876,21.09
-26.260176,153.085873,21.18
-26.259950,153.085873,21.23
-26.257015,153.085871,21.46
-26.256564,153.085871,21.53
-26.255209,153.085870,20.71
-26.252275,153.085868,20.97
-26.251598,153.085867,20.95
-26.248889,153.085865,21.07
-26.247534,153.085864,21.84
-26.247083,153.085113,21.58
-26.245277,153.085863,19.01
-26.242342,153.085860,19.33
-26.241891,153.085860,19.70
-26.240085,153.085859,19.23
-26.237602,153.085857,19.42
-26.237150,153.085857,18.85
-26.234216,153.085854,16.75
-26.233538,153.085854,16.90
-26.232410,153.085853,16.70
-26.229701,153.085851,16.51
-26.229024,153.085851,16.17
-26.227443,153.085849,14.96
-26.225863,153.085848,14.37
-26.224283,153.085847,13.53
-26.222251,153.085846,13.44
-26.220220,153.085844,12.50
-26.218865,153.085843,11.68
-26.216834,153.085842,11.11
-26.214802,153.085840,10.71
-26.214576,153.085840,10.26
-26.212093,153.085838,8.81
-26.210739,153.085837,7.87
-26.209610,153.085836,6.09
-26.208030,153.085835,4.53
-26.205322,153.084832,3.98
-26.203741,153.085332,3.84
-26.202838,153.085331,3.87
-26.201258,153.085830,3.66
-26.199903,153.085829,2.50
-26.197420,153.085827,1.34
-26.196291,153.085827,0.89
-26.194711,153.085825,0.51
-26.646402,153.087919,1.37
-26.643693,153.087666,1.26
-26.642791,153.086409,1.79
-26.640534,153.087161,-0.99
-26.639405,153.086406,1.17
-26.638728,153.086657,0.33
-26.634891,153.086403,1.42
-26.632408,153.086401,0.69
-26.632182,153.086401,0.63
-26.383652,153.087719,2.56
-26.382072,153.087718,5.77
-26.380492,153.087717,6.76
-26.378912,153.087715,7.56
-26.377106,153.087714,8.38
-26.375526,153.087462,9.10
-26.373946,153.086459,9.68
-26.372366,153.086959,10.26
-26.370785,153.087459,10.76
-26.369205,153.087457,11.44
-26.367399,153.087707,11.84
-26.365819,153.087705,12.35
-26.364239,153.087704,12.78
-26.362659,153.087703,13.21
-26.360853,153.087702,13.70
-26.359273,153.087701,14.14
-26.357693,153.087699,14.46
-26.356113,153.087698,14.78
-26.354532,153.087697,15.12
-26.352727,153.087696,15.54
-26.351146,153.087694,15.95
-26.349566,153.087693,16.46
-26.348663,153.087693,16.82
-26.346406,153.087691,17.20
-26.345052,153.087690,17.48
-26.343020,153.087688,18.13
-26.341440,153.087687,18.58
-26.341214,153.087687,18.59
-26.338957,153.087435,18.46
-26.336925,153.087433,18.77
-26.335120,153.086179,18.94
-26.333539,153.087681,19.21
-26.331733,153.087680,19.25
-26.330153,153.087679,19.43
-26.328573,153.087677,19.54
-26.326767,153.087676,19.79
-26.325187,153.087675,19.95
-26.324058,153.087674,20.16
-26.322026,153.087672,20.31
-26.320221,153.087671,20.56
-26.318866,153.087670,20.68
-26.317512,153.087669,20.68
-26.315480,153.087668,20.68
-26.315029,153.087667,20.77
-26.312546,153.087665,20.83
-26.311643,153.087665,20.91
-26.308934,153.087663,21.05
-26.307354,153.087661,21.07
-26.306902,153.087661,21.12
-26.304193,153.087659,21.25
-26.303742,153.087659,21.26
-26.301936,153.087657,21.22
-26.299227,153.087655,21.18
-26.298324,153.087404,21.30
-26.296067,153.087403,21.30
-26.294487,153.087652,21.64
-26.292906,153.087651,21.71
-26.291326,153.087649,21.76
-26.289521,153.086897,21.84
-26.287715,153.087146,22.05
-26.286812,153.087145,22.05
-26.285683,153.086643,22.00
-26.284103,153.086642,21.94
-26.282749,153.087142,21.88
-26.281169,153.086139,21.69
-26.278008,153.086888,21.69
-26.276428,153.087388,21.80
-26.274847,153.087637,21.86
-26.274396,153.087637,21.94
-26.271687,153.087635,22.01
-26.270784,153.087634,22.09
-26.269655,153.087633,22.04
-26.267624,153.087131,22.12
-26.265593,153.087129,22.14
-26.264689,153.087629,22.12
-26.262884,153.087378,21.54
-26.260175,153.087626,21.61
-26.258594,153.087625,21.68
-26.257466,153.087624,21.75
-26.256111,153.087623,21.88
-26.255208,153.087622,21.64
-26.252048,153.087620,21.50
-26.251371,153.087619,21.60
-26.248888,153.087618,21.96
-26.247533,153.087116,22.60
-26.247082,153.086615,21.29
-26.245050,153.087615,20.15
-26.242341,153.087613,20.43
-26.240987,153.087612,20.45
-26.240535,153.087611,20.45
-26.237827,153.086858,20.54
-26.237149,153.087358,20.12
-26.235569,153.087608,19.46
-26.233763,153.087606,19.40
-26.232409,153.087605,19.34
-26.230377,153.087604,19.33
-26.229023,153.087603,18.05
-26.226539,153.087601,17.53
-26.225636,153.087600,17.70
-26.224282,153.087599,16.88
-26.222476,153.087598,15.36
-26.220896,153.087597,15.13
-26.218864,153.087595,14.44
-26.217736,153.087594,14.03
-26.215704,153.087593,12.96
-26.214575,153.087592,12.23
-26.212769,153.087590,11.79
-26.211189,153.087589,10.85
-26.209158,153.087588,9.96
-26.206674,153.087586,9.35
-26.206223,153.087586,8.40
-26.204643,153.087584,7.91
-26.203063,153.087583,6.26
-26.201482,153.087582,4.56
-26.199000,153.086579,3.92
-26.197419,153.086828,4.51
-26.196290,153.087328,4.24
-26.194484,153.087577,4.01
-26.193356,153.087576,2.24
-26.191550,153.087324,1.44
-26.189970,153.087573,0.85
-26.188389,153.087572,0.39
-26.648884,153.089930,2.80
-26.647530,153.089176,3.17
-26.646853,153.088673,2.24
-26.643693,153.088168,1.10
-26.643467,153.088168,1.00
-26.641209,153.089924,1.34
-26.639404,153.088165,1.19
-26.638727,153.088415,-0.76
-26.385457,153.089725,-1.07
-26.383651,153.089473,4.41
-26.382071,153.088971,5.84
-26.380492,153.088218,6.85
-26.378911,153.089219,7.77
-26.377106,153.087965,8.36
-26.375525,153.088214,9.17
-26.373944,153.089716,9.73
-26.372365,153.088963,10.28
-26.370784,153.089714,10.88
-26.368979,153.089211,11.42
-26.367398,153.089711,12.06
-26.365818,153.089460,12.60
-26.364238,153.089458,13.09
-26.362658,153.089457,13.52
-26.360852,153.089706,14.19
-26.359272,153.089705,14.67
-26.357692,153.089453,15.01
-26.356111,153.089452,15.35
-26.354531,153.089701,15.73
-26.352951,153.089450,16.08
-26.351145,153.089448,16.50
-26.349565,153.089447,16.90
-26.347985,153.089696,17.35
-26.346405,153.089695,17.47
-26.344599,153.089443,17.89
-26.343019,153.089192,18.24
-26.341665,153.088689,18.77
-26.341213,153.089190,18.78
-26.338279,153.088687,18.81
-26.337150,153.089688,19.12
-26.335795,153.089687,19.31
-26.333312,153.089685,19.45
-26.331958,153.089684,19.67
-26.330152,153.089432,19.82
-26.328346,153.089681,20.00
-26.327217,153.089680,20.05
-26.325411,153.089679,20.15
-26.323606,153.089427,20.37
-26.322025,153.089676,20.52
-26.320445,153.089675,20.67
-26.318640,153.087920,20.73
-26.318189,153.087920,20.75
-26.315479,153.089170,20.91
-26.313899,153.088919,20.95
-26.313674,153.088668,21.00
-26.310513,153.089417,21.10
-26.309835,153.089667,21.19
-26.307353,153.089415,21.29
-26.305772,153.089413,21.34
-26.304192,153.089162,21.50
-26.302386,153.089411,21.68
-26.302160,153.089661,21.68
-26.299452,153.089659,21.54
-26.298097,153.089658,21.71
-26.295840,153.089656,21.76
-26.294485,153.089655,21.88
-26.293583,153.089404,21.88
-26.292228,153.089653,21.89
-26.289519,153.089401,21.93
-26.287939,153.089650,22.13
-26.286810,153.089649,22.22
-26.285230,153.089648,22.29
-26.283876,153.089647,22.54
-26.282747,153.089646,22.18
-26.281167,153.089395,21.78
-26.279135,153.089393,21.78
-26.276653,153.087889,21.85
-26.274847,153.088639,21.95
-26.274170,153.088137,22.10
-26.271687,153.088386,22.20
-26.271235,153.088135,22.13
-26.268300,153.088634,22.08
-26.266720,153.089133,22.27
-26.265140,153.089382,22.74
-26.264688,153.089132,22.91
-26.263108,153.089631,21.82
-26.260625,153.089629,21.96
-26.259496,153.089628,22.13
-26.257013,153.089626,22.28
-26.255433,153.089625,22.39
-26.255207,153.089625,22.42
-26.252724,153.089373,22.15
-26.250692,153.089371,22.25
-26.248887,153.089370,22.49
-26.248435,153.089370,22.57
-26.247081,153.088367,21.93
-26.245049,153.089617,21.25
-26.242340,153.089615,21.36
-26.241437,153.089614,21.40
-26.240534,153.089363,21.26
-26.238728,153.089612,21.12
-26.236922,153.089611,20.89
-26.234665,153.089609,20.86
-26.233536,153.089608,20.84
-26.232182,153.089607,20.76
-26.230602,153.089606,20.57
-26.227893,153.089604,19.82
-26.226087,153.089352,20.78
-26.225184,153.089602,21.85
-26.224281,153.089601,20.15
-26.222475,153.089350,17.81
-26.219992,153.089598,17.75
-26.219089,153.089597,18.07
-26.217734,153.089596,16.77
-26.216154,153.089595,16.27
-26.213671,153.089593,15.49
-26.212542,153.089592,14.15
-26.211188,153.089591,13.87
-26.209608,153.089590,13.82
-26.207802,153.089338,12.46
-26.205996,153.089587,12.56
-26.204190,153.089336,11.06
-26.202158,153.089584,10.34
-26.200578,153.089583,9.80
-26.199449,153.089582,8.84
-26.198095,153.089581,7.90
-26.196515,153.089580,7.35
-26.194257,153.089578,4.84
-26.193129,153.089577,3.95
-26.191549,153.088575,4.11
-26.189743,153.089074,4.15
-26.188163,153.089323,4.29
-26.186582,153.089572,3.32
-26.185002,153.089071,1.46
-26.183648,153.089570,0.64
-26.181842,153.089319,-0.80
-26.653623,153.091441,1.40
-26.653397,153.091692,0.15
-26.651140,153.091188,3.53
-26.649109,153.090182,2.71
-26.648432,153.089930,2.13
-26.646626,153.091185,0.05
-26.644143,153.089927,-0.99
-26.642112,153.090427,0.32
-26.640531,153.091431,2.00
-26.640305,153.091682,1.62
-26.387036,153.090729,2.60
-26.385231,153.089976,0.02
-26.383651,153.089724,4.50
-26.382071,153.089973,5.59
-26.380491,153.089722,6.63
-26.378910,153.089971,7.64
-26.377329,153.091473,8.43
-26.375523,153.091472,9.17
-26.373943,153.091220,9.92
-26.372364,153.090467,10.48
-26.370783,153.090967,11.07
-26.369429,153.091217,11.76
-26.367398,153.090463,12.25
-26.365817,153.091464,12.79
-26.364237,153.091463,13.37
-26.362657,153.091462,13.88
-26.360851,153.091460,14.51
-26.359270,153.091459,15.00
-26.357691,153.091207,15.36
-26.356110,153.091206,15.75
-26.354756,153.091456,16.00
-26.352725,153.090953,16.41
-26.351144,153.091453,16.88
-26.349564,153.091201,17.20
-26.347984,153.091450,17.59
-26.346404,153.091449,17.91
-26.344598,153.091448,18.25
-26.343018,153.090945,18.48
-26.341438,153.090944,18.80
-26.339858,153.090692,18.89
-26.338278,153.090441,19.10
-26.337375,153.090440,19.44
-26.334891,153.091440,19.55
-26.333311,153.091439,19.72
-26.331957,153.091438,19.96
-26.330151,153.091436,19.97
-26.328570,153.091435,20.23
-26.327216,153.091434,20.23
-26.325410,153.091433,20.41
-26.323830,153.091431,20.65
-26.322476,153.091430,20.81
-26.320444,153.091178,20.87
-26.318638,153.091177,20.92
-26.317058,153.090925,21.01
-26.315704,153.091174,21.10
-26.314575,153.091424,21.15
-26.312317,153.091422,21.24
-26.310737,153.091421,21.29
-26.309383,153.091169,21.40
-26.307351,153.091418,21.47
-26.306223,153.091417,21.51
-26.304191,153.091416,21.67
-26.302385,153.091414,21.88
-26.300805,153.091163,21.93
-26.300579,153.091413,21.98
-26.297870,153.091411,22.04
-26.295839,153.091409,22.01
-26.294936,153.091409,22.45
-26.292679,153.090405,22.02
-26.292453,153.090655,22.08
-26.289519,153.090653,22.09
-26.287938,153.091403,22.25
-26.286358,153.091402,22.35
-26.284552,153.091400,22.62
-26.283423,153.091400,22.86
-26.282746,153.091399,22.61
-26.279586,153.091146,21.99
-26.278005,153.091395,22.02
-26.276425,153.091394,22.13
-26.274845,153.091393,22.23
-26.273265,153.091392,22.29
-26.271685,153.091390,22.31
-26.270782,153.091390,22.35
-26.268976,153.091388,22.42
-26.266719,153.091387,22.46
-26.265138,153.091385,22.83
-26.264235,153.091385,23.05
-26.263332,153.091384,22.23
-26.260172,153.091381,22.25
-26.259495,153.091381,22.37
-26.257012,153.091379,22.52
-26.255206,153.091378,22.65
-26.254754,153.091377,22.68
-26.253400,153.091376,22.57
-26.250465,153.091374,22.49
-26.249562,153.091373,22.54
-26.248435,153.089620,22.59
-26.247079,153.091371,22.17
-26.245273,153.091370,22.00
-26.243016,153.091118,21.74
-26.240985,153.090866,21.73
-26.240081,153.091366,21.66
-26.238276,153.091364,21.65
-26.236921,153.091363,21.54
-26.235115,153.091362,21.52
-26.233761,153.091361,21.48
-26.232406,153.091360,21.51
-26.230375,153.091358,21.36
-26.227666,153.091356,21.43
-26.226086,153.091355,22.17
-26.225183,153.091354,22.96
-26.224280,153.091353,21.45
-26.221119,153.091351,18.92
-26.219539,153.091350,20.31
-26.219313,153.091349,20.35
-26.217508,153.091348,19.64
-26.216153,153.091347,18.62
-26.214347,153.091346,18.21
-26.212767,153.091344,17.57
-26.211187,153.091343,16.95
-26.209607,153.091342,16.30
-26.208026,153.091341,15.71
-26.206446,153.091339,15.09
-26.204415,153.091338,14.22
-26.203060,153.091337,13.44
-26.201254,153.091335,12.72
-26.199900,153.091334,12.55
-26.198094,153.091333,11.73
-26.196288,153.091331,11.06
-26.194934,153.091330,10.96
-26.193354,153.090829,9.14
-26.191773,153.091328,8.10
-26.190193,153.091327,6.71
-26.188387,153.091325,5.37
-26.186130,153.090073,4.17
-26.184324,153.090572,4.13
-26.182292,153.091070,4.01
-26.181389,153.091070,3.96
-26.180260,153.091319,3.89
-26.178680,153.091318,1.21
-26.175971,153.091316,0.61
-26.174165,153.091314,-0.82
-26.653622,153.093451,1.65
-26.653396,153.092948,-0.57
-26.650687,153.093449,2.11
-26.650011,153.091941,0.99
-26.648431,153.091940,0.00
-26.644594,153.091937,-0.96
-26.643239,153.091935,-0.99
-26.640531,153.091933,1.84
-26.639175,153.093439,1.77
-26.638273,153.092434,-0.96
-26.385680,153.092984,-0.99
-26.383875,153.091729,3.94
-26.382070,153.091728,5.22
-26.380489,153.091977,6.35
-26.378909,153.091976,7.39
-26.377103,153.092977,8.43
-26.375522,153.093226,9.21
-26.373942,153.092724,10.07
-26.372362,153.093224,10.72
-26.370782,153.092220,11.29
-26.369202,153.092469,11.87
-26.367396,153.093220,12.41
-26.365816,153.093218,13.03
-26.364236,153.092716,13.67
-26.362655,153.093216,14.11
-26.360850,153.092964,14.72
-26.359270,153.092712,15.18
-26.357689,153.092961,15.61
-26.356109,153.092709,16.12
-26.354529,153.093209,16.46
-26.352724,153.092206,16.80
-26.351143,153.093207,17.09
-26.349563,153.093205,17.59
-26.347983,153.092703,17.90
-26.346402,153.093203,18.17
-26.344597,153.093201,18.51
-26.343468,153.093200,18.82
-26.341436,153.093199,18.94
-26.339856,153.093198,19.26
-26.338276,153.093196,19.48
-26.336696,153.093195,19.66
-26.335116,153.093194,19.85
-26.333310,153.093192,20.10
-26.332181,153.093191,20.24
-26.330375,153.093190,20.35
-26.328795,153.093189,20.41
-26.326990,153.092686,20.48
-26.325183,153.092935,20.57
-26.323603,153.092934,20.77
-26.322023,153.093183,20.89
-26.320443,153.093182,21.03
-26.318637,153.093181,21.10
-26.317057,153.092678,21.22
-26.315702,153.093178,21.47
-26.314574,153.092927,21.75
-26.312317,153.092925,21.42
-26.310962,153.092924,21.51
-26.309608,153.092672,21.66
-26.308028,153.092922,21.81
-26.306222,153.092920,21.74
-26.304190,153.093169,21.87
-26.302384,153.093168,22.01
-26.300804,153.092165,22.04
-26.299449,153.093165,22.05
-26.298772,153.093165,22.16
-26.297418,153.093164,22.08
-26.294257,153.093161,21.97
-26.292903,153.093160,22.15
-26.292452,153.093160,22.19
-26.289517,153.093157,22.30
-26.288163,153.093156,22.57
-26.286131,153.093155,22.65
-26.284551,153.092903,22.91
-26.283422,153.093152,23.47
-26.282745,153.093152,22.97
-26.280262,153.093150,22.47
-26.278004,153.092898,22.50
-26.276424,153.093147,22.56
-26.274844,153.093146,22.63
-26.273715,153.093145,22.62
-26.272361,153.093144,22.66
-26.271232,153.093143,22.64
-26.268523,153.093141,22.67
-26.266717,153.093139,22.79
-26.265137,153.093138,23.08
-26.264009,153.092887,23.26
-26.263331,153.093136,23.01
-26.260171,153.092884,22.54
-26.259494,153.093133,22.67
-26.258139,153.093132,22.71
-26.255431,153.092629,22.78
-26.254754,153.092629,22.81
-26.253399,153.092377,22.74
-26.250464,153.093126,22.68
-26.249561,153.093125,22.72
-26.248658,153.093125,22.69
-26.247078,153.093123,22.55
-26.245272,153.093122,22.37
-26.242563,153.093120,22.12
-26.241660,153.093119,22.10
-26.239855,153.093118,22.04
-26.237371,153.093116,22.03
-26.237146,153.093116,22.04
-26.235566,153.092864,22.01
-26.233760,153.093113,22.03
-26.232405,153.093112,21.99
-26.229471,153.093109,21.97
-26.227665,153.093108,22.09
-26.226085,153.092356,22.70
-26.225182,153.092105,23.44
-26.224279,153.093105,21.86
-26.221118,153.093103,20.59
-26.219538,153.093102,21.57
-26.219087,153.093101,21.79
-26.217506,153.093100,21.05
-26.214572,153.093098,20.29
-26.214346,153.093097,20.40
-26.212766,153.093096,19.46
-26.211186,153.093095,19.52
-26.209606,153.093094,18.45
-26.208025,153.093092,18.13
-26.206445,153.093091,17.50
-26.204414,153.093089,16.91
-26.203059,153.093088,16.34
-26.201479,153.093087,15.42
-26.198770,153.093085,15.13
-26.197867,153.093084,14.53
-26.195384,153.093082,13.71
-26.194932,153.093082,13.27
-26.193127,153.093081,12.42
-26.191321,153.093079,11.82
-26.189063,153.093077,10.60
-26.187483,153.093076,9.90
-26.186129,153.093075,9.50
-26.185226,153.093074,8.42
-26.183645,153.093073,7.12
-26.182065,153.093072,5.28
-26.178906,153.092068,4.14
-26.178002,153.092318,3.93
-26.175745,153.093067,4.12
-26.175519,153.093067,3.96
-26.173713,153.093065,2.67
-26.171455,153.093063,1.15
-26.170552,153.093063,0.93
-26.168295,153.093061,-0.57
-26.653622,153.093702,0.77
-26.651815,153.094957,1.36
-26.650913,153.093951,3.27
-26.650009,153.095206,0.02
-26.647526,153.095204,-0.99
-26.645720,153.095203,-0.98
-26.645043,153.095202,-0.99
-26.642334,153.094949,-0.99
-26.640529,153.093692,1.01
-26.638949,153.093690,1.97
-26.638723,153.094192,1.78
-26.636692,153.094191,-1.00
-26.539854,153.095115,2.20
-26.534888,153.095111,0.41
-26.533533,153.095110,1.98
-26.531728,153.095109,2.44
-26.529922,153.095107,2.50
-26.529696,153.095107,2.57
-26.528116,153.095106,2.37
-26.525407,153.094853,2.23
-26.524956,153.094601,1.95
-26.522021,153.094850,2.37
-26.521118,153.095100,2.48
-26.519764,153.095099,2.13
-26.518410,153.095098,0.97
-26.516152,153.095096,0.58
-26.514798,153.095095,0.97
-26.512766,153.095093,1.00
-26.511863,153.095092,0.60
-26.508929,153.094588,-1.07
-26.507801,153.094587,-1.10
-26.506898,153.094837,-1.08
-26.504189,153.095086,-1.06
-26.385680,153.093485,-1.06
-26.383649,153.093483,3.30
-26.382068,153.093482,4.43
-26.380488,153.093481,6.02
-26.378908,153.093480,7.18
-26.377328,153.093478,8.46
-26.375521,153.094980,9.22
-26.373942,153.093977,10.22
-26.372361,153.094727,10.96
-26.371007,153.094476,11.64
-26.368975,153.094975,12.29
-26.367395,153.094974,12.61
-26.365816,153.093469,13.08
-26.364235,153.093718,13.82
-26.362654,153.094970,14.35
-26.361074,153.094969,14.91
-26.359269,153.094466,15.75
-26.357688,153.094966,16.09
-26.356108,153.094714,16.40
-26.355657,153.094714,16.66
-26.352722,153.094962,17.17
-26.351367,153.094961,17.50
-26.349562,153.094709,17.88
-26.347981,153.094958,18.27
-26.346627,153.094706,18.47
-26.344821,153.094705,18.81
-26.343015,153.094954,19.05
-26.341435,153.094953,19.31
-26.339855,153.094951,19.57
-26.338275,153.094950,19.69
-26.336695,153.094949,19.91
-26.334889,153.094947,20.07
-26.333309,153.094946,20.26
-26.331728,153.094945,20.50
-26.330148,153.094943,20.58
-26.329020,153.094942,20.71
-26.327214,153.094941,20.72
-26.325182,153.094939,20.90
-26.323828,153.094938,20.96
-26.322248,153.094686,21.18
-26.321119,153.094686,21.28
-26.318862,153.093932,21.30
-26.317056,153.094181,21.41
-26.315476,153.093930,21.53
-26.314574,153.093428,21.67
-26.312992,153.094929,21.63
-26.310509,153.094927,21.70
-26.309155,153.094926,21.80
-26.307801,153.094675,21.79
-26.305995,153.094924,21.95
-26.304415,153.094171,21.98
-26.302383,153.094921,22.12
-26.300803,153.094919,22.40
-26.300577,153.094919,22.45
-26.298771,153.094918,22.36
-26.296514,153.094916,22.48
-26.294933,153.094915,22.56
-26.293579,153.094914,22.65
-26.291773,153.094912,22.74
-26.289742,153.094910,22.78
-26.288839,153.094910,22.88
-26.286807,153.094908,22.94
-26.284550,153.094656,23.02
-26.283422,153.093403,23.48
-26.282744,153.094654,23.08
-26.280486,153.094903,22.82
-26.278229,153.094901,22.85
-26.276423,153.094900,22.95
-26.276197,153.094899,22.98
-26.274391,153.094898,22.97
-26.271683,153.094896,23.05
-26.271005,153.094895,23.03
-26.269199,153.094894,23.00
-26.266716,153.094892,23.14
-26.265588,153.094891,23.25
-26.264234,153.093638,23.36
-26.263330,153.094639,23.20
-26.260170,153.094886,22.77
-26.259041,153.094886,22.94
-26.258138,153.094885,23.01
-26.255204,153.094882,23.08
-26.254301,153.094882,23.10
-26.253398,153.094631,23.07
-26.251818,153.094880,22.98
-26.249335,153.094627,22.94
-26.248432,153.094627,22.92
-26.246400,153.094875,22.88
-26.245271,153.094874,22.74
-26.243691,153.094623,22.36
-26.241659,153.094871,22.35
-26.240531,153.094870,22.29
-26.238048,153.094868,22.29
-26.236016,153.094867,22.27
-26.234661,153.094866,22.26
-26.233307,153.094865,22.30
-26.231050,153.094863,22.32
-26.229921,153.094612,22.30
-26.227664,153.094860,22.40
-26.226084,153.093357,22.78
-26.224730,153.093857,22.97
-26.224278,153.094106,22.43
-26.221117,153.094855,21.80
-26.219537,153.094603,22.07
-26.219311,153.094853,22.13
-26.217505,153.094852,21.50
-26.214571,153.094849,21.17
-26.213668,153.094849,21.30
-26.211410,153.094847,20.82
-26.210959,153.094846,21.10
-26.208250,153.094844,19.85
-26.208024,153.094844,19.83
-26.206444,153.094843,19.52
-26.204638,153.094841,19.34
-26.202832,153.094840,19.42
-26.201252,153.094839,18.47
-26.199898,153.094838,18.14
-26.198317,153.094836,17.33
-26.195609,153.094834,16.40
-26.194931,153.094833,15.24
-26.192674,153.094832,15.30
-26.191545,153.094831,15.09
-26.189514,153.094829,13.57
-26.188159,153.094828,13.28
-26.186805,153.094827,12.59
-26.184999,153.094825,11.65
-26.183644,153.094824,10.75
-26.181838,153.094823,10.21
-26.179807,153.094821,8.92
-26.178678,153.094820,7.61
-26.177098,153.094819,6.19
-26.175518,153.094818,4.65
-26.173487,153.093815,4.07
-26.171906,153.094064,3.92
-26.169197,153.094813,3.96
-26.168971,153.094812,3.76
-26.167165,153.094811,1.50
-26.165585,153.094810,1.29
-26.163328,153.094808,-0.18
-26.653845,153.096968,2.38
-26.653169,153.095712,1.63
-26.650234,153.095458,0.18
-26.650009,153.095458,0.69
-26.647074,153.095455,-0.99
-26.646396,153.096459,-0.99
-26.643913,153.096960,0.04
-26.642107,153.096958,0.67
-26.640753,153.096204,2.01
-26.640302,153.095701,1.74
-26.638271,153.095950,1.35
-26.636916,153.095949,-0.90
-26.585676,153.096157,2.61
-26.583645,153.095905,3.20
-26.582064,153.096908,2.97
-26.581839,153.095903,2.20
-26.559491,153.096387,-0.35
-26.539627,153.096872,-0.28
-26.538273,153.096871,0.90
-26.536467,153.096869,1.44
-26.534887,153.096868,4.82
-26.533307,153.096867,6.37
-26.531501,153.096865,6.90
-26.530598,153.096864,7.15
-26.529469,153.096863,7.06
-26.527212,153.096862,7.00
-26.525406,153.096860,7.06
-26.524955,153.096860,6.99
-26.522472,153.096858,6.89
-26.521569,153.096857,6.15
-26.519989,153.096855,5.01
-26.517957,153.096603,3.58
-26.515474,153.096852,4.32
-26.514571,153.096851,4.30
-26.513217,153.096850,3.97
-26.511862,153.096849,3.78
-26.510056,153.096847,3.37
-26.508251,153.096846,3.20
-26.507122,153.096092,2.56
-26.505316,153.096341,2.17
-26.502833,153.096590,2.19
-26.501930,153.096840,2.57
-26.500576,153.096839,2.05
-26.498770,153.096838,1.11
-26.497190,153.096084,-0.98
-26.494933,153.096584,-1.00
-26.492901,153.096833,-1.13
-26.480712,153.096572,0.82
-26.383647,153.095238,0.92
-26.382067,153.095236,3.45
-26.380487,153.095235,5.16
-26.378907,153.095234,6.81
-26.377101,153.095483,8.20
-26.375520,153.096484,9.23
-26.373941,153.095230,10.34
-26.372360,153.095730,10.98
-26.370780,153.095979,11.68
-26.368974,153.096729,12.47
-26.367619,153.096728,12.91
-26.365813,153.096727,13.52
-26.364233,153.096725,14.16
-26.362653,153.096724,14.75
-26.360848,153.096221,15.33
-26.359267,153.096721,15.82
-26.357687,153.096219,16.20
-26.356107,153.096719,16.55
-26.354528,153.095214,16.97
-26.352721,153.096716,17.61
-26.351141,153.096464,17.78
-26.349787,153.095711,18.16
-26.347980,153.096461,18.53
-26.346400,153.096710,18.82
-26.344820,153.096709,19.01
-26.343014,153.096708,19.37
-26.341434,153.096706,19.66
-26.339854,153.096705,19.92
-26.338274,153.096453,20.06
-26.336468,153.096702,20.23
-26.334888,153.096450,20.40
-26.333308,153.096449,20.53
-26.331728,153.095947,20.67
-26.330147,153.096697,20.79
-26.329244,153.096446,20.84
-26.326761,153.096694,20.90
-26.325181,153.096693,21.01
-26.323601,153.096692,21.13
-26.322021,153.096440,21.25
-26.320215,153.096689,21.39
-26.318635,153.096186,21.54
-26.317732,153.096687,21.65
-26.315474,153.096685,21.85
-26.314571,153.096684,21.99
-26.312540,153.096682,22.07
-26.310734,153.096681,22.25
-26.309831,153.096680,22.34
-26.307348,153.096678,22.45
-26.305768,153.096677,22.53
-26.304188,153.096675,22.57
-26.303285,153.096675,22.59
-26.300801,153.096673,22.65
-26.299673,153.096672,22.69
-26.298996,153.096671,22.70
-26.296287,153.096669,22.73
-26.294481,153.096667,22.82
-26.292901,153.096666,22.87
-26.291546,153.096665,23.02
-26.290418,153.096664,23.06
-26.287709,153.096662,23.10
-26.286806,153.096661,23.23
-26.285903,153.096660,23.21
-26.283194,153.096658,23.22
-26.282742,153.096658,23.21
-26.279808,153.096655,23.18
-26.279356,153.096655,23.21
-26.277099,153.096653,23.20
-26.275067,153.096651,23.24
-26.273713,153.096650,23.25
-26.271681,153.096648,23.28
-26.269875,153.096647,23.25
-26.268295,153.096395,23.29
-26.266941,153.096645,23.46
-26.265135,153.096643,23.62
-26.264683,153.096643,23.68
-26.263329,153.096642,23.38
-26.260169,153.096639,23.03
-26.258589,153.096387,23.19
-26.257911,153.096637,23.29
-26.256557,153.096636,23.28
-26.254074,153.096634,23.27
-26.253171,153.096633,23.27
-26.251591,153.096632,23.22
-26.249333,153.096630,23.15
-26.248430,153.096629,23.12
-26.246624,153.096628,23.14
-26.245270,153.096627,22.97
-26.243690,153.096625,22.70
-26.241207,153.096623,22.65
-26.240529,153.096623,22.65
-26.238949,153.096621,22.53
-26.237144,153.096370,22.51
-26.234209,153.096367,22.48
-26.233757,153.096367,22.50
-26.231049,153.096114,22.56
-26.230597,153.096364,22.59
-26.228791,153.096613,22.52
-26.226534,153.095860,22.58
-26.225632,153.095359,22.56
-26.223373,153.096609,22.52
-26.222696,153.096608,22.40
-26.220439,153.096606,22.44
-26.219310,153.096605,22.30
-26.217730,153.096604,22.14
-26.215247,153.096602,21.89
-26.213892,153.096601,21.98
-26.211409,153.096599,21.80
-26.210958,153.096348,21.86
-26.208475,153.096596,21.06
-26.207797,153.096596,21.12
-26.204863,153.096593,21.35
-26.204185,153.096593,21.57
-26.202605,153.096591,21.97
-26.200574,153.096590,21.00
-26.199896,153.096589,19.87
-26.198090,153.096588,19.18
-26.196510,153.096586,18.45
-26.194027,153.096584,18.10
-26.192447,153.096583,18.16
-26.191770,153.096582,17.63
-26.189512,153.096581,16.34
-26.188384,153.096580,16.04
-26.186803,153.096578,15.26
-26.185223,153.096577,13.95
-26.182966,153.096575,14.00
-26.182063,153.096324,12.46
-26.179580,153.096572,11.99
-26.177774,153.096571,11.28
-26.177097,153.096570,10.43
-26.174839,153.096568,9.53
-26.173033,153.096567,8.71
-26.172130,153.096566,7.03
-26.170550,153.096565,5.54
-26.167616,153.095562,3.99
-26.167165,153.095562,4.35
-26.165358,153.096311,4.45
-26.164004,153.096560,4.07
-26.162423,153.096558,2.06
-26.160618,153.096557,1.50
-26.159263,153.096556,0.90
-26.653393,153.098475,2.66
-26.653167,153.098726,3.13
-26.650232,153.098472,1.16
-26.649781,153.098221,1.20
-26.647298,153.098972,0.74
-26.645943,153.098971,1.40
-26.645041,153.098719,2.46
-26.642332,153.097963,2.04
-26.641881,153.097963,2.02
-26.640300,153.098715,1.32
-26.638721,153.097960,1.86
-26.636915,153.098210,-0.71
-26.632400,153.098457,-0.96
-26.598315,153.098930,0.29
-26.597186,153.098929,1.19
-26.594929,153.098927,1.61
-26.594026,153.098926,1.43
-26.591769,153.098924,1.62
-26.591543,153.098924,1.49
-26.589060,153.098922,1.34
-26.587029,153.098920,1.40
-26.585224,153.097412,2.54
-26.584998,153.097663,3.07
-26.583192,153.097662,2.40
-26.581838,153.097410,2.67
-26.579805,153.098914,1.51
-26.577322,153.098912,1.34
-26.576419,153.098911,0.79
-26.575291,153.098910,0.50
-26.572808,153.098908,-0.20
-26.571679,153.098907,-0.90
-26.569422,153.098905,-0.92
-26.540077,153.098880,2.73
-26.538046,153.098627,5.78
-26.536466,153.098375,7.21
-26.534885,153.098625,8.64
-26.533305,153.098874,9.58
-26.533079,153.098874,9.56
-26.530822,153.098872,9.62
-26.528791,153.098870,9.67
-26.527210,153.098869,9.69
-26.525405,153.098867,9.82
-26.524050,153.098866,9.83
-26.522696,153.098865,9.72
-26.521567,153.098864,9.52
-26.519310,153.098862,9.26
-26.518407,153.098861,9.06
-26.515924,153.098859,9.01
-26.514795,153.098858,9.08
-26.513441,153.098857,8.96
-26.511184,153.098855,9.60
-26.508926,153.098853,9.95
-26.508701,153.098853,9.85
-26.506443,153.098851,8.83
-26.505315,153.098850,7.91
-26.502832,153.098848,6.45
-26.501929,153.098847,6.13
-26.500574,153.098846,5.16
-26.498543,153.098844,4.35
-26.496512,153.097839,2.97
-26.494706,153.098339,2.89
-26.492674,153.098589,2.72
-26.492222,153.098839,2.80
-26.490191,153.098837,2.15
-26.489062,153.098836,1.93
-26.486579,153.098834,0.18
-26.484774,153.098331,-1.14
-26.479807,153.098828,-1.13
-26.382066,153.097492,-0.95
-26.380486,153.096989,3.83
-26.378906,153.096988,6.30
-26.377100,153.096987,7.88
-26.375519,153.098489,9.10
-26.374165,153.097736,10.04
-26.372359,153.097985,11.35
-26.370779,153.097483,12.03
-26.368973,153.097732,12.56
-26.367619,153.097730,13.19
-26.365812,153.098731,13.88
-26.364233,153.097477,14.51
-26.362652,153.098478,14.96
-26.360846,153.098727,15.71
-26.359266,153.098475,16.22
-26.357686,153.098474,16.74
-26.357460,153.098474,16.74
-26.354525,153.098471,17.13
-26.352945,153.098720,17.81
-26.351140,153.097967,18.16
-26.349785,153.097715,18.47
-26.347980,153.097213,18.73
-26.346625,153.097462,18.97
-26.344593,153.098713,19.33
-26.343238,153.098712,19.59
-26.341433,153.098460,19.89
-26.339852,153.098709,20.18
-26.338498,153.098458,20.33
-26.336467,153.098456,20.42
-26.334886,153.098705,20.64
-26.333758,153.098704,20.73
-26.331726,153.098702,21.07
-26.330372,153.098701,21.30
-26.329017,153.098700,21.41
-26.327888,153.098699,21.45
-26.325405,153.098697,21.46
-26.323599,153.098695,21.58
-26.322020,153.098193,21.78
-26.320214,153.098442,21.87
-26.318633,153.098691,22.03
-26.317279,153.098690,22.14
-26.316150,153.098439,22.23
-26.314119,153.098687,22.38
-26.312538,153.098686,22.45
-26.311184,153.098435,22.52
-26.309152,153.098683,22.61
-26.308024,153.098432,22.65
-26.305766,153.098430,22.77
-26.304638,153.098429,22.81
-26.303509,153.098178,22.88
-26.300800,153.098676,22.86
-26.299446,153.098675,22.92
-26.298769,153.098174,22.93
-26.296285,153.098672,22.93
-26.294480,153.098420,22.98
-26.292899,153.098669,23.11
-26.291319,153.098668,23.17
-26.290190,153.098667,23.25
-26.288159,153.098665,23.30
-26.286804,153.098664,23.42
-26.285224,153.098663,23.43
-26.282967,153.098661,23.46
-26.281838,153.098660,23.41
-26.280935,153.098659,23.48
-26.278904,153.098407,23.51
-26.277324,153.097905,23.48
-26.275518,153.098404,23.55
-26.274615,153.098654,23.54
-26.272357,153.098652,23.49
-26.270326,153.098650,23.50
-26.269197,153.098649,23.55
-26.266714,153.098397,23.67
-26.265360,153.097645,23.82
-26.264683,153.097644,23.92
-26.263328,153.097643,23.52
-26.260393,153.098642,23.37
-26.258587,153.098390,23.51
-26.257459,153.098389,23.57
-26.255653,153.098638,23.55
-26.255201,153.098387,23.50
-26.252267,153.098635,23.55
-26.251815,153.098134,23.48
-26.250235,153.098383,23.36
-26.248203,153.098381,23.30
-26.246623,153.098630,23.20
-26.245269,153.098629,23.17
-26.243011,153.098627,22.92
-26.241657,153.098626,22.89
-26.239625,153.098624,22.86
-26.238271,153.098623,22.78
-26.237142,153.098622,22.73
-26.234885,153.098620,22.68
-26.232627,153.098368,22.71
-26.231047,153.098617,22.74
-26.229693,153.098616,22.78
-26.227661,153.098364,22.81
-26.227210,153.098614,22.79
-26.225404,153.098362,22.76
-26.223598,153.097860,22.78
-26.221341,153.098108,22.80
-26.220889,153.098108,22.78
-26.219309,153.098607,22.74
-26.217728,153.098606,22.60
-26.215923,153.098604,22.40
-26.214568,153.098603,22.36
-26.211408,153.098350,22.34
-26.211182,153.098350,22.36
-26.208247,153.098598,22.11
-26.206442,153.098596,22.50
-26.204861,153.098595,23.79
-26.204636,153.098094,23.25
-26.202379,153.098093,23.54
-26.200347,153.098591,22.09
-26.199895,153.098341,21.31
-26.197864,153.098339,20.94
-26.196509,153.098588,19.71
-26.193575,153.098335,20.26
-26.193123,153.098585,20.67
-26.191091,153.098333,18.61
-26.189511,153.098582,18.89
-26.188157,153.098581,18.63
-26.186802,153.098330,17.54
-26.183867,153.098577,17.08
-26.183642,153.098577,17.26
-26.181159,153.098575,15.06
-26.180256,153.098574,15.37
-26.177773,153.098572,13.86
-26.176418,153.098571,13.67
-26.175064,153.098570,13.26
-26.172806,153.098568,12.35
-26.172129,153.098317,12.24
-26.170549,153.098566,11.11
-26.168291,153.098564,10.08
-26.167163,153.098563,8.46
-26.165808,153.098562,7.21
-26.163551,153.098560,4.54
-26.161520,153.097308,4.34
-26.160391,153.097807,4.10
-26.157682,153.098555,4.37
-26.157456,153.098555,4.14
-26.155876,153.098054,1.57
-26.153844,153.098552,1.12
-26.152490,153.098551,0.51
-26.652489,153.098977,3.33
-26.651586,153.099730,1.62
-26.648651,153.100481,2.14
-26.647974,153.099978,3.60
-26.646169,153.099474,2.56
-26.644589,153.098970,1.72
-26.643460,153.098969,0.56
-26.640977,153.098967,-0.84
-26.639848,153.099217,2.22
-26.608020,153.100696,0.29
-26.607569,153.100696,1.04
-26.605086,153.100443,1.80
-26.603054,153.100692,2.97
-26.602603,153.100691,3.08
-26.599894,153.100689,3.55
-26.598539,153.100688,4.00
-26.596508,153.100686,4.32
-26.595831,153.100686,4.55
-26.593348,153.100683,4.63
-26.591768,153.100682,4.75
-26.590865,153.100681,4.79
-26.589962,153.100680,4.67
-26.587705,153.100678,4.61
-26.585222,153.100676,4.75
-26.584996,153.100676,4.83
-26.582739,153.100674,4.98
-26.581610,153.100673,5.16
-26.579804,153.100671,4.94
-26.578450,153.100670,4.55
-26.576870,153.100669,3.96
-26.575289,153.100668,3.67
-26.573709,153.100666,3.32
-26.570550,153.099910,2.91
-26.570098,153.100161,2.78
-26.568744,153.100160,2.34
-26.566938,153.100409,2.33
-26.564680,153.100658,2.83
-26.564003,153.100658,2.35
-26.562197,153.100656,1.74
-26.559940,153.100654,0.72
-26.558811,153.100653,-0.28
-26.552266,153.099894,0.38
-26.543010,153.100639,1.57
-26.541430,153.100638,5.55
-26.539625,153.100385,7.46
-26.538044,153.100635,8.89
-26.536464,153.100634,10.49
-26.534884,153.100632,10.85
-26.533304,153.100631,11.36
-26.533078,153.100631,11.43
-26.529918,153.100628,11.63
-26.528338,153.100627,11.63
-26.527209,153.100626,11.75
-26.525629,153.100624,11.83
-26.523372,153.100622,11.86
-26.523146,153.100622,11.83
-26.521566,153.100621,11.65
-26.519986,153.100619,11.58
-26.517277,153.100617,11.41
-26.515471,153.100615,11.41
-26.514343,153.100614,11.87
-26.512537,153.100613,12.64
-26.510505,153.100611,12.83
-26.510280,153.100611,12.72
-26.508699,153.100609,12.26
-26.507119,153.100608,12.04
-26.504862,153.100606,10.87
-26.502830,153.100604,10.91
-26.502153,153.100604,10.12
-26.500573,153.100602,9.08
-26.498767,153.100601,8.19
-26.496510,153.100599,8.01
-26.495607,153.100598,7.82
-26.494027,153.100597,7.14
-26.492447,153.100595,6.05
-26.490641,153.100594,4.69
-26.489061,153.100592,4.29
-26.487481,153.100591,3.55
-26.485675,153.100589,2.86
-26.484095,153.100588,2.60
-26.482740,153.100587,2.39
-26.479580,153.100333,2.50
-26.478677,153.100583,3.07
-26.477549,153.100582,2.40
-26.475743,153.100581,1.31
-26.474614,153.100580,0.65
-26.472808,153.100578,0.09
-26.469197,153.100575,-0.64
-26.462651,153.099315,0.24
-26.380485,153.098744,0.24
-26.378904,153.098993,5.26
-26.377099,153.098992,7.66
-26.375519,153.098740,8.87
-26.373938,153.099239,10.14
-26.372358,153.099489,11.18
-26.370778,153.098986,12.08
-26.368972,153.099736,12.74
-26.367392,153.099234,13.50
-26.365811,153.100485,14.07
-26.364231,153.100233,14.73
-26.362876,153.100232,15.26
-26.360845,153.100481,16.07
-26.359265,153.100229,16.61
-26.357684,153.100478,17.05
-26.357459,153.100478,17.03
-26.354524,153.100225,17.54
-26.352944,153.100474,18.06
-26.351139,153.099220,18.41
-26.349559,153.099219,18.81
-26.347978,153.100470,18.92
-26.346398,153.100469,19.29
-26.344817,153.100467,19.88
-26.343012,153.100466,20.05
-26.341657,153.100465,20.35
-26.339851,153.100463,20.62
-26.338497,153.100462,20.89
-26.337142,153.100461,20.98
-26.335111,153.100459,21.09
-26.333305,153.100457,21.23
-26.331725,153.100205,21.44
-26.330145,153.100455,21.62
-26.328564,153.100453,21.77
-26.327661,153.100452,21.79
-26.326533,153.100452,21.79
-26.323599,153.099948,21.76
-26.322018,153.100448,21.95
-26.320213,153.099945,22.11
-26.318632,153.100194,22.24
-26.317052,153.100443,22.37
-26.315923,153.100442,22.42
-26.314343,153.100191,22.51
-26.312086,153.100439,22.64
-26.311408,153.100438,22.67
-26.309151,153.100437,22.78
-26.307571,153.100435,22.85
-26.305765,153.100434,22.91
-26.304185,153.100432,23.03
-26.303508,153.100432,23.05
-26.300799,153.100429,23.12
-26.299670,153.100428,23.16
-26.298316,153.100427,23.17
-26.296510,153.100426,23.24
-26.294253,153.100424,23.34
-26.294027,153.100423,23.41
-26.292221,153.100422,23.44
-26.289512,153.100420,23.57
-26.289286,153.100419,23.55
-26.286127,153.099415,23.62
-26.285901,153.099415,23.59
-26.282966,153.100414,23.65
-26.281385,153.100413,23.66
-26.281160,153.100412,23.63
-26.277999,153.100410,23.68
-26.276419,153.100408,23.72
-26.275065,153.100407,23.83
-26.274388,153.100407,23.80
-26.272582,153.100405,23.77
-26.269873,153.100152,23.73
-26.268970,153.100402,23.81
-26.267164,153.100400,23.85
-26.265584,153.100399,23.89
-26.264681,153.100148,23.87
-26.263101,153.100146,23.68
-26.261521,153.099895,23.61
-26.258586,153.100393,23.71
-26.257232,153.100392,23.76
-26.256780,153.100141,23.71
-26.254748,153.100390,23.74
-26.252943,153.100388,23.73
-26.251814,153.100387,23.64
-26.250008,153.100386,23.58
-26.248428,153.100384,23.56
-26.247073,153.100383,23.40
-26.243913,153.100380,23.29
-26.242333,153.100379,23.26
-26.242107,153.100379,23.31
-26.240301,153.100377,23.29
-26.238721,153.100376,23.10
-26.237141,153.100124,23.05
-26.235335,153.099872,22.96
-26.233980,153.100372,22.93
-26.231272,153.100370,22.90
-26.230369,153.100369,22.93
-26.228563,153.100367,22.91
-26.226983,153.100366,22.88
-26.224951,153.100364,22.93
-26.224274,153.100364,22.94
-26.222468,153.100362,22.98
-26.220662,153.100360,23.01
-26.218630,153.100108,22.93
-26.217502,153.100358,22.84
-26.214793,153.100355,22.84
-26.214567,153.100105,22.70
-26.212535,153.100353,22.64
-26.211181,153.100102,22.55
-26.208246,153.100350,22.68
-26.206666,153.100348,23.23
-26.205312,153.100347,24.27
-26.204636,153.098595,23.12
-26.202378,153.098843,23.60
-26.200120,153.099842,22.69
-26.199894,153.100092,22.87
-26.198088,153.100341,22.21
-26.195153,153.100339,21.05
-26.193573,153.100337,22.12
-26.193347,153.100337,22.17
-26.191316,153.100335,20.46
-26.189736,153.100334,20.46
-26.188381,153.100333,20.15
-26.186575,153.100331,19.60
-26.184092,153.100329,19.73
-26.183641,153.100329,19.10
-26.182060,153.100327,18.50
-26.180254,153.100326,18.01
-26.178674,153.100324,17.58
-26.177094,153.100323,16.64
-26.175514,153.100322,16.17
-26.173708,153.100320,15.29
-26.171225,153.100318,14.85
-26.170548,153.100317,14.45
-26.168516,153.100316,13.38
-26.167387,153.100315,12.68
-26.165581,153.100313,11.19
-26.163775,153.100312,10.22
-26.162421,153.100311,9.42
-26.160841,153.100309,7.67
-26.159261,153.100308,6.19
-26.157680,153.100306,4.60
-26.155649,153.099304,4.11
-26.153391,153.100053,3.91
-26.152488,153.100302,3.75
-26.151134,153.100301,2.91
-26.149102,153.100049,1.43
-26.147522,153.100298,0.87
-26.650230,153.102240,1.91
-26.648876,153.100983,1.90
-26.648425,153.100983,0.97
-26.646619,153.100981,-0.86
-26.640523,153.102483,-0.92
-26.640298,153.102483,-0.74
-26.637138,153.102229,-0.94
-26.636009,153.102228,-0.89
-26.635332,153.102478,0.30
-26.632623,153.102476,1.21
-26.632171,153.102475,1.13
-26.629237,153.102473,1.45
-26.629011,153.102473,1.47
-26.626754,153.102471,1.51
-26.624271,153.102468,1.24
-26.622917,153.102467,0.83
-26.622465,153.102467,0.54
-26.619982,153.102465,0.31
-26.618854,153.102464,0.12
-26.614565,153.102460,0.10
-26.612759,153.102458,0.38
-26.611179,153.102457,2.46
-26.609825,153.102456,4.78
-26.608019,153.102454,5.99
-26.606439,153.102453,6.74
-26.604633,153.102451,7.96
-26.603278,153.102450,8.21
-26.602150,153.102449,8.62
-26.599893,153.102447,8.64
-26.598990,153.102446,9.07
-26.596732,153.102444,9.30
-26.594927,153.102442,9.52
-26.593346,153.102441,9.87
-26.592444,153.102440,9.91
-26.591315,153.102439,9.84
-26.588606,153.102437,9.95
-26.587026,153.102435,10.02
-26.585220,153.102434,10.16
-26.583640,153.102432,10.31
-26.583189,153.102432,10.40
-26.581609,153.102430,10.33
-26.580254,153.102429,10.32
-26.578448,153.102428,10.00
-26.576868,153.102426,9.92
-26.575063,153.102425,9.84
-26.572805,153.102423,9.90
-26.572128,153.102422,9.81
-26.570322,153.102420,9.16
-26.568742,153.102419,8.17
-26.567162,153.102418,7.71
-26.565582,153.102416,6.85
-26.563776,153.102415,5.61
-26.562196,153.102413,4.52
-26.560616,153.102412,3.79
-26.559036,153.102410,3.31
-26.557456,153.102409,2.80
-26.555425,153.101905,2.55
-26.554070,153.102155,2.03
-26.552490,153.102405,1.28
-26.550684,153.102403,0.17
-26.544589,153.102398,2.68
-26.543009,153.102396,7.51
-26.541429,153.102395,9.37
-26.539849,153.102393,10.44
-26.538043,153.102392,11.52
-26.536463,153.102390,12.69
-26.536237,153.102139,12.67
-26.533980,153.102388,12.36
-26.532400,153.102136,12.12
-26.529917,153.102385,12.96
-26.528337,153.102383,13.23
-26.527434,153.102382,13.37
-26.525628,153.102381,13.52
-26.524274,153.102380,13.61
-26.522242,153.102378,13.60
-26.520436,153.102376,13.68
-26.519985,153.102376,13.74
-26.517050,153.102373,13.79
-26.515470,153.102372,14.09
-26.513890,153.102370,14.75
-26.512310,153.102369,15.61
-26.511858,153.102369,15.53
-26.509827,153.102367,14.83
-26.507795,153.102365,14.87
-26.506441,153.102364,14.60
-26.505312,153.102363,14.40
-26.503732,153.102361,12.88
-26.501701,153.102109,11.39
-26.500120,153.102358,11.25
-26.498315,153.102357,11.49
-26.496057,153.102104,10.71
-26.495380,153.102103,10.35
-26.493348,153.102352,9.44
-26.491768,153.102351,9.71
-26.489737,153.102349,9.44
-26.489060,153.102348,9.28
-26.487254,153.102347,8.76
-26.485899,153.102346,8.21
-26.482965,153.102343,7.54
-26.482513,153.102343,7.54
-26.480482,153.102341,6.74
-26.479353,153.102340,5.63
-26.477773,153.102338,4.84
-26.476193,153.102337,4.07
-26.474387,153.102335,3.39
-26.471679,153.101580,2.90
-26.469873,153.101830,2.98
-26.469421,153.102080,3.72
-26.468067,153.102330,3.39
-26.466035,153.102328,2.65
-26.464681,153.102327,1.19
-26.460617,153.102323,-0.70
-26.459037,153.102322,-0.72
-26.378903,153.100747,2.72
-26.377097,153.101247,7.12
-26.375517,153.100744,8.65
-26.373937,153.101495,9.89
-26.372357,153.101243,11.05
-26.370776,153.101242,12.01
-26.368970,153.102242,12.82
-26.367391,153.100988,13.62
-26.366035,153.102240,14.33
-26.364229,153.102238,15.00
-26.362649,153.101986,15.70
-26.360844,153.101985,16.34
-26.359263,153.102234,16.94
-26.357909,153.101731,17.28
-26.356780,153.102232,17.39
-26.354523,153.102230,17.97
-26.352717,153.102228,18.50
-26.351137,153.101224,18.69
-26.350460,153.101975,19.14
-26.347976,153.102224,19.62
-26.346396,153.101972,19.92
-26.344816,153.102221,20.25
-26.343010,153.102219,20.50
-26.341430,153.102218,20.73
-26.339850,153.102217,20.93
-26.338496,153.102216,21.10
-26.337367,153.102215,21.28
-26.335110,153.102213,21.26
-26.333755,153.102211,21.40
-26.331724,153.102210,21.54
-26.330144,153.101707,21.77
-26.328338,153.101706,21.91
-26.326983,153.101955,21.97
-26.326532,153.102205,21.93
-26.324048,153.102203,21.95
-26.322017,153.102201,22.14
-26.320211,153.102199,22.36
-26.319082,153.102198,22.46
-26.317051,153.102197,22.60
-26.315696,153.102196,22.71
-26.314342,153.102194,22.79
-26.312310,153.102193,22.93
-26.310956,153.102191,22.98
-26.309376,153.102190,23.08
-26.307570,153.102188,23.20
-26.305764,153.102187,23.27
-26.304635,153.102186,23.37
-26.303055,153.102184,23.43
-26.301023,153.102183,23.52
-26.299895,153.102182,23.58
-26.298992,153.102181,23.56
-26.296283,153.102178,23.53
-26.295154,153.102177,23.60
-26.292897,153.101925,23.68
-26.291317,153.102174,23.73
-26.290640,153.101923,23.76
-26.288382,153.101921,23.80
-26.286351,153.101919,23.87
-26.284996,153.102169,23.86
-26.283642,153.102167,23.91
-26.282287,153.102166,23.92
-26.281159,153.102165,23.85
-26.277998,153.102162,23.84
-26.276418,153.102161,23.88
-26.275289,153.102160,24.02
-26.274612,153.101909,24.05
-26.273032,153.102158,23.95
-26.269872,153.101905,23.99
-26.268517,153.102154,24.00
-26.267840,153.102154,24.03
-26.266034,153.102152,24.05
-26.264905,153.102151,24.01
-26.262874,153.102149,23.94
-26.261294,153.102148,23.93
-26.258585,153.102145,23.94
-26.257908,153.102145,23.93
-26.255650,153.102143,23.96
-26.254522,153.101892,23.98
-26.253167,153.101890,23.96
-26.251587,153.102139,23.88
-26.250232,153.102138,23.80
-26.248201,153.102136,23.80
-26.246395,153.102135,23.77
-26.245266,153.102134,23.62
-26.242332,153.102131,23.53
-26.242106,153.102131,23.51
-26.240526,153.102130,23.49
-26.238720,153.102128,23.38
-26.236462,153.102126,23.21
-26.234656,153.102125,23.28
-26.233754,153.101873,23.20
-26.231045,153.102121,23.17
-26.229690,153.102120,23.20
-26.228110,153.102119,23.19
-26.227433,153.102118,23.16
-26.225402,153.101366,23.12
-26.223596,153.100863,23.08
-26.221789,153.102113,23.09
-26.220661,153.101862,23.08
-26.219306,153.102111,23.09
-26.216598,153.101859,22.96
-26.216146,153.102108,22.94
-26.212986,153.102106,22.95
-26.212760,153.101855,22.91
-26.209825,153.102103,22.80
-26.208245,153.102101,23.05
-26.206440,153.101349,23.64
-26.205536,153.101599,24.39
-26.204633,153.102098,22.83
-26.203053,153.102097,22.71
-26.200119,153.100593,22.61
-26.199893,153.100843,22.86
-26.198088,153.100842,22.43
-26.195152,153.102090,21.97
-26.193572,153.101838,22.39
-26.193347,153.101588,22.59
-26.190637,153.102086,21.54
-26.189283,153.102085,21.53
-26.187477,153.102083,21.37
-26.186348,153.102082,21.21
-26.185220,153.102081,21.07
-26.182285,153.102079,21.03
-26.182059,153.102079,21.09
-26.179576,153.102077,20.11
-26.178222,153.102075,19.97
-26.177093,153.102074,18.80
-26.175513,153.102073,18.19
-26.173932,153.102072,17.49
-26.172127,153.102070,16.70
-26.170321,153.102068,15.81
-26.168063,153.102066,15.43
-26.167386,153.102066,14.84
-26.165354,153.102064,13.47
-26.164000,153.102063,13.18
-26.162420,153.102062,12.46
-26.160388,153.102060,11.35
-26.159259,153.102059,10.63
-26.157679,153.102057,9.83
-26.155873,153.102056,7.92
-26.154293,153.102054,6.56
-26.152713,153.102053,4.76
-26.149553,153.101300,3.93
-26.148650,153.101549,4.07
-26.147069,153.102048,4.01
-26.146166,153.102047,3.36
-26.143232,153.102045,1.11
-26.143006,153.102045,0.62
-26.140297,153.102042,-1.13
-26.655194,153.104255,-0.98
-26.653614,153.104002,-0.97
-26.651808,153.104251,0.42
-26.650229,153.102743,1.58
-26.649777,153.104250,1.57
-26.647068,153.103996,1.75
-26.646165,153.103995,2.69
-26.643682,153.104244,2.58
-26.642102,153.104243,3.15
-26.640522,153.104241,3.71
-26.639393,153.104240,4.16
-26.637588,153.104239,4.26
-26.636233,153.104237,4.23
-26.633976,153.104235,4.95
-26.632622,153.104234,5.59
-26.631042,153.104233,6.35
-26.629461,153.104231,6.81
-26.628333,153.104230,6.95
-26.626979,153.104229,6.70
-26.624496,153.104227,6.65
-26.622915,153.104225,6.13
-26.622464,153.104225,6.15
-26.619530,153.104222,5.95
-26.619078,153.104222,5.80
-26.616821,153.104220,4.54
-26.615241,153.104218,4.36
-26.612758,153.104216,5.35
-26.611178,153.104215,8.03
-26.609598,153.104213,8.38
-26.608017,153.104212,9.34
-26.606437,153.104210,10.23
-26.604632,153.104209,10.89
-26.603051,153.104207,11.43
-26.601471,153.104206,11.54
-26.600117,153.104205,11.82
-26.598311,153.104203,12.18
-26.596731,153.104202,12.61
-26.595151,153.104200,12.81
-26.594700,153.104200,12.94
-26.592894,153.104198,12.95
-26.591088,153.104196,12.95
-26.589282,153.104195,12.98
-26.587025,153.104193,13.27
-26.585445,153.104191,13.48
-26.584090,153.104190,13.65
-26.582510,153.104189,13.83
-26.580253,153.104187,13.83
-26.579350,153.104186,13.93
-26.578447,153.104185,13.93
-26.576867,153.104184,13.88
-26.574158,153.104181,13.95
-26.572804,153.104180,14.00
-26.571901,153.104179,14.02
-26.570321,153.104178,13.72
-26.568741,153.104176,13.25
-26.567161,153.104175,12.36
-26.565581,153.104173,11.64
-26.563775,153.104172,10.71
-26.562195,153.104170,9.84
-26.559260,153.104168,9.74
-26.559035,153.104167,9.75
-26.557454,153.104166,9.45
-26.555649,153.104164,8.62
-26.554068,153.104163,7.52
-26.552488,153.104162,5.36
-26.550908,153.104160,3.61
-26.549329,153.103406,2.02
-26.546168,153.104156,4.21
-26.544588,153.104154,8.03
-26.543008,153.104153,10.39
-26.541653,153.104152,12.02
-26.539622,153.104150,11.79
-26.538042,153.103396,12.07
-26.536463,153.102892,12.85
-26.536010,153.104147,13.01
-26.534656,153.103894,13.18
-26.531496,153.104143,13.73
-26.529915,153.104141,14.34
-26.528335,153.104140,14.67
-26.526755,153.104138,14.85
-26.525627,153.104137,15.03
-26.523595,153.104135,15.06
-26.521789,153.104134,15.29
-26.520209,153.104132,15.46
-26.519306,153.104132,15.72
-26.517049,153.104130,15.90
-26.515469,153.104128,15.99
-26.513889,153.104127,16.63
-26.512534,153.103875,16.94
-26.510503,153.103873,17.47
-26.510277,153.103873,17.52
-26.507343,153.103870,16.76
-26.507117,153.103619,16.42
-26.505311,153.103868,15.81
-26.503731,153.104118,14.38
-26.501699,153.104116,14.03
-26.500571,153.103864,13.64
-26.498313,153.104113,13.78
-26.496959,153.104111,13.28
-26.494476,153.103858,12.88
-26.492670,153.104108,12.82
-26.491316,153.104106,12.98
-26.490864,153.104106,12.87
-26.489058,153.104104,12.09
-26.487478,153.104103,11.67
-26.485447,153.104101,11.55
-26.484318,153.104100,11.44
-26.482512,153.104098,10.91
-26.480932,153.104097,10.31
-26.479352,153.104096,9.78
-26.477320,153.104094,9.53
-26.475966,153.104092,9.44
-26.473483,153.104090,9.06
-26.472806,153.104090,8.52
-26.471226,153.104088,8.12
-26.469645,153.104087,6.91
-26.468065,153.104085,6.06
-26.466485,153.104084,4.58
-26.464679,153.104082,3.67
-26.462874,153.104081,3.17
-26.461294,153.103327,3.13
-26.458585,153.103826,2.98
-26.457456,153.104076,3.43
-26.456553,153.104075,2.84
-26.454973,153.104074,1.26
-26.452716,153.103319,-1.03
-26.451136,153.103569,-1.07
-26.450007,153.103818,-1.05
-26.443913,153.103311,-0.48
-26.378902,153.102752,2.36
-26.377096,153.102751,6.37
-26.375516,153.102499,8.43
-26.373936,153.102497,9.83
-26.372355,153.103999,10.96
-26.370774,153.103998,12.07
-26.368969,153.103996,13.17
-26.367389,153.103744,14.32
-26.365808,153.103994,14.90
-26.364228,153.103992,15.76
-26.362648,153.103991,16.57
-26.361068,153.103989,17.22
-26.359262,153.103988,17.39
-26.357908,153.103736,17.79
-26.356102,153.103985,17.93
-26.354522,153.103733,18.22
-26.353167,153.103982,18.71
-26.351135,153.103981,19.07
-26.349555,153.103979,19.45
-26.347975,153.103978,20.02
-26.346395,153.103976,20.39
-26.344815,153.103975,20.63
-26.343009,153.103973,20.89
-26.341429,153.103721,21.04
-26.339849,153.103970,21.27
-26.338494,153.103969,21.32
-26.336914,153.103968,21.50
-26.335785,153.103967,21.51
-26.334206,153.103715,21.53
-26.331722,153.103963,21.64
-26.330142,153.103962,21.85
-26.328562,153.103960,21.99
-26.327659,153.103960,22.09
-26.325628,153.103707,22.15
-26.324950,153.103957,22.17
-26.322016,153.103704,22.37
-26.320887,153.103953,22.62
-26.318630,153.103701,22.72
-26.317049,153.103950,22.86
-26.315695,153.103949,23.04
-26.313889,153.103947,23.14
-26.312535,153.103946,23.22
-26.310729,153.103944,23.40
-26.309374,153.103943,23.43
-26.307343,153.103691,23.53
-26.305988,153.103940,23.59
-26.303957,153.103938,23.70
-26.302377,153.103687,23.73
-26.301474,153.103936,23.81
-26.300345,153.103935,23.82
-26.298765,153.103934,23.83
-26.297185,153.103932,23.82
-26.294476,153.103679,23.86
-26.293573,153.103929,23.93
-26.291315,153.103927,23.97
-26.290412,153.103926,24.08
-26.289284,153.103925,24.01
-26.286801,153.103923,24.10
-26.285898,153.103922,24.10
-26.284318,153.103921,24.14
-26.282060,153.103919,24.14
-26.280480,153.103917,24.13
-26.279577,153.103917,24.08
-26.276417,153.103914,24.18
-26.275288,153.103913,24.30
-26.274159,153.103912,24.23
-26.271902,153.103910,24.22
-26.269870,153.103908,24.27
-26.269645,153.103908,24.25
-26.266936,153.103905,24.28
-26.265807,153.103654,24.27
-26.264904,153.103653,24.24
-26.262873,153.103902,24.22
-26.261518,153.103901,24.21
-26.259261,153.103648,24.20
-26.257906,153.103897,24.21
-26.256778,153.103896,24.17
-26.254746,153.103895,24.18
-26.253392,153.103643,24.19
-26.251811,153.103892,24.15
-26.250231,153.103891,24.05
-26.247297,153.103638,23.98
-26.246168,153.103887,24.02
-26.245039,153.103886,23.93
-26.243685,153.103885,23.81
-26.241653,153.103883,23.84
-26.240524,153.103882,23.80
-26.238944,153.103880,23.60
-26.236461,153.103878,23.50
-26.234881,153.103877,23.48
-26.233752,153.103876,23.46
-26.232398,153.103875,23.40
-26.229915,153.103872,23.44
-26.228786,153.103871,23.41
-26.227432,153.103870,23.39
-26.225400,153.103868,23.38
-26.223143,153.103866,23.33
-26.221788,153.103865,23.47
-26.219756,153.103863,23.32
-26.218628,153.103612,23.39
-26.217048,153.103861,23.33
-26.216145,153.103360,23.25
-26.214113,153.103608,23.14
-26.212759,153.103106,23.08
-26.209824,153.103855,23.02
-26.208244,153.103853,23.31
-26.206438,153.103852,23.86
-26.205762,153.102350,24.17
-26.204632,153.103850,23.18
-26.202149,153.103848,22.98
-26.200569,153.103846,23.27
-26.199891,153.103846,23.11
-26.198085,153.103844,22.65
-26.195151,153.103842,22.53
-26.194699,153.103841,22.61
-26.192668,153.103339,22.73
-26.191087,153.103838,22.32
-26.189282,153.103836,22.31
-26.188379,153.103836,22.18
-26.185444,153.103833,22.18
-26.183864,153.103832,22.36
-26.182509,153.103830,22.90
-26.182058,153.103330,21.68
-26.178898,153.103827,21.31
-26.178672,153.103827,21.35
-26.177092,153.103826,20.54
-26.175511,153.103824,20.23
-26.173931,153.103823,19.55
-26.172125,153.103821,18.91
-26.170545,153.103820,18.54
-26.168965,153.103818,18.13
-26.167385,153.103817,17.27
-26.165579,153.103815,16.15
-26.163999,153.103814,16.15
-26.162418,153.103813,14.73
-26.160387,153.103811,13.77
-26.159258,153.103810,13.37
-26.157452,153.103808,12.45
-26.155646,153.103807,11.51
-26.153163,153.103804,11.32
-26.152712,153.103804,10.85
-26.150680,153.103802,8.18
-26.149551,153.103801,7.45
-26.147745,153.103800,5.13
-26.144811,153.103047,4.18
-26.144585,153.103046,4.28
-26.142328,153.103545,4.17
-26.141424,153.103794,3.65
-26.139393,153.103792,2.03
-26.137587,153.103791,1.13
-26.136458,153.103790,0.53
-26.666254,153.105521,0.40
-26.662868,153.106020,0.34
-26.660159,153.106018,0.49
-26.659256,153.106017,1.16
-26.656773,153.105763,1.92
-26.655193,153.106013,2.28
-26.654967,153.106013,2.11
-26.652936,153.105760,1.96
-26.650904,153.106009,1.51
-26.648647,153.105253,2.19
-26.647067,153.106006,4.46
-26.645487,153.106004,6.28
-26.643907,153.106003,6.79
-26.642101,153.106001,6.94
-26.640521,153.106000,7.80
-26.640069,153.105999,8.13
-26.637586,153.105997,7.77
-26.635555,153.105995,7.84
-26.633975,153.105993,8.71
-26.632395,153.105992,9.49
-26.630815,153.105991,10.24
-26.629009,153.105989,10.73
-26.628106,153.105988,11.14
-26.625849,153.105986,11.20
-26.625171,153.105985,11.27
-26.624043,153.105984,10.90
-26.622463,153.105983,10.59
-26.620657,153.105981,10.26
-26.618851,153.105980,9.53
-26.617497,153.105978,8.76
-26.614562,153.105976,8.22
-26.612982,153.105974,10.09
-26.611854,153.105973,11.76
-26.610951,153.105972,10.43
-26.608016,153.105970,11.60
-26.606436,153.105968,12.44
-26.604856,153.105967,12.89
-26.603050,153.105965,13.24
-26.601696,153.105964,13.51
-26.599890,153.105962,13.84
-26.598310,153.105961,14.25
-26.596956,153.105959,14.45
-26.594924,153.105957,14.66
-26.593344,153.105956,14.82
-26.591764,153.105955,14.88
-26.590409,153.105953,14.99
-26.588378,153.105951,15.17
-26.586798,153.105950,15.43
-26.585218,153.105949,15.71
-26.584315,153.105948,15.84
-26.582283,153.105946,16.07
-26.580252,153.105944,16.16
-26.578672,153.105943,16.44
-26.577091,153.105941,16.84
-26.576866,153.105941,16.82
-26.574383,153.105939,16.40
-26.572577,153.105937,16.49
-26.570771,153.105935,16.58
-26.568965,153.105934,17.11
-26.568740,153.105933,16.90
-26.567159,153.105932,15.21
-26.565579,153.105930,14.83
-26.563999,153.105929,14.32
-26.562193,153.105927,13.73
-26.559936,153.105925,13.88
-26.558130,153.105924,13.33
-26.557227,153.105923,13.35
-26.555196,153.105921,13.00
-26.553390,153.105919,12.00
-26.552487,153.105918,10.88
-26.550230,153.105916,7.71
-26.547747,153.105914,9.36
-26.547070,153.105913,10.87
-26.544587,153.105911,10.65
-26.543006,153.105910,13.70
-26.542781,153.105910,13.62
-26.540298,153.105907,12.62
-26.539395,153.105906,12.70
-26.537815,153.105905,12.43
-26.534880,153.105902,13.98
-26.533300,153.105901,15.33
-26.533074,153.105901,15.41
-26.530591,153.105898,15.55
-26.528334,153.105896,16.01
-26.526980,153.105895,16.21
-26.525174,153.105893,16.45
-26.523819,153.105892,16.62
-26.521788,153.105890,16.83
-26.520208,153.105889,16.94
-26.518853,153.105888,17.15
-26.517725,153.105887,17.21
-26.515467,153.105884,17.58
-26.514565,153.105884,17.97
-26.513436,153.105883,17.51
-26.510501,153.105880,17.58
-26.508921,153.105878,18.16
-26.508696,153.105878,17.93
-26.506890,153.105375,16.16
-26.504407,153.105373,16.64
-26.503504,153.105873,17.16
-26.501698,153.105872,16.57
-26.500569,153.105871,15.45
-26.498312,153.105618,15.72
-26.496280,153.105867,15.35
-26.495152,153.105866,15.28
-26.492894,153.105864,15.57
-26.492217,153.105863,15.60
-26.489960,153.105861,15.33
-26.489057,153.105860,15.11
-26.487251,153.105859,14.89
-26.485897,153.105857,14.56
-26.484091,153.105856,14.30
-26.482511,153.105854,13.92
-26.480931,153.105853,13.63
-26.479125,153.105851,13.56
-26.477319,153.105850,13.36
-26.474836,153.105847,13.22
-26.474385,153.105847,13.08
-26.472804,153.105845,12.31
-26.471224,153.105844,12.10
-26.469644,153.105842,11.06
-26.468064,153.105841,10.12
-26.466258,153.105839,9.60
-26.464678,153.105838,9.41
-26.462646,153.105836,8.86
-26.460841,153.105834,8.22
-26.459938,153.105834,6.94
-26.458132,153.105832,5.87
-26.456552,153.105831,4.41
-26.454747,153.104575,3.58
-26.453392,153.105075,3.55
-26.450909,153.105324,3.56
-26.448877,153.105823,3.71
-26.448425,153.105823,3.13
-26.446394,153.105821,1.26
-26.378901,153.104256,1.62
-26.377095,153.104254,5.13
-26.375515,153.104253,7.97
-26.373933,153.105755,9.80
-26.372354,153.104751,11.07
-26.370774,153.105251,12.21
-26.368968,153.104999,13.31
-26.367387,153.105749,14.50
-26.365807,153.105247,15.23
-26.364227,153.105746,16.25
-26.362647,153.105745,17.12
-26.360841,153.105743,17.90
-26.359712,153.105742,18.19
-26.358132,153.105490,18.09
-26.356100,153.105739,18.27
-26.354521,153.104735,18.58
-26.352940,153.105736,19.25
-26.351134,153.105734,19.47
-26.349554,153.105733,19.90
-26.347974,153.105732,20.47
-26.346394,153.105730,20.91
-26.344588,153.105728,21.13
-26.343008,153.105727,21.36
-26.342331,153.105726,21.41
-26.339848,153.105474,21.61
-26.339396,153.105724,21.69
-26.336462,153.105220,21.77
-26.335784,153.105720,21.77
-26.334204,153.105468,21.83
-26.331947,153.105466,21.86
-26.330141,153.105715,22.02
-26.329689,153.105715,22.13
-26.326755,153.105712,22.27
-26.325175,153.105711,22.38
-26.323820,153.105710,22.46
-26.322240,153.105708,22.57
-26.320209,153.105456,22.79
-26.318628,153.105705,23.02
-26.317048,153.105703,23.16
-26.315468,153.105702,23.32
-26.313888,153.105701,23.45
-26.312985,153.105700,23.59
-26.310502,153.105697,23.67
-26.309147,153.105696,23.72
-26.307793,153.105695,23.84
-26.305761,153.105693,23.86
-26.304407,153.105442,23.91
-26.302827,153.105691,24.03
-26.301021,153.105689,24.06
-26.300570,153.105438,24.05
-26.297861,153.105686,24.06
-26.296506,153.105685,24.10
-26.294700,153.105683,24.18
-26.294023,153.105683,24.21
-26.291540,153.105680,24.30
-26.290411,153.105679,24.34
-26.288605,153.105678,24.29
-26.286799,153.105676,24.40
-26.285671,153.105675,24.40
-26.283413,153.105673,24.44
-26.282736,153.105672,24.41
-26.279576,153.105419,24.43
-26.277996,153.105418,24.45
-26.277093,153.105417,24.53
-26.275739,153.105165,24.55
-26.274610,153.105665,24.49
-26.271901,153.105663,24.50
-26.270321,153.105661,24.54
-26.269192,153.105660,24.55
-26.268063,153.105409,24.51
-26.265354,153.105657,24.51
-26.263774,153.105655,24.50
-26.262871,153.105654,24.45
-26.260614,153.105402,24.46
-26.259485,153.105651,24.48
-26.257679,153.105399,24.48
-26.256776,153.105398,24.40
-26.255196,153.105647,24.43
-26.253165,153.105145,24.39
-26.251810,153.105644,24.36
-26.250230,153.105643,24.31
-26.248650,153.105391,24.26
-26.246844,153.105640,24.16
-26.244135,153.105637,24.24
-26.243683,153.105637,24.19
-26.241200,153.105635,24.18
-26.240523,153.105634,24.07
-26.238717,153.105632,23.98
-26.237137,153.105631,23.79
-26.234202,153.105628,23.78
-26.233525,153.105378,23.79
-26.232397,153.105627,23.67
-26.230591,153.105625,23.67
-26.228333,153.105373,23.61
-26.226527,153.105621,23.62
-26.224721,153.105620,23.62
-26.223141,153.105618,23.62
-26.222238,153.105618,23.66
-26.219529,153.105615,23.54
-26.218852,153.105615,23.54
-26.216821,153.105613,23.59
-26.215240,153.105611,23.51
-26.212983,153.105609,23.53
-26.212757,153.105609,23.52
-26.209823,153.105606,23.41
-26.208920,153.105606,23.49
-26.206663,153.104352,24.13
-26.206437,153.104352,24.04
-26.204632,153.104100,23.28
-26.201696,153.105349,23.25
-26.200568,153.104847,23.43
-26.199890,153.105597,23.24
-26.197858,153.105596,23.11
-26.196504,153.105594,22.90
-26.193569,153.105592,23.01
-26.193344,153.105592,23.03
-26.190409,153.105589,22.89
-26.189958,153.105588,22.90
-26.188377,153.105587,22.83
-26.185443,153.105584,22.97
-26.183863,153.105583,23.64
-26.183637,153.105583,23.64
-26.181831,153.105581,22.43
-26.180251,153.105580,22.37
-26.177542,153.105577,22.52
-26.177090,153.105577,22.38
-26.175510,153.105575,21.20
-26.173704,153.105574,20.89
-26.172124,153.105572,20.52
-26.170544,153.105571,20.42
-26.168964,153.105570,20.16
-26.167383,153.105568,19.79
-26.164675,153.105566,19.98
-26.163997,153.105565,18.51
-26.162417,153.105564,16.95
-26.160837,153.105562,16.40
-26.159257,153.105561,15.84
-26.157451,153.105559,15.21
-26.155645,153.105558,14.38
-26.154291,153.105306,13.83
-26.152710,153.105555,13.36
-26.151130,153.105554,12.06
-26.149324,153.105552,11.42
-26.147744,153.105550,10.63
-26.146164,153.105549,8.79
-26.144584,153.105548,7.86
-26.143003,153.105546,5.62
-26.140521,153.104293,4.60
-26.139618,153.104543,4.24
-26.137360,153.105291,4.24
-26.136457,153.105540,3.85
-26.134877,153.105539,2.62
-26.131716,153.105536,1.00
-26.131491,153.105536,0.95
-26.129911,153.104284,0.44
-26.668283,153.108035,-0.18
-26.666478,153.108033,1.17
-26.665123,153.108032,3.52
-26.663318,153.108030,5.17
-26.661963,153.108029,5.74
-26.661060,153.108028,6.14
-26.658803,153.108026,6.21
-26.656772,153.108024,7.34
-26.655869,153.108023,8.14
-26.654514,153.108022,8.13
-26.652708,153.108020,7.86
-26.651580,153.108019,7.69
-26.649097,153.108017,8.00
-26.647065,153.108015,8.41
-26.645260,153.108013,9.80
-26.644131,153.108012,9.88
-26.642099,153.108010,10.09
-26.640745,153.108009,10.60
-26.639842,153.108008,10.61
-26.638713,153.108007,10.47
-26.635553,153.108004,10.57
-26.634199,153.108003,11.02
-26.632393,153.108001,11.91
-26.631039,153.108000,12.60
-26.629233,153.107998,13.30
-26.627879,153.107997,13.67
-26.625847,153.107995,14.36
-26.624718,153.107994,14.54
-26.624041,153.107993,14.59
-26.622461,153.107992,13.90
-26.620655,153.107990,13.05
-26.618624,153.107988,12.04
-26.616141,153.107986,12.57
-26.614561,153.107733,13.02
-26.613206,153.107983,16.08
-26.612755,153.107732,15.25
-26.609820,153.107980,12.56
-26.608015,153.107978,13.82
-26.607789,153.107978,14.22
-26.604629,153.107975,14.55
-26.603500,153.107974,14.78
-26.601469,153.107972,15.09
-26.600114,153.107971,15.35
-26.598308,153.107969,15.72
-26.596954,153.107968,15.88
-26.594922,153.107966,16.10
-26.593794,153.107965,16.30
-26.591762,153.107963,16.49
-26.590634,153.107962,16.64
-26.588602,153.107960,16.96
-26.587699,153.107959,17.11
-26.585216,153.107957,17.41
-26.584313,153.107956,17.55
-26.582056,153.107954,17.78
-26.580927,153.107953,17.88
-26.578896,153.107951,18.21
-26.577316,153.107699,18.80
-26.576864,153.107949,18.34
-26.573930,153.107946,18.39
-26.572575,153.107945,18.52
-26.570544,153.107943,19.10
-26.569190,153.107942,19.77
-26.568738,153.107691,19.30
-26.567158,153.107940,18.12
-26.565126,153.107938,18.00
-26.562869,153.107936,17.75
-26.561063,153.107934,18.07
-26.560612,153.107683,16.92
-26.558806,153.107932,16.46
-26.557452,153.107931,16.30
-26.555420,153.107929,16.47
-26.553163,153.107927,16.44
-26.552486,153.107926,17.17
-26.550003,153.107924,15.70
-26.549100,153.107923,15.31
-26.547745,153.107671,13.41
-26.544586,153.106413,12.71
-26.543231,153.107667,14.29
-26.542554,153.107917,14.82
-26.540522,153.107915,14.38
-26.538265,153.107913,14.89
-26.536459,153.107911,15.08
-26.535104,153.107910,16.18
-26.533976,153.107909,16.87
-26.533073,153.107908,16.70
-26.529913,153.107654,16.70
-26.528784,153.107904,17.18
-26.526752,153.107902,17.66
-26.525624,153.107901,17.87
-26.523592,153.107899,18.29
-26.522238,153.107898,18.37
-26.520432,153.107896,18.78
-26.519303,153.107895,18.62
-26.517046,153.107893,18.79
-26.516820,153.107893,18.86
-26.514789,153.107389,18.14
-26.512081,153.106885,17.97
-26.511177,153.107386,18.62
-26.510274,153.107636,18.95
-26.508695,153.106882,18.58
-26.506889,153.106378,16.60
-26.503955,153.106627,17.82
-26.503051,153.107880,18.80
-26.502148,153.107628,18.57
-26.499439,153.107626,17.75
-26.498762,153.107876,16.99
-26.495827,153.107873,17.39
-26.494473,153.107872,17.77
-26.492667,153.107870,18.12
-26.491313,153.107869,18.20
-26.490410,153.107868,18.07
-26.487927,153.107866,17.96
-26.487024,153.107865,17.99
-26.485895,153.107864,17.76
-26.484089,153.107862,17.65
-26.482735,153.107861,17.38
-26.480703,153.107859,17.32
-26.479349,153.107858,17.03
-26.477318,153.107856,16.13
-26.475286,153.107854,16.12
-26.473029,153.107852,16.26
-26.472126,153.107851,15.81
-26.471223,153.107850,15.04
-26.468514,153.107597,14.63
-26.467837,153.107847,14.99
-26.466482,153.107846,14.55
-26.464677,153.107844,13.31
-26.462645,153.107842,12.82
-26.461291,153.107841,12.21
-26.459259,153.107839,11.61
-26.458356,153.107838,10.97
-26.456099,153.107836,9.75
-26.454970,153.107835,9.43
-26.452939,153.107833,9.02
-26.451810,153.107832,8.77
-26.449553,153.107830,6.95
-26.448424,153.107829,5.90
-26.446392,153.107827,4.11
-26.445264,153.107826,3.31
-26.442104,153.107322,3.31
-26.440523,153.107571,3.82
-26.439620,153.107821,4.13
-26.438717,153.107820,3.23
-26.436912,153.107818,1.92
-26.434429,153.107064,-1.11
-26.433300,153.107314,-1.11
-26.432171,153.107563,-1.14
-26.379125,153.106261,-0.78
-26.377094,153.106009,3.69
-26.375513,153.106007,7.41
-26.373933,153.106256,10.04
-26.372352,153.107508,11.16
-26.370772,153.107005,12.32
-26.368967,153.106753,13.49
-26.367387,153.106501,14.74
-26.365805,153.107752,15.53
-26.364226,153.107500,16.68
-26.362645,153.107499,17.85
-26.361065,153.107748,18.69
-26.360388,153.107747,18.71
-26.359033,153.107746,18.55
-26.356099,153.106992,18.68
-26.354519,153.107491,18.92
-26.352713,153.107740,19.55
-26.351358,153.107739,19.99
-26.349553,153.107737,20.46
-26.347973,153.107485,20.96
-26.346392,153.107734,21.56
-26.345038,153.107733,21.72
-26.343006,153.107731,21.80
-26.342329,153.107480,21.97
-26.339846,153.107728,21.96
-26.338943,153.107477,22.10
-26.337589,153.107726,21.85
-26.335333,153.105971,21.82
-26.333300,153.107472,21.92
-26.331945,153.107721,22.03
-26.330140,153.107218,22.18
-26.329011,153.107718,22.37
-26.326754,153.106965,22.37
-26.325173,153.107464,22.59
-26.323593,153.107463,22.75
-26.322239,153.107712,22.92
-26.320433,153.107710,23.13
-26.319079,153.107208,23.27
-26.317047,153.107457,23.49
-26.315918,153.107706,23.60
-26.313886,153.107704,23.78
-26.312306,153.107452,23.88
-26.310726,153.107701,24.00
-26.309372,153.107700,24.09
-26.307340,153.107698,24.14
-26.306437,153.107697,24.19
-26.303954,153.107695,24.28
-26.302374,153.107443,24.33
-26.301697,153.107693,24.41
-26.300342,153.107441,24.41
-26.297633,153.107689,24.48
-26.296279,153.107688,24.53
-26.295602,153.107687,24.58
-26.293119,153.107685,24.58
-26.291087,153.107683,24.66
-26.289958,153.107682,24.75
-26.287927,153.107680,24.72
-26.286798,153.107679,24.77
-26.284541,153.107677,24.78
-26.283186,153.107676,24.80
-26.282283,153.107675,24.87
-26.281154,153.107674,24.81
-26.278220,153.107671,24.77
-26.277091,153.107420,24.89
-26.275963,153.107669,24.81
-26.273931,153.107667,24.77
-26.271448,153.107665,24.79
-26.270545,153.107164,24.80
-26.269416,153.107663,24.80
-26.268062,153.107662,24.80
-26.266256,153.107660,24.81
-26.264901,153.107659,24.76
-26.262644,153.107657,24.72
-26.260838,153.107655,24.71
-26.258581,153.107653,24.75
-26.258355,153.107653,24.78
-26.256549,153.107651,24.73
-26.254292,153.107649,24.68
-26.252937,153.107648,24.68
-26.251809,153.107647,24.66
-26.250003,153.107645,24.61
-26.248648,153.107644,24.55
-26.246617,153.107642,24.46
-26.244359,153.107390,24.44
-26.243457,153.107139,24.40
-26.241199,153.107137,24.36
-26.239845,153.106885,24.36
-26.238716,153.107635,24.32
-26.236910,153.107633,24.14
-26.235555,153.107632,24.07
-26.233749,153.107630,24.03
-26.231492,153.107628,24.04
-26.230138,153.107627,23.99
-26.227880,153.107625,24.05
-26.226752,153.107374,24.03
-26.225849,153.107623,24.04
-26.222914,153.107370,24.12
-26.222688,153.107370,24.14
-26.219528,153.107617,23.95
-26.219302,153.107617,23.96
-26.217045,153.107615,23.94
-26.214788,153.107112,23.76
-26.214110,153.107612,23.80
-26.212756,153.107611,23.80
-26.209821,153.107608,23.77
-26.208467,153.107607,23.77
-26.207338,153.107606,23.77
-26.206435,153.107605,23.79
-26.204178,153.107603,23.68
-26.201920,153.107601,23.57
-26.200792,153.107600,23.67
-26.198986,153.107598,23.53
-26.196728,153.107596,23.58
-26.196502,153.107596,23.55
-26.194471,153.107594,23.48
-26.193117,153.107343,23.48
-26.191085,153.107591,23.45
-26.189053,153.107589,23.38
-26.187021,153.107587,23.37
-26.185441,153.107586,23.53
-26.184088,153.106084,23.75
-26.183635,153.107584,23.68
-26.181378,153.107582,23.08
-26.178895,153.107330,23.16
-26.178443,153.107329,23.40
-26.176638,153.107328,23.05
-26.175509,153.107327,22.46
-26.173703,153.107575,22.15
-26.171671,153.107573,22.00
-26.170317,153.107572,21.96
-26.168059,153.107570,22.18
-26.166028,153.107568,22.79
-26.165576,153.107318,22.85
-26.163996,153.107566,19.65
-26.161964,153.107564,19.39
-26.160835,153.107563,19.11
-26.158352,153.107561,18.66
-26.157449,153.107560,18.13
-26.155418,153.107558,17.04
-26.154289,153.107557,16.63
-26.152032,153.107555,15.73
-26.151129,153.107304,14.53
-26.148871,153.107552,14.46
-26.147517,153.107551,13.71
-26.145485,153.107549,12.49
-26.144356,153.107548,12.19
-26.142325,153.107546,10.99
-26.141196,153.107545,9.68
-26.138939,153.107543,8.08
-26.137810,153.107542,7.25
-26.136455,153.107541,5.31
-26.134425,153.106289,4.25
-26.132844,153.106788,4.13
-26.131489,153.107286,3.95
-26.129909,153.107535,3.66
-26.128103,153.107533,1.89
-26.125846,153.107531,1.35
-26.124266,153.106280,1.94
-26.680020,153.109554,1.86
-26.669862,153.109795,1.24
-26.668056,153.109794,4.77
-26.666476,153.109792,6.62
-26.664896,153.109791,7.73
-26.663316,153.109789,9.05
-26.661962,153.109788,9.01
-26.659930,153.109786,9.09
-26.658350,153.109784,9.55
-26.656770,153.109783,10.05
-26.655190,153.109781,10.39
-26.654287,153.109780,10.68
-26.652256,153.109778,10.81
-26.650901,153.109777,10.93
-26.648644,153.109775,10.65
-26.647741,153.109774,11.33
-26.646838,153.109773,11.47
-26.643678,153.109770,12.14
-26.642324,153.109769,12.71
-26.641872,153.109769,12.67
-26.640292,153.109767,12.40
-26.637809,153.109765,12.35
-26.635552,153.109763,12.78
-26.633972,153.109761,13.42
-26.632392,153.109760,14.00
-26.630812,153.109758,14.50
-26.629006,153.109756,14.96
-26.627426,153.109755,15.51
-26.625846,153.109753,15.77
-26.624717,153.109752,16.07
-26.624040,153.109752,15.91
-26.621557,153.109749,15.42
-26.620654,153.109748,14.75
-26.619074,153.109747,14.21
-26.616139,153.109744,13.80
-26.615462,153.109743,14.45
-26.612980,153.108988,16.33
-26.612754,153.108987,16.06
-26.609594,153.109487,14.61
-26.608013,153.109485,15.12
-26.606433,153.109735,15.39
-26.604853,153.109733,15.63
-26.603047,153.109731,15.90
-26.601467,153.109730,16.20
-26.599887,153.109728,16.51
-26.598307,153.109727,16.73
-26.596727,153.109725,16.91
-26.594921,153.109724,17.15
-26.593341,153.109722,17.30
-26.591761,153.109721,17.52
-26.590181,153.109719,17.77
-26.588601,153.109718,18.09
-26.586795,153.109716,18.42
-26.585441,153.109715,18.58
-26.584086,153.109713,18.77
-26.582055,153.109711,18.91
-26.580249,153.109710,19.20
-26.579120,153.109709,19.47
-26.577314,153.109707,19.63
-26.575960,153.109706,19.71
-26.574154,153.109704,19.62
-26.572123,153.109702,19.77
-26.570543,153.109701,20.07
-26.568962,153.109699,21.22
-26.568737,153.109448,21.34
-26.567157,153.109697,20.48
-26.564899,153.109695,20.78
-26.563771,153.109694,20.43
-26.562191,153.109693,19.91
-26.560610,153.109691,19.33
-26.558579,153.109689,18.79
-26.556773,153.109687,18.99
-26.554742,153.109685,19.64
-26.553839,153.109685,19.99
-26.552485,153.108679,18.62
-26.550453,153.109179,16.97
-26.549325,153.108676,15.62
-26.547745,153.107922,13.37
-26.544584,153.109676,15.31
-26.543455,153.109675,16.56
-26.542778,153.109674,16.21
-26.540295,153.109672,16.25
-26.538715,153.109670,17.61
-26.536457,153.109668,17.56
-26.534877,153.109667,18.11
-26.534652,153.109666,18.08
-26.533072,153.109665,17.92
-26.531491,153.109663,17.55
-26.528331,153.109660,18.44
-26.526751,153.109659,19.00
-26.525171,153.109657,19.24
-26.523591,153.109656,19.50
-26.521785,153.109654,20.11
-26.521559,153.109654,20.16
-26.519754,153.109652,20.24
-26.518399,153.109651,19.71
-26.516142,153.109649,19.71
-26.514787,153.109647,19.12
-26.512982,153.109646,19.42
-26.510499,153.109142,20.20
-26.510273,153.109141,20.11
-26.508693,153.108889,17.06
-26.506435,153.109640,15.97
-26.504630,153.109638,18.07
-26.502372,153.109636,19.32
-26.501921,153.109635,19.23
-26.498987,153.108880,18.31
-26.498535,153.109632,18.64
-26.495826,153.109629,19.06
-26.494246,153.109628,19.62
-26.492666,153.109626,19.90
-26.491086,153.109625,20.11
-26.490860,153.109625,20.23
-26.487926,153.109622,20.00
-26.486797,153.109621,20.09
-26.484765,153.109619,19.55
-26.484314,153.109619,19.57
-26.481605,153.109616,19.30
-26.479573,153.109614,19.65
-26.479348,153.109614,19.80
-26.476413,153.109611,18.62
-26.475510,153.109610,18.89
-26.473027,153.109608,19.49
-26.472802,153.109608,19.57
-26.469867,153.109605,17.18
-26.468287,153.109603,18.56
-26.467835,153.109603,18.73
-26.466481,153.109602,16.83
-26.463321,153.109599,16.04
-26.461966,153.109597,16.12
-26.461289,153.109597,16.31
-26.459483,153.109595,15.55
-26.457903,153.109594,15.08
-26.456549,153.109592,14.33
-26.454743,153.109591,12.57
-26.453389,153.109589,11.76
-26.451809,153.109588,11.47
-26.450228,153.109586,11.00
-26.448423,153.109585,9.85
-26.445714,153.109582,9.74
-26.445262,153.109582,9.54
-26.443682,153.109580,7.92
-26.442102,153.109579,7.40
-26.440296,153.109577,6.40
-26.438716,153.109575,5.12
-26.437136,153.109574,3.77
-26.434879,153.108569,3.42
-26.433750,153.109069,3.23
-26.432170,153.109318,3.42
-26.430590,153.109568,3.21
-26.429010,153.109566,1.07
-26.426979,153.108812,-1.07
-26.424947,153.109312,-1.04
-26.424043,153.109562,-1.04
-26.377091,153.109517,3.95
-26.375511,153.109265,7.74
-26.373932,153.107760,9.84
-26.372576,153.109513,11.14
-26.370770,153.109511,12.43
-26.368965,153.109259,13.67
-26.367386,153.107754,14.74
-26.365804,153.109507,15.84
-26.364224,153.109505,17.23
-26.362644,153.109253,18.82
-26.361064,153.109502,19.59
-26.360612,153.109502,19.60
-26.359032,153.109250,18.90
-26.356098,153.109497,19.00
-26.354517,153.109496,19.54
-26.352712,153.109494,20.12
-26.351131,153.109493,20.57
-26.349551,153.109491,21.06
-26.347971,153.109490,21.51
-26.346391,153.109488,22.21
-26.346165,153.109488,22.18
-26.343005,153.109485,22.08
-26.342102,153.109234,22.46
-26.341199,153.109483,22.07
-26.338490,153.109481,22.36
-26.336684,153.109479,22.55
-26.336233,153.109479,22.01
-26.333299,153.108724,21.95
-26.331944,153.108723,22.05
-26.330138,153.109222,22.31
-26.328333,153.108469,22.51
-26.327881,153.109220,22.58
-26.325172,153.109218,22.71
-26.323592,153.109467,22.95
-26.322011,153.109465,23.18
-26.320206,153.109464,23.45
-26.318625,153.109462,23.66
-26.317271,153.109461,23.83
-26.315917,153.109460,24.00
-26.313885,153.109458,24.18
-26.312756,153.109457,24.26
-26.310950,153.109455,24.48
-26.309145,153.109453,24.54
-26.307339,153.109452,24.54
-26.306436,153.109451,24.63
-26.303953,153.109448,24.69
-26.302373,153.109196,24.77
-26.301469,153.109446,24.80
-26.299664,153.109444,24.82
-26.298761,153.109443,24.80
-26.296052,153.109441,24.86
-26.295826,153.109441,24.87
-26.294020,153.109439,24.88
-26.291086,153.109436,24.93
-26.289731,153.109435,25.07
-26.288151,153.109183,25.06
-26.286571,153.109432,25.14
-26.285442,153.109431,25.13
-26.282959,153.109429,25.21
-26.282282,153.109428,25.29
-26.280927,153.109427,25.26
-26.277993,153.109424,25.15
-26.277542,153.109173,25.18
-26.276187,153.109422,25.10
-26.274155,153.109420,25.05
-26.271672,153.109418,25.09
-26.270544,153.109417,25.09
-26.269641,153.109416,25.11
-26.267609,153.109414,25.12
-26.266480,153.109413,25.11
-26.263997,153.109411,25.03
-26.261965,153.109409,25.12
-26.261514,153.109409,25.02
-26.258805,153.109406,25.00
-26.258354,153.108655,24.92
-26.255871,153.108903,24.87
-26.254742,153.109402,24.88
-26.253387,153.109401,24.86
-26.251582,153.109399,24.84
-26.249098,153.109397,24.83
-26.248647,153.109396,24.80
-26.246841,153.109395,24.73
-26.244809,153.109393,24.71
-26.243455,153.109392,24.70
-26.240746,153.109389,24.74
-26.240520,153.109389,24.75
-26.238714,153.109387,24.71
-26.237134,153.109386,24.59
-26.235554,153.109384,24.53
-26.233748,153.109132,24.43
-26.231039,153.109380,24.39
-26.230588,153.109380,24.37
-26.227653,153.109377,24.29
-26.226976,153.109126,24.32
-26.225847,153.109375,24.31
-26.222913,153.109372,24.65
-26.222687,153.109122,24.34
-26.219752,153.109369,24.29
-26.218172,153.109368,24.19
-26.217044,153.109117,24.18
-26.214786,153.109365,24.17
-26.213432,153.109364,24.21
-26.212754,153.109363,24.24
-26.210497,153.109361,24.23
-26.209594,153.109360,24.23
-26.208014,153.109108,24.22
-26.205982,153.109357,24.18
-26.204628,153.109355,24.06
-26.203048,153.109354,23.98
-26.200790,153.109352,24.09
-26.198759,153.109350,24.05
-26.198307,153.109349,24.04
-26.196275,153.109348,24.04
-26.194018,153.109345,23.96
-26.192438,153.109344,23.99
-26.190632,153.109342,23.95
-26.189503,153.109091,23.90
-26.188149,153.109340,23.93
-26.185666,153.109338,23.91
-26.184311,153.109336,23.99
-26.183409,153.108835,23.85
-26.181828,153.109334,23.59
-26.178894,153.108831,23.47
-26.178442,153.109331,23.50
-26.176411,153.108328,23.52
-26.175507,153.109328,23.36
-26.173927,153.109327,22.93
-26.170767,153.109324,22.85
-26.169187,153.109322,23.00
-26.167606,153.109321,23.32
-26.166252,153.109320,23.82
-26.165801,153.108318,23.70
-26.163995,153.109317,20.99
-26.161286,153.109315,20.98
-26.160608,153.109314,20.97
-26.158351,153.109312,21.49
-26.157448,153.109311,19.75
-26.155868,153.109310,19.56
-26.154288,153.109308,19.33
-26.152707,153.109307,18.70
-26.151127,153.109305,17.49
-26.149547,153.109304,17.23
-26.147741,153.109302,16.05
-26.146161,153.109301,15.08
-26.144581,153.109299,14.46
-26.143001,153.109298,13.30
-26.141420,153.109296,13.45
-26.139614,153.109295,12.70
-26.137357,153.109293,10.90
-26.136003,153.109291,10.39
-26.134874,153.109290,9.07
-26.133068,153.109289,7.26
-26.131488,153.109287,5.44
-26.129005,153.108284,4.18
-26.128102,153.108534,4.08
-26.125618,153.109282,3.88
-26.124941,153.109281,3.79
-26.123361,153.109280,1.97
-26.121104,153.109277,1.37
-26.119975,153.109276,0.77
-26.694917,153.111076,0.36
-26.680471,153.110057,2.12
-26.679117,153.110307,1.61
-26.671441,153.111556,0.49
-26.669861,153.111554,4.09
-26.668055,153.111552,7.08
-26.666475,153.111551,9.34
-26.665572,153.111550,10.02
-26.663315,153.111548,10.54
-26.662186,153.111547,10.74
-26.660155,153.111545,10.99
-26.658575,153.111543,11.45
-26.656769,153.111541,11.89
-26.655189,153.111540,12.19
-26.653383,153.111538,12.47
-26.652706,153.111537,12.62
-26.651577,153.111536,12.51
-26.648643,153.111533,12.35
-26.647063,153.111532,13.03
-26.646837,153.111280,13.20
-26.643677,153.111277,13.32
-26.642323,153.110523,13.79
-26.641194,153.111275,13.93
-26.640291,153.111525,13.57
-26.637131,153.111522,13.96
-26.635551,153.111521,14.48
-26.634196,153.111519,14.93
-26.632390,153.111518,15.50
-26.630810,153.111516,15.86
-26.629005,153.111514,16.23
-26.627424,153.111513,16.59
-26.625844,153.111511,16.91
-26.624490,153.111510,17.23
-26.623813,153.111258,17.16
-26.622458,153.111508,17.12
-26.620653,153.111506,16.36
-26.619073,153.111505,15.51
-26.617492,153.111503,15.01
-26.615236,153.110999,15.99
-26.612979,153.109992,15.81
-26.612753,153.109992,15.60
-26.609592,153.111496,15.71
-26.608012,153.111494,16.13
-26.606883,153.111493,16.33
-26.605077,153.111491,16.43
-26.603046,153.111489,16.76
-26.601466,153.111488,17.03
-26.600111,153.111486,17.32
-26.598757,153.111485,17.45
-26.596500,153.111483,17.68
-26.594920,153.111481,17.87
-26.593340,153.111480,18.17
-26.591760,153.111478,18.37
-26.590179,153.111477,18.59
-26.588374,153.111475,19.02
-26.586794,153.111473,19.21
-26.585213,153.111472,19.42
-26.583633,153.111470,19.55
-26.582053,153.111469,19.75
-26.580473,153.111216,19.87
-26.578667,153.111466,20.19
-26.577539,153.111464,20.35
-26.575959,153.111463,20.51
-26.575282,153.111211,20.39
-26.572347,153.111459,20.40
-26.570541,153.111207,20.76
-26.568961,153.111456,21.55
-26.567832,153.111455,22.06
-26.566478,153.111454,22.32
-26.565349,153.111453,21.79
-26.563092,153.111199,21.30
-26.561512,153.111449,20.79
-26.560609,153.111197,20.48
-26.557900,153.111445,20.17
-26.556095,153.111193,20.77
-26.554514,153.111442,21.40
-26.553612,153.110688,21.05
-26.551806,153.111440,19.47
-26.550904,153.110184,17.39
-26.549323,153.111437,15.74
-26.547291,153.111435,14.26
-26.544583,153.110178,15.68
-26.544131,153.111432,19.05
-26.541422,153.111430,18.79
-26.540068,153.111428,19.23
-26.538939,153.111427,20.02
-26.537811,153.111426,19.71
-26.536005,153.111424,19.58
-26.534650,153.111423,19.37
-26.533070,153.111421,19.11
-26.531490,153.111420,18.52
-26.528330,153.111417,19.35
-26.526975,153.111416,20.08
-26.525170,153.111414,20.67
-26.523815,153.111413,21.74
-26.522235,153.111411,21.71
-26.521558,153.111410,21.59
-26.519752,153.111409,21.37
-26.518398,153.111407,21.16
-26.516818,153.111406,20.44
-26.513658,153.110901,19.87
-26.512981,153.109897,19.55
-26.511627,153.110146,19.90
-26.509821,153.110646,17.40
-26.508692,153.110645,16.89
-26.505757,153.110642,17.84
-26.505305,153.111395,18.54
-26.502822,153.111392,20.13
-26.500791,153.111390,20.28
-26.500565,153.111390,20.43
-26.497631,153.111387,19.60
-26.496050,153.111386,20.14
-26.494245,153.111384,20.67
-26.492665,153.111383,21.15
-26.491310,153.111381,21.61
-26.490407,153.111380,21.84
-26.487698,153.111378,21.58
-26.486570,153.111377,21.78
-26.484538,153.111375,21.51
-26.484087,153.111374,21.82
-26.481152,153.111371,21.32
-26.479572,153.111370,21.84
-26.479346,153.111370,21.79
-26.477766,153.111368,20.66
-26.475058,153.111366,21.71
-26.474155,153.111365,21.62
-26.472800,153.111363,20.44
-26.469866,153.111361,19.77
-26.468511,153.111359,21.48
-26.468060,153.111359,21.05
-26.466480,153.110856,18.68
-26.463545,153.111354,19.20
-26.463094,153.111354,18.65
-26.461514,153.111353,18.18
-26.459708,153.111351,17.62
-26.458353,153.111349,17.43
-26.456548,153.111348,16.97
-26.454967,153.111346,16.76
-26.453387,153.111345,15.69
-26.451581,153.111343,15.21
-26.449550,153.111090,14.46
-26.448421,153.111340,13.37
-26.446615,153.111338,12.84
-26.445261,153.111337,12.49
-26.443681,153.111335,11.99
-26.440521,153.111332,11.60
-26.440295,153.111332,11.37
-26.437586,153.111330,10.69
-26.437135,153.111329,10.31
-26.435554,153.111328,9.23
-26.433974,153.111326,7.98
-26.432168,153.111324,5.98
-26.430588,153.111323,4.56
-26.429008,153.111321,3.43
-26.426300,153.110567,3.29
-26.425171,153.110816,3.51
-26.424042,153.111066,2.96
-26.421785,153.111314,2.95
-26.420882,153.111313,2.12
-26.379122,153.110772,-0.64
-26.377090,153.110770,4.81
-26.375511,153.109766,7.70
-26.373930,153.110517,9.85
-26.372349,153.111267,11.40
-26.370769,153.111265,12.84
-26.368964,153.110261,14.38
-26.367383,153.110761,15.30
-26.365803,153.111261,16.10
-26.364223,153.111259,17.54
-26.362643,153.110756,19.57
-26.361514,153.110755,19.80
-26.360385,153.111255,19.85
-26.357676,153.111253,19.01
-26.356097,153.110750,19.31
-26.354516,153.111250,20.07
-26.352711,153.110747,20.56
-26.351130,153.111247,21.05
-26.349550,153.111245,21.54
-26.347970,153.110993,21.92
-26.346390,153.110741,22.53
-26.345938,153.111242,22.67
-26.343004,153.111239,22.26
-26.342101,153.111238,22.69
-26.341198,153.110987,22.22
-26.338489,153.111235,22.50
-26.336683,153.111233,23.08
-26.336457,153.111233,22.74
-26.333297,153.110979,22.12
-26.333071,153.111229,22.22
-26.330137,153.110976,22.37
-26.328331,153.111225,22.74
-26.327202,153.111224,22.84
-26.325170,153.111222,22.88
-26.323591,153.110719,23.11
-26.322010,153.111219,23.42
-26.320430,153.111217,23.71
-26.318624,153.111216,24.09
-26.317270,153.111214,24.27
-26.315464,153.111213,24.43
-26.313884,153.111211,24.54
-26.312078,153.111209,24.67
-26.310498,153.111208,24.82
-26.308917,153.111206,24.90
-26.307789,153.111205,24.95
-26.306660,153.111204,24.94
-26.304177,153.111202,25.02
-26.303048,153.111201,25.09
-26.301468,153.110949,25.12
-26.299211,153.110446,25.07
-26.298308,153.111196,25.15
-26.296502,153.110944,25.15
-26.294245,153.111192,25.19
-26.294019,153.111192,25.25
-26.291310,153.111189,25.29
-26.289504,153.111188,25.36
-26.287924,153.110936,25.39
-26.287021,153.111185,25.44
-26.284764,153.111183,25.46
-26.283635,153.111182,25.46
-26.282055,153.111181,25.52
-26.279797,153.111179,25.43
-26.278443,153.111177,25.54
-26.277540,153.111176,25.57
-26.276186,153.110674,25.41
-26.274380,153.111173,25.40
-26.273025,153.111172,25.45
-26.270768,153.111170,25.40
-26.268285,153.111168,25.37
-26.266930,153.111166,25.40
-26.265802,153.111165,25.39
-26.264899,153.111164,25.41
-26.262867,153.111162,25.37
-26.260610,153.111160,25.37
-26.259932,153.111160,25.32
-26.258352,153.111158,25.26
-26.255869,153.111156,25.25
-26.254063,153.110904,25.20
-26.253386,153.111153,25.18
-26.251129,153.111151,25.11
-26.250226,153.111150,25.14
-26.247743,153.111148,25.11
-26.245711,153.111146,25.05
-26.243905,153.110644,24.97
-26.242776,153.111143,25.00
-26.241422,153.111142,25.01
-26.240519,153.111141,24.95
-26.238262,153.110889,24.87
-26.237133,153.111138,24.83
-26.235327,153.111136,24.80
-26.233295,153.111134,24.76
-26.231264,153.111132,24.73
-26.230812,153.111132,24.70
-26.227652,153.111129,24.68
-26.226297,153.111128,24.76
-26.225846,153.111127,24.69
-26.223589,153.111125,24.88
-26.222686,153.110624,24.56
-26.220203,153.110872,24.62
-26.218397,153.111120,24.57
-26.217494,153.111119,24.57
-26.215462,153.111117,24.56
-26.214333,153.111116,24.61
-26.212076,153.111114,24.60
-26.210270,153.111112,24.56
-26.208238,153.111110,24.62
-26.207110,153.111109,24.67
-26.205981,153.111108,24.65
-26.204401,153.111107,24.59
-26.201692,153.111104,24.42
-26.201015,153.111104,24.52
-26.198306,153.111101,24.71
-26.198080,153.111101,24.68
-26.196500,153.110849,24.38
-26.194242,153.111097,24.37
-26.192662,153.111096,24.40
-26.190405,153.111094,24.37
-26.189953,153.111093,24.38
-26.187696,153.111091,24.21
-26.185664,153.111089,24.18
-26.184987,153.111088,24.15
-26.183181,153.111087,24.04
-26.182052,153.111086,23.90
-26.179344,153.111083,23.91
-26.178666,153.111082,23.80
-26.176409,153.111080,23.83
-26.175055,153.111079,23.85
-26.173700,153.111078,23.62
-26.170766,153.110825,23.49
-26.169185,153.111073,23.57
-26.167605,153.111072,23.89
-26.166477,153.110571,24.17
-26.165800,153.109819,23.05
-26.163316,153.111068,22.22
-26.161284,153.111066,22.28
-26.160381,153.111065,22.30
-26.159027,153.110814,22.17
-26.157672,153.111062,21.36
-26.155641,153.111061,21.00
-26.153383,153.111058,20.85
-26.152255,153.111057,20.52
-26.150223,153.111055,20.12
-26.149320,153.111055,19.36
-26.147740,153.111053,18.35
-26.146160,153.111052,17.71
-26.144128,153.111050,17.02
-26.142774,153.111048,16.09
-26.141419,153.111047,15.27
-26.139613,153.111045,14.80
-26.137807,153.111044,13.26
-26.136453,153.110792,12.95
-26.133970,153.110790,12.03
-26.133067,153.111039,11.27
-26.131486,153.111038,10.08
-26.129906,153.111036,9.50
-26.128326,153.111035,8.04
-26.126746,153.111033,5.86
-26.124940,153.111032,4.08
-26.122006,153.110529,3.94
-26.120425,153.111027,4.21
-26.120199,153.111027,4.14
-26.118619,153.111026,2.77
-26.115910,153.111023,1.27
-26.115007,153.111022,0.95
-26.113653,153.111021,-0.13
-26.671440,153.113314,1.74
-26.669634,153.113061,6.00
-26.668054,153.113311,8.60
-26.666474,153.113309,10.44
-26.664894,153.113308,11.52
-26.663313,153.113306,12.04
-26.662636,153.113306,12.14
-26.659928,153.113303,12.33
-26.658573,153.113302,12.66
-26.656767,153.113300,13.09
-26.655187,153.113298,13.25
-26.653607,153.113297,13.63
-26.652253,153.113295,13.72
-26.650673,153.113294,13.65
-26.649318,153.113293,13.69
-26.647513,153.113040,14.03
-26.645481,153.113289,13.65
-26.643675,153.113287,14.29
-26.643450,153.113036,13.95
-26.640968,153.111777,14.04
-26.638935,153.113282,14.60
-26.637355,153.113281,15.11
-26.635775,153.113279,15.70
-26.633969,153.113277,16.26
-26.632389,153.113276,16.69
-26.631260,153.113275,16.94
-26.629229,153.113273,17.28
-26.628100,153.113272,17.48
-26.625843,153.113269,17.75
-26.624263,153.113268,17.93
-26.622909,153.113266,18.30
-26.622457,153.113266,18.30
-26.620651,153.113264,17.40
-26.619071,153.113263,16.83
-26.617491,153.113010,15.86
-26.615912,153.111753,15.34
-26.612752,153.112001,9.72
-26.611171,153.112753,14.21
-26.609591,153.113253,16.84
-26.608236,153.113252,17.69
-26.607785,153.113252,17.47
-26.604625,153.113248,17.09
-26.603496,153.113247,17.35
-26.601464,153.113245,17.62
-26.599884,153.113244,17.98
-26.598756,153.113243,18.07
-26.597176,153.113241,18.21
-26.595370,153.113239,18.44
-26.593338,153.113237,18.69
-26.591758,153.113236,19.00
-26.590178,153.113234,19.27
-26.588598,153.113233,19.62
-26.586792,153.112980,19.88
-26.585212,153.113229,20.01
-26.584083,153.113228,20.27
-26.582052,153.113226,20.38
-26.580472,153.113225,20.45
-26.578666,153.113223,20.76
-26.577312,153.112971,20.95
-26.575732,153.113220,21.08
-26.575280,153.113220,21.06
-26.572120,153.113216,20.83
-26.570992,153.112713,21.14
-26.568960,153.112460,21.47
-26.567607,153.111706,21.96
-26.566478,153.111705,22.56
-26.565348,153.112708,22.71
-26.563543,153.111953,22.01
-26.562188,153.113207,21.15
-26.560156,153.112954,20.77
-26.558125,153.112701,20.78
-26.555868,153.112950,21.91
-26.555416,153.113200,22.59
-26.554062,153.113199,21.50
-26.552256,153.112444,20.96
-26.550450,153.113195,19.58
-26.549096,153.113194,18.90
-26.546161,153.113191,18.14
-26.545258,153.113190,20.41
-26.544131,153.111934,19.16
-26.541647,153.113187,20.74
-26.540066,153.113185,21.23
-26.539615,153.112683,21.17
-26.536455,153.113181,21.33
-26.536229,153.113181,21.01
-26.534649,153.112678,20.12
-26.533069,153.113178,20.00
-26.530134,153.113175,19.67
-26.528328,153.113173,20.11
-26.526749,153.112921,20.97
-26.525169,153.112669,21.86
-26.523814,153.113169,22.33
-26.522234,153.112917,23.45
-26.520879,153.113166,23.12
-26.519525,153.112914,22.48
-26.518396,153.113164,22.14
-26.516816,153.113162,21.31
-26.515236,153.113161,20.37
-26.513430,153.113159,19.16
-26.511174,153.111902,18.57
-26.510271,153.112654,17.68
-26.508691,153.111649,13.82
-26.505531,153.112148,16.93
-26.503950,153.112146,19.14
-26.503047,153.113149,20.99
-26.500790,153.112896,21.67
-26.500338,153.113146,21.71
-26.498532,153.113144,21.63
-26.496049,153.113142,21.37
-26.495598,153.113141,21.13
-26.492663,153.113139,21.86
-26.491083,153.113137,22.33
-26.490180,153.113136,22.51
-26.487697,153.112883,22.68
-26.486117,153.113132,23.05
-26.484537,153.112880,23.47
-26.483182,153.113129,24.10
-26.482280,153.113128,24.23
-26.480925,153.113127,23.95
-26.479345,153.113126,22.71
-26.477765,153.113124,22.39
-26.475282,153.112871,22.85
-26.474379,153.113121,22.62
-26.472799,153.113119,21.43
-26.469864,153.113116,21.88
-26.468510,153.113115,22.41
-26.468058,153.113114,21.90
-26.466478,153.113113,20.11
-26.463770,153.113110,22.02
-26.463092,153.113110,21.16
-26.461512,153.113108,20.29
-26.459255,153.113106,20.16
-26.458352,153.113105,19.88
-26.455192,153.113102,20.54
-26.454966,153.113102,20.48
-26.453386,153.113100,17.93
-26.451354,153.113098,17.95
-26.450000,153.113097,17.29
-26.448420,153.113095,16.84
-26.446840,153.113094,16.19
-26.445260,153.113092,15.65
-26.443679,153.113091,15.22
-26.442099,153.113089,14.79
-26.440293,153.113087,14.64
-26.438713,153.113086,14.56
-26.436907,153.113084,13.88
-26.435553,153.113083,12.42
-26.433747,153.113081,11.74
-26.432167,153.113079,10.81
-26.429910,153.113077,10.70
-26.428330,153.113076,10.02
-26.427427,153.113075,9.63
-26.425621,153.113073,8.99
-26.424041,153.113071,7.01
-26.422461,153.113070,5.58
-26.420880,153.113068,3.99
-26.418172,153.112314,3.42
-26.416140,153.112813,3.38
-26.415915,153.112813,3.23
-26.414108,153.113062,3.20
-26.412754,153.113060,2.32
-26.411174,153.113059,0.38
-26.408917,153.112806,-1.14
-26.378895,153.111774,0.21
-26.377315,153.111522,3.88
-26.375509,153.111521,7.51
-26.373928,153.113023,9.95
-26.372348,153.113021,11.99
-26.370993,153.113020,13.37
-26.368962,153.113018,14.65
-26.367382,153.113016,16.14
-26.366479,153.113015,16.70
-26.364222,153.112512,17.83
-26.362868,153.111508,18.48
-26.362417,153.111508,18.13
-26.360159,153.111506,19.66
-26.358804,153.113008,20.51
-26.357449,153.113007,20.12
-26.354515,153.113004,20.52
-26.352709,153.113002,21.09
-26.351129,153.112750,21.46
-26.349549,153.112748,21.95
-26.347968,153.112997,22.44
-26.346388,153.112996,22.95
-26.345937,153.112995,23.07
-26.343002,153.112993,22.64
-26.342325,153.112992,23.02
-26.341196,153.112991,22.72
-26.338262,153.112988,22.93
-26.336682,153.112986,23.37
-26.336456,153.112485,23.16
-26.333296,153.112482,22.32
-26.332844,153.112983,22.58
-26.330136,153.111728,22.40
-26.328330,153.112728,22.85
-26.326975,153.112977,23.00
-26.326523,153.112977,22.98
-26.323589,153.112473,23.22
-26.322009,153.112972,23.63
-26.320203,153.112970,24.07
-26.318623,153.112969,24.34
-26.317043,153.112967,24.61
-26.315462,153.112966,24.81
-26.313882,153.112964,24.83
-26.313205,153.112964,24.93
-26.310496,153.112961,25.08
-26.308916,153.112960,25.15
-26.307787,153.112958,25.23
-26.305756,153.112706,25.30
-26.304176,153.112955,25.37
-26.302370,153.112953,25.48
-26.301918,153.112953,25.53
-26.300112,153.112951,25.53
-26.297855,153.112949,25.54
-26.296726,153.112948,25.61
-26.295372,153.112946,25.60
-26.292663,153.112944,25.55
-26.291083,153.112692,25.59
-26.289954,153.112941,25.66
-26.287697,153.112939,25.73
-26.286342,153.112938,25.80
-26.284988,153.112686,25.80
-26.284085,153.112935,25.84
-26.282053,153.112934,25.78
-26.279796,153.112931,25.86
-26.277990,153.112930,26.03
-26.277764,153.112929,26.03
-26.276184,153.112928,25.84
-26.273475,153.112925,25.80
-26.272347,153.112924,25.82
-26.270992,153.112923,25.78
-26.268961,153.112921,25.74
-26.267155,153.112669,25.76
-26.265800,153.112918,25.77
-26.264672,153.112917,25.77
-26.262866,153.112915,25.74
-26.261511,153.112914,25.68
-26.259705,153.112912,25.68
-26.258351,153.112911,25.56
-26.255191,153.112908,25.50
-26.254739,153.112907,25.47
-26.253159,153.112906,25.44
-26.250902,153.112903,25.38
-26.250224,153.112903,25.33
-26.248418,153.112901,25.30
-26.247064,153.112900,25.22
-26.245258,153.112898,25.25
-26.243452,153.112896,25.27
-26.241195,153.112894,25.28
-26.239615,153.112892,25.28
-26.238260,153.112891,25.25
-26.236229,153.112889,25.31
-26.235551,153.112889,25.27
-26.233971,153.112887,25.27
-26.231037,153.112884,25.25
-26.230585,153.112884,25.21
-26.228102,153.112881,25.09
-26.226748,153.112880,25.15
-26.225845,153.112879,25.11
-26.223587,153.112877,25.07
-26.221104,153.112875,24.96
-26.219750,153.112873,25.00
-26.218621,153.112872,25.04
-26.216815,153.112870,25.03
-26.215912,153.112870,25.09
-26.214332,153.112868,25.08
-26.212526,153.112866,25.05
-26.210043,153.112614,25.03
-26.209366,153.112863,25.10
-26.206883,153.112861,25.18
-26.205980,153.112860,25.15
-26.204400,153.112608,24.85
-26.201916,153.112856,24.90
-26.200110,153.112854,24.98
-26.199433,153.112854,25.08
-26.198304,153.112853,25.08
-26.195144,153.112850,24.71
-26.193790,153.112848,24.83
-26.192209,153.112847,24.76
-26.190178,153.112845,24.95
-26.189952,153.112845,24.85
-26.187469,153.112842,24.57
-26.185663,153.112840,24.70
-26.185211,153.112840,24.58
-26.183180,153.112588,24.42
-26.180697,153.112836,24.28
-26.180245,153.112835,24.25
-26.178665,153.112834,24.21
-26.176408,153.112832,24.21
-26.175279,153.112830,24.28
-26.173247,153.112828,24.03
-26.171893,153.112827,23.95
-26.169184,153.112825,24.03
-26.168055,153.112573,24.09
-26.166702,153.111321,24.18
-26.165798,153.112321,23.20
-26.163540,153.112819,23.02
-26.161057,153.112817,23.16
-26.160380,153.112816,23.22
-26.159251,153.112815,22.76
-26.157671,153.112563,22.09
-26.155865,153.112812,21.95
-26.154285,153.112810,21.79
-26.152705,153.112809,21.59
-26.151125,153.112807,21.29
-26.149544,153.112806,20.76
-26.147738,153.112804,20.13
-26.146158,153.112802,19.82
-26.144352,153.112801,19.48
-26.142321,153.112799,19.12
-26.140063,153.112797,17.40
-26.139612,153.112796,16.99
-26.138032,153.112795,16.59
-26.135323,153.112792,15.40
-26.134871,153.112792,14.93
-26.133065,153.112790,13.95
-26.131485,153.112788,13.22
-26.129679,153.112787,12.39
-26.127422,153.112784,11.48
-26.126744,153.112784,11.30
-26.124939,153.112782,9.58
-26.123358,153.112781,8.03
-26.121778,153.112779,6.43
-26.120198,153.112777,4.72
-26.117490,153.111775,4.20
-26.115683,153.112523,4.16
-26.115232,153.112773,4.03
-26.113651,153.112771,2.59
-26.111845,153.112769,1.69
-26.110491,153.112768,0.91
-26.673018,153.115075,2.12
-26.671438,153.115073,6.61
-26.669858,153.115072,8.73
-26.668052,153.115070,10.58
-26.666472,153.115068,11.57
-26.665118,153.115067,12.18
-26.664215,153.115066,12.74
-26.663086,153.115065,12.64
-26.659926,153.115062,13.30
-26.658798,153.115060,13.66
-26.656766,153.115058,13.99
-26.655186,153.115057,14.13
-26.653832,153.115055,14.32
-26.652477,153.115054,14.43
-26.650220,153.115052,14.46
-26.648866,153.115050,14.59
-26.648414,153.115050,14.53
-26.645254,153.115047,14.76
-26.644351,153.115046,14.88
-26.643448,153.115045,14.70
-26.640514,153.115042,14.44
-26.638934,153.115041,15.42
-26.637128,153.115039,16.05
-26.635773,153.115037,16.61
-26.634193,153.115036,17.01
-26.632388,153.115034,17.43
-26.631033,153.115033,17.76
-26.629002,153.115031,18.18
-26.627422,153.114778,18.41
-26.626293,153.115028,18.49
-26.625390,153.115027,18.54
-26.622682,153.114773,18.79
-26.620876,153.115022,19.23
-26.620650,153.115022,19.06
-26.619070,153.115021,17.57
-26.617491,153.113512,14.81
-26.615911,153.113511,3.16
-26.612750,153.114763,7.25
-26.611395,153.115013,11.68
-26.609590,153.113504,16.49
-26.608462,153.113503,17.72
-26.607785,153.113503,17.53
-26.604849,153.115006,17.64
-26.603043,153.115005,17.88
-26.601463,153.114752,18.03
-26.599883,153.115001,18.33
-26.598303,153.115000,18.49
-26.596723,153.114998,18.66
-26.594917,153.114996,18.87
-26.593337,153.114995,19.13
-26.591757,153.114993,19.43
-26.590177,153.114992,19.70
-26.588371,153.114990,20.01
-26.586791,153.114988,20.22
-26.585211,153.114987,20.58
-26.584082,153.114986,20.65
-26.582276,153.114984,20.76
-26.580245,153.114982,20.84
-26.578665,153.114980,21.09
-26.577084,153.114979,21.33
-26.575505,153.114726,21.44
-26.575279,153.114977,21.47
-26.572344,153.114974,21.12
-26.570764,153.114972,21.28
-26.568958,153.114971,21.41
-26.567379,153.113463,21.80
-26.565799,153.113461,22.40
-26.564895,153.114967,22.43
-26.562413,153.113458,21.50
-26.562187,153.113709,21.21
-26.559479,153.113706,20.99
-26.557898,153.114960,21.84
-26.556995,153.114457,21.67
-26.555416,153.113451,22.69
-26.554061,153.114454,21.83
-26.552255,153.114452,21.06
-26.550449,153.113948,19.58
-26.549321,153.113947,19.09
-26.546161,153.113442,18.82
-26.545258,153.113441,20.47
-26.543000,153.114443,20.48
-26.541872,153.113940,21.17
-26.540065,153.114440,21.62
-26.538485,153.114438,21.46
-26.536454,153.114687,22.17
-26.536228,153.114938,22.22
-26.534648,153.114434,21.12
-26.533067,153.114935,20.77
-26.530133,153.114932,20.46
-26.528327,153.114930,20.96
-26.526747,153.114928,21.56
-26.525167,153.114927,22.16
-26.523587,153.114674,23.01
-26.522232,153.114924,23.48
-26.521329,153.114923,23.61
-26.519524,153.114921,23.18
-26.518170,153.113916,22.80
-26.516815,153.114919,22.62
-26.515235,153.114415,21.37
-26.513429,153.114915,19.67
-26.511624,153.113910,17.25
-26.509140,153.114911,14.93
-26.508689,153.114911,14.13
-26.505528,153.114907,17.24
-26.503948,153.114906,19.97
-26.502368,153.114904,22.29
-26.502142,153.114904,22.19
-26.499208,153.114901,21.60
-26.497854,153.114900,22.48
-26.497177,153.114648,22.28
-26.494242,153.114394,22.01
-26.492887,153.114895,22.40
-26.491082,153.114140,22.69
-26.489276,153.114891,23.04
-26.487921,153.114890,23.34
-26.486116,153.114888,23.77
-26.484535,153.114886,24.23
-26.483407,153.114635,24.84
-26.481827,153.113880,24.62
-26.480698,153.114632,24.65
-26.479344,153.114881,23.96
-26.476409,153.114878,23.24
-26.474604,153.114375,23.70
-26.474378,153.114375,23.77
-26.472797,153.114875,23.35
-26.469863,153.114872,23.33
-26.469186,153.114871,24.03
-26.468057,153.114870,23.39
-26.464897,153.114867,21.79
-26.463317,153.114865,23.79
-26.463091,153.114865,24.02
-26.461511,153.114864,21.96
-26.459028,153.114861,22.33
-26.456770,153.114859,21.65
-26.455190,153.114857,22.19
-26.454965,153.114857,22.29
-26.452030,153.114854,20.37
-26.451127,153.114853,20.37
-26.450224,153.114852,20.27
-26.448418,153.114851,19.81
-26.446838,153.114849,19.35
-26.445258,153.114847,18.96
-26.443678,153.114846,18.43
-26.441872,153.114844,18.01
-26.438938,153.114841,18.09
-26.438260,153.114841,18.75
-26.437132,153.114839,16.44
-26.434874,153.114837,15.78
-26.433520,153.114836,15.63
-26.432166,153.114835,15.21
-26.430586,153.114833,14.59
-26.429005,153.114831,13.94
-26.426297,153.114829,13.06
-26.425845,153.114828,12.75
-26.424039,153.114826,11.61
-26.422459,153.114825,10.22
-26.420879,153.114823,9.32
-26.419073,153.114822,8.62
-26.417042,153.114820,7.80
-26.415913,153.114818,7.13
-26.414333,153.114817,5.78
-26.412753,153.114815,4.34
-26.411173,153.114814,3.15
-26.408013,153.114309,2.81
-26.407335,153.114559,3.01
-26.405529,153.114808,2.96
-26.404626,153.114807,2.36
-26.403046,153.114555,-0.40
-26.377088,153.113276,2.02
-26.375508,153.113275,7.03
-26.373927,153.114276,10.09
-26.372346,153.114775,12.40
-26.370766,153.114774,13.40
-26.368961,153.114521,15.74
-26.367380,153.114770,16.77
-26.366026,153.114769,17.96
-26.364446,153.114266,18.27
-26.363995,153.113264,18.05
-26.362188,153.114515,17.12
-26.359254,153.114261,20.37
-26.358577,153.114762,21.21
-26.357448,153.114259,20.39
-26.354513,153.114758,21.18
-26.352708,153.114505,21.54
-26.351127,153.114754,22.25
-26.349547,153.114753,22.71
-26.347967,153.114751,23.30
-26.346387,153.114249,23.54
-26.346161,153.114248,23.48
-26.343001,153.114746,23.29
-26.342098,153.114745,23.67
-26.341195,153.114745,23.26
-26.338260,153.114742,23.47
-26.336906,153.114740,23.73
-26.336454,153.114740,23.32
-26.333294,153.114737,22.56
-26.332617,153.114736,23.05
-26.330135,153.113231,22.39
-26.328329,153.113730,22.90
-26.326974,153.114731,23.22
-26.326071,153.114730,23.32
-26.323588,153.114226,23.28
-26.322007,153.114726,23.90
-26.320427,153.114474,24.39
-26.318621,153.114722,24.74
-26.317267,153.114721,25.00
-26.315461,153.114719,25.16
-26.313881,153.114718,25.26
-26.312526,153.114716,25.36
-26.310946,153.114715,25.50
-26.308915,153.114713,25.56
-26.307335,153.114711,25.57
-26.306432,153.114710,25.68
-26.304626,153.114709,25.76
-26.302368,153.114706,25.78
-26.300788,153.114705,25.79
-26.299660,153.114453,25.80
-26.297628,153.114702,25.85
-26.295822,153.114700,25.93
-26.294693,153.114699,25.96
-26.294016,153.114698,25.94
-26.291307,153.114695,25.94
-26.289953,153.114694,26.02
-26.287921,153.114692,26.09
-26.286115,153.114690,26.20
-26.284535,153.114689,26.28
-26.284309,153.114689,26.22
-26.281601,153.114686,26.17
-26.279569,153.114684,26.33
-26.278440,153.114683,26.40
-26.277763,153.114682,26.48
-26.276183,153.114681,26.28
-26.274603,153.114429,26.24
-26.273023,153.114677,26.24
-26.271217,153.114676,26.13
-26.269636,153.114674,26.11
-26.267605,153.114672,26.14
-26.266250,153.114671,26.11
-26.264219,153.114669,26.11
-26.263090,153.114668,26.00
-26.261510,153.114666,25.95
-26.259930,153.114164,25.93
-26.258350,153.114663,25.89
-26.256092,153.114661,25.85
-26.254286,153.114659,25.86
-26.252706,153.114658,25.83
-26.250674,153.114656,25.88
-26.250223,153.114655,25.82
-26.248643,153.114654,25.72
-26.246837,153.114652,25.68
-26.244354,153.114649,25.68
-26.242999,153.114648,25.71
-26.241645,153.114647,25.72
-26.239388,153.114394,25.73
-26.237356,153.114642,25.68
-26.236227,153.114641,25.75
-26.235324,153.114390,25.68
-26.232615,153.114638,25.51
-26.231261,153.114636,25.68
-26.230809,153.114636,25.64
-26.227875,153.114633,25.56
-26.226972,153.114632,25.48
-26.225843,153.114631,25.47
-26.224037,153.114629,25.32
-26.221103,153.114627,25.47
-26.220877,153.114626,25.47
-26.218394,153.114624,25.58
-26.217039,153.114623,25.61
-26.216136,153.114622,25.57
-26.214331,153.114620,25.53
-26.212525,153.114618,25.52
-26.209816,153.114615,25.43
-26.208236,153.114614,25.54
-26.207333,153.114613,25.56
-26.205527,153.114611,25.59
-26.203269,153.114609,25.33
-26.202366,153.114608,25.42
-26.201012,153.114607,25.56
-26.198754,153.114605,25.75
-26.198303,153.114354,25.26
-26.195368,153.114601,25.41
-26.193788,153.114600,25.54
-26.193337,153.114599,25.29
-26.190402,153.114346,25.39
-26.190176,153.114596,25.41
-26.187016,153.114593,24.98
-26.185436,153.114592,25.04
-26.184984,153.114591,25.02
-26.182727,153.114589,24.72
-26.180470,153.114587,24.63
-26.179115,153.114335,24.60
-26.178438,153.114084,24.56
-26.175729,153.114582,24.57
-26.175503,153.114582,24.53
-26.173923,153.114580,24.42
-26.171215,153.113327,24.18
-26.169860,153.114576,24.15
-26.168732,153.113825,24.14
-26.167377,153.114574,24.05
-26.165796,153.114572,23.74
-26.163765,153.114570,23.58
-26.161959,153.114569,23.56
-26.160604,153.114567,23.50
-26.159250,153.114566,23.16
-26.157218,153.114564,22.88
-26.155864,153.114563,22.81
-26.154284,153.114561,22.66
-26.152703,153.114560,22.27
-26.150672,153.114307,22.37
-26.149317,153.114556,21.87
-26.147737,153.114555,21.47
-26.145931,153.114553,21.06
-26.144577,153.114552,20.80
-26.142997,153.114550,20.34
-26.140062,153.114547,19.64
-26.139610,153.114547,19.35
-26.138030,153.114545,18.67
-26.136450,153.114544,17.92
-26.134870,153.114542,17.24
-26.133064,153.114540,16.43
-26.131484,153.114539,15.71
-26.129904,153.114537,14.94
-26.128098,153.114536,14.25
-26.126066,153.114534,13.62
-26.124260,153.114532,12.55
-26.123131,153.114531,12.15
-26.121777,153.114529,11.00
-26.119745,153.114527,9.96
-26.118616,153.114526,8.54
-26.117036,153.114525,6.69
-26.115230,153.114523,4.55
-26.112296,153.113770,4.10
-26.111619,153.114019,4.24
-26.110490,153.114518,4.04
-26.108909,153.114517,2.32
-26.107104,153.114265,1.63
-26.105072,153.114513,0.84
-26.677758,153.116085,0.17
-26.676402,153.117088,-0.28
-26.674597,153.117086,4.71
-26.673017,153.116833,7.32
-26.671437,153.116832,8.59
-26.669857,153.116830,10.92
-26.668277,153.116577,11.86
-26.667599,153.116828,12.88
-26.665343,153.116072,12.85
-26.664666,153.115820,12.80
-26.661505,153.116571,13.96
-26.659925,153.117071,14.17
-26.658796,153.117070,14.45
-26.656990,153.117068,14.83
-26.655184,153.116815,14.90
-26.654733,153.117066,15.06
-26.651798,153.117063,15.09
-26.650218,153.117061,15.21
-26.649090,153.117060,15.28
-26.647961,153.117059,15.31
-26.645930,153.117057,15.44
-26.645252,153.117056,15.49
-26.643222,153.115798,15.33
-26.640512,153.116800,15.64
-26.639158,153.117050,16.10
-26.637352,153.117048,16.68
-26.635546,153.116795,17.32
-26.633966,153.116794,17.75
-26.632386,153.117043,18.12
-26.631032,153.116791,18.32
-26.629226,153.116789,18.66
-26.627420,153.117038,19.48
-26.627194,153.117038,19.41
-26.624711,153.116784,19.08
-26.622681,153.115527,18.88
-26.621325,153.117032,19.50
-26.619520,153.117030,19.91
-26.619068,153.116779,19.74
-26.617488,153.117028,16.92
-26.615682,153.117026,10.64
-26.612748,153.117023,11.83
-26.611168,153.116771,15.50
-26.610716,153.117021,16.59
-26.608008,153.117018,16.45
-26.606653,153.117017,17.53
-26.604622,153.117015,18.28
-26.603944,153.117014,18.37
-26.602816,153.117013,18.29
-26.600107,153.117010,18.63
-26.598753,153.116256,18.58
-26.596496,153.116505,18.73
-26.594915,153.117005,19.12
-26.593787,153.117004,19.56
-26.591755,153.116751,19.88
-26.591078,153.117001,20.12
-26.588821,153.116497,20.34
-26.587241,153.116997,20.65
-26.585209,153.116995,20.97
-26.584306,153.116994,21.07
-26.583403,153.116993,21.14
-26.581372,153.116991,21.26
-26.578663,153.116738,21.44
-26.577534,153.116987,21.72
-26.575729,153.116735,21.95
-26.575277,153.116483,21.90
-26.572343,153.116982,21.50
-26.570537,153.116980,21.67
-26.569634,153.116979,21.77
-26.567602,153.116977,21.77
-26.565797,153.116474,22.05
-26.565571,153.116724,22.70
-26.563991,153.116221,22.45
-26.562185,153.116721,21.30
-26.559702,153.116969,22.02
-26.558123,153.115713,22.15
-26.557446,153.115461,21.58
-26.555188,153.116463,21.22
-26.554059,153.116713,20.19
-26.552254,153.115958,19.40
-26.549545,153.115202,17.29
-26.549320,153.115202,17.44
-26.546158,153.116454,16.54
-26.544804,153.116954,21.71
-26.544352,153.116703,20.95
-26.541643,153.116951,22.22
-26.540966,153.116950,22.66
-26.538032,153.116947,22.12
-26.536452,153.116695,22.81
-26.536000,153.116694,23.09
-26.534646,153.116693,21.95
-26.533066,153.116942,21.64
-26.529906,153.116939,21.47
-26.528777,153.116938,21.84
-26.526971,153.116936,22.39
-26.525165,153.116934,22.85
-26.523360,153.116682,23.73
-26.522005,153.116931,24.00
-26.521328,153.116930,23.97
-26.519973,153.116929,23.98
-26.517040,153.115922,23.38
-26.516814,153.116173,23.34
-26.514330,153.116923,22.48
-26.513428,153.116672,21.19
-26.511848,153.116168,16.98
-26.509138,153.116918,17.99
-26.507107,153.116916,19.51
-26.506430,153.116915,20.45
-26.503948,153.115658,20.40
-26.502367,153.115908,22.57
-26.501465,153.115656,22.83
-26.498981,153.116657,22.77
-26.498530,153.116406,23.11
-26.495821,153.116654,23.10
-26.495595,153.116904,23.30
-26.493112,153.116400,22.53
-26.491531,153.116900,22.85
-26.489275,153.116396,23.13
-26.487694,153.116896,23.58
-26.486340,153.116644,24.03
-26.484534,153.116392,24.50
-26.483632,153.115889,24.92
-26.481825,153.116890,25.03
-26.479793,153.116888,25.91
-26.479342,153.116386,24.71
-26.477762,153.116134,23.62
-26.475280,153.115128,23.73
-26.474152,153.115127,23.95
-26.471441,153.116880,23.83
-26.469862,153.115875,24.88
-26.468733,153.116877,25.56
-26.468056,153.116626,24.70
-26.465798,153.116874,23.43
-26.463315,153.116621,24.51
-26.461961,153.116870,25.02
-26.461509,153.116619,24.28
-26.459026,153.116867,24.23
-26.456769,153.116865,22.82
-26.455866,153.116864,23.37
-26.454737,153.116612,23.42
-26.452706,153.116861,22.60
-26.450900,153.116859,22.50
-26.449094,153.116857,22.62
-26.447965,153.116856,22.32
-26.445708,153.116854,22.46
-26.445031,153.116853,21.78
-26.442999,153.116851,21.23
-26.441193,153.116849,21.09
-26.439839,153.116848,21.00
-26.438485,153.116345,21.38
-26.437130,153.116845,18.87
-26.434873,153.116843,19.27
-26.432841,153.116841,19.56
-26.431938,153.116840,20.10
-26.430132,153.116838,18.18
-26.429004,153.116837,17.63
-26.427198,153.116835,16.69
-26.425166,153.116833,15.80
-26.424038,153.116832,15.47
-26.422232,153.116830,14.81
-26.420200,153.116828,13.82
-26.419072,153.116827,13.40
-26.417266,153.116825,13.33
-26.415912,153.116573,11.84
-26.414105,153.116822,10.97
-26.412300,153.116820,9.62
-26.411171,153.116819,9.05
-26.409365,153.116817,8.21
-26.407333,153.116815,7.34
-26.406205,153.116814,6.99
-26.404399,153.116812,5.50
-26.403045,153.116811,4.36
-26.401464,153.116809,3.15
-26.398530,153.116556,3.02
-26.398078,153.116806,3.04
-26.396498,153.116804,1.36
-26.394241,153.116802,0.67
-26.389275,153.116797,0.18
-26.388372,153.116796,1.06
-26.386566,153.116794,1.10
-26.384309,153.116792,1.47
-26.383406,153.116791,0.30
-26.377312,153.115281,-0.35
-26.375505,153.116783,7.46
-26.373925,153.116531,10.96
-26.372345,153.116780,13.35
-26.370765,153.116528,14.42
-26.368959,153.116526,16.66
-26.367379,153.116775,18.44
-26.365800,153.115270,18.60
-26.364670,153.116772,18.84
-26.363315,153.116771,17.60
-26.360833,153.116267,18.51
-26.359478,153.116015,21.24
-26.358575,153.116516,21.71
-26.356092,153.116513,20.93
-26.354737,153.116762,21.98
-26.352706,153.116760,22.50
-26.351351,153.116759,22.92
-26.349546,153.116757,23.40
-26.348191,153.116505,23.88
-26.347740,153.116505,24.04
-26.344580,153.116251,23.39
-26.343225,153.116250,23.57
-26.342097,153.115998,23.84
-26.341194,153.116498,23.51
-26.338259,153.116495,23.82
-26.337582,153.116745,24.18
-26.336453,153.116494,23.88
-26.333293,153.116490,22.90
-26.332390,153.116740,23.53
-26.331487,153.116739,22.61
-26.328327,153.115984,22.99
-26.326746,153.116484,23.52
-26.325618,153.116733,23.86
-26.324941,153.116482,23.39
-26.322007,153.115227,23.95
-26.320426,153.116728,24.64
-26.318845,153.116726,25.09
-26.317040,153.116474,25.40
-26.315459,153.116723,25.64
-26.313879,153.116721,25.74
-26.312074,153.116469,25.85
-26.310493,153.116718,25.99
-26.308913,153.116716,26.11
-26.308462,153.116716,26.15
-26.306881,153.116714,26.13
-26.304624,153.116712,26.16
-26.302818,153.116710,26.25
-26.301464,153.116709,26.26
-26.299884,153.116707,26.30
-26.298529,153.116706,26.34
-26.296498,153.116704,26.47
-26.294466,153.116702,26.60
-26.293789,153.116451,26.53
-26.291757,153.116699,26.43
-26.289500,153.116697,26.54
-26.287920,153.116695,26.67
-26.286791,153.116694,26.77
-26.284759,153.116692,26.93
-26.284308,153.116441,26.73
-26.281599,153.116689,26.68
-26.280696,153.116688,26.75
-26.278664,153.116686,26.80
-26.277761,153.116685,26.86
-26.275730,153.116683,26.70
-26.274601,153.116682,26.74
-26.271892,153.116679,26.71
-26.270312,153.116427,26.60
-26.269635,153.116677,26.58
-26.266926,153.116674,26.56
-26.266475,153.116674,26.54
-26.264894,153.116672,26.45
-26.263314,153.116420,26.41
-26.260605,153.116668,26.36
-26.259702,153.116667,26.34
-26.257445,153.116665,26.35
-26.256768,153.116664,26.34
-26.254736,153.116662,26.31
-26.252930,153.116660,26.34
-26.250447,153.116658,26.33
-26.249770,153.116657,26.28
-26.248641,153.116406,26.14
-26.245933,153.116403,26.19
-26.244804,153.116652,26.15
-26.243675,153.116401,26.12
-26.240740,153.116648,26.15
-26.239612,153.116647,26.22
-26.237580,153.116645,26.02
-26.236677,153.116644,26.19
-26.234871,153.116642,26.17
-26.232614,153.116640,26.02
-26.231485,153.116639,25.99
-26.230582,153.116638,25.94
-26.227873,153.116635,25.90
-26.226519,153.116634,25.87
-26.225842,153.116383,25.87
-26.223584,153.116631,25.76
-26.221327,153.116379,25.79
-26.219747,153.116627,25.95
-26.218618,153.116626,26.03
-26.216361,153.116624,26.25
-26.215683,153.116623,26.20
-26.213652,153.116621,26.26
-26.212749,153.116620,26.28
-26.209814,153.116617,26.02
-26.208685,153.116616,26.30
-26.207782,153.116615,26.26
-26.206428,153.116614,26.02
-26.203493,153.116611,25.98
-26.202590,153.116610,26.00
-26.200333,153.116608,26.11
-26.199205,153.116357,26.07
-26.198301,153.116606,25.73
-26.195367,153.116603,25.87
-26.194690,153.116352,25.93
-26.193335,153.116601,25.83
-26.190401,153.115848,25.60
-26.189950,153.115597,25.58
-26.187466,153.116595,25.24
-26.186338,153.116094,25.31
-26.185209,153.115842,25.12
-26.183403,153.116591,25.00
-26.181371,153.116589,24.86
-26.179565,153.116587,24.88
-26.178662,153.116586,24.80
-26.176630,153.116584,24.72
-26.175051,153.115582,24.69
-26.173470,153.116581,24.57
-26.170987,153.116329,24.55
-26.170310,153.116578,24.60
-26.168278,153.116576,24.48
-26.167375,153.116575,24.40
-26.165569,153.116573,24.21
-26.163763,153.116321,24.08
-26.161732,153.116319,23.89
-26.160603,153.115818,23.91
-26.159248,153.116567,23.75
-26.157442,153.116565,23.41
-26.155185,153.116563,23.30
-26.154282,153.116562,23.23
-26.152476,153.116560,22.98
-26.151122,153.116559,22.82
-26.149316,153.116557,22.66
-26.147510,153.116555,22.40
-26.146155,153.116554,22.13
-26.144124,153.116552,21.90
-26.142995,153.116551,21.72
-26.141189,153.116549,21.28
-26.139383,153.116547,20.97
-26.138029,153.116546,20.56
-26.136223,153.116544,20.13
-26.134191,153.116542,19.63
-26.133288,153.116541,19.18
-26.131256,153.116539,18.45
-26.129902,153.116538,17.93
-26.128322,153.116536,17.26
-26.126290,153.116534,16.29
-26.125161,153.116533,15.69
-26.123130,153.116531,14.54
-26.121324,153.116529,13.83
-26.118841,153.116527,12.90
-26.118163,153.116526,12.40
-26.116809,153.116525,11.80
-26.115003,153.116523,10.55
-26.113649,153.116272,8.35
-26.112068,153.116520,7.56
-26.110037,153.116518,5.17
-26.107780,153.115516,4.29
-26.105748,153.116264,4.19
-26.104844,153.116513,4.18
-26.103942,153.116512,3.46
-26.102136,153.116510,1.40
-26.100104,153.116508,0.87
-26.098749,153.116507,-0.43
-26.679110,153.118347,1.75
-26.676175,153.118847,4.96
-26.675498,153.118846,6.28
-26.673015,153.118844,9.23
-26.671435,153.118842,10.37
-26.670306,153.118841,11.32
-26.668050,153.117582,12.11
-26.666469,153.118837,12.97
-26.665115,153.118835,13.32
-26.663309,153.118582,13.99
-26.661955,153.118330,14.78
-26.661503,153.118580,14.77
-26.658343,153.118828,15.04
-26.656763,153.118827,15.35
-26.655183,153.118825,15.52
-26.653603,153.118823,15.64
-26.652023,153.118822,15.64
-26.650668,153.118820,15.68
-26.648862,153.118819,15.72
-26.647734,153.118817,15.72
-26.645477,153.118815,15.86
-26.645025,153.118815,15.86
-26.642091,153.118812,15.94
-26.640511,153.118810,16.34
-26.638931,153.118557,16.52
-26.637125,153.118806,16.99
-26.635545,153.118554,17.70
-26.633965,153.118803,18.16
-26.632385,153.118801,18.54
-26.630804,153.118800,18.71
-26.628999,153.118547,18.92
-26.627419,153.118545,20.22
-26.627193,153.118796,20.38
-26.625613,153.118794,19.52
-26.624034,153.117537,19.02
-26.620874,153.117283,19.79
-26.619292,153.118788,20.70
-26.618390,153.118285,21.18
-26.617035,153.118786,19.46
-26.615681,153.118784,15.90
-26.612972,153.118781,15.89
-26.611166,153.118780,18.86
-26.610940,153.118779,18.73
-26.609360,153.118778,18.04
-26.606426,153.118775,18.55
-26.604846,153.118522,18.88
-26.604169,153.118772,18.98
-26.601911,153.118770,18.77
-26.599880,153.118015,18.86
-26.599428,153.118767,19.13
-26.596495,153.118011,18.76
-26.594914,153.118763,19.29
-26.593334,153.118510,19.88
-26.591754,153.118759,20.24
-26.590399,153.118758,20.91
-26.588368,153.118756,20.65
-26.587239,153.118755,21.15
-26.585434,153.118502,21.39
-26.583854,153.118249,21.56
-26.582047,153.118749,21.67
-26.581822,153.118749,21.66
-26.578661,153.118746,21.81
-26.577081,153.118744,22.08
-26.575953,153.118743,22.29
-26.575050,153.118742,22.18
-26.573018,153.118740,21.86
-26.570535,153.118738,22.07
-26.569407,153.118736,22.16
-26.567375,153.118734,22.40
-26.566698,153.118734,22.58
-26.564892,153.118732,23.79
-26.563989,153.118731,23.09
-26.562185,153.117223,21.35
-26.559927,153.117221,22.16
-26.559025,153.116969,21.16
-26.556541,153.117719,21.76
-26.555864,153.117216,20.94
-26.554059,153.116964,20.02
-26.552253,153.116962,16.45
-26.550221,153.116960,13.23
-26.547738,153.117208,14.04
-26.546157,153.118211,20.01
-26.544803,153.117205,21.77
-26.542996,153.118709,22.58
-26.541642,153.118708,23.54
-26.541191,153.118707,23.19
-26.538030,153.118704,22.66
-26.536450,153.118702,23.38
-26.535773,153.118702,23.69
-26.534644,153.118701,22.61
-26.533064,153.118699,22.02
-26.530130,153.118696,22.16
-26.528324,153.118694,22.73
-26.526744,153.118693,23.30
-26.525164,153.118440,23.85
-26.523358,153.118689,24.82
-26.522455,153.118688,24.72
-26.521327,153.118436,24.87
-26.519973,153.117682,24.13
-26.517263,153.118683,23.26
-26.516136,153.117176,23.43
-26.515232,153.118179,23.22
-26.512071,153.118677,21.78
-26.510491,153.118676,22.03
-26.510266,153.118676,21.46
-26.507557,153.118171,20.54
-26.505525,153.118671,21.46
-26.505074,153.118670,21.60
-26.502592,153.116912,22.10
-26.500785,153.118666,22.96
-26.499656,153.118665,24.06
-26.498754,153.117409,23.43
-26.495819,153.118661,23.73
-26.495594,153.117908,23.97
-26.493336,153.118658,24.48
-26.491079,153.118656,23.84
-26.489273,153.118654,23.58
-26.487693,153.118402,23.61
-26.486114,153.117397,24.17
-26.484533,153.117897,24.64
-26.482953,153.117895,25.16
-26.481147,153.117642,25.24
-26.479793,153.117139,26.20
-26.479342,153.117390,25.65
-26.477762,153.117137,23.78
-26.474826,153.118639,23.87
-26.473472,153.118638,23.94
-26.471440,153.118636,24.36
-26.469861,153.117380,24.96
-26.468280,153.117880,25.77
-26.467829,153.118130,25.87
-26.465797,153.118630,25.57
-26.463539,153.118628,26.07
-26.463088,153.118627,25.94
-26.460153,153.118624,25.77
-26.459928,153.118624,25.91
-26.458122,153.118622,24.28
-26.455639,153.118620,23.98
-26.454510,153.118618,24.80
-26.453156,153.118617,24.73
-26.450447,153.118614,23.81
-26.448641,153.118612,24.05
-26.447287,153.118611,24.28
-26.445707,153.118609,24.97
-26.445255,153.118609,23.90
-26.443449,153.118607,23.70
-26.441643,153.118605,22.98
-26.438935,153.118602,22.50
-26.437806,153.118601,23.13
-26.437129,153.118601,21.34
-26.434194,153.118598,21.83
-26.432388,153.118596,22.57
-26.431937,153.118595,22.88
-26.430582,153.118594,20.47
-26.427874,153.118591,21.25
-26.427422,153.118591,19.87
-26.424939,153.118588,19.42
-26.424036,153.118587,19.14
-26.422456,153.118586,18.46
-26.420876,153.118584,17.94
-26.419070,153.118582,18.09
-26.417490,153.118580,16.30
-26.415910,153.118579,14.83
-26.414330,153.118577,14.07
-26.412524,153.118575,13.27
-26.411169,153.118574,12.76
-26.409589,153.118572,12.46
-26.407106,153.118570,12.46
-26.405978,153.118569,12.37
-26.404623,153.118567,11.80
-26.403043,153.118566,11.13
-26.401237,153.118564,10.03
-26.399657,153.118562,9.26
-26.398077,153.118561,7.22
-26.396497,153.118559,3.94
-26.394917,153.118056,3.26
-26.393111,153.118556,2.88
-26.390176,153.118553,2.40
-26.388596,153.118551,4.73
-26.387016,153.118549,5.22
-26.386565,153.118549,5.37
-26.385210,153.118547,4.96
-26.383404,153.118546,2.65
-26.380695,153.118543,2.25
-26.380244,153.118542,1.15
-26.377084,153.118539,7.13
-26.375504,153.118538,9.58
-26.373923,153.118536,12.72
-26.372343,153.118534,14.44
-26.370763,153.118533,15.95
-26.369183,153.118531,17.87
-26.368280,153.118530,19.15
-26.365797,153.118528,18.92
-26.364217,153.117774,20.16
-26.362637,153.118524,21.67
-26.362185,153.118524,22.09
-26.359251,153.118521,22.72
-26.359025,153.118521,22.79
-26.357445,153.118519,21.68
-26.354736,153.118516,22.87
-26.352705,153.118013,22.93
-26.351124,153.118513,23.62
-26.349544,153.118511,23.95
-26.348415,153.118510,24.50
-26.347739,153.117006,24.08
-26.344578,153.118506,23.51
-26.342998,153.118504,23.90
-26.342095,153.118504,24.07
-26.341192,153.118503,23.81
-26.338258,153.117999,24.05
-26.337129,153.118498,24.52
-26.336452,153.117245,24.05
-26.333743,153.118495,23.49
-26.332388,153.118243,23.70
-26.331485,153.118242,23.10
-26.328326,153.117738,23.06
-26.326745,153.118488,23.82
-26.325616,153.118487,24.12
-26.324939,153.118486,23.99
-26.322006,153.116730,23.92
-26.320199,153.118231,24.76
-26.318618,153.118480,25.43
-26.317038,153.118478,25.79
-26.315458,153.118476,25.99
-26.313878,153.118475,26.17
-26.312072,153.118473,26.29
-26.311169,153.118472,26.37
-26.308912,153.118470,26.44
-26.307332,153.118218,26.53
-26.305751,153.118467,26.58
-26.304171,153.118465,26.62
-26.302817,153.118464,26.68
-26.300785,153.118461,26.70
-26.299431,153.118460,26.81
-26.298528,153.118459,26.85
-26.295819,153.118456,27.03
-26.294464,153.118455,27.07
-26.294013,153.118455,27.04
-26.291756,153.118452,26.99
-26.289498,153.118450,27.02
-26.287918,153.118448,27.18
-26.287467,153.118448,27.29
-26.284984,153.118445,27.35
-26.284306,153.118445,27.12
-26.281823,153.118442,27.09
-26.279566,153.118440,27.16
-26.277986,153.118438,27.12
-26.276406,153.118437,27.16
-26.274825,153.118435,27.15
-26.274148,153.118434,27.20
-26.272794,153.118433,27.19
-26.270762,153.118431,27.17
-26.269633,153.118430,27.01
-26.267376,153.118428,27.05
-26.265796,153.118426,27.03
-26.264667,153.118425,26.90
-26.263087,153.118423,26.80
-26.260830,153.118421,26.85
-26.258572,153.118419,26.81
-26.256992,153.118417,26.84
-26.256767,153.118166,26.81
-26.255186,153.118415,26.71
-26.252026,153.118412,26.71
-26.250446,153.118410,26.71
-26.249317,153.118409,26.86
-26.248640,153.118409,26.74
-26.245705,153.118406,26.72
-26.244125,153.118404,26.56
-26.242996,153.118403,26.56
-26.241868,153.118402,26.56
-26.240062,153.118400,26.58
-26.238933,153.118399,26.45
-26.236450,153.118396,26.57
-26.234870,153.118395,26.53
-26.233064,153.118142,26.34
-26.232387,153.118392,26.35
-26.229226,153.118389,26.39
-26.228098,153.118388,26.42
-26.227420,153.118387,26.24
-26.225163,153.118134,26.34
-26.223809,153.118383,26.39
-26.221325,153.118381,26.41
-26.219745,153.118379,26.56
-26.219068,153.118379,26.59
-26.216359,153.118376,26.73
-26.215005,153.118374,26.73
-26.213425,153.118373,26.83
-26.212747,153.118372,26.78
-26.209813,153.118369,26.48
-26.208684,153.118118,26.79
-26.206879,153.117365,26.53
-26.204846,153.118364,26.22
-26.203718,153.118363,26.44
-26.201686,153.118111,26.30
-26.200783,153.118360,26.43
-26.199654,153.118359,26.41
-26.196720,153.118356,26.07
-26.196043,153.118355,26.14
-26.194688,153.118354,26.15
-26.193335,153.116851,25.84
-26.191076,153.118350,25.85
-26.189949,153.116848,25.62
-26.187464,153.118347,25.64
-26.186787,153.118346,25.61
-26.184078,153.118343,25.40
-26.183627,153.118343,25.34
-26.181369,153.118340,25.35
-26.180241,153.118339,25.27
-26.178661,153.118338,25.18
-26.177081,153.118086,25.05
-26.175501,153.117834,25.00
-26.172340,153.118331,24.97
-26.171888,153.118331,24.98
-26.170534,153.118330,24.93
-26.168954,153.118328,24.88
-26.167374,153.118326,24.66
-26.165568,153.118325,24.49
-26.163987,153.118323,24.31
-26.162182,153.118321,24.25
-26.160827,153.118070,24.16
-26.159247,153.118318,24.05
-26.157441,153.118316,23.86
-26.155861,153.118315,23.78
-26.154281,153.118313,23.64
-26.151346,153.118060,23.46
-26.150669,153.118059,23.41
-26.149540,153.118058,23.21
-26.147734,153.118056,23.05
-26.146154,153.118305,22.90
-26.144574,153.118303,22.70
-26.142993,153.118302,22.54
-26.141413,153.118300,22.30
-26.139607,153.118298,22.06
-26.138027,153.118297,21.77
-26.136447,153.118295,21.50
-26.134867,153.118294,21.21
-26.133061,153.118292,20.83
-26.131481,153.118290,20.53
-26.129900,153.118289,20.11
-26.128320,153.118287,19.55
-26.126740,153.118285,18.93
-26.124934,153.118284,18.07
-26.123354,153.118282,17.38
-26.121774,153.118280,16.55
-26.120194,153.118279,15.60
-26.118162,153.118277,14.76
-26.117033,153.118276,14.41
-26.114550,153.118273,13.29
-26.113196,153.118272,13.19
-26.112067,153.118271,11.37
-26.110487,153.118269,10.34
-26.108455,153.118267,9.23
-26.107100,153.118266,7.33
-26.105520,153.118264,5.26
-26.102586,153.117511,4.23
-26.101232,153.117760,4.14
-26.100328,153.118259,4.18
-26.098974,153.118257,2.97
-26.097394,153.118006,1.71
-26.095136,153.118004,0.25
-26.094233,153.118003,-0.41
-26.753597,153.120687,0.15
-26.677754,153.120607,2.53
-26.676174,153.119852,6.41
-26.673239,153.120603,10.56
-26.671434,153.120098,11.40
-26.670080,153.120097,12.00
-26.668048,153.119843,12.77
-26.666468,153.120595,13.60
-26.665790,153.120595,13.71
-26.663759,153.120593,14.02
-26.661953,153.120591,14.63
-26.659922,153.120589,15.23
-26.658341,153.120587,15.54
-26.656761,153.120585,15.73
-26.655859,153.120584,15.85
-26.654279,153.120331,15.95
-26.652698,153.120581,15.98
-26.650215,153.120578,16.05
-26.649087,153.120577,16.09
-26.647055,153.120575,16.13
-26.646829,153.120575,16.07
-26.645024,153.120322,16.02
-26.642089,153.120570,16.29
-26.640510,153.119563,16.60
-26.639833,153.119814,16.75
-26.637124,153.119811,17.18
-26.635543,153.120312,18.42
-26.635317,153.120563,18.57
-26.632383,153.120560,19.07
-26.631029,153.120558,19.16
-26.628998,153.119551,19.02
-26.627417,153.120303,20.56
-26.626966,153.120554,21.06
-26.625611,153.120553,19.68
-26.624032,153.119044,18.99
-26.621098,153.119041,19.32
-26.619292,153.119792,20.66
-26.617711,153.120042,21.27
-26.617485,153.120293,21.28
-26.615905,153.120542,19.84
-26.613873,153.120540,17.88
-26.611616,153.120538,19.73
-26.610940,153.119282,18.85
-26.608907,153.120535,18.60
-26.606424,153.120532,19.05
-26.604844,153.120531,19.46
-26.603490,153.120529,20.11
-26.601684,153.120527,19.58
-26.601007,153.120527,19.42
-26.598750,153.120273,19.38
-26.598073,153.120524,19.51
-26.594912,153.120520,19.45
-26.593333,153.120268,20.28
-26.591752,153.120517,20.92
-26.590173,153.119260,21.48
-26.589947,153.119511,21.18
-26.586786,153.120261,21.45
-26.585206,153.120510,21.71
-26.583626,153.120509,21.98
-26.582949,153.120508,21.99
-26.581594,153.120506,21.95
-26.578660,153.120001,22.04
-26.577080,153.120251,22.35
-26.575500,153.120249,22.61
-26.575274,153.120500,22.63
-26.572340,153.120497,22.26
-26.570534,153.120495,22.55
-26.570083,153.120243,22.63
-26.567825,153.120492,23.04
-26.565794,153.120490,23.86
-26.564439,153.120488,24.24
-26.563988,153.119735,23.31
-26.561956,153.120486,21.59
-26.559247,153.120483,22.57
-26.559022,153.120232,22.16
-26.557443,153.119226,19.05
-26.555637,153.118973,14.79
-26.553378,153.120477,15.92
-26.552250,153.119723,14.61
-26.549541,153.120473,16.32
-26.547961,153.120471,17.01
-26.546832,153.120470,19.98
-26.544575,153.120468,23.06
-26.543672,153.120467,24.19
-26.542318,153.120465,24.58
-26.541189,153.120464,23.85
-26.538255,153.120461,23.04
-26.536449,153.119706,23.67
-26.535546,153.120458,24.14
-26.534643,153.120457,23.40
-26.533063,153.119703,22.46
-26.529903,153.120201,22.50
-26.528323,153.120451,23.21
-26.526742,153.120449,23.96
-26.525388,153.119946,24.39
-26.523582,153.120195,24.86
-26.522003,153.118939,24.60
-26.520648,153.120443,24.82
-26.519519,153.120442,24.52
-26.518165,153.120189,24.08
-26.515456,153.120437,23.51
-26.513876,153.120436,23.93
-26.512974,153.119682,23.98
-26.510716,153.120432,24.14
-26.510264,153.120432,23.62
-26.507104,153.120429,22.64
-26.505750,153.119925,23.33
-26.504395,153.120426,23.51
-26.502589,153.120424,24.27
-26.501009,153.120171,25.10
-26.500558,153.119920,24.93
-26.498301,153.119667,23.28
-26.495819,153.118912,23.59
-26.494239,153.118910,23.79
-26.493110,153.119160,24.40
-26.491078,153.118907,24.27
-26.490626,153.119659,24.24
-26.487917,153.120158,24.38
-26.487240,153.120157,24.12
-26.484531,153.120405,24.54
-26.482951,153.120403,24.95
-26.481145,153.120151,25.29
-26.479566,153.118895,25.49
-26.479114,153.119898,25.63
-26.477759,153.120398,24.30
-26.475502,153.120396,24.28
-26.473019,153.120142,24.34
-26.471438,153.120391,24.72
-26.469859,153.120139,25.05
-26.468278,153.120388,25.45
-26.466925,153.118882,25.78
-26.465118,153.120134,26.16
-26.463312,153.120383,26.32
-26.462635,153.120382,26.39
-26.461507,153.119629,25.77
-26.459250,153.119376,25.99
-26.458346,153.120378,25.86
-26.455863,153.120375,25.29
-26.454057,153.120123,25.71
-26.452703,153.120121,26.06
-26.451800,153.120371,24.65
-26.448640,153.120368,25.02
-26.447285,153.120366,25.98
-26.445479,153.120364,26.38
-26.445254,153.120364,26.38
-26.443674,153.120363,24.87
-26.441416,153.120360,24.68
-26.438933,153.120358,24.05
-26.438256,153.120357,24.50
-26.437127,153.120356,22.66
-26.434193,153.120353,23.94
-26.433516,153.120352,24.47
-26.431937,153.118846,22.96
-26.430130,153.120348,23.47
-26.428098,153.120346,22.88
-26.425841,153.120344,22.28
-26.425163,153.120343,22.43
-26.424035,153.120342,22.37
-26.422455,153.120341,21.96
-26.419746,153.120338,21.80
-26.419295,153.119836,20.53
-26.417037,153.120335,18.53
-26.415683,153.120333,17.52
-26.414328,153.120332,17.22
-26.412748,153.120330,16.64
-26.411168,153.120329,15.81
-26.408008,153.120326,15.69
-26.407556,153.120325,15.71
-26.405525,153.120323,15.69
-26.404622,153.120322,15.57
-26.402139,153.120319,15.37
-26.401010,153.120318,15.24
-26.399656,153.120317,14.50
-26.398075,153.120315,13.82
-26.396495,153.120314,11.86
-26.394915,153.120312,9.50
-26.393335,153.120310,6.21
-26.390175,153.120307,5.85
-26.388595,153.120305,8.04
-26.387692,153.120304,9.76
-26.386563,153.120303,9.53
-26.384983,153.120302,8.70
-26.382951,153.120300,8.49
-26.381823,153.120298,7.92
-26.379566,153.119544,7.12
-26.377308,153.120294,8.51
-26.375502,153.120292,11.54
-26.373922,153.120290,14.29
-26.372342,153.120289,16.17
-26.370762,153.120287,17.60
-26.368956,153.120285,19.83
-26.367376,153.120033,20.38
-26.367150,153.120283,20.21
-26.364215,153.120280,21.11
-26.362635,153.120279,22.64
-26.361507,153.120277,22.94
-26.359475,153.120275,22.92
-26.359024,153.119272,22.91
-26.357218,153.119521,22.48
-26.354509,153.120270,23.65
-26.354057,153.120270,23.84
-26.351123,153.120267,23.67
-26.350220,153.120266,24.40
-26.348414,153.119763,24.81
-26.347738,153.119010,23.86
-26.345931,153.120011,23.81
-26.342996,153.120258,24.17
-26.342094,153.120007,24.34
-26.341190,153.120256,24.20
-26.338256,153.119752,24.17
-26.336901,153.120252,25.07
-26.336450,153.120001,24.49
-26.333290,153.119998,23.83
-26.331936,153.119746,23.85
-26.331484,153.120246,23.55
-26.328324,153.119993,23.18
-26.326743,153.120241,24.08
-26.325615,153.120240,24.57
-26.324712,153.120239,24.42
-26.322003,153.120237,23.93
-26.320198,153.119483,24.73
-26.318617,153.119732,25.60
-26.317037,153.120231,26.06
-26.315457,153.120230,26.22
-26.313876,153.120228,26.45
-26.312296,153.120226,26.63
-26.310490,153.120225,26.87
-26.309587,153.120224,26.98
-26.308007,153.120222,27.03
-26.307104,153.120221,27.00
-26.304170,153.119968,27.11
-26.303041,153.120217,27.15
-26.301009,153.120215,27.21
-26.299204,153.120213,27.29
-26.298301,153.120212,27.35
-26.295818,153.119709,27.27
-26.294689,153.120208,27.47
-26.293786,153.119957,27.36
-26.292432,153.119956,27.32
-26.289497,153.120203,27.39
-26.287691,153.120201,27.54
-26.286788,153.120200,27.53
-26.285659,153.120199,27.51
-26.283628,153.120197,27.48
-26.281822,153.120195,27.47
-26.279790,153.120193,27.55
-26.277984,153.120191,27.55
-26.277307,153.120190,27.63
-26.274824,153.120188,27.63
-26.273244,153.120186,27.75
-26.273018,153.120186,27.76
-26.271212,153.120184,27.70
-26.269632,153.120183,27.47
-26.267600,153.120180,27.41
-26.266472,153.120179,27.41
-26.264214,153.120177,27.48
-26.263086,153.120176,27.36
-26.261054,153.120174,27.31
-26.259699,153.120172,27.31
-26.258345,153.120171,27.23
-26.256313,153.120169,27.21
-26.253605,153.120166,27.02
-26.252024,153.120164,27.17
-26.251347,153.120164,27.18
-26.249316,153.120162,27.26
-26.248639,153.119911,27.09
-26.247058,153.120159,27.09
-26.245252,153.120157,27.07
-26.242769,153.120155,26.90
-26.242092,153.120154,26.87
-26.238932,153.119901,26.84
-26.238706,153.119900,26.78
-26.236900,153.120149,26.83
-26.235094,153.120147,26.78
-26.232611,153.120144,26.73
-26.230805,153.120143,26.78
-26.230128,153.120142,26.82
-26.227870,153.120140,26.89
-26.227419,153.120139,26.79
-26.224484,153.120136,26.88
-26.224259,153.120136,26.91
-26.222227,153.120134,26.93
-26.219744,153.120131,27.11
-26.219293,153.119630,27.12
-26.216809,153.120128,27.00
-26.216132,153.119877,27.00
-26.213197,153.120124,26.99
-26.212746,153.120124,27.01
-26.209811,153.120121,26.99
-26.209360,153.120121,27.09
-26.208005,153.120119,26.57
-26.204845,153.120116,26.79
-26.204168,153.120115,26.85
-26.201685,153.120113,26.90
-26.201233,153.120112,26.89
-26.199879,153.119360,26.65
-26.196718,153.120108,26.58
-26.195364,153.120106,26.72
-26.194912,153.120106,26.71
-26.192881,153.120104,26.01
-26.191301,153.120102,26.25
-26.188592,153.119849,25.92
-26.188366,153.120099,26.02
-26.186786,153.120097,25.93
-26.184303,153.120095,25.77
-26.183400,153.120094,25.74
-26.182045,153.120093,25.74
-26.180239,153.120091,25.69
-26.178659,153.120089,25.46
-26.177079,153.120087,25.48
-26.174596,153.120085,25.35
-26.173693,153.120084,25.28
-26.171661,153.120082,25.29
-26.169855,153.120080,25.35
-26.168952,153.120079,25.26
-26.166695,153.120077,24.98
-26.165341,153.119825,24.77
-26.163309,153.120073,24.66
-26.162406,153.120072,24.60
-26.160826,153.120071,24.53
-26.158794,153.120069,24.38
-26.157665,153.120068,24.30
-26.155859,153.120066,24.11
-26.154053,153.120064,24.04
-26.152699,153.120062,23.90
-26.151119,153.120061,23.78
-26.149087,153.120059,23.72
-26.147733,153.120057,23.62
-26.145927,153.120056,23.57
-26.144572,153.120054,23.31
-26.142992,153.120053,23.19
-26.141186,153.120051,22.95
-26.139606,153.119799,22.75
-26.137800,153.120047,22.62
-26.136220,153.120046,22.46
-26.134865,153.120044,22.26
-26.133285,153.120043,22.10
-26.131479,153.120041,21.83
-26.129899,153.120039,21.47
-26.128319,153.120038,21.13
-26.126739,153.120036,20.72
-26.125158,153.120034,20.21
-26.123353,153.120032,19.64
-26.121772,153.120031,18.98
-26.120192,153.120029,18.44
-26.118612,153.120028,17.74
-26.116806,153.120026,16.80
-26.115226,153.120024,16.04
-26.113646,153.120023,15.71
-26.112065,153.120021,14.41
-26.110259,153.120019,13.88
-26.108905,153.119768,12.93
-26.107099,153.120016,11.88
-26.105519,153.120014,10.39
-26.103939,153.120013,9.02
-26.102358,153.120011,7.33
-26.100778,153.120009,5.24
-26.098973,153.118757,3.95
-26.096038,153.119755,3.97
-26.095360,153.120004,4.15
-26.094232,153.120003,3.43
-26.091974,153.120000,1.81
-26.090846,153.119999,1.11
-26.089040,153.119997,-0.43
-26.753597,153.120939,-0.28
-26.681138,153.122370,-0.86
-26.679558,153.122368,3.97
-26.678881,153.122367,4.85
-26.676851,153.121109,5.17
-26.668272,153.121854,13.74
-26.666466,153.122354,14.16
-26.664886,153.122352,14.50
-26.663306,153.122351,14.97
-26.661952,153.122349,15.13
-26.659920,153.122096,15.59
-26.658340,153.122345,15.93
-26.656760,153.122344,16.21
-26.655631,153.122343,16.30
-26.654728,153.122342,16.27
-26.652697,153.122088,16.21
-26.650891,153.122337,16.38
-26.649988,153.122337,16.25
-26.647279,153.122334,16.34
-26.646602,153.122082,16.27
-26.643894,153.121325,16.07
-26.642089,153.121072,16.32
-26.640509,153.120819,16.59
-26.638928,153.122074,16.76
-26.637123,153.121067,17.14
-26.635543,153.121065,18.48
-26.633962,153.122319,19.51
-26.633736,153.122319,19.38
-26.631479,153.122066,19.42
-26.628996,153.122314,19.59
-26.627416,153.122312,21.78
-26.627190,153.122312,21.80
-26.625610,153.121808,19.77
-26.624031,153.121053,18.94
-26.620871,153.120799,19.00
-26.619291,153.120797,20.17
-26.617936,153.120796,21.22
-26.617259,153.121046,21.25
-26.615226,153.122300,20.66
-26.613872,153.122298,21.18
-26.612518,153.122297,20.45
-26.610938,153.122295,19.27
-26.609132,153.122293,18.78
-26.606423,153.122290,19.42
-26.604618,153.121786,19.91
-26.603263,153.121785,20.72
-26.601457,153.122285,20.14
-26.599877,153.122283,21.32
-26.599651,153.122283,20.79
-26.598071,153.122281,19.32
-26.594911,153.122278,19.56
-26.593331,153.122276,20.59
-26.591751,153.122275,21.35
-26.590171,153.121771,21.61
-26.589946,153.121268,21.53
-26.586785,153.122269,21.65
-26.585431,153.121766,21.91
-26.584076,153.121764,22.16
-26.582496,153.121763,22.23
-26.580464,153.122263,22.23
-26.578659,153.122261,22.52
-26.577078,153.122259,22.76
-26.575724,153.122258,23.10
-26.575273,153.122257,22.85
-26.572790,153.122254,22.63
-26.570533,153.121750,22.95
-26.570081,153.122001,23.15
-26.567825,153.120994,23.39
-26.565792,153.122247,24.12
-26.564213,153.120739,24.27
-26.563987,153.120990,23.80
-26.561278,153.121991,23.36
-26.560149,153.122241,22.65
-26.558344,153.120733,21.01
-26.557215,153.121987,18.77
-26.555409,153.122236,18.69
-26.554055,153.120729,16.94
-26.551120,153.122231,16.93
-26.549991,153.122230,18.05
-26.547734,153.122228,21.64
-26.546605,153.122227,22.36
-26.544574,153.121723,24.81
-26.542993,153.122223,25.78
-26.542768,153.121972,25.93
-26.541188,153.121217,24.01
-26.538027,153.122218,23.57
-26.537124,153.122217,24.26
-26.534868,153.121461,24.73
-26.534641,153.122214,24.67
-26.533061,153.122212,22.99
-26.529901,153.122209,22.74
-26.528321,153.122207,23.58
-26.526741,153.122206,24.21
-26.525161,153.122204,24.51
-26.524033,153.120697,24.92
-26.521775,153.122200,25.32
-26.520421,153.122199,26.20
-26.519518,153.121947,26.09
-26.517260,153.122196,24.72
-26.516358,153.121944,24.67
-26.513875,153.121941,24.67
-26.513423,153.121690,24.27
-26.510941,153.121185,24.98
-26.510263,153.121435,24.15
-26.508683,153.122186,22.93
-26.505974,153.122184,24.29
-26.504394,153.122182,24.70
-26.503040,153.121930,24.77
-26.501912,153.121176,25.30
-26.500557,153.121425,23.82
-26.497396,153.122175,23.17
-26.497170,153.122174,23.24
-26.494236,153.121920,23.35
-26.492657,153.120664,23.78
-26.490850,153.122168,24.09
-26.489270,153.122166,24.27
-26.487690,153.122164,24.30
-26.486110,153.122163,24.63
-26.484529,153.122161,25.01
-26.482724,153.122159,25.39
-26.481369,153.122158,25.62
-26.480918,153.122157,25.62
-26.478661,153.120901,25.77
-26.477757,153.122154,24.97
-26.475952,153.122152,24.70
-26.473017,153.122149,24.79
-26.471437,153.122147,25.21
-26.469857,153.121895,25.47
-26.468277,153.122144,25.82
-26.466471,153.122142,26.29
-26.465568,153.122141,26.69
-26.463311,153.122139,26.86
-26.462859,153.121887,26.99
-26.460377,153.120631,25.80
-26.458346,153.120629,25.79
-26.458120,153.120879,25.80
-26.455184,153.122130,26.72
-26.453604,153.122128,26.52
-26.452702,153.121877,26.85
-26.451798,153.122126,25.38
-26.448638,153.122123,25.92
-26.447058,153.122121,26.87
-26.446607,153.121870,27.21
-26.443898,153.122118,27.36
-26.443672,153.122118,27.07
-26.441640,153.122116,25.62
-26.438932,153.122113,25.02
-26.438254,153.122112,25.83
-26.437126,153.122111,24.28
-26.433966,153.122108,25.61
-26.433740,153.122107,25.15
-26.430805,153.122104,24.25
-26.429225,153.122103,24.93
-26.428999,153.122102,24.51
-26.427419,153.122101,24.49
-26.424259,153.122097,25.07
-26.422679,153.122096,25.39
-26.422453,153.122095,24.64
-26.420873,153.122094,23.50
-26.419293,153.122092,20.77
-26.417487,153.122090,20.04
-26.414778,153.122087,20.30
-26.413650,153.122086,20.41
-26.412747,153.122085,19.88
-26.411167,153.122084,19.32
-26.409586,153.122082,19.06
-26.406426,153.122079,19.09
-26.404846,153.122077,19.18
-26.403492,153.122076,19.21
-26.401911,153.122074,19.21
-26.401234,153.122073,18.92
-26.399654,153.122071,18.30
-26.398074,153.122070,17.87
-26.396494,153.122068,17.49
-26.394914,153.122066,15.19
-26.393108,153.122065,13.82
-26.390173,153.122061,12.90
-26.389270,153.122061,13.30
-26.387690,153.122059,12.99
-26.385433,153.122057,12.12
-26.383627,153.122055,13.11
-26.382047,153.122053,13.85
-26.380467,153.122051,13.85
-26.380241,153.122051,14.36
-26.377081,153.122048,13.32
-26.375501,153.122046,14.70
-26.374598,153.122045,17.05
-26.372340,153.122043,18.10
-26.370760,153.122041,19.78
-26.369406,153.122040,22.27
-26.368277,153.122038,21.61
-26.365794,153.122036,21.63
-26.364214,153.122034,22.28
-26.362634,153.121782,23.44
-26.362409,153.121281,23.29
-26.359699,153.122029,23.28
-26.357668,153.122027,22.95
-26.356087,153.122026,23.96
-26.354733,153.122024,24.73
-26.353379,153.122023,24.49
-26.351121,153.122020,24.07
-26.349994,153.120767,24.84
-26.348187,153.121516,24.64
-26.347735,153.122017,24.02
-26.345478,153.122015,24.41
-26.342995,153.121761,24.47
-26.342318,153.121761,24.66
-26.340737,153.122010,24.50
-26.338256,153.120504,24.17
-26.336449,153.121504,25.29
-26.336223,153.122005,25.44
-26.334417,153.122003,23.77
-26.331934,153.122000,23.86
-26.331482,153.122000,23.71
-26.328322,153.121997,23.53
-26.326742,153.121995,24.44
-26.325162,153.121993,25.04
-26.324259,153.121992,25.09
-26.322002,153.121238,24.18
-26.320196,153.121988,24.72
-26.318615,153.121986,25.73
-26.317035,153.121985,26.19
-26.315455,153.121482,26.56
-26.313875,153.121731,26.72
-26.312746,153.121730,26.94
-26.310715,153.121978,27.09
-26.308909,153.121225,27.24
-26.308683,153.121976,27.37
-26.307103,153.121223,27.23
-26.304169,153.121470,27.34
-26.302362,153.121969,27.45
-26.300782,153.121968,27.55
-26.299202,153.121966,27.62
-26.297848,153.121965,27.70
-26.296945,153.121964,27.69
-26.294236,153.121961,27.76
-26.293107,153.121960,27.80
-26.291076,153.121707,27.78
-26.289721,153.121956,27.83
-26.288141,153.121955,27.93
-26.286335,153.121953,28.03
-26.284981,153.121951,28.13
-26.283175,153.121949,28.20
-26.281369,153.121947,28.26
-26.280014,153.121946,28.16
-26.279337,153.121945,28.12
-26.276854,153.121943,28.20
-26.276177,153.121942,28.19
-26.273694,153.121939,28.30
-26.273017,153.121939,28.18
-26.271211,153.121937,28.18
-26.269630,153.121935,27.96
-26.266696,153.121932,27.84
-26.265341,153.121931,27.85
-26.264213,153.121929,27.84
-26.262633,153.121928,27.82
-26.260827,153.121926,27.72
-26.259698,153.121925,27.75
-26.256989,153.121922,27.61
-26.255409,153.121920,27.68
-26.255183,153.121920,27.57
-26.252249,153.121917,27.62
-26.251120,153.121916,27.71
-26.249991,153.121915,27.70
-26.248637,153.121913,27.59
-26.246605,153.121911,27.52
-26.245251,153.121910,27.41
-26.243671,153.121908,27.37
-26.240736,153.121905,27.34
-26.239156,153.121903,27.12
-26.237576,153.121902,27.18
-26.237124,153.121901,27.22
-26.234641,153.121899,27.02
-26.232835,153.121897,27.09
-26.230804,153.121895,27.23
-26.230352,153.121894,27.21
-26.227869,153.121892,27.23
-26.227417,153.121891,27.24
-26.224483,153.121888,27.41
-26.224031,153.121888,27.52
-26.221548,153.121885,27.35
-26.219517,153.121883,27.68
-26.219065,153.121882,27.76
-26.216356,153.121880,27.55
-26.216130,153.121879,27.55
-26.213873,153.121877,27.53
-26.212745,153.121626,27.25
-26.209810,153.121873,27.52
-26.209584,153.121873,27.54
-26.206424,153.121869,27.11
-26.205069,153.121868,27.30
-26.204618,153.121617,27.21
-26.202586,153.121865,27.29
-26.201006,153.121864,27.29
-26.198523,153.121861,26.83
-26.196717,153.121859,27.13
-26.195814,153.121858,27.14
-26.194911,153.121357,26.96
-26.191976,153.121854,26.58
-26.191525,153.121854,26.67
-26.188590,153.121851,26.49
-26.188139,153.121850,26.51
-26.186784,153.121849,26.33
-26.184978,153.121847,26.33
-26.182947,153.121845,26.25
-26.181367,153.121843,26.26
-26.180238,153.121842,26.16
-26.177981,153.121589,25.94
-26.177077,153.121839,25.88
-26.175497,153.121837,25.82
-26.173917,153.121835,25.73
-26.171434,153.121833,25.68
-26.170080,153.121831,25.68
-26.168951,153.121830,25.64
-26.166919,153.121828,25.53
-26.164887,153.121826,25.32
-26.163533,153.121825,25.05
-26.161276,153.121822,24.98
-26.160598,153.121822,24.89
-26.159244,153.121820,24.78
-26.157438,153.121318,24.64
-26.155858,153.121817,24.64
-26.154278,153.121815,24.55
-26.152698,153.121563,24.37
-26.150440,153.121811,24.26
-26.148860,153.121809,24.16
-26.147731,153.121808,24.13
-26.146151,153.121807,24.05
-26.144119,153.121804,23.87
-26.142991,153.121803,23.75
-26.141410,153.121802,23.61
-26.139604,153.121800,23.46
-26.137799,153.121798,23.38
-26.136444,153.121797,23.23
-26.134412,153.121794,23.14
-26.133058,153.121793,23.09
-26.131478,153.121791,22.86
-26.129898,153.121790,22.68
-26.128317,153.121788,22.47
-26.126737,153.121786,22.23
-26.124931,153.121785,21.84
-26.123351,153.121783,21.45
-26.121771,153.121781,21.08
-26.120191,153.121780,20.61
-26.118610,153.121778,20.04
-26.117030,153.121776,19.42
-26.115224,153.121774,18.59
-26.113644,153.121773,17.72
-26.112064,153.121771,16.86
-26.110484,153.121770,16.03
-26.108678,153.121768,14.93
-26.106646,153.121766,14.42
-26.105292,153.121764,13.94
-26.103937,153.121763,12.73
-26.102131,153.121761,11.56
-26.100551,153.121759,10.38
-26.098971,153.121758,8.81
-26.097391,153.121756,6.88
-26.095810,153.121754,5.01
-26.093780,153.120752,4.22
-26.091070,153.121749,4.31
-26.090844,153.121749,4.41
-26.089264,153.121748,2.43
-26.087458,153.121496,1.11
-26.085878,153.121744,1.30
-26.084523,153.121743,-0.41
-26.681137,153.124129,3.31
-26.680008,153.124127,6.54
-26.679332,153.123122,5.84
-26.673011,153.124120,12.24
-26.671431,153.124118,13.25
-26.671205,153.124118,13.31
-26.668046,153.122607,13.38
-26.666691,153.123862,14.75
-26.664884,153.124111,15.10
-26.664207,153.124110,15.23
-26.662854,153.123355,15.34
-26.660144,153.124106,16.01
-26.658338,153.124104,16.29
-26.656984,153.124103,16.40
-26.655630,153.124101,16.59
-26.654953,153.124100,16.48
-26.652470,153.124098,16.53
-26.651341,153.123845,16.52
-26.649987,153.123593,16.39
-26.647278,153.123590,16.44
-26.646826,153.124092,16.45
-26.645246,153.124090,16.27
-26.642088,153.122579,16.15
-26.640507,153.122578,16.58
-26.638926,153.124083,16.78
-26.637121,153.123579,17.21
-26.635540,153.124079,19.04
-26.633960,153.123826,20.35
-26.633734,153.124077,20.42
-26.632154,153.124076,19.56
-26.628995,153.123570,19.81
-26.627414,153.124071,22.20
-26.627188,153.124070,22.09
-26.625608,153.124069,19.99
-26.624029,153.122560,18.85
-26.621321,153.122557,18.57
-26.619289,153.122555,19.40
-26.617709,153.122553,21.12
-26.617483,153.122553,21.16
-26.614548,153.124057,22.23
-26.614322,153.123805,22.30
-26.612743,153.122548,20.57
-26.610937,153.122797,19.72
-26.609130,153.123800,19.10
-26.606423,153.122541,19.45
-26.604617,153.122539,19.87
-26.603037,153.122538,20.69
-26.601456,153.123791,20.41
-26.599877,153.122534,21.55
-26.599424,153.123538,21.82
-26.597618,153.124038,19.59
-26.594909,153.124035,19.65
-26.593329,153.124034,20.87
-26.591975,153.124032,21.75
-26.590395,153.123780,21.58
-26.589266,153.124029,21.66
-26.586783,153.124027,21.83
-26.585203,153.123774,22.02
-26.584074,153.124024,22.31
-26.582495,153.123520,22.41
-26.580463,153.124020,22.45
-26.578657,153.124018,22.83
-26.577303,153.123765,23.04
-26.575723,153.123764,23.42
-26.574820,153.124014,23.06
-26.572111,153.124011,23.06
-26.570757,153.124009,23.41
-26.569402,153.124008,23.49
-26.567371,153.123755,23.83
-26.565791,153.123502,24.85
-26.565339,153.124004,25.32
-26.563985,153.123249,23.63
-26.562179,153.124000,23.22
-26.560374,153.122492,22.45
-26.559019,153.123244,21.41
-26.556536,153.123994,20.10
-26.555181,153.123993,19.65
-26.553150,153.123991,19.96
-26.551119,153.123235,19.89
-26.550216,153.122983,20.72
-26.548409,153.123985,23.34
-26.546152,153.123983,26.36
-26.544572,153.123981,27.49
-26.544346,153.123981,27.35
-26.542767,153.123477,26.25
-26.541186,153.123727,24.44
-26.538026,153.123974,24.24
-26.537349,153.123974,24.98
-26.534867,153.122465,24.41
-26.534189,153.123468,24.74
-26.533061,153.122714,23.57
-26.529900,153.123966,23.01
-26.528320,153.123713,23.87
-26.526740,153.123460,24.59
-26.525160,153.122957,24.76
-26.524483,153.123207,25.07
-26.521774,153.122702,25.55
-26.520872,153.122701,26.47
-26.519743,153.122449,25.75
-26.517033,153.123952,25.06
-26.516808,153.123450,25.11
-26.515001,153.123950,24.55
-26.512068,153.122441,23.91
-26.511843,153.122441,24.34
-26.509584,153.123693,23.42
-26.507102,153.122937,23.21
-26.506199,153.122435,24.46
-26.503942,153.122934,24.65
-26.503716,153.122432,24.65
-26.502136,153.122932,24.20
-26.498975,153.123932,23.41
-26.498072,153.123931,23.98
-26.497169,153.123930,24.09
-26.494234,153.123927,23.82
-26.492654,153.123926,24.24
-26.491074,153.123924,24.59
-26.489494,153.123922,24.71
-26.487688,153.123920,24.81
-26.486108,153.123919,25.06
-26.484528,153.123917,25.31
-26.482948,153.123664,25.59
-26.481368,153.123913,25.91
-26.480916,153.123662,25.85
-26.479111,153.123660,25.94
-26.477756,153.123659,25.35
-26.475950,153.123657,24.96
-26.473016,153.123403,25.11
-26.471436,153.123652,25.52
-26.470081,153.123901,25.79
-26.468275,153.123899,26.12
-26.466470,153.123647,26.50
-26.464889,153.123896,26.93
-26.463761,153.123895,27.26
-26.462859,153.122640,27.01
-26.461504,153.123641,25.94
-26.458569,153.123638,25.68
-26.456763,153.123636,26.28
-26.455183,153.123133,27.41
-26.454958,153.123384,27.50
-26.453153,153.122379,27.05
-26.451572,153.122377,25.34
-26.448637,153.123126,26.29
-26.447057,153.123375,27.01
-26.445703,153.123374,27.39
-26.444349,153.122369,27.33
-26.442316,153.123621,27.81
-26.442090,153.123871,27.89
-26.439156,153.123868,26.22
-26.438705,153.123366,26.27
-26.435770,153.123865,25.13
-26.433965,153.123111,26.12
-26.433964,153.123361,26.13
-26.430804,153.123859,25.45
-26.429224,153.123858,26.40
-26.428772,153.123857,26.65
-26.427418,153.123856,25.80
-26.424258,153.123852,26.94
-26.422677,153.123851,27.44
-26.422452,153.123850,27.37
-26.419969,153.123848,24.81
-26.419291,153.123847,22.87
-26.416131,153.123844,21.78
-26.415228,153.123843,22.68
-26.413197,153.123841,22.89
-26.412294,153.123840,24.07
-26.411165,153.123838,22.62
-26.408005,153.123835,21.48
-26.406425,153.123833,22.22
-26.405070,153.123832,22.31
-26.404393,153.123831,22.48
-26.402136,153.123829,23.14
-26.400556,153.123827,22.52
-26.398975,153.123825,21.55
-26.398072,153.123824,21.08
-26.395138,153.123821,22.82
-26.394912,153.123821,22.81
-26.391978,153.123818,18.76
-26.391526,153.123817,17.57
-26.389946,153.123816,16.28
-26.388140,153.123814,15.56
-26.385206,153.123811,16.30
-26.384077,153.123809,17.26
-26.382948,153.123808,17.00
-26.380465,153.123806,18.23
-26.379562,153.123805,18.91
-26.377305,153.123802,17.82
-26.376853,153.123802,18.66
-26.373919,153.123799,20.11
-26.373693,153.123798,19.82
-26.370759,153.123795,22.09
-26.369179,153.123794,22.98
-26.368953,153.123292,22.66
-26.365793,153.123790,22.75
-26.364212,153.123788,23.60
-26.363309,153.123787,24.05
-26.360827,153.123534,23.54
-26.359246,153.123783,24.09
-26.359020,153.123783,24.13
-26.356086,153.123780,24.99
-26.355634,153.123779,25.38
-26.354055,153.123527,25.41
-26.352700,153.123525,24.43
-26.349540,153.123773,25.33
-26.349314,153.123772,24.95
-26.347282,153.123770,24.88
-26.345477,153.122766,24.55
-26.342994,153.123515,24.78
-26.342090,153.123765,25.22
-26.341187,153.123764,24.77
-26.339607,153.123762,24.28
-26.336447,153.123759,25.23
-26.335770,153.123006,25.68
-26.334641,153.123506,25.10
-26.331707,153.122752,24.01
-26.331481,153.123252,24.30
-26.328322,153.122498,23.65
-26.326740,153.123748,24.81
-26.325160,153.123747,25.13
-26.324032,153.122994,25.35
-26.323354,153.123745,24.99
-26.320420,153.123491,24.86
-26.318615,153.122237,25.67
-26.317035,153.122736,26.11
-26.315455,153.122484,26.58
-26.313873,153.123735,26.98
-26.312068,153.123733,27.18
-26.310488,153.123481,27.32
-26.308907,153.123729,27.58
-26.308005,153.123228,27.63
-26.305747,153.123726,27.61
-26.304392,153.123725,27.73
-26.302361,153.123723,27.87
-26.300781,153.123721,27.95
-26.299201,153.123719,28.20
-26.297846,153.123718,28.16
-26.296717,153.123717,28.19
-26.294686,153.123714,28.30
-26.292880,153.123712,28.43
-26.291074,153.123711,28.41
-26.290397,153.123710,28.51
-26.287688,153.123707,28.69
-26.286334,153.123706,28.77
-26.285205,153.123704,28.84
-26.283173,153.123702,28.82
-26.282496,153.123701,28.79
-26.281142,153.123700,28.83
-26.278207,153.123697,28.70
-26.276627,153.123695,28.73
-26.275950,153.123695,28.59
-26.273467,153.123692,28.62
-26.273015,153.123691,28.56
-26.270758,153.123689,28.53
-26.269629,153.123688,28.31
-26.267372,153.123435,28.19
-26.265114,153.123683,28.15
-26.264211,153.123682,28.18
-26.261954,153.123680,28.09
-26.260148,153.123427,28.05
-26.259922,153.123678,28.08
-26.258342,153.123676,27.94
-26.255407,153.123673,28.06
-26.254956,153.123672,28.08
-26.252924,153.123670,28.02
-26.250893,153.123668,28.13
-26.250216,153.123667,28.06
-26.247281,153.123664,27.89
-26.246378,153.123663,28.00
-26.244346,153.123661,27.76
-26.243218,153.123660,27.73
-26.241412,153.123658,27.49
-26.240509,153.123657,27.49
-26.237800,153.123654,27.65
-26.237123,153.123653,27.43
-26.234188,153.123650,27.47
-26.232608,153.123649,27.57
-26.231028,153.123647,27.78
-26.230576,153.123646,27.85
-26.227642,153.123643,27.85
-26.227416,153.123643,27.89
-26.224481,153.123640,28.14
-26.224030,153.123640,28.19
-26.221095,153.123636,28.05
-26.220418,153.123636,28.23
-26.219289,153.123635,28.26
-26.216580,153.123632,28.23
-26.214549,153.123630,28.19
-26.214323,153.123629,28.32
-26.211614,153.123626,27.79
-26.209808,153.123625,28.01
-26.209583,153.123624,27.82
-26.206648,153.123621,27.72
-26.205745,153.123620,27.78
-26.203262,153.123618,27.62
-26.202585,153.123617,27.76
-26.201456,153.123616,27.64
-26.198296,153.123612,27.60
-26.197844,153.123612,27.74
-26.196490,153.123610,27.62
-26.194911,153.122107,26.93
-26.192201,153.123606,27.14
-26.191749,153.123355,26.91
-26.188814,153.123602,26.89
-26.188363,153.123602,26.85
-26.186106,153.123599,26.89
-26.184751,153.123598,26.94
-26.182268,153.123595,26.70
-26.181365,153.123594,26.77
-26.180236,153.123593,26.50
-26.177979,153.123591,26.45
-26.177076,153.123590,26.45
-26.175270,153.123588,26.37
-26.173464,153.123586,26.18
-26.171884,153.123584,26.17
-26.170530,153.123583,26.15
-26.168949,153.123581,25.97
-26.167369,153.123330,25.91
-26.165337,153.123578,25.81
-26.163757,153.123576,25.61
-26.162177,153.123574,25.46
-26.160371,153.123572,25.41
-26.158565,153.123570,25.21
-26.156534,153.123568,25.12
-26.155856,153.123568,25.13
-26.154276,153.123566,25.00
-26.152696,153.123564,24.89
-26.150890,153.123562,24.77
-26.149310,153.123561,24.73
-26.147278,153.123559,24.65
-26.146149,153.123557,24.56
-26.144344,153.123555,24.53
-26.142086,153.123553,24.40
-26.141183,153.123552,24.28
-26.139603,153.123550,24.19
-26.138023,153.123549,24.13
-26.136443,153.123547,24.06
-26.134862,153.123546,23.94
-26.133282,153.123544,23.84
-26.131476,153.123542,23.76
-26.129896,153.123540,23.59
-26.128316,153.123539,23.38
-26.126736,153.123537,23.21
-26.125155,153.123535,22.94
-26.123350,153.123533,22.64
-26.121769,153.123532,22.35
-26.120189,153.123530,22.05
-26.118609,153.123528,21.68
-26.116577,153.123526,21.08
-26.115223,153.123525,20.64
-26.113643,153.123523,19.91
-26.112062,153.123522,19.30
-26.110482,153.123520,18.55
-26.108902,153.123518,17.64
-26.107096,153.123516,16.86
-26.105516,153.123515,16.05
-26.103710,153.123513,14.88
-26.102355,153.123511,14.52
-26.100775,153.123510,13.28
-26.098292,153.123507,11.98
-26.097389,153.123506,11.17
-26.095809,153.123504,10.02
-26.094229,153.123503,8.81
-26.092423,153.123501,6.39
-26.089715,153.122248,4.43
-26.087909,153.122746,4.50
-26.087683,153.122996,4.36
-26.086102,153.123494,4.36
-26.084296,153.123492,2.50
-26.081587,153.123490,1.73
-26.081136,153.123489,1.27
-26.682716,153.125387,-0.84
-26.681136,153.125134,3.72
-26.680008,153.124379,6.72
-26.678652,153.126136,7.33
-26.676169,153.126133,9.21
-26.674589,153.125629,11.29
-26.673009,153.125879,12.66
-26.671429,153.126128,13.74
-26.669849,153.125875,14.63
-26.668043,153.125873,15.20
-26.666463,153.125871,15.68
-26.664883,153.125870,16.02
-26.663528,153.126119,16.16
-26.661723,153.126117,16.33
-26.660368,153.126116,16.56
-26.658563,153.125863,16.76
-26.657660,153.126113,16.81
-26.656080,153.125609,16.82
-26.654048,153.126109,16.78
-26.653145,153.126108,16.73
-26.651565,153.126106,16.59
-26.648630,153.126103,16.57
-26.647502,153.125599,16.59
-26.646148,153.126100,16.59
-26.645245,153.125597,16.45
-26.642086,153.124338,16.00
-26.640504,153.126094,16.69
-26.639601,153.126093,17.21
-26.637119,153.125588,17.40
-26.635539,153.125838,19.57
-26.634184,153.125836,21.23
-26.633733,153.125333,20.70
-26.630798,153.125832,19.80
-26.628993,153.125579,20.24
-26.627864,153.126080,22.31
-26.626961,153.126079,22.31
-26.625608,153.124571,20.11
-26.624027,153.125825,18.83
-26.622448,153.124316,18.27
-26.619288,153.124313,18.45
-26.617707,153.124562,21.09
-26.616126,153.126067,21.27
-26.614547,153.124559,22.95
-26.614321,153.124810,22.80
-26.612289,153.126063,20.98
-26.610710,153.124304,19.62
-26.608904,153.124804,19.06
-26.606421,153.124299,19.30
-26.604840,153.125804,19.68
-26.603035,153.124546,19.99
-26.601454,153.125298,20.44
-26.599875,153.124292,21.08
-26.599424,153.124291,21.47
-26.598069,153.124792,20.90
-26.594908,153.126044,20.38
-26.593328,153.126042,21.36
-26.591974,153.125539,22.11
-26.590393,153.125788,21.75
-26.588362,153.125786,21.85
-26.586782,153.125784,21.95
-26.585202,153.125531,22.27
-26.583847,153.126032,22.55
-26.582493,153.125780,22.67
-26.580236,153.125777,22.82
-26.578655,153.126026,23.13
-26.577075,153.125774,23.52
-26.575721,153.126023,24.02
-26.575044,153.126022,23.40
-26.572335,153.125768,23.33
-26.570529,153.126017,23.90
-26.569400,153.126016,23.96
-26.567369,153.126014,24.40
-26.565789,153.125510,25.11
-26.565112,153.125258,25.44
-26.563757,153.126010,23.72
-26.560823,153.125505,24.26
-26.560597,153.125756,23.96
-26.558566,153.125000,23.33
-26.557212,153.124748,21.00
-26.555858,153.124244,20.69
-26.552698,153.124241,19.92
-26.551116,153.125996,21.25
-26.549763,153.125242,22.88
-26.548182,153.125993,27.29
-26.546602,153.125489,27.59
-26.545023,153.124986,28.24
-26.544345,153.125236,27.81
-26.542766,153.124230,25.80
-26.540959,153.124981,25.21
-26.539605,153.124980,24.74
-26.537348,153.124726,25.19
-26.534865,153.124222,24.07
-26.534188,153.124221,24.55
-26.532607,153.125976,23.50
-26.529898,153.125973,22.97
-26.528318,153.125971,24.01
-26.526738,153.125719,24.58
-26.525158,153.125717,25.03
-26.524030,153.125214,25.72
-26.523127,153.124962,25.62
-26.520192,153.125962,25.75
-26.519063,153.125961,25.75
-26.517483,153.125207,25.62
-26.515903,153.125205,25.50
-26.515000,153.125204,25.04
-26.513421,153.124450,23.25
-26.511840,153.124950,22.32
-26.509809,153.124195,23.10
-26.507551,153.125447,22.86
-26.505746,153.124190,24.23
-26.504390,153.125945,25.44
-26.503262,153.125944,25.42
-26.502134,153.124688,24.48
-26.498973,153.125939,24.28
-26.497844,153.125938,25.36
-26.497167,153.125937,24.56
-26.494233,153.125934,24.33
-26.492652,153.125932,24.72
-26.490847,153.125930,25.11
-26.489492,153.125929,25.16
-26.487686,153.125927,25.13
-26.486106,153.125925,25.60
-26.484978,153.125924,25.65
-26.482946,153.125671,25.88
-26.481366,153.125920,26.07
-26.480463,153.125919,26.12
-26.479335,153.125667,26.03
-26.477754,153.125665,25.70
-26.475948,153.125914,25.29
-26.473014,153.125911,25.82
-26.471434,153.125659,25.94
-26.470531,153.125908,26.08
-26.468274,153.125655,26.43
-26.466468,153.125653,26.75
-26.464888,153.125902,27.17
-26.463533,153.125650,27.79
-26.463083,153.124145,26.77
-26.461502,153.125648,26.18
-26.458342,153.125644,25.90
-26.456761,153.125893,26.62
-26.455181,153.125641,27.22
-26.454278,153.125640,27.64
-26.453376,153.124636,26.76
-26.450215,153.125886,25.57
-26.448635,153.125634,26.43
-26.447055,153.125381,27.11
-26.445475,153.125380,27.45
-26.445249,153.125630,27.52
-26.442316,153.124122,27.73
-26.441864,153.124122,27.95
-26.439154,153.125874,27.61
-26.438251,153.125873,27.77
-26.435768,153.125620,26.49
-26.435317,153.125870,27.30
-26.432383,153.124864,25.19
-26.430802,153.125865,27.18
-26.429222,153.125863,27.71
-26.428996,153.125863,27.65
-26.426062,153.125860,26.33
-26.424256,153.125858,27.95
-26.422676,153.125856,28.90
-26.422450,153.125856,28.77
-26.420870,153.125854,27.11
-26.419064,153.125852,25.66
-26.416129,153.125849,23.51
-26.414775,153.125597,25.39
-26.413421,153.125846,25.85
-26.411389,153.125593,25.66
-26.411163,153.125593,25.63
-26.408003,153.125840,23.97
-26.406874,153.125839,25.39
-26.405068,153.125837,25.80
-26.403263,153.125835,26.38
-26.403037,153.125835,26.30
-26.401231,153.125582,25.82
-26.399425,153.125831,24.76
-26.397845,153.125829,24.16
-26.395813,153.125827,24.85
-26.394912,153.124322,23.32
-26.392202,153.125823,23.58
-26.391525,153.125572,21.96
-26.389493,153.125820,19.59
-26.387010,153.125567,19.37
-26.385881,153.125816,20.57
-26.384752,153.125815,20.93
-26.382044,153.125812,21.07
-26.380915,153.125811,21.73
-26.380012,153.125810,21.69
-26.377303,153.125807,23.18
-26.376852,153.125556,22.78
-26.374594,153.125804,22.75
-26.372337,153.125551,21.94
-26.370983,153.125800,23.73
-26.369177,153.125798,23.47
-26.368951,153.125798,23.56
-26.365791,153.125544,23.70
-26.364436,153.125793,24.84
-26.363759,153.125792,24.73
-26.361051,153.125539,24.40
-26.359245,153.125537,25.16
-26.359019,153.125787,25.19
-26.356084,153.125784,25.36
-26.355408,153.125032,25.99
-26.354053,153.125531,25.82
-26.352698,153.125530,25.28
-26.349539,153.124524,25.60
-26.349313,153.124775,26.02
-26.346378,153.125273,25.16
-26.345926,153.125773,25.40
-26.342992,153.124768,24.93
-26.341638,153.125267,25.62
-26.341186,153.125518,25.19
-26.339606,153.125516,24.57
-26.336447,153.124009,25.29
-26.335543,153.125261,25.96
-26.334188,153.125760,26.21
-26.333059,153.125759,24.14
-26.331028,153.125757,24.30
-26.328544,153.125754,23.62
-26.326739,153.125752,25.28
-26.326513,153.125752,25.51
-26.324481,153.125750,26.16
-26.323354,153.123995,25.07
-26.320193,153.125244,25.12
-26.319289,153.125744,26.00
-26.317935,153.125242,26.06
-26.315453,153.123987,26.43
-26.313872,153.125488,27.16
-26.312292,153.125486,27.68
-26.310711,153.125735,27.88
-26.309131,153.125733,28.19
-26.308003,153.125732,28.29
-26.306197,153.125730,28.36
-26.304165,153.125728,28.50
-26.302359,153.125726,28.71
-26.301682,153.125725,28.72
-26.299650,153.125723,28.73
-26.298973,153.125472,28.74
-26.296941,153.125720,28.75
-26.295136,153.125718,28.81
-26.293330,153.125716,28.89
-26.291072,153.125464,28.96
-26.289718,153.125462,29.12
-26.288589,153.125461,29.11
-26.286784,153.125209,29.17
-26.285203,153.125457,29.17
-26.284075,153.125456,29.14
-26.282495,153.125204,29.14
-26.280914,153.125703,29.14
-26.278431,153.125700,29.37
-26.276625,153.125698,29.16
-26.275496,153.125697,29.01
-26.274593,153.125696,29.03
-26.272788,153.125694,28.96
-26.271208,153.125442,28.90
-26.268950,153.125690,28.80
-26.268047,153.125689,28.67
-26.265564,153.125686,28.63
-26.264435,153.125685,28.57
-26.261726,153.125682,28.55
-26.261501,153.125682,28.52
-26.258566,153.125429,28.56
-26.258115,153.125678,28.66
-26.255857,153.125676,28.44
-26.254277,153.125674,28.57
-26.253374,153.125673,28.61
-26.251568,153.125671,28.56
-26.249537,153.125669,28.51
-26.247505,153.125667,28.55
-26.246828,153.125666,28.59
-26.243893,153.125663,28.16
-26.242313,153.125661,28.32
-26.242087,153.125411,28.24
-26.239153,153.125658,28.11
-26.238475,153.125657,28.44
-26.235767,153.125654,27.92
-26.234187,153.125402,28.21
-26.232606,153.125651,28.34
-26.231026,153.125649,28.57
-26.230800,153.125649,28.60
-26.228091,153.125646,28.57
-26.227414,153.125645,28.55
-26.224480,153.125642,28.74
-26.223803,153.125391,28.75
-26.221545,153.125639,28.59
-26.219965,153.125387,28.72
-26.219288,153.124636,28.48
-26.216804,153.125634,28.57
-26.216127,153.125633,28.49
-26.214321,153.125631,28.66
-26.211387,153.125628,28.47
-26.210258,153.125627,28.49
-26.209581,153.125626,28.32
-26.206646,153.125373,28.22
-26.205743,153.125622,28.24
-26.203260,153.125369,28.13
-26.203034,153.125619,28.24
-26.201454,153.125367,28.05
-26.198294,153.125614,28.14
-26.197843,153.125113,28.22
-26.196488,153.125612,28.01
-26.193553,153.125609,27.39
-26.192650,153.125608,27.82
-26.190168,153.125105,27.44
-26.189941,153.125605,27.76
-26.187233,153.125602,27.74
-26.186330,153.125601,27.79
-26.184524,153.125599,27.70
-26.183621,153.125598,27.43
-26.181815,153.125346,27.36
-26.178880,153.125593,27.06
-26.177977,153.125592,27.16
-26.175946,153.125590,27.16
-26.173914,153.125588,26.87
-26.173011,153.125587,26.90
-26.171431,153.125585,26.83
-26.170528,153.125584,26.71
-26.167593,153.125581,26.60
-26.167368,153.125331,26.50
-26.165787,153.125579,26.51
-26.163078,153.125576,26.36
-26.161272,153.125574,26.14
-26.160821,153.125574,26.14
-26.159015,153.125572,25.98
-26.157435,153.125570,25.92
-26.155629,153.125568,25.85
-26.154274,153.125567,25.76
-26.152468,153.125565,25.62
-26.149760,153.125562,25.44
-26.149082,153.125561,25.46
-26.147051,153.125559,25.25
-26.146148,153.125558,25.22
-26.143213,153.125555,25.12
-26.142310,153.125554,25.09
-26.141407,153.125553,24.95
-26.139375,153.125551,24.97
-26.137795,153.125549,24.92
-26.135989,153.125547,24.84
-26.133958,153.125545,24.81
-26.133055,153.125544,24.69
-26.131475,153.125293,24.38
-26.129443,153.125540,24.22
-26.128314,153.125539,24.07
-26.126508,153.125537,23.94
-26.124702,153.125535,23.79
-26.122896,153.125533,23.62
-26.121768,153.125532,23.45
-26.119962,153.125530,23.22
-26.118156,153.125528,22.83
-26.117027,153.125527,22.54
-26.115221,153.125525,22.20
-26.113415,153.125523,21.69
-26.111609,153.125521,21.23
-26.110481,153.125520,20.89
-26.108900,153.125518,20.39
-26.106869,153.125516,19.66
-26.105063,153.125514,18.72
-26.103934,153.125513,18.08
-26.102128,153.125511,17.27
-26.100096,153.125509,16.21
-26.098516,153.125507,15.09
-26.097387,153.125506,14.35
-26.094679,153.125503,13.45
-26.093550,153.125502,12.87
-26.092647,153.125251,11.12
-26.090841,153.125499,10.38
-26.089035,153.125497,8.62
-26.087229,153.125495,6.50
-26.086100,153.125494,5.09
-26.084295,153.124242,4.38
-26.082037,153.124990,4.27
-26.080682,153.125488,4.19
-26.079554,153.125487,3.42
-26.077522,153.125485,1.52
-26.075942,153.125483,1.23
-26.682714,153.127648,3.10
-26.681360,153.127144,4.00
-26.679554,153.126640,6.55
-26.677748,153.127391,8.46
-26.676167,153.127892,10.40
-26.674588,153.127137,11.94
-26.673007,153.127889,13.12
-26.671427,153.127887,14.10
-26.669622,153.127634,14.80
-26.668041,153.127883,15.62
-26.666461,153.127630,16.13
-26.664881,153.127628,16.55
-26.663978,153.127879,17.24
-26.662172,153.127877,16.83
-26.661044,153.127875,17.01
-26.658561,153.127873,17.33
-26.658109,153.127872,17.24
-26.655175,153.127869,17.15
-26.654498,153.127868,17.09
-26.652241,153.127614,17.05
-26.651564,153.127614,17.02
-26.649984,153.127361,16.91
-26.648404,153.127359,16.85
-26.646824,153.126855,16.77
-26.645244,153.126602,16.66
-26.643437,153.127605,16.10
-26.640503,153.127350,16.91
-26.639148,153.127851,18.66
-26.638020,153.127850,18.49
-26.635537,153.127847,20.77
-26.634860,153.127846,21.62
-26.633733,153.126087,20.65
-26.632151,153.127843,19.85
-26.628991,153.127840,20.86
-26.627637,153.127587,22.39
-26.627186,153.126331,22.39
-26.625606,153.126078,20.06
-26.624025,153.127834,19.09
-26.622446,153.126326,18.06
-26.619285,153.127578,17.78
-26.617705,153.127325,21.08
-26.616124,153.127825,22.56
-26.615448,153.127322,22.84
-26.614320,153.126317,21.56
-26.612513,153.127821,21.48
-26.610031,153.126814,19.76
-26.609354,153.126060,19.07
-26.606420,153.126057,19.19
-26.604614,153.126055,19.62
-26.603033,153.126806,19.91
-26.601452,153.127558,20.30
-26.599874,153.126050,20.76
-26.599195,153.127304,20.86
-26.598068,153.126048,20.34
-26.594906,153.127802,20.98
-26.593326,153.127800,21.91
-26.592197,153.127799,22.62
-26.590166,153.127796,21.88
-26.588360,153.127794,22.13
-26.586780,153.127793,22.26
-26.585200,153.127791,22.56
-26.583620,153.127789,22.82
-26.582040,153.127536,22.88
-26.580234,153.127785,23.02
-26.578879,153.127784,23.43
-26.577074,153.127280,23.79
-26.575945,153.127781,24.31
-26.575042,153.127529,23.75
-26.572108,153.127776,23.83
-26.570527,153.127775,24.19
-26.569173,153.127773,24.47
-26.567367,153.127520,24.84
-26.565788,153.127267,25.56
-26.565562,153.127267,25.42
-26.563531,153.126763,24.65
-26.561500,153.126008,24.33
-26.560597,153.126007,23.71
-26.557888,153.126255,20.24
-26.557436,153.126505,17.60
-26.554501,153.127757,16.86
-26.552695,153.127755,20.57
-26.552469,153.127504,22.11
-26.549535,153.127751,26.48
-26.548182,153.126244,27.53
-26.546826,153.127497,27.83
-26.545925,153.125991,28.16
-26.544343,153.127244,27.50
-26.542763,153.127744,25.66
-26.539603,153.127740,26.09
-26.539377,153.127740,25.77
-26.536894,153.127737,25.39
-26.536217,153.127235,23.87
-26.533735,153.126228,24.07
-26.531928,153.127732,24.05
-26.529896,153.127730,23.40
-26.528316,153.127728,24.74
-26.526736,153.127475,24.91
-26.525156,153.127223,25.17
-26.524254,153.126720,25.85
-26.522899,153.127220,25.67
-26.520191,153.126213,25.95
-26.519062,153.126714,26.21
-26.518385,153.126964,25.85
-26.516806,153.125959,24.26
-26.514999,153.126208,23.72
-26.513418,153.127711,22.45
-26.511839,153.126204,21.62
-26.508904,153.127456,24.27
-26.508678,153.127455,24.25
-26.505518,153.126699,25.46
-26.505067,153.126950,25.97
-26.503486,153.127700,25.97
-26.502132,153.127699,24.79
-26.498972,153.127194,24.72
-26.497617,153.127694,26.27
-26.497166,153.127443,25.46
-26.494231,153.127690,24.66
-26.492651,153.127438,25.09
-26.491071,153.127687,25.71
-26.489942,153.127685,25.90
-26.487685,153.127432,25.43
-26.486105,153.127430,26.05
-26.485653,153.127681,26.23
-26.482719,153.127678,26.33
-26.481139,153.127676,26.33
-26.480461,153.127675,26.47
-26.479107,153.127172,26.06
-26.477753,153.127672,25.98
-26.476173,153.127670,25.71
-26.473012,153.127667,26.50
-26.472335,153.127666,26.97
-26.470078,153.127664,26.34
-26.468272,153.127662,26.76
-26.466692,153.127660,27.23
-26.464886,153.127658,27.66
-26.463983,153.127657,28.17
-26.463081,153.126653,26.75
-26.461274,153.127403,26.40
-26.458340,153.127651,26.25
-26.456760,153.127649,27.04
-26.455405,153.127647,27.62
-26.454277,153.126894,27.83
-26.453374,153.127144,26.83
-26.450214,153.127391,25.93
-26.448634,153.127389,26.62
-26.447053,153.127387,27.21
-26.445473,153.127386,27.86
-26.445022,153.127636,28.04
-26.443667,153.127634,26.46
-26.440507,153.127631,27.37
-26.438927,153.127378,28.22
-26.438250,153.127378,28.45
-26.436896,153.127125,27.28
-26.435316,153.126372,27.74
-26.432381,153.127622,25.86
-26.430800,153.127620,27.75
-26.429672,153.127368,28.31
-26.428770,153.125863,27.58
-26.425835,153.127364,27.09
-26.424254,153.127613,28.24
-26.422900,153.126859,28.97
-26.421094,153.127108,30.00
-26.420868,153.127609,29.91
-26.419288,153.127608,27.15
-26.417482,153.127606,25.00
-26.414548,153.127602,26.73
-26.414322,153.127351,26.37
-26.411387,153.127599,26.02
-26.410710,153.127598,26.47
-26.409356,153.127346,25.74
-26.407325,153.127093,26.18
-26.404842,153.126840,26.68
-26.404616,153.126839,26.85
-26.402133,153.127338,27.51
-26.401229,153.127588,27.75
-26.398972,153.127585,27.67
-26.396715,153.127583,27.78
-26.396489,153.127583,27.83
-26.394909,153.127581,26.04
-26.392877,153.127579,25.88
-26.391523,153.127577,24.10
-26.389717,153.127575,23.97
-26.388137,153.127573,23.45
-26.385880,153.127571,23.31
-26.383622,153.127568,22.60
-26.382494,153.127567,23.36
-26.381816,153.127566,23.23
-26.379559,153.127564,23.29
-26.377076,153.127561,24.12
-26.375947,153.127560,25.03
-26.375270,153.127559,24.45
-26.373690,153.127557,24.05
-26.370981,153.127554,24.65
-26.368950,153.127552,24.87
-26.368272,153.127552,25.45
-26.366466,153.127550,24.61
-26.364661,153.127297,25.36
-26.362855,153.127546,25.80
-26.362403,153.127545,25.45
-26.359243,153.127040,25.72
-26.358792,153.127040,26.04
-26.356309,153.126787,25.51
-26.355633,153.125784,26.03
-26.354052,153.126283,26.10
-26.352697,153.127033,25.74
-26.349537,153.126278,25.12
-26.348634,153.126778,26.38
-26.347730,153.127529,25.46
-26.345926,153.126024,25.43
-26.342990,153.127524,24.82
-26.341411,153.126269,25.63
-26.340959,153.127271,25.89
-26.338927,153.127269,24.80
-26.336444,153.127517,25.31
-26.335316,153.126764,26.08
-26.333961,153.127514,26.77
-26.333058,153.127513,25.07
-26.330800,153.127510,25.41
-26.328543,153.127508,23.92
-26.326737,153.127506,25.63
-26.326060,153.127505,26.67
-26.324254,153.127253,26.64
-26.323351,153.127502,24.94
-26.320192,153.126497,25.45
-26.318611,153.127497,26.81
-26.317257,153.126744,26.58
-26.315452,153.125991,26.09
-26.313872,153.125739,27.13
-26.312290,153.127490,27.98
-26.310484,153.127488,28.42
-26.308904,153.127486,28.56
-26.307324,153.127485,28.80
-26.305744,153.127483,28.83
-26.303938,153.127231,28.93
-26.302358,153.126978,29.04
-26.302132,153.127229,29.05
-26.299649,153.127226,29.15
-26.298295,153.127224,29.15
-26.296263,153.127473,29.07
-26.294457,153.127471,29.07
-26.293102,153.127469,29.19
-26.291071,153.127467,29.34
-26.289491,153.127465,29.44
-26.287685,153.127463,29.59
-26.287233,153.127463,29.63
-26.284976,153.127460,29.63
-26.284299,153.127460,29.67
-26.281590,153.127457,29.70
-26.280913,153.127456,29.73
-26.279558,153.127454,29.67
-26.276849,153.127451,29.53
-26.274818,153.127449,29.61
-26.273915,153.127448,29.70
-26.273012,153.127447,29.70
-26.270980,153.127445,29.54
-26.269626,153.127444,29.44
-26.267820,153.127442,29.28
-26.266240,153.127440,29.19
-26.264659,153.127438,29.18
-26.262176,153.127435,29.19
-26.261273,153.127434,29.12
-26.258565,153.127431,29.21
-26.258339,153.127431,29.23
-26.255179,153.127177,28.88
-26.254501,153.127427,29.08
-26.253373,153.127175,29.04
-26.250889,153.127423,29.14
-26.250212,153.127172,28.90
-26.247052,153.127419,28.93
-26.247052,153.127169,28.98
-26.243892,153.127415,28.63
-26.242989,153.127414,28.79
-26.240731,153.127412,28.54
-26.238926,153.127160,28.90
-26.238248,153.127409,29.21
-26.235765,153.127407,28.61
-26.234636,153.127405,29.00
-26.232605,153.127403,29.02
-26.231250,153.127402,29.28
-26.230573,153.127401,28.73
-26.227864,153.127398,29.32
-26.227413,153.127397,29.21
-26.224704,153.127395,29.37
-26.223575,153.127393,29.23
-26.221092,153.127391,29.15
-26.220415,153.127390,29.23
-26.217932,153.127387,29.06
-26.216803,153.127386,29.17
-26.214546,153.127383,29.08
-26.213868,153.127383,29.17
-26.211385,153.127380,29.04
-26.209805,153.127378,29.15
-26.209579,153.127378,29.13
-26.207322,153.127376,28.79
-26.205290,153.127373,28.82
-26.204613,153.127373,28.76
-26.203033,153.127371,28.72
-26.201001,153.127369,28.38
-26.198744,153.127366,28.65
-26.198067,153.127366,28.61
-26.196486,153.127364,28.43
-26.193552,153.127361,28.23
-26.193100,153.127360,28.38
-26.190391,153.127357,28.53
-26.190166,153.126857,28.36
-26.187231,153.127354,28.59
-26.186780,153.127353,28.53
-26.184748,153.127351,28.40
-26.182265,153.127348,28.21
-26.182039,153.126848,27.96
-26.178879,153.127345,27.89
-26.177750,153.127343,27.96
-26.177073,153.127343,27.75
-26.174364,153.127340,27.78
-26.173912,153.127339,27.73
-26.171655,153.127087,27.42
-26.169172,153.127334,27.42
-26.168269,153.127333,27.41
-26.165786,153.127330,27.20
-26.165560,153.127330,27.12
-26.163077,153.127327,27.05
-26.161045,153.127325,26.82
-26.159465,153.127324,26.63
-26.159239,153.127323,26.64
-26.156079,153.127320,26.59
-26.155176,153.127319,26.47
-26.154047,153.127318,26.42
-26.152467,153.127316,26.28
-26.150210,153.127314,26.20
-26.149532,153.127313,26.12
-26.147275,153.127310,25.93
-26.144792,153.127308,25.82
-26.144566,153.127307,25.83
-26.142309,153.127305,25.85
-26.140954,153.127303,25.67
-26.138697,153.127301,25.64
-26.138020,153.127300,25.61
-26.136439,153.127299,25.48
-26.134859,153.127297,25.38
-26.133053,153.127295,25.21
-26.131473,153.127293,25.01
-26.129667,153.127291,24.97
-26.127861,153.127289,24.85
-26.126732,153.127288,24.64
-26.125152,153.127286,24.53
-26.123121,153.127284,24.41
-26.121766,153.127283,24.16
-26.120186,153.127281,23.95
-26.118380,153.127279,23.66
-26.116348,153.127277,23.48
-26.115220,153.127276,23.19
-26.113639,153.127274,22.95
-26.112059,153.127272,22.72
-26.110479,153.127270,22.35
-26.108673,153.127269,21.87
-26.107093,153.127267,21.58
-26.105513,153.127265,21.10
-26.103932,153.127263,20.38
-26.102352,153.127262,19.76
-26.100772,153.127260,18.87
-26.098966,153.127258,18.02
-26.097386,153.127256,17.19
-26.095806,153.127255,16.28
-26.094000,153.127253,15.48
-26.092194,153.127251,14.68
-26.090162,153.127248,13.63
-26.089259,153.126998,12.21
-26.087679,153.127246,12.33
-26.086099,153.127244,10.15
-26.084293,153.127242,8.54
-26.082713,153.127240,6.69
-26.081132,153.127239,4.89
-26.079553,153.125987,4.38
-26.077069,153.126734,4.51
-26.076166,153.127233,4.35
-26.074586,153.127232,3.17
-26.073006,153.127230,1.98
-26.071200,153.127228,1.03
-26.069845,153.127227,-0.45
-26.682713,153.128151,2.98
-26.681133,153.128149,3.55
-26.679553,153.128147,5.43
-26.677747,153.128648,8.36
-26.676166,153.128897,10.94
-26.674586,153.129649,12.40
-26.673006,153.129396,13.56
-26.671652,153.129395,14.54
-26.669620,153.129644,15.12
-26.668040,153.129642,15.79
-26.666460,153.129640,16.40
-26.664880,153.128885,16.91
-26.664429,153.128130,16.89
-26.661495,153.128378,16.98
-26.660591,153.129633,17.23
-26.659237,153.129381,17.39
-26.657656,153.129630,17.38
-26.655625,153.129125,17.34
-26.653819,153.129626,17.37
-26.653142,153.129625,17.26
-26.651562,153.129623,17.12
-26.649982,153.129621,17.01
-26.648403,153.128615,16.84
-26.646823,153.128362,16.77
-26.644566,153.128108,16.60
-26.643436,153.129112,16.37
-26.640501,153.129611,17.20
-26.639148,153.128604,18.84
-26.637793,153.128603,19.08
-26.635536,153.128852,21.17
-26.635085,153.128349,21.58
-26.632375,153.129602,20.76
-26.631924,153.129601,20.80
-26.629215,153.129347,22.13
-26.628538,153.129597,22.59
-26.627185,153.128089,21.87
-26.625605,153.128087,19.99
-26.624023,153.129592,19.73
-26.622444,153.128586,17.79
-26.619283,153.129336,17.78
-26.617703,153.129585,21.22
-26.616801,153.128579,22.50
-26.615447,153.128076,22.61
-26.612738,153.128826,22.35
-26.612512,153.129077,22.70
-26.610480,153.129075,20.51
-26.609351,153.129324,18.27
-26.606417,153.129321,19.03
-26.604838,153.128064,19.59
-26.603031,153.129568,20.01
-26.601451,153.129567,20.45
-26.600097,153.128812,20.66
-26.599645,153.128811,20.67
-26.596485,153.129561,20.78
-26.594904,153.129559,21.41
-26.593325,153.129055,22.30
-26.592647,153.129557,22.64
-26.591519,153.129053,22.29
-26.588359,153.129301,22.37
-26.587230,153.129551,22.61
-26.585198,153.129297,23.05
-26.584070,153.129547,23.16
-26.582941,153.129546,23.15
-26.580458,153.129292,23.25
-26.578652,153.129541,23.78
-26.577298,153.129288,24.20
-26.576395,153.129539,24.58
-26.574589,153.129536,23.90
-26.573009,153.129284,24.06
-26.570526,153.129030,24.32
-26.568947,153.128526,24.63
-26.567592,153.128776,25.09
-26.566689,153.128524,25.75
-26.565561,153.128020,25.03
-26.563304,153.128269,23.44
-26.561724,153.128016,21.85
-26.559240,153.129017,17.86
-26.558789,153.128264,18.66
-26.556079,153.129516,21.75
-26.555402,153.129515,21.93
-26.553596,153.129262,23.80
-26.551113,153.129259,26.07
-26.549533,153.129508,27.71
-26.549082,153.129508,28.01
-26.546148,153.129003,28.74
-26.545696,153.128751,28.92
-26.544343,153.127997,27.27
-26.542762,153.128497,26.15
-26.539827,153.129497,26.70
-26.539601,153.129246,26.34
-26.536667,153.129494,26.37
-26.536215,153.129493,25.38
-26.533506,153.129490,24.08
-26.531926,153.129489,24.78
-26.529895,153.129486,23.79
-26.528315,153.128983,25.18
-26.527186,153.129483,25.45
-26.526059,153.127976,24.99
-26.523350,153.127973,25.54
-26.523124,153.128726,25.62
-26.521544,153.127971,24.52
-26.518608,153.129474,24.82
-26.518383,153.129473,24.74
-26.516804,153.127966,23.46
-26.514094,153.128716,23.36
-26.512739,153.129467,23.64
-26.511836,153.129466,22.71
-26.509129,153.128208,24.38
-26.507999,153.129462,25.37
-26.505516,153.128957,25.65
-26.503936,153.129457,26.62
-26.503710,153.129457,26.74
-26.502130,153.129204,25.25
-26.498970,153.129452,25.05
-26.497390,153.129450,27.05
-26.497164,153.129450,26.62
-26.495132,153.129447,25.83
-26.492649,153.129445,25.47
-26.490844,153.128941,26.20
-26.490392,153.129442,26.64
-26.489038,153.129440,25.75
-26.486104,153.128935,26.38
-26.485426,153.129436,26.75
-26.483394,153.129434,26.74
-26.481137,153.129181,26.62
-26.479783,153.129430,27.46
-26.479331,153.129430,26.48
-26.477526,153.128675,26.26
-26.476171,153.129426,25.99
-26.473011,153.129423,26.99
-26.472334,153.129422,27.46
-26.469850,153.129419,26.67
-26.468270,153.129417,27.02
-26.466465,153.129415,27.57
-26.464884,153.129413,28.17
-26.463981,153.129412,28.46
-26.463079,153.128910,26.79
-26.460821,153.129409,26.63
-26.458339,153.128905,26.45
-26.456758,153.129154,27.46
-26.455404,153.129152,28.20
-26.454276,153.127897,27.75
-26.453372,153.129401,27.21
-26.451792,153.129399,26.26
-26.448632,153.129395,26.87
-26.447052,153.129143,27.46
-26.445472,153.128890,28.35
-26.445020,153.128890,28.92
-26.442086,153.129137,26.94
-26.440505,153.129386,28.09
-26.439377,153.129134,29.34
-26.438700,153.129384,29.02
-26.435765,153.129381,27.56
-26.435314,153.129130,27.76
-26.432379,153.129377,26.82
-26.430799,153.129125,28.18
-26.429670,153.129123,28.58
-26.428993,153.129123,27.53
-26.425833,153.129370,27.42
-26.424254,153.128114,28.30
-26.422898,153.129367,28.76
-26.421318,153.129365,30.40
-26.420868,153.128111,29.63
-26.419287,153.129362,28.84
-26.416578,153.129359,27.04
-26.415223,153.129358,27.03
-26.414095,153.129357,27.05
-26.411613,153.128101,26.30
-26.410031,153.129352,27.61
-26.409580,153.129101,26.69
-26.407775,153.127846,24.46
-26.404841,153.128093,25.89
-26.403260,153.129094,27.86
-26.403034,153.129344,28.60
-26.400325,153.128840,28.15
-26.398293,153.129339,28.62
-26.397616,153.129338,29.83
-26.396488,153.128585,29.43
-26.393553,153.129334,28.81
-26.393327,153.129334,28.75
-26.391521,153.129332,27.36
-26.389941,153.129330,26.55
-26.388135,153.129328,26.23
-26.386781,153.129326,25.91
-26.384975,153.129324,25.61
-26.383395,153.129322,25.55
-26.381815,153.129321,24.56
-26.378880,153.129317,24.82
-26.377300,153.129316,25.15
-26.375494,153.129314,26.27
-26.374817,153.129313,26.40
-26.372334,153.129310,26.14
-26.372108,153.129310,26.07
-26.370077,153.129308,25.65
-26.367594,153.128804,25.82
-26.367143,153.128803,25.84
-26.364885,153.129302,25.65
-26.362628,153.128046,25.79
-26.360822,153.128796,25.87
-26.359919,153.128545,26.19
-26.358791,153.127792,26.02
-26.356308,153.128040,25.74
-26.354727,153.129291,25.80
-26.354275,153.129290,25.57
-26.352696,153.127785,25.11
-26.349535,153.129034,25.98
-26.348632,153.129284,26.67
-26.347729,153.129283,26.19
-26.345020,153.129029,25.33
-26.342988,153.129278,25.38
-26.341408,153.129276,25.93
-26.340506,153.129024,26.50
-26.339602,153.129274,26.22
-26.336443,153.128769,25.61
-26.335088,153.129269,26.58
-26.333959,153.128766,27.12
-26.333056,153.129267,25.72
-26.331024,153.129264,26.96
-26.329896,153.129012,24.72
-26.326736,153.128758,25.85
-26.325833,153.128256,26.96
-26.324252,153.129257,27.15
-26.323349,153.129256,25.93
-26.321318,153.129253,25.54
-26.318610,153.127998,27.04
-26.318158,153.128999,27.42
-26.316803,153.129248,27.00
-26.313870,153.127742,26.80
-26.312064,153.127991,28.13
-26.310483,153.128490,28.61
-26.309128,153.129240,28.88
-26.307322,153.129238,29.03
-26.305968,153.129236,29.19
-26.304388,153.129235,29.33
-26.302582,153.129233,29.43
-26.302130,153.129232,29.44
-26.299196,153.129229,29.55
-26.297841,153.129227,29.58
-26.296938,153.129226,29.60
-26.294229,153.129223,29.54
-26.292875,153.129222,29.62
-26.291069,153.129220,29.85
-26.289489,153.129218,30.11
-26.288360,153.129217,30.17
-26.286103,153.129214,30.22
-26.285877,153.129214,30.19
-26.283620,153.129212,30.18
-26.281362,153.129209,30.27
-26.279557,153.129207,30.28
-26.279331,153.129207,30.15
-26.276396,153.129204,30.19
-26.275042,153.129202,30.27
-26.274139,153.129201,30.34
-26.272559,153.129199,30.27
-26.271430,153.128948,30.12
-26.269398,153.129196,29.92
-26.267367,153.129194,29.81
-26.266464,153.129193,29.63
-26.264432,153.129190,29.65
-26.262852,153.129189,29.58
-26.261498,153.129187,29.52
-26.259466,153.129185,29.59
-26.257660,153.129183,29.55
-26.255177,153.129180,29.35
-26.253597,153.129178,29.58
-26.252468,153.129177,29.58
-26.251114,153.129176,29.61
-26.250211,153.129175,29.32
-26.247502,153.129172,29.51
-26.246825,153.129171,29.53
-26.243890,153.129168,29.28
-26.243664,153.129167,29.32
-26.241407,153.129165,29.26
-26.238924,153.129162,29.68
-26.238472,153.129162,29.69
-26.235763,153.129159,29.41
-26.234409,153.129157,29.69
-26.232829,153.129155,29.86
-26.231475,153.128403,29.70
-26.229217,153.129151,29.65
-26.227637,153.129150,30.00
-26.226057,153.129148,29.74
-26.225154,153.129147,29.93
-26.223574,153.129145,29.75
-26.221316,153.129143,29.90
-26.220865,153.129142,29.95
-26.217930,153.129139,29.74
-26.217705,153.128889,29.53
-26.214544,153.129135,29.77
-26.214318,153.129135,29.78
-26.211384,153.129132,29.52
-26.210255,153.129131,29.61
-26.209578,153.129130,29.60
-26.207546,153.129128,29.17
-26.205289,153.129125,29.24
-26.203934,153.129124,29.28
-26.203031,153.129123,29.15
-26.200097,153.129119,29.00
-26.198291,153.129117,29.11
-26.198065,153.129117,29.07
-26.196485,153.128615,28.79
-26.193550,153.129112,28.78
-26.193324,153.129112,28.79
-26.190841,153.129109,29.08
-26.188584,153.129107,29.11
-26.187907,153.129106,29.22
-26.186778,153.129105,29.06
-26.185198,153.129103,29.01
-26.182489,153.129100,28.72
-26.181360,153.129099,28.46
-26.178877,153.129096,28.50
-26.177974,153.129095,28.66
-26.175717,153.129092,28.18
-26.175039,153.129092,28.44
-26.173911,153.128840,28.30
-26.171202,153.129088,27.86
-26.169170,153.129085,28.15
-26.168945,153.128835,28.10
-26.166010,153.129082,27.84
-26.165784,153.129082,27.61
-26.163978,153.129080,27.60
-26.161495,153.129077,27.53
-26.159689,153.129075,27.34
-26.158335,153.129073,27.31
-26.156980,153.129072,27.14
-26.155174,153.129070,27.19
-26.154271,153.129069,27.18
-26.152465,153.129067,26.85
-26.150659,153.129065,26.84
-26.149305,153.129063,26.70
-26.147725,153.129062,26.64
-26.144790,153.129058,26.61
-26.144339,153.129058,26.64
-26.142984,153.129056,26.64
-26.141178,153.129054,26.46
-26.138921,153.129052,26.36
-26.138018,153.129051,26.32
-26.136438,153.129049,26.26
-26.134858,153.129048,25.95
-26.133277,153.129046,25.82
-26.131471,153.129044,25.70
-26.129891,153.129042,25.49
-26.128311,153.129040,25.40
-26.126279,153.129038,25.29
-26.124925,153.129037,25.18
-26.123345,153.129035,24.98
-26.121539,153.129033,24.80
-26.119959,153.129031,24.54
-26.118604,153.129030,24.37
-26.116798,153.129028,24.20
-26.115218,153.129026,24.02
-26.113638,153.129024,23.84
-26.111832,153.129022,23.61
-26.110477,153.129021,23.50
-26.108897,153.129019,23.24
-26.106866,153.129017,22.92
-26.105511,153.129015,22.32
-26.103931,153.129014,21.98
-26.102351,153.129012,21.49
-26.100770,153.129010,20.96
-26.098965,153.129008,20.25
-26.097384,153.129006,19.46
-26.095804,153.129005,18.82
-26.094224,153.129003,18.10
-26.092418,153.129001,17.09
-26.090838,153.128999,16.20
-26.089258,153.128997,14.94
-26.087677,153.128996,14.28
-26.086097,153.128994,13.08
-26.084291,153.128992,12.32
-26.082711,153.128990,11.02
-26.081131,153.128989,9.81
-26.079551,153.128987,8.57
-26.077970,153.128985,6.76
-26.076390,153.128983,4.79
-26.074585,153.127732,4.73
-26.073005,153.128230,4.32
-26.071424,153.128978,4.30
-26.069844,153.128976,2.90
-26.067360,153.128973,1.30
-26.066457,153.128972,0.62
-26.064877,153.128971,-1.10
-26.682712,153.129910,2.21
-26.681357,153.129908,2.96
-26.679551,153.129906,3.72
-26.677746,153.129904,7.88
-26.676165,153.130405,11.36
-26.674585,153.130906,12.54
-26.673005,153.130401,13.88
-26.671424,153.131404,14.77
-26.669844,153.131403,15.38
-26.668039,153.130647,16.00
-26.666684,153.131399,16.52
-26.664878,153.131146,16.86
-26.663524,153.131395,17.07
-26.662169,153.131394,17.31
-26.660138,153.131140,17.53
-26.658558,153.131390,17.55
-26.657655,153.131137,17.51
-26.655624,153.130884,17.54
-26.654946,153.131134,17.51
-26.652915,153.131132,17.38
-26.651335,153.130628,17.29
-26.649755,153.130626,17.14
-26.648401,153.129871,16.87
-26.646821,153.129869,16.74
-26.645015,153.129867,16.55
-26.643434,153.131121,16.56
-26.640500,153.131369,18.45
-26.639822,153.131368,20.48
-26.638242,153.131366,20.10
-26.635535,153.129856,20.73
-26.633954,153.131362,21.12
-26.632599,153.131360,21.73
-26.632148,153.131359,21.74
-26.629665,153.131357,22.53
-26.628763,153.130100,22.66
-26.627183,153.129847,21.07
-26.624248,153.131099,20.22
-26.624022,153.131099,20.33
-26.622442,153.131348,18.20
-26.619281,153.131345,17.84
-26.617701,153.131343,22.10
-26.617025,153.130589,22.76
-26.614993,153.131089,22.03
-26.612961,153.130835,21.82
-26.612511,153.129830,20.84
-26.610930,153.130833,20.57
-26.609350,153.130580,18.63
-26.606415,153.131330,19.23
-26.604610,153.130826,19.75
-26.603029,153.131075,20.33
-26.601449,153.131324,20.70
-26.600095,153.130821,20.92
-26.598740,153.131321,21.02
-26.596483,153.131319,21.33
-26.594903,153.131317,22.02
-26.593774,153.131065,22.83
-26.592872,153.130310,22.69
-26.590163,153.131312,22.50
-26.588357,153.131309,22.68
-26.587454,153.131308,22.83
-26.585423,153.131055,23.37
-26.584068,153.130802,23.43
-26.583392,153.130048,23.19
-26.580232,153.130045,23.37
-26.578652,153.130043,23.75
-26.577072,153.129790,24.32
-26.576393,153.131296,24.64
-26.574136,153.131293,23.89
-26.572330,153.131040,24.09
-26.570524,153.131289,24.45
-26.568944,153.131287,24.79
-26.567364,153.131286,25.38
-26.565785,153.130531,26.16
-26.565559,153.130530,25.95
-26.563978,153.131031,23.78
-26.561721,153.131028,22.84
-26.559915,153.131277,20.39
-26.559012,153.131276,20.85
-26.555852,153.131272,24.46
-26.554723,153.131271,25.27
-26.552692,153.131269,27.72
-26.551112,153.131267,29.26
-26.550886,153.131267,28.91
-26.548855,153.130511,28.43
-26.547500,153.131263,27.90
-26.545243,153.130758,28.99
-26.544340,153.131259,27.36
-26.541405,153.131256,26.48
-26.540728,153.131255,27.54
-26.539600,153.130250,25.75
-26.536439,153.131250,27.18
-26.536214,153.131250,26.44
-26.534633,153.131248,24.34
-26.531926,153.130241,24.89
-26.531473,153.131245,24.43
-26.528313,153.131241,26.42
-26.528087,153.131241,25.91
-26.526508,153.130235,24.89
-26.523798,153.131236,25.81
-26.523121,153.131235,26.40
-26.520187,153.131232,25.72
-26.519284,153.131231,26.64
-26.518381,153.131230,25.59
-26.516801,153.131228,24.46
-26.514318,153.130974,24.46
-26.513415,153.130973,24.31
-26.511158,153.131222,24.05
-26.508900,153.131219,25.22
-26.507095,153.130715,26.59
-26.505514,153.131215,26.86
-26.504386,153.131214,27.28
-26.502806,153.131212,27.01
-26.502128,153.131211,26.21
-26.498969,153.130706,25.13
-26.497388,153.130704,27.21
-26.496711,153.130954,28.06
-26.495582,153.131204,26.42
-26.492648,153.131201,25.80
-26.491519,153.131199,26.59
-26.490165,153.130696,26.75
-26.489036,153.130946,26.14
-26.486102,153.131193,26.81
-26.485424,153.131192,27.31
-26.483393,153.131190,27.24
-26.481135,153.131187,27.14
-26.479555,153.131186,28.00
-26.479330,153.131185,28.05
-26.476396,153.130680,26.41
-26.474590,153.130678,26.29
-26.473009,153.131178,27.52
-26.472558,153.131178,27.92
-26.469849,153.131175,26.90
-26.468269,153.131173,27.45
-26.466463,153.131171,28.22
-26.464883,153.131169,28.80
-26.464657,153.131169,28.96
-26.463077,153.130665,27.15
-26.460368,153.131164,26.83
-26.459014,153.131162,26.94
-26.456758,153.129655,27.51
-26.455628,153.131159,28.33
-26.454951,153.130656,27.60
-26.452016,153.131154,27.58
-26.451790,153.131154,27.01
-26.448630,153.131151,27.03
-26.447050,153.131149,27.90
-26.445696,153.130395,28.57
-26.444342,153.130644,28.36
-26.442084,153.131143,27.77
-26.440504,153.131141,29.02
-26.438924,153.130638,29.50
-26.438021,153.131139,30.00
-26.436892,153.131137,28.50
-26.435538,153.131136,28.27
-26.432377,153.131132,27.68
-26.430797,153.131130,28.73
-26.430572,153.131130,28.89
-26.428992,153.130627,28.27
-26.426057,153.131125,27.64
-26.424251,153.131123,28.43
-26.422671,153.130871,29.65
-26.421318,153.129615,30.09
-26.420189,153.129865,29.78
-26.419285,153.131117,29.32
-26.416125,153.131114,28.15
-26.415899,153.131114,29.05
-26.413867,153.131111,28.34
-26.412739,153.131110,27.43
-26.410031,153.129603,27.71
-26.409353,153.131106,26.85
-26.407322,153.130352,25.47
-26.405291,153.129598,24.77
-26.403485,153.129596,26.36
-26.401679,153.129594,28.73
-26.400550,153.129592,28.20
-26.398292,153.130843,29.93
-26.397615,153.131093,30.74
-26.395357,153.131090,31.37
-26.394680,153.131090,30.96
-26.393326,153.130336,30.51
-26.391520,153.130585,28.50
-26.388811,153.131083,28.44
-26.387231,153.131081,29.86
-26.386779,153.131081,29.22
-26.385199,153.131079,27.45
-26.383393,153.131077,26.84
-26.381813,153.131075,26.64
-26.378879,153.131072,26.68
-26.377298,153.131070,26.94
-26.375944,153.131068,27.03
-26.375041,153.131067,27.02
-26.372332,153.131064,27.04
-26.371881,153.131064,27.05
-26.370526,153.131062,26.83
-26.368269,153.131060,26.61
-26.365786,153.131057,26.74
-26.365560,153.131057,26.81
-26.363754,153.131055,26.79
-26.362400,153.131053,26.58
-26.359917,153.131050,26.63
-26.359014,153.131049,26.47
-26.356079,153.131046,26.57
-26.355854,153.131046,26.55
-26.354274,153.131044,25.97
-26.352693,153.131042,25.63
-26.349533,153.131039,26.21
-26.348179,153.130787,26.97
-26.347728,153.130285,26.55
-26.344794,153.130031,25.63
-26.342987,153.131031,25.93
-26.342535,153.131031,26.39
-26.339827,153.131028,27.11
-26.339375,153.130777,26.88
-26.336441,153.131024,26.12
-26.334860,153.131022,27.33
-26.334635,153.131022,27.54
-26.331700,153.130768,26.67
-26.330797,153.131018,28.09
-26.329894,153.131017,26.64
-26.326960,153.131013,27.41
-26.325831,153.130511,27.06
-26.324251,153.130509,27.63
-26.323348,153.131009,26.63
-26.321769,153.130005,25.90
-26.318607,153.131004,26.68
-26.317931,153.130252,27.29
-26.316803,153.129499,27.19
-26.315221,153.131000,26.51
-26.312062,153.129995,27.94
-26.311610,153.130495,28.78
-26.308901,153.130242,29.19
-26.307546,153.130991,29.56
-26.305740,153.130989,29.68
-26.303935,153.130987,29.89
-26.302806,153.130986,29.96
-26.300774,153.130984,30.05
-26.300323,153.130733,30.00
-26.298743,153.130982,30.13
-26.297162,153.130980,30.25
-26.294228,153.130976,30.12
-26.294002,153.130976,30.18
-26.291068,153.130973,30.45
-26.290842,153.130973,30.50
-26.288810,153.130970,30.62
-26.286327,153.130968,30.71
-26.285876,153.130967,30.72
-26.283844,153.130965,30.77
-26.282264,153.130963,30.75
-26.280458,153.130961,30.90
-26.278878,153.130959,30.53
-26.276620,153.130957,30.49
-26.274815,153.129953,30.59
-26.274590,153.129953,30.57
-26.273009,153.130953,30.45
-26.271203,153.130951,30.31
-26.268494,153.130948,30.33
-26.266688,153.130946,30.47
-26.266462,153.130945,30.52
-26.264656,153.130943,30.25
-26.262399,153.130941,30.20
-26.260819,153.130939,30.19
-26.259239,153.130937,30.27
-26.257658,153.130935,30.27
-26.255627,153.130933,29.92
-26.253595,153.130931,30.18
-26.252466,153.130930,30.39
-26.251112,153.130928,30.31
-26.248855,153.130926,29.80
-26.247500,153.130924,30.18
-26.247049,153.130423,29.97
-26.244114,153.130920,30.05
-26.243663,153.130920,29.76
-26.241405,153.130917,30.18
-26.239148,153.130915,30.26
-26.238922,153.130914,30.26
-26.235988,153.130911,30.20
-26.234182,153.130909,30.56
-26.233956,153.130909,30.70
-26.230796,153.130905,30.06
-26.229667,153.130904,30.38
-26.227861,153.130902,30.57
-26.226281,153.130900,30.64
-26.225829,153.130900,30.47
-26.222669,153.130896,30.43
-26.221766,153.130895,30.77
-26.220863,153.130894,30.63
-26.219283,153.130892,30.40
-26.216348,153.130889,30.01
-26.214994,153.130888,30.46
-26.214542,153.130887,30.47
-26.211608,153.130884,30.17
-26.210479,153.130632,30.17
-26.209350,153.130881,30.02
-26.206641,153.130878,29.84
-26.204836,153.130876,29.95
-26.203481,153.130875,29.99
-26.203030,153.130874,29.75
-26.201449,153.130872,29.54
-26.198966,153.130870,29.82
-26.198063,153.130869,29.79
-26.195129,153.130865,29.20
-26.193549,153.130864,29.50
-26.191968,153.130862,29.55
-26.191291,153.130861,29.65
-26.188808,153.130858,29.65
-26.188357,153.130858,29.69
-26.186551,153.130856,29.54
-26.184745,153.130854,29.15
-26.182488,153.130601,29.25
-26.181810,153.130851,29.13
-26.178875,153.130847,28.94
-26.178424,153.130847,29.07
-26.175715,153.130844,28.92
-26.175038,153.130843,28.97
-26.172780,153.130840,28.66
-26.171426,153.130839,28.65
-26.169846,153.130837,28.62
-26.168718,153.130336,28.53
-26.166685,153.130834,28.36
-26.164880,153.130832,28.27
-26.163074,153.130830,28.21
-26.162396,153.130829,28.20
-26.160365,153.130827,28.09
-26.158559,153.130825,27.93
-26.157430,153.130823,27.99
-26.155173,153.130821,27.87
-26.152915,153.130818,27.72
-26.152690,153.130818,27.73
-26.151109,153.130816,27.68
-26.148175,153.130813,27.37
-26.146369,153.130811,27.19
-26.145692,153.130810,27.28
-26.143660,153.130808,27.22
-26.142983,153.130807,27.21
-26.140048,153.130804,27.08
-26.139597,153.130803,27.05
-26.136888,153.130800,27.03
-26.135759,153.130799,26.87
-26.133953,153.130797,26.67
-26.131696,153.130795,26.46
-26.131470,153.130794,26.34
-26.128761,153.130791,26.19
-26.128309,153.130791,26.13
-26.126729,153.130789,26.07
-26.124472,153.130787,25.89
-26.123343,153.130785,25.72
-26.121763,153.130784,25.55
-26.119957,153.130782,25.24
-26.118603,153.130780,25.00
-26.116797,153.130778,24.89
-26.115216,153.130776,24.76
-26.113636,153.130775,24.62
-26.112056,153.130773,24.47
-26.110476,153.130771,24.28
-26.108670,153.130769,24.00
-26.107090,153.130517,23.79
-26.105510,153.130765,23.53
-26.103929,153.130764,23.06
-26.102349,153.130762,22.72
-26.100543,153.130760,22.19
-26.098963,153.130758,21.83
-26.097383,153.130756,21.45
-26.095803,153.130755,20.92
-26.094222,153.130753,20.25
-26.092642,153.130751,19.49
-26.090836,153.130749,18.81
-26.089256,153.130747,17.98
-26.087676,153.130746,17.00
-26.085870,153.130744,16.21
-26.084515,153.130742,15.04
-26.082709,153.130740,14.01
-26.080678,153.130738,13.62
-26.079549,153.130737,12.13
-26.077969,153.130735,11.13
-26.076163,153.130733,9.91
-26.074583,153.130731,8.26
-26.073002,153.130729,6.14
-26.070972,153.129227,4.42
-26.068488,153.130224,4.21
-26.067133,153.130723,4.50
-26.066456,153.130722,4.26
-26.064876,153.130720,2.36
-26.063296,153.130719,1.78
-26.060587,153.130716,-0.45
-26.682710,153.131669,0.91
-26.681130,153.131667,2.43
-26.680000,153.132671,4.80
-26.677744,153.131914,6.30
-26.676164,153.131661,10.45
-26.674583,153.132413,12.64
-26.673003,153.132914,14.03
-26.671422,153.133163,14.98
-26.669617,153.133161,15.78
-26.668488,153.133160,16.19
-26.666456,153.133157,16.67
-26.664877,153.132904,17.08
-26.663296,153.132903,17.38
-26.661716,153.133152,17.57
-26.660136,153.133150,17.67
-26.658556,153.133148,17.65
-26.656750,153.133146,17.66
-26.655170,153.133144,17.70
-26.654944,153.133144,17.64
-26.653364,153.133142,17.49
-26.651559,153.132638,17.28
-26.649978,153.133138,17.20
-26.648398,153.133136,16.99
-26.646819,153.132632,16.59
-26.643659,153.132377,16.54
-26.642078,153.133129,16.94
-26.640498,153.132876,19.55
-26.638918,153.133125,22.18
-26.638692,153.133125,21.92
-26.637112,153.133123,20.59
-26.633952,153.132617,21.57
-26.632372,153.132616,23.02
-26.631695,153.133117,23.21
-26.630566,153.132865,22.90
-26.628987,153.131607,22.08
-26.627182,153.131605,20.27
-26.625600,153.133110,20.06
-26.624021,153.131601,20.12
-26.622441,153.132102,18.34
-26.619280,153.133103,18.33
-26.617700,153.132347,22.07
-26.617023,153.132096,22.98
-26.614766,153.131842,22.11
-26.612959,153.133095,21.62
-26.612735,153.131588,20.76
-26.609800,153.132087,20.35
-26.609348,153.132840,19.74
-26.606413,153.133088,19.54
-26.604608,153.132835,20.07
-26.603027,153.133084,20.65
-26.601447,153.133082,21.06
-26.600545,153.132579,21.19
-26.598287,153.133078,21.23
-26.596482,153.132574,21.64
-26.594901,153.133075,22.26
-26.593774,153.132069,23.05
-26.592193,153.132067,22.63
-26.590162,153.131814,22.61
-26.589258,153.133068,22.80
-26.586776,153.131810,22.81
-26.585421,153.133064,23.36
-26.584518,153.133062,23.52
-26.583390,153.132308,23.15
-26.580229,153.133058,23.52
-26.578649,153.133056,24.04
-26.577069,153.133054,24.57
-26.576167,153.131547,24.88
-26.573909,153.133050,24.28
-26.572103,153.132797,24.52
-26.570523,153.133046,24.76
-26.568943,153.133045,25.35
-26.567362,153.133043,26.05
-26.566009,153.132539,26.48
-26.565557,153.133041,26.09
-26.563751,153.132787,25.61
-26.562171,153.132535,23.14
-26.559237,153.132531,23.09
-26.558334,153.132530,23.64
-26.556077,153.132528,24.65
-26.554270,153.133028,27.49
-26.552690,153.132775,28.87
-26.551110,153.132773,29.80
-26.550884,153.133024,29.83
-26.547950,153.133020,28.81
-26.547273,153.133019,28.84
-26.545016,153.131762,28.67
-26.544340,153.131510,27.31
-26.541404,153.133013,28.35
-26.541178,153.132761,28.43
-26.539599,153.131505,25.64
-26.536439,153.131752,27.31
-26.535986,153.133006,27.66
-26.534406,153.133005,25.86
-26.531924,153.131747,24.88
-26.531246,153.132750,24.97
-26.528313,153.131492,26.54
-26.528086,153.132245,26.66
-26.525151,153.132994,25.00
-26.523346,153.132741,26.36
-26.521991,153.132990,26.97
-26.520863,153.132738,27.89
-26.519959,153.132988,28.37
-26.518380,153.132484,25.99
-26.515220,153.132230,24.99
-26.514993,153.132982,25.35
-26.512059,153.132979,27.05
-26.511156,153.132978,27.68
-26.510253,153.132977,26.63
-26.507093,153.132973,26.24
-26.505513,153.132971,27.80
-26.504159,153.131715,27.72
-26.503708,153.131715,27.74
-26.502127,153.132215,27.10
-26.498967,153.132964,26.35
-26.497386,153.132962,27.50
-26.495807,153.132458,28.30
-26.495581,153.132709,28.35
-26.492646,153.132957,26.42
-26.491292,153.132704,27.39
-26.489712,153.131950,26.73
-26.488357,153.132952,26.47
-26.486100,153.132949,27.53
-26.485423,153.132948,28.21
-26.482714,153.132945,27.52
-26.481134,153.132943,27.68
-26.479554,153.132941,28.38
-26.479102,153.132941,28.70
-26.477522,153.132939,26.62
-26.474588,153.132936,26.68
-26.473008,153.132683,27.85
-26.472556,153.132933,28.34
-26.471202,153.132932,27.16
-26.468267,153.132678,27.69
-26.466687,153.132927,28.73
-26.465333,153.132925,29.40
-26.464656,153.132674,29.36
-26.463075,153.132923,27.54
-26.460141,153.132668,27.10
-26.458335,153.132917,27.72
-26.458109,153.132917,27.73
-26.455628,153.131409,28.40
-26.454949,153.132662,27.67
-26.452692,153.132660,27.93
-26.451789,153.132659,27.42
-26.448628,153.132906,27.35
-26.447048,153.132904,28.57
-26.446371,153.132903,28.73
-26.444340,153.132650,28.08
-26.442534,153.132648,28.47
-26.440503,153.132395,29.28
-26.440278,153.131643,29.39
-26.437795,153.131389,29.81
-26.436665,153.132892,28.87
-26.435536,153.132640,28.78
-26.432376,153.132887,28.62
-26.430796,153.132886,29.85
-26.430570,153.132885,29.65
-26.428991,153.131379,28.03
-26.425830,153.132880,28.30
-26.424927,153.132879,28.59
-26.422671,153.131372,28.80
-26.421768,153.131622,28.66
-26.419510,153.132120,29.15
-26.419285,153.131368,29.69
-26.416123,153.132869,29.39
-26.415446,153.132868,30.04
-26.414317,153.132616,29.64
-26.412737,153.132865,28.12
-26.409804,153.131357,26.58
-26.409578,153.131357,26.92
-26.406643,153.132106,26.39
-26.404836,153.132856,27.18
-26.403708,153.132854,28.12
-26.401676,153.132852,27.20
-26.399870,153.132599,28.81
-26.398290,153.132848,30.15
-26.396710,153.132345,31.56
-26.395357,153.131341,31.75
-26.394905,153.131842,31.35
-26.393325,153.131339,29.91
-26.391292,153.132840,29.90
-26.388584,153.132837,30.29
-26.387456,153.131583,30.80
-26.386778,153.132083,29.56
-26.383617,153.132831,30.02
-26.383392,153.132831,29.98
-26.381812,153.132829,28.96
-26.379554,153.132827,28.97
-26.378651,153.132826,28.76
-26.377071,153.132824,28.34
-26.375265,153.132822,28.18
-26.373685,153.132820,28.02
-26.370751,153.132817,27.92
-26.368945,153.132815,27.88
-26.367590,153.132813,27.85
-26.365784,153.132811,27.90
-26.365559,153.132811,27.94
-26.363979,153.132809,27.78
-26.362398,153.132807,27.70
-26.360818,153.132805,27.60
-26.359012,153.132803,27.41
-26.357207,153.132801,27.22
-26.355852,153.132800,26.98
-26.354272,153.132798,26.56
-26.352015,153.132795,26.22
-26.349532,153.132793,26.72
-26.348177,153.132791,27.57
-26.347726,153.132790,27.04
-26.346146,153.132789,26.81
-26.342985,153.132785,26.16
-26.342082,153.132784,27.27
-26.339826,153.131529,27.36
-26.338696,153.132780,27.91
-26.336439,153.132778,26.45
-26.334859,153.132776,27.99
-26.334407,153.132775,28.46
-26.333053,153.132774,27.63
-26.330118,153.132770,28.94
-26.329893,153.132770,28.50
-26.326733,153.131514,27.93
-26.326055,153.132766,28.39
-26.324249,153.132513,27.73
-26.323346,153.132512,26.98
-26.321766,153.132761,26.16
-26.318606,153.132757,27.91
-26.318380,153.132757,28.17
-26.315897,153.132504,27.14
-26.314317,153.132752,27.07
-26.312060,153.132499,27.87
-26.311156,153.132749,28.87
-26.309352,153.131494,29.04
-26.307319,153.132744,30.01
-26.305965,153.132743,30.13
-26.304159,153.132741,30.33
-26.302804,153.132739,30.46
-26.300998,153.132737,30.60
-26.299418,153.132735,30.71
-26.297838,153.132734,30.92
-26.296484,153.132732,30.90
-26.295581,153.132731,30.77
-26.294001,153.132479,30.74
-26.291066,153.132726,30.90
-26.290840,153.132726,30.95
-26.287680,153.132722,31.00
-26.287454,153.132722,31.05
-26.284520,153.132718,31.09
-26.284068,153.132718,31.11
-26.281359,153.132715,31.19
-26.281134,153.132715,31.23
-26.278425,153.132711,31.00
-26.276393,153.132709,30.94
-26.276167,153.132709,30.98
-26.273684,153.132706,31.06
-26.272781,153.132705,30.96
-26.269847,153.132702,30.87
-26.268266,153.132700,30.94
-26.267815,153.132699,30.92
-26.265106,153.132696,30.86
-26.264429,153.132696,30.96
-26.263300,153.132444,30.82
-26.260591,153.132691,30.86
-26.258560,153.132689,30.96
-26.257657,153.132688,30.97
-26.256754,153.132687,30.71
-26.253594,153.132683,30.73
-26.252465,153.132682,31.16
-26.250659,153.132680,30.85
-26.250207,153.132679,30.51
-26.247724,153.132677,30.81
-26.247047,153.132676,30.27
-26.244338,153.132673,30.69
-26.242307,153.132670,30.50
-26.241629,153.132670,30.82
-26.239372,153.132667,31.32
-26.238695,153.132416,30.98
-26.235986,153.132663,30.90
-26.234180,153.132661,31.54
-26.233954,153.132661,31.56
-26.230794,153.132657,31.08
-26.230568,153.132657,31.19
-26.227859,153.132654,31.31
-26.226731,153.132653,31.41
-26.224699,153.132650,31.17
-26.224248,153.132650,31.09
-26.221313,153.132647,31.26
-26.220861,153.132646,31.26
-26.219282,153.132144,30.76
-26.216572,153.132641,30.86
-26.215218,153.132640,31.11
-26.214541,153.132138,30.87
-26.211832,153.132386,30.71
-26.210929,153.132635,30.72
-26.209575,153.132633,30.41
-26.207091,153.132631,30.57
-26.205060,153.132628,30.76
-26.204608,153.132628,30.54
-26.202125,153.132625,30.54
-26.201448,153.132624,30.24
-26.199190,153.132622,30.54
-26.198062,153.132620,29.91
-26.195127,153.132617,30.13
-26.194676,153.132616,30.26
-26.191967,153.132613,30.23
-26.191741,153.132613,30.24
-26.188581,153.132610,30.14
-26.187903,153.132609,30.15
-26.186549,153.132607,29.86
-26.184969,153.132605,29.69
-26.183163,153.132603,29.76
-26.180680,153.132601,29.41
-26.179325,153.132599,29.54
-26.177971,153.132598,29.58
-26.175714,153.132595,29.50
-26.175488,153.132595,29.46
-26.172553,153.132591,29.43
-26.171650,153.132590,29.18
-26.169844,153.132588,29.38
-26.168490,153.132587,28.94
-26.166910,153.132585,29.30
-26.165329,153.132583,29.23
-26.163072,153.132581,29.00
-26.161040,153.132578,28.82
-26.160815,153.132578,28.85
-26.158106,153.132575,28.70
-26.157654,153.132575,28.67
-26.155848,153.132573,28.52
-26.152914,153.132569,28.48
-26.152688,153.132569,28.42
-26.150882,153.132567,28.25
-26.148625,153.132564,28.21
-26.146367,153.132562,28.00
-26.145916,153.132561,28.05
-26.143658,153.132559,28.04
-26.141852,153.132557,27.98
-26.141175,153.132556,27.83
-26.139595,153.132554,27.80
-26.137563,153.132552,27.71
-26.135757,153.132550,27.47
-26.134403,153.132298,27.45
-26.132145,153.132546,27.07
-26.130791,153.132544,27.16
-26.128759,153.132542,27.05
-26.127179,153.132540,26.82
-26.126728,153.132540,26.68
-26.124922,153.132538,26.55
-26.123116,153.132536,26.34
-26.121310,153.132534,26.15
-26.119730,153.132532,25.92
-26.118601,153.132530,25.73
-26.116795,153.132528,25.57
-26.115215,153.132527,25.42
-26.113635,153.132525,25.35
-26.112054,153.132523,25.18
-26.110474,153.132521,24.88
-26.108894,153.132520,24.59
-26.107088,153.132517,24.31
-26.105056,153.132515,24.08
-26.103928,153.132514,23.86
-26.102348,153.132512,23.65
-26.100542,153.132510,23.49
-26.098736,153.132508,23.05
-26.096704,153.132506,22.58
-26.095801,153.132505,22.35
-26.094221,153.132503,22.04
-26.092415,153.132501,21.45
-26.090835,153.132499,20.82
-26.089254,153.132497,20.29
-26.087674,153.132496,19.63
-26.086094,153.132494,18.78
-26.084288,153.132492,17.85
-26.082256,153.132490,16.85
-26.080902,153.132488,15.68
-26.079547,153.132486,14.87
-26.077967,153.132485,14.33
-26.076387,153.132233,13.06
-26.074355,153.132481,12.71
-26.072775,153.132479,10.51
-26.071421,153.132477,9.40
-26.069840,153.132476,7.99
-26.068260,153.132474,5.91
-26.065778,153.131221,4.46
-26.063520,153.131969,4.45
-26.062617,153.132467,4.51
-26.061714,153.132466,4.37
-26.060133,153.132465,1.97
-26.057650,153.132462,1.39
-26.056522,153.132461,-0.38
-26.735752,153.135249,-0.85
-26.733269,153.135246,-1.00
-26.732592,153.135245,-0.97
-26.730109,153.135242,-0.84
-26.729206,153.135241,-0.86
-26.681127,153.134431,4.39
-26.680451,153.133676,5.03
-26.677741,153.134929,4.47
-26.676161,153.134425,9.68
-26.674582,153.133669,12.26
-26.673001,153.134924,14.35
-26.671421,153.134419,15.44
-26.669615,153.135171,16.19
-26.668035,153.135169,16.51
-26.666455,153.134665,16.86
-26.664874,153.135165,17.25
-26.663746,153.135164,17.53
-26.661714,153.134911,17.77
-26.659909,153.134908,17.89
-26.659457,153.135159,17.92
-26.658103,153.135157,17.92
-26.655169,153.134652,17.84
-26.654717,153.134902,17.82
-26.652911,153.135151,17.71
-26.651558,153.133894,17.40
-26.649977,153.134646,17.33
-26.648396,153.135146,17.09
-26.646816,153.135144,16.65
-26.643656,153.135140,16.56
-26.642302,153.134888,17.35
-26.640498,153.133378,19.40
-26.638918,153.133377,22.18
-26.638465,153.134130,22.38
-26.635756,153.135131,23.58
-26.633950,153.135129,23.37
-26.632596,153.135127,23.50
-26.631468,153.134121,23.41
-26.630566,153.133367,22.90
-26.628985,153.133616,20.96
-26.625825,153.134115,20.30
-26.625373,153.134868,20.45
-26.624018,153.134866,19.54
-26.622440,153.133358,18.20
-26.619278,153.134861,18.73
-26.617699,153.133352,21.54
-26.617248,153.133351,22.37
-26.615216,153.133349,21.41
-26.612959,153.133347,21.52
-26.612733,153.133346,20.86
-26.609799,153.133343,20.30
-26.609122,153.133342,19.39
-26.606863,153.134595,19.62
-26.604607,153.134090,20.19
-26.603027,153.133335,20.74
-26.601447,153.133584,21.14
-26.600994,153.135090,21.30
-26.598285,153.135087,21.53
-26.596480,153.134834,22.04
-26.594899,153.135083,22.87
-26.593997,153.134580,23.36
-26.591965,153.134829,22.47
-26.590160,153.134575,23.01
-26.589030,153.135076,23.23
-26.586773,153.134823,23.29
-26.585193,153.134821,24.03
-26.584064,153.135070,24.64
-26.582033,153.135068,23.33
-26.580453,153.135066,23.84
-26.578647,153.135064,24.66
-26.577067,153.135062,25.68
-26.576841,153.134811,24.89
-26.574133,153.134306,24.60
-26.572101,153.135056,24.86
-26.570521,153.134804,25.08
-26.568941,153.134802,25.71
-26.567361,153.134800,27.38
-26.566683,153.135050,28.39
-26.565103,153.135048,27.76
-26.563975,153.134294,25.30
-26.562170,153.134292,24.64
-26.559912,153.135042,26.30
-26.558106,153.135040,26.19
-26.556751,153.135038,28.05
-26.554270,153.133530,28.33
-26.552689,153.133779,29.45
-26.552464,153.133778,29.51
-26.550884,153.133275,29.87
-26.547724,153.133522,29.06
-26.546820,153.134776,30.19
-26.545917,153.134775,28.62
-26.543434,153.134521,26.64
-26.541403,153.133766,28.61
-26.541178,153.133263,28.23
-26.539370,153.135018,26.18
-26.536437,153.133258,27.10
-26.535534,153.134261,27.85
-26.534630,153.134762,27.69
-26.532824,153.135010,26.48
-26.530342,153.134004,25.12
-26.528311,153.133249,25.98
-26.527860,153.133248,25.99
-26.525149,153.135001,25.20
-26.523795,153.134749,26.43
-26.521763,153.134997,27.88
-26.520183,153.134745,28.77
-26.519732,153.134744,29.02
-26.518379,153.133488,26.05
-26.516572,153.134991,26.81
-26.514315,153.134738,25.99
-26.512058,153.133983,27.98
-26.511607,153.133480,28.37
-26.508897,153.134982,27.30
-26.507317,153.134730,28.21
-26.505962,153.134728,28.44
-26.504834,153.134727,28.19
-26.503254,153.133972,27.21
-26.502125,153.134724,26.73
-26.499190,153.134971,27.42
-26.497385,153.134718,27.97
-26.496482,153.134466,28.56
-26.495128,153.133963,28.54
-26.492644,153.134963,28.10
-26.492418,153.134963,28.32
-26.489936,153.133957,27.05
-26.489032,153.134959,26.98
-26.486098,153.134705,28.13
-26.485647,153.134704,28.57
-26.482938,153.134952,27.84
-26.481132,153.134950,28.28
-26.479552,153.134948,28.86
-26.478875,153.134697,29.14
-26.477746,153.134444,27.18
-26.474586,153.134942,27.20
-26.473006,153.134690,28.44
-26.472555,153.134438,28.83
-26.469846,153.134686,27.52
-26.468265,153.134684,28.20
-26.466460,153.134682,29.51
-26.465105,153.134931,30.03
-26.464654,153.134178,29.91
-26.463074,153.134678,27.84
-26.461493,153.134927,27.18
-26.459010,153.134924,28.18
-26.458108,153.133920,28.23
-26.455624,153.134920,28.60
-26.454948,153.133666,27.73
-26.452691,153.133663,28.04
-26.451789,153.133160,27.43
-26.448627,153.134912,28.27
-26.447046,153.134910,28.94
-26.446370,153.134157,29.09
-26.443886,153.134656,29.47
-26.443661,153.134906,29.99
-26.440501,153.134652,29.21
-26.439598,153.133899,29.46
-26.438470,153.133145,28.83
-26.436664,153.133143,29.04
-26.434180,153.134645,28.71
-26.432374,153.134893,29.94
-26.431020,153.134641,30.60
-26.430570,153.133136,29.55
-26.428763,153.134388,28.37
-26.425828,153.134635,28.96
-26.424925,153.134634,29.65
-26.423796,153.134883,29.64
-26.421313,153.134880,28.61
-26.419507,153.134627,28.87
-26.418830,153.134627,29.60
-26.416121,153.134874,30.10
-26.415670,153.134122,30.60
-26.414317,153.133368,29.96
-26.412737,153.133116,28.24
-26.410026,153.134867,25.90
-26.408221,153.134865,26.13
-26.406642,153.133610,26.67
-26.406191,153.133108,26.85
-26.403255,153.134107,27.97
-26.402577,153.134608,28.51
-26.399869,153.134605,28.99
-26.398288,153.134603,30.31
-26.397837,153.134352,31.10
-26.395807,153.133096,29.90
-26.393323,153.134096,29.91
-26.392194,153.134596,30.32
-26.391291,153.134845,30.40
-26.388809,153.133339,30.58
-26.388357,153.133589,30.61
-26.385196,153.134838,30.36
-26.384067,153.134837,30.96
-26.382487,153.134835,31.38
-26.381810,153.134834,31.35
-26.380004,153.134832,31.07
-26.378424,153.134830,30.38
-26.376618,153.134828,29.61
-26.374812,153.134826,29.40
-26.373683,153.134574,28.93
-26.370749,153.134571,28.72
-26.368943,153.134819,29.30
-26.367814,153.134818,29.57
-26.367137,153.134817,29.47
-26.365331,153.134815,29.23
-26.363525,153.134813,29.09
-26.361719,153.134811,28.83
-26.360816,153.134810,28.79
-26.358333,153.134807,28.52
-26.357430,153.134806,28.33
-26.355850,153.134554,27.85
-26.354270,153.134802,27.52
-26.352238,153.134800,27.07
-26.349530,153.134546,27.32
-26.347950,153.134795,28.63
-26.347724,153.134544,28.02
-26.345692,153.134542,28.38
-26.344563,153.134791,26.66
-26.341404,153.133785,27.69
-26.341178,153.134286,27.71
-26.338469,153.134534,29.17
-26.338017,153.134533,28.40
-26.334857,153.134529,28.61
-26.334180,153.134779,29.42
-26.332374,153.134777,29.42
-26.330117,153.134524,29.10
-26.329439,153.134523,29.62
-26.328085,153.134772,27.84
-26.325151,153.133516,28.40
-26.324925,153.134017,28.48
-26.323345,153.134266,27.05
-26.320410,153.134763,26.63
-26.318604,153.134260,28.66
-26.318378,153.134510,28.53
-26.316798,153.134759,27.35
-26.314316,153.134005,27.58
-26.312058,153.134503,28.66
-26.310929,153.134502,29.42
-26.310253,153.132998,28.63
-26.307318,153.133997,30.35
-26.305737,153.134746,30.71
-26.304157,153.134744,30.84
-26.302577,153.134492,30.83
-26.300997,153.134490,30.91
-26.299191,153.134488,31.27
-26.298062,153.134737,31.46
-26.297159,153.134736,31.51
-26.295353,153.134734,31.37
-26.293999,153.134482,31.11
-26.291064,153.134729,31.33
-26.290161,153.134728,31.33
-26.288355,153.134726,31.47
-26.286549,153.134724,31.59
-26.284969,153.134722,31.73
-26.283389,153.134720,31.75
-26.281357,153.134718,31.89
-26.281132,153.134467,31.84
-26.277971,153.134714,31.65
-26.277294,153.134713,31.65
-26.274811,153.134210,31.55
-26.273682,153.134709,31.71
-26.272779,153.134708,31.78
-26.271425,153.134456,31.63
-26.268490,153.134703,31.85
-26.268039,153.134452,31.83
-26.265104,153.134699,31.44
-26.263976,153.134698,31.70
-26.263298,153.134697,31.58
-26.260590,153.134694,31.66
-26.259009,153.134692,31.91
-26.258106,153.134691,31.57
-26.256752,153.134439,31.19
-26.253592,153.134436,31.33
-26.252237,153.134684,31.74
-26.250658,153.134182,31.32
-26.250206,153.134682,31.14
-26.248400,153.134680,31.41
-26.246142,153.134677,31.07
-26.244336,153.134675,31.61
-26.242305,153.134673,31.69
-26.240725,153.134671,31.80
-26.239370,153.134419,32.21
-26.237339,153.134667,31.42
-26.235758,153.134665,32.12
-26.235533,153.134665,32.15
-26.233727,153.134663,32.31
-26.231018,153.134660,31.94
-26.229438,153.134658,31.90
-26.227632,153.134656,32.27
-26.226955,153.134655,32.25
-26.224471,153.134652,32.24
-26.224246,153.134652,32.22
-26.221537,153.134649,31.78
-26.219957,153.134397,31.85
-26.219279,153.134646,31.20
-26.216345,153.134643,31.74
-26.215668,153.134642,31.84
-26.214539,153.134391,31.52
-26.211379,153.134637,31.15
-26.210476,153.134636,31.23
-26.208670,153.134634,31.43
-26.207090,153.134632,31.14
-26.205284,153.134630,31.57
-26.204155,153.134629,31.33
-26.202349,153.134627,31.23
-26.200092,153.134624,30.71
-26.199866,153.134624,30.92
-26.197157,153.134621,30.81
-26.195803,153.134619,31.07
-26.193997,153.134617,31.08
-26.191965,153.134615,30.80
-26.191288,153.134614,30.88
-26.190159,153.134613,30.87
-26.188353,153.134361,30.71
-26.185870,153.134608,30.27
-26.183839,153.134356,30.35
-26.183387,153.134605,30.47
-26.180904,153.134602,30.27
-26.180001,153.134601,30.28
-26.178421,153.134349,30.15
-26.176389,153.134597,30.33
-26.174583,153.134595,30.41
-26.173003,153.134593,30.11
-26.171649,153.134342,29.88
-26.170294,153.134590,30.29
-26.167585,153.134587,30.18
-26.167359,153.134337,30.06
-26.165779,153.134585,29.99
-26.163748,153.134333,29.89
-26.161490,153.134580,29.59
-26.160136,153.134328,29.36
-26.158104,153.134576,29.70
-26.156298,153.134574,29.54
-26.154718,153.134572,29.17
-26.153589,153.134571,29.40
-26.152009,153.134569,29.14
-26.149526,153.134566,29.08
-26.149300,153.134566,29.08
-26.146817,153.134563,28.85
-26.145914,153.134562,28.93
-26.144108,153.134560,28.98
-26.142528,153.134558,28.90
-26.141399,153.134557,28.68
-26.139593,153.134305,28.39
-26.138013,153.134553,28.33
-26.135981,153.134301,28.11
-26.134627,153.134549,28.08
-26.132144,153.134546,27.95
-26.131015,153.134545,27.94
-26.129209,153.134543,27.82
-26.126952,153.134540,27.65
-26.125823,153.134539,27.43
-26.124920,153.134538,27.33
-26.123340,153.134536,27.17
-26.121534,153.134534,26.97
-26.120180,153.134283,26.80
-26.117245,153.134529,26.66
-26.116116,153.134528,26.58
-26.115213,153.134527,26.43
-26.113633,153.134525,26.12
-26.111827,153.134523,25.92
-26.110247,153.134521,25.58
-26.108892,153.134270,25.26
-26.106861,153.134517,25.01
-26.105055,153.134515,24.93
-26.103023,153.134513,24.74
-26.102346,153.134512,24.59
-26.100540,153.134260,24.37
-26.098960,153.134508,24.35
-26.097154,153.134506,24.01
-26.095348,153.134504,23.66
-26.094219,153.134503,23.33
-26.091961,153.134500,22.93
-26.090833,153.134499,22.79
-26.089253,153.134497,22.38
-26.087447,153.134495,21.78
-26.085866,153.134493,21.08
-26.084060,153.134491,20.34
-26.082255,153.134489,19.55
-26.081126,153.134488,18.95
-26.079546,153.134486,18.18
-26.077965,153.134484,17.25
-26.076159,153.134482,16.12
-26.074354,153.134480,14.86
-26.072548,153.134478,14.45
-26.070967,153.134476,13.03
-26.069839,153.134475,12.58
-26.068258,153.134473,11.32
-26.066452,153.134471,9.67
-26.064872,153.134469,8.01
-26.063066,153.134467,5.79
-26.061713,153.132716,4.48
-26.059455,153.133714,4.38
-26.058100,153.134212,4.35
-26.056745,153.134460,4.40
-26.055165,153.134458,2.17
-26.053585,153.134207,1.48
-26.050650,153.134453,-1.12
-26.751551,153.136776,0.60
-26.749293,153.137025,0.50
-26.747713,153.137023,0.88
-26.747262,153.137023,0.50
-26.745230,153.137020,0.67
-26.742973,153.137018,1.52
-26.741393,153.137016,1.42
-26.739587,153.137013,1.94
-26.738459,153.137012,2.66
-26.737330,153.137011,2.72
-26.735299,153.136506,2.37
-26.733041,153.137006,3.16
-26.732590,153.137005,3.09
-26.731010,153.137003,3.08
-26.729430,153.136499,2.40
-26.727173,153.136999,2.44
-26.726495,153.136998,2.38
-26.723787,153.136492,2.35
-26.722659,153.136490,2.08
-26.721078,153.136489,2.23
-26.719047,153.136738,2.42
-26.716790,153.136735,2.21
-26.716564,153.136735,2.35
-26.714984,153.136733,2.39
-26.713403,153.136982,1.98
-26.711598,153.136980,2.25
-26.710243,153.136978,2.09
-26.707083,153.136975,2.02
-26.706857,153.136974,2.36
-26.705277,153.136972,1.96
-26.702343,153.136969,1.92
-26.702117,153.136969,1.94
-26.699634,153.136966,1.90
-26.698731,153.136965,1.58
-26.696926,153.136962,1.03
-26.695346,153.136961,0.78
-26.681577,153.136442,-0.18
-26.677740,153.135934,5.17
-26.676160,153.135933,10.13
-26.674581,153.135177,11.71
-26.673000,153.135426,14.19
-26.671419,153.136932,15.98
-26.669613,153.136930,16.22
-26.668033,153.136425,16.77
-26.666453,153.136926,17.19
-26.664873,153.136924,17.40
-26.663294,153.135917,17.60
-26.661487,153.136920,17.81
-26.660358,153.136919,17.90
-26.658552,153.136917,17.98
-26.657650,153.136916,17.98
-26.656522,153.135909,17.95
-26.654942,153.135656,17.99
-26.652909,153.136910,17.89
-26.651555,153.136908,17.76
-26.649750,153.136404,17.35
-26.648396,153.136151,17.27
-26.646589,153.136651,16.74
-26.643655,153.136899,17.07
-26.642074,153.136897,18.50
-26.640496,153.135388,18.57
-26.638916,153.135135,21.66
-26.638464,153.135386,22.15
-26.635530,153.135382,24.04
-26.634626,153.136888,24.75
-26.633723,153.136887,24.81
-26.632143,153.135880,23.83
-26.630564,153.135376,21.93
-26.628758,153.135123,19.85
-26.625824,153.135120,20.03
-26.625147,153.135119,20.34
-26.623566,153.136121,19.55
-26.620857,153.136369,17.78
-26.619276,153.136870,19.06
-26.617697,153.135863,21.16
-26.617471,153.135863,21.56
-26.615666,153.135108,20.76
-26.613183,153.135356,21.32
-26.612731,153.135857,20.55
-26.610023,153.135101,19.50
-26.607990,153.136856,19.55
-26.606410,153.136854,20.07
-26.604604,153.136852,20.71
-26.603024,153.136850,21.29
-26.601669,153.136849,21.64
-26.599864,153.136847,21.63
-26.598284,153.136845,22.03
-26.596478,153.136843,22.70
-26.594898,153.136841,23.52
-26.594446,153.136589,23.83
-26.591737,153.136837,23.03
-26.590383,153.136835,23.47
-26.589706,153.136835,23.80
-26.586771,153.136831,23.74
-26.585191,153.136829,24.38
-26.584063,153.136577,25.27
-26.583386,153.136827,24.11
-26.580451,153.136824,24.26
-26.578645,153.136821,25.09
-26.577066,153.136317,25.98
-26.576840,153.136568,25.66
-26.575259,153.136817,25.04
-26.572325,153.136814,25.23
-26.570519,153.136812,25.44
-26.568939,153.136810,26.44
-26.567360,153.135804,28.62
-26.566909,153.135552,29.35
-26.565103,153.135801,28.45
-26.563522,153.136803,29.74
-26.561716,153.136801,28.54
-26.559233,153.136296,28.92
-26.557653,153.136797,28.88
-26.557201,153.136796,29.09
-26.554267,153.136792,29.28
-26.553816,153.136290,29.73
-26.551785,153.135535,29.42
-26.550881,153.136537,29.47
-26.547722,153.135279,29.01
-26.546819,153.135027,30.27
-26.545916,153.135277,28.64
-26.542981,153.135524,26.67
-26.541853,153.135272,28.18
-26.541176,153.135271,26.54
-26.538917,153.136774,26.11
-26.536436,153.135266,26.49
-26.534856,153.135013,27.59
-26.534403,153.136518,28.12
-26.533048,153.136516,27.72
-26.531468,153.136765,25.46
-26.529211,153.136010,25.65
-26.528084,153.135005,25.15
-26.525148,153.136256,25.34
-26.523342,153.136756,26.65
-26.521762,153.136754,28.13
-26.520407,153.136752,28.98
-26.519957,153.135246,29.06
-26.517022,153.136246,26.78
-26.516571,153.135493,26.92
-26.514538,153.136745,27.54
-26.512057,153.135237,27.83
-26.511831,153.135488,27.57
-26.508895,153.136488,27.66
-26.507316,153.135482,28.81
-26.507090,153.135482,28.98
-26.505283,153.136734,28.91
-26.502575,153.136731,27.19
-26.500769,153.136729,27.60
-26.498963,153.136727,28.13
-26.497383,153.136474,28.52
-26.496254,153.136473,28.80
-26.494223,153.136470,28.79
-26.493997,153.136219,28.93
-26.492418,153.135465,28.57
-26.490386,153.135964,27.23
-26.488580,153.136213,27.13
-26.486096,153.136712,29.01
-26.485871,153.136210,28.86
-26.482711,153.136457,28.26
-26.481130,153.136706,28.83
-26.479550,153.136704,29.31
-26.479099,153.136703,29.45
-26.477745,153.136451,27.32
-26.474585,153.136196,27.62
-26.473004,153.136696,29.17
-26.472778,153.136696,29.19
-26.469844,153.136693,27.80
-26.468264,153.136691,28.88
-26.466458,153.136689,30.45
-26.465103,153.136687,31.02
-26.464652,153.136185,30.33
-26.463072,153.136685,28.33
-26.460363,153.136431,27.96
-26.459460,153.136680,28.63
-26.456752,153.136426,29.09
-26.455848,153.136676,29.05
-26.454946,153.136173,28.02
-26.452690,153.135168,27.74
-26.451560,153.135919,27.57
-26.448625,153.136667,29.13
-26.447948,153.136667,30.27
-26.446593,153.136665,30.11
-26.445013,153.136663,30.10
-26.443435,153.135157,29.81
-26.440499,153.136658,29.49
-26.440274,153.135905,29.59
-26.438694,153.135151,28.70
-26.435985,153.135148,28.67
-26.433953,153.136149,29.83
-26.432372,153.136648,31.13
-26.431244,153.136647,31.52
-26.430566,153.136646,30.47
-26.428309,153.136643,28.73
-26.425826,153.136641,29.86
-26.424472,153.136388,30.58
-26.424021,153.136137,30.07
-26.421086,153.136134,28.88
-26.420635,153.136133,29.12
-26.418604,153.135629,29.60
-26.416797,153.136379,30.47
-26.415670,153.134874,30.41
-26.414315,153.135123,28.72
-26.412734,153.136625,28.09
-26.411154,153.135621,26.66
-26.407995,153.134865,25.94
-26.407769,153.134865,25.62
-26.404833,153.136616,26.71
-26.404156,153.135863,27.07
-26.402803,153.134859,28.37
-26.399867,153.136359,29.16
-26.398288,153.134854,30.17
-26.397611,153.134853,30.24
-26.396255,153.136606,29.07
-26.394675,153.136604,30.38
-26.391740,153.136600,31.37
-26.391515,153.136600,31.52
-26.388580,153.136597,30.79
-26.388355,153.136346,30.47
-26.385195,153.136091,30.39
-26.383614,153.136591,32.30
-26.383388,153.136591,32.27
-26.381809,153.136087,31.37
-26.379778,153.135083,31.09
-26.378648,153.136084,31.02
-26.375940,153.135579,30.03
-26.374585,153.136330,30.19
-26.372779,153.136578,30.36
-26.370747,153.136576,30.59
-26.370296,153.136575,31.35
-26.368490,153.136573,31.78
-26.367135,153.136571,31.18
-26.365555,153.136570,30.74
-26.363975,153.136568,30.38
-26.362395,153.136566,29.82
-26.360589,153.136564,29.35
-26.359009,153.136562,29.22
-26.357429,153.136560,29.13
-26.355849,153.136558,28.93
-26.354268,153.136556,28.60
-26.352688,153.136555,27.99
-26.349528,153.136551,28.03
-26.348174,153.136549,29.82
-26.347722,153.136549,29.51
-26.345014,153.136295,29.03
-26.344562,153.136294,28.55
-26.342756,153.136042,27.06
-26.339821,153.136539,28.19
-26.338918,153.136538,29.81
-26.337113,153.136536,30.18
-26.334855,153.136534,29.80
-26.333501,153.136532,30.45
-26.333049,153.136531,29.82
-26.331244,153.136279,29.59
-26.328987,153.135525,29.82
-26.328309,153.136275,29.77
-26.326503,153.136524,28.17
-26.324924,153.135019,28.06
-26.323343,153.136520,27.38
-26.320408,153.136517,27.61
-26.318829,153.135763,29.15
-26.318378,153.134761,28.66
-26.316796,153.136512,27.74
-26.313862,153.136008,28.03
-26.312282,153.136507,29.70
-26.312057,153.135254,29.44
-26.310250,153.136505,28.49
-26.307317,153.135249,30.35
-26.305735,153.136499,31.12
-26.304381,153.136498,31.24
-26.302801,153.136496,31.37
-26.300769,153.136494,31.48
-26.299189,153.136492,31.91
-26.298060,153.136240,32.09
-26.296932,153.136489,32.13
-26.295577,153.136488,31.88
-26.292643,153.136234,31.77
-26.291288,153.136483,31.88
-26.290837,153.136482,31.93
-26.287902,153.136479,32.03
-26.286096,153.136476,32.11
-26.284968,153.136475,32.27
-26.283162,153.136473,32.54
-26.282710,153.136472,32.40
-26.281130,153.136471,32.23
-26.277970,153.136467,32.35
-26.277518,153.136466,32.58
-26.276164,153.136465,31.99
-26.273229,153.136461,32.27
-26.272552,153.136461,32.37
-26.271423,153.136459,32.35
-26.268263,153.136456,32.76
-26.267586,153.136455,32.79
-26.266457,153.136453,32.17
-26.263748,153.136450,32.54
-26.262394,153.136449,32.55
-26.260136,153.136446,32.33
-26.259459,153.136445,32.54
-26.257428,153.135942,32.08
-26.255396,153.136441,31.74
-26.254493,153.136440,32.15
-26.252687,153.136437,32.32
-26.250430,153.136435,32.01
-26.249075,153.136433,32.11
-26.247721,153.136432,32.14
-26.245463,153.136429,31.90
-26.244561,153.136178,32.37
-26.242980,153.136426,32.46
-26.241400,153.136424,32.69
-26.239820,153.136422,32.72
-26.237337,153.136419,32.68
-26.235982,153.136418,33.04
-26.235531,153.136417,32.77
-26.233725,153.136415,32.86
-26.231693,153.136413,32.51
-26.229210,153.136410,32.91
-26.227856,153.136408,33.19
-26.227179,153.136408,33.12
-26.224921,153.136405,33.02
-26.223793,153.136404,32.95
-26.221535,153.136401,32.54
-26.220181,153.136399,32.35
-26.217923,153.136397,32.43
-26.217020,153.136396,32.54
-26.215892,153.136144,32.49
-26.214086,153.135892,32.05
-26.212732,153.135640,31.55
-26.210023,153.135387,31.70
-26.209572,153.135386,31.67
-26.207541,153.135133,31.27
-26.205735,153.134881,31.61
-26.204606,153.134630,31.35
-26.202122,153.136378,31.57
-26.200090,153.136376,31.62
-26.199638,153.136376,31.69
-26.196930,153.136372,32.02
-26.196252,153.136372,31.94
-26.193995,153.136369,31.55
-26.191963,153.136367,31.60
-26.191738,153.136366,31.77
-26.189932,153.136114,31.47
-26.188352,153.135862,31.27
-26.186095,153.135609,30.84
-26.183837,153.136357,31.26
-26.183611,153.136357,31.18
-26.180451,153.136353,31.02
-26.180225,153.136353,31.14
-26.178645,153.136351,30.85
-26.176839,153.136349,30.96
-26.174807,153.136347,30.96
-26.173904,153.136346,30.87
-26.171647,153.136343,30.66
-26.169164,153.136340,31.13
-26.168261,153.136339,31.43
-26.166003,153.136336,30.67
-26.164649,153.136335,30.80
-26.163972,153.136334,30.78
-26.162392,153.136082,30.55
-26.160811,153.136330,30.62
-26.158554,153.136328,30.68
-26.156748,153.136326,30.42
-26.155619,153.136324,30.24
-26.153362,153.136322,30.27
-26.152233,153.136320,30.13
-26.150653,153.136319,29.89
-26.149073,153.136317,29.79
-26.146589,153.136314,29.87
-26.146138,153.136313,29.77
-26.143429,153.136310,30.03
-26.142978,153.135809,29.51
-26.140494,153.136307,29.53
-26.138237,153.136304,29.34
-26.138011,153.136304,29.27
-26.135528,153.136301,28.97
-26.134625,153.136300,28.75
-26.132593,153.136298,28.69
-26.131465,153.136296,28.54
-26.129659,153.136294,28.44
-26.127401,153.136292,28.31
-26.125595,153.136289,28.04
-26.125144,153.136039,27.85
-26.121984,153.136285,27.84
-26.120629,153.136284,27.75
-26.118823,153.136282,27.46
-26.117243,153.136280,27.49
-26.115437,153.136278,27.59
-26.113857,153.136276,27.16
-26.113405,153.136275,27.24
-26.112051,153.136274,26.76
-26.110245,153.136272,26.41
-26.108213,153.136269,26.07
-26.107085,153.136268,26.03
-26.105279,153.136266,25.86
-26.103698,153.136264,25.63
-26.101441,153.136261,25.48
-26.100764,153.136011,25.25
-26.098958,153.136259,25.03
-26.096475,153.136256,24.98
-26.095797,153.136255,24.80
-26.093992,153.136253,24.60
-26.092637,153.136251,24.33
-26.090831,153.136249,24.04
-26.089251,153.136247,23.69
-26.087445,153.136245,23.17
-26.086091,153.136244,22.96
-26.084510,153.136242,22.48
-26.082704,153.136240,21.61
-26.081124,153.136238,20.96
-26.079544,153.136236,20.36
-26.077964,153.136234,19.75
-26.076158,153.136232,18.83
-26.074578,153.136230,17.89
-26.072997,153.136228,17.00
-26.071417,153.136227,15.97
-26.069837,153.136225,15.32
-26.068031,153.136223,14.18
-26.065548,153.136220,13.06
-26.064645,153.136219,11.89
-26.063290,153.136217,10.87
-26.061710,153.136215,9.53
-26.060130,153.136214,8.04
-26.058324,153.136212,5.81
-26.055842,153.135209,4.52
-26.054035,153.135707,4.68
-26.053358,153.135956,4.82
-26.052003,153.136204,4.15
-26.049520,153.136201,2.17
-26.048391,153.136200,1.16
-26.047037,153.136198,0.02
-26.749969,153.138786,6.29
-26.749066,153.138785,6.31
-26.747486,153.138783,5.99
-26.744777,153.138780,6.40
-26.742746,153.138777,7.25
-26.741617,153.138776,7.57
-26.739586,153.138773,8.34
-26.738231,153.138772,8.68
-26.737103,153.138770,8.96
-26.735297,153.138768,9.12
-26.734168,153.138767,9.02
-26.732137,153.138764,8.94
-26.731008,153.138763,8.82
-26.729654,153.138761,8.95
-26.727397,153.138759,8.72
-26.725365,153.138756,8.54
-26.724688,153.138755,8.45
-26.723108,153.138753,8.25
-26.720173,153.138750,7.98
-26.719948,153.138749,7.88
-26.717916,153.138747,7.84
-26.716336,153.138745,7.75
-26.714079,153.138742,7.38
-26.713402,153.138742,7.21
-26.711822,153.138740,7.02
-26.708662,153.138736,6.51
-26.707307,153.138734,6.82
-26.705953,153.138733,6.66
-26.705050,153.138731,6.43
-26.703696,153.138730,5.51
-26.700761,153.138726,5.62
-26.700310,153.138726,5.54
-26.698730,153.138724,4.70
-26.697150,153.138722,4.00
-26.694892,153.138719,3.48
-26.693764,153.138718,3.36
-26.692184,153.138716,2.67
-26.689249,153.138712,2.40
-26.687669,153.138459,2.50
-26.686992,153.138458,2.51
-26.684284,153.138455,1.21
-26.683606,153.138705,1.73
-26.682252,153.138704,0.74
-26.677738,153.138447,5.13
-26.676159,153.137189,9.12
-26.674577,153.138695,11.98
-26.672998,153.138190,14.11
-26.671417,153.138691,16.50
-26.670966,153.138690,16.61
-26.668031,153.138687,17.06
-26.666451,153.138685,17.45
-26.665097,153.138683,17.64
-26.663743,153.138430,17.83
-26.662389,153.138177,18.00
-26.660583,153.137924,18.03
-26.658552,153.137670,18.08
-26.656745,153.138673,18.10
-26.656068,153.138672,18.08
-26.654714,153.138168,18.07
-26.652909,153.137663,17.92
-26.651328,153.138164,17.84
-26.649973,153.138665,17.36
-26.648394,153.137909,17.23
-26.645233,153.138659,17.04
-26.643653,153.138657,17.96
-26.642073,153.138404,19.38
-26.641847,153.138655,19.34
-26.638913,153.138651,21.05
-26.638010,153.138650,22.04
-26.635528,153.137140,24.01
-26.634174,153.137390,24.78
-26.633496,153.137389,24.67
-26.632142,153.137136,23.42
-26.630562,153.137134,20.75
-26.628982,153.137132,18.73
-26.625820,153.138636,19.17
-26.625595,153.138635,19.53
-26.623790,153.137126,18.85
-26.620855,153.138630,18.55
-26.619274,153.138628,19.51
-26.617696,153.137370,20.88
-26.617470,153.137119,21.19
-26.615890,153.137368,19.98
-26.614310,153.137115,19.88
-26.612504,153.137113,19.79
-26.609569,153.138114,19.84
-26.607988,153.138614,20.06
-26.606408,153.138612,20.59
-26.604828,153.138610,21.28
-26.603925,153.138609,22.17
-26.602345,153.138607,21.95
-26.599862,153.138604,22.13
-26.598282,153.138602,22.47
-26.596702,153.138601,23.07
-26.594896,153.138598,24.04
-26.594444,153.138598,24.48
-26.592639,153.138596,23.41
-26.590156,153.138593,23.99
-26.589930,153.138592,23.93
-26.586770,153.137835,24.00
-26.585190,153.138085,24.67
-26.584062,153.137079,25.16
-26.583384,153.138333,24.52
-26.580449,153.138581,24.92
-26.578644,153.138579,25.62
-26.577065,153.137322,25.93
-26.576838,153.137823,25.83
-26.575258,153.138575,25.59
-26.572323,153.138571,25.82
-26.570517,153.138569,25.93
-26.568938,153.137814,27.34
-26.568712,153.137814,27.82
-26.566456,153.137058,25.52
-26.565101,153.137056,26.80
-26.562392,153.137806,30.73
-26.562166,153.137806,30.73
-26.560585,153.138557,29.11
-26.557652,153.137299,29.44
-26.556072,153.137799,30.79
-26.554942,153.138550,31.16
-26.553136,153.138548,30.19
-26.552008,153.138547,30.39
-26.550655,153.137039,29.39
-26.547945,153.138542,29.18
-26.547043,153.137537,29.54
-26.545914,153.137034,27.80
-26.543430,153.138285,27.23
-26.542529,153.137030,27.33
-26.540270,153.138533,26.68
-26.539594,153.137026,26.23
-26.537562,153.137777,26.87
-26.534854,153.137020,27.48
-26.533724,153.138525,28.32
-26.533048,153.137018,27.68
-26.531015,153.138522,26.45
-26.528306,153.138518,26.19
-26.527855,153.138518,26.24
-26.525823,153.138515,25.53
-26.523341,153.138010,26.82
-26.521760,153.138510,28.40
-26.520407,153.137003,29.05
-26.519956,153.137003,27.63
-26.517697,153.138506,27.29
-26.515214,153.138503,27.14
-26.514085,153.138250,28.19
-26.512055,153.137244,27.71
-26.510473,153.138497,27.68
-26.508893,153.138495,28.07
-26.507088,153.138493,28.54
-26.505734,153.137989,28.97
-26.505282,153.138491,28.97
-26.502347,153.138487,27.58
-26.501219,153.138486,28.04
-26.498962,153.138232,28.58
-26.497607,153.138231,29.33
-26.496027,153.138480,29.80
-26.495575,153.138479,29.23
-26.493771,153.136972,29.02
-26.492417,153.136970,28.18
-26.490836,153.137219,27.20
-26.487675,153.138470,27.91
-26.486998,153.138469,29.16
-26.485643,153.138467,28.53
-26.482934,153.138464,28.71
-26.481129,153.138462,29.26
-26.479549,153.137707,29.64
-26.479324,153.137456,29.57
-26.477743,153.138207,27.81
-26.474583,153.138203,28.36
-26.473228,153.138452,29.98
-26.472777,153.137448,29.40
-26.469842,153.138448,28.11
-26.468262,153.138195,29.10
-26.466457,153.137943,30.89
-26.465553,153.138443,31.44
-26.464652,153.136937,30.14
-26.462844,153.138440,28.83
-26.460362,153.138186,28.57
-26.459459,153.138185,29.22
-26.457653,153.138434,29.84
-26.456072,153.138432,29.65
-26.454944,153.138430,28.23
-26.452462,153.137174,27.51
-26.450204,153.138174,29.08
-26.449075,153.138423,30.88
-26.447720,153.138422,31.49
-26.445689,153.138419,31.36
-26.445012,153.138418,31.42
-26.443657,153.138417,30.50
-26.440498,153.137159,29.47
-26.440273,153.136908,29.39
-26.438693,153.136906,27.67
-26.435758,153.136903,28.62
-26.433952,153.137402,30.57
-26.432597,153.137902,31.96
-26.431242,153.137901,32.12
-26.430565,153.138401,31.57
-26.428985,153.138399,28.67
-26.425825,153.138145,30.13
-26.424696,153.137642,30.50
-26.422891,153.137640,29.71
-26.421084,153.138390,29.73
-26.419730,153.138388,30.23
-26.418601,153.138387,31.05
-26.416344,153.138384,30.14
-26.415667,153.138133,30.64
-26.413860,153.138381,29.29
-26.412733,153.136876,28.26
-26.411152,153.138378,27.21
-26.407993,153.137121,24.49
-26.406412,153.137370,24.81
-26.404833,153.136867,26.48
-26.403477,153.138369,27.29
-26.403026,153.138118,27.03
-26.400092,153.136861,28.13
-26.398738,153.136859,29.14
-26.396706,153.137108,29.09
-26.395126,153.137356,30.58
-26.393319,153.138357,31.93
-26.392416,153.138356,32.46
-26.391513,153.138355,31.95
-26.388579,153.137599,31.41
-26.387675,153.138350,32.01
-26.385193,153.137846,31.57
-26.383613,153.137844,32.66
-26.382032,153.138343,32.49
-26.381806,153.138343,32.54
-26.380000,153.138341,31.40
-26.378646,153.138339,30.88
-26.376390,153.136833,29.90
-26.375035,153.137834,30.05
-26.372552,153.137831,31.67
-26.372100,153.138332,32.06
-26.370068,153.138329,32.50
-26.368488,153.138327,32.34
-26.366456,153.138325,32.59
-26.364876,153.138323,32.20
-26.363973,153.138322,31.81
-26.362393,153.138320,30.89
-26.360813,153.138318,30.20
-26.357653,153.138314,29.89
-26.356073,153.138062,30.15
-26.355170,153.138311,30.84
-26.354267,153.138310,29.99
-26.352461,153.138308,28.88
-26.349526,153.138305,29.93
-26.348398,153.138303,30.77
-26.347495,153.138302,30.91
-26.346140,153.138301,30.07
-26.344560,153.138299,28.65
-26.341400,153.138295,28.68
-26.339820,153.138293,28.84
-26.338466,153.137540,30.49
-26.336434,153.138289,30.34
-26.335983,153.137537,30.72
-26.333499,153.138286,30.94
-26.332370,153.138284,31.13
-26.331468,153.138283,30.35
-26.329436,153.137780,29.83
-26.328308,153.137027,29.63
-26.326501,153.138277,28.62
-26.324695,153.138275,28.34
-26.323341,153.138274,28.26
-26.320181,153.138270,28.99
-26.319955,153.138270,28.97
-26.318375,153.138268,28.69
-26.316795,153.138266,28.43
-26.313860,153.138262,28.24
-26.312055,153.137759,29.94
-26.312054,153.138260,30.08
-26.310248,153.138258,29.37
-26.307315,153.136752,30.14
-26.305734,153.138253,31.38
-26.303928,153.138251,31.91
-26.303702,153.138250,31.93
-26.300993,153.138247,31.97
-26.299187,153.138245,32.24
-26.297607,153.138243,32.60
-26.296478,153.138242,32.81
-26.295801,153.138241,32.64
-26.292867,153.138237,32.34
-26.291738,153.138236,32.48
-26.290835,153.138235,32.41
-26.287900,153.138231,32.60
-26.286546,153.138230,32.79
-26.284514,153.138227,32.98
-26.282934,153.138226,33.11
-26.282483,153.138225,33.16
-26.281128,153.138223,32.75
-26.277968,153.138220,33.47
-26.277291,153.138219,33.60
-26.276162,153.138218,32.76
-26.273228,153.138214,32.75
-26.271873,153.138213,32.99
-26.271196,153.138212,32.83
-26.268261,153.138208,33.32
-26.267133,153.138207,33.43
-26.266455,153.138206,32.81
-26.263972,153.138203,33.35
-26.262844,153.138202,33.23
-26.260135,153.138199,33.27
-26.259909,153.138198,33.30
-26.256974,153.138195,32.67
-26.256749,153.138195,32.87
-26.254492,153.137191,32.52
-26.252911,153.138190,32.87
-26.250879,153.138188,32.93
-26.249525,153.138186,33.32
-26.248622,153.138185,32.88
-26.245462,153.138181,32.98
-26.243882,153.138179,33.52
-26.242301,153.138178,33.75
-26.242076,153.138177,33.77
-26.239593,153.138174,33.48
-26.237561,153.138172,34.01
-26.236658,153.138171,33.95
-26.234852,153.138169,33.80
-26.232595,153.138166,33.66
-26.231015,153.138164,33.50
-26.229660,153.137912,34.08
-26.227629,153.137660,34.04
-26.227403,153.137409,33.88
-26.225598,153.137407,33.72
-26.224243,153.137155,33.36
-26.221760,153.136902,32.96
-26.219955,153.136649,32.60
-26.219278,153.136649,32.05
-26.201669,153.137629,32.07
-26.200315,153.137377,32.16
-26.199412,153.137376,32.56
-26.196929,153.136873,32.38
-26.195800,153.136871,32.30
-26.194672,153.136620,31.68
-26.183836,153.137108,31.58
-26.183609,153.138108,32.15
-26.180900,153.138105,31.74
-26.178869,153.137602,31.63
-26.178643,153.137602,31.50
-26.176386,153.137599,31.70
-26.175032,153.137348,31.52
-26.173903,153.137096,30.97
-26.171872,153.136844,31.13
-26.169389,153.136590,31.21
-26.168260,153.136589,31.60
-26.166002,153.138087,31.52
-26.164196,153.138085,31.79
-26.163970,153.138085,31.78
-26.161261,153.138082,31.61
-26.159681,153.138080,31.46
-26.159004,153.138079,31.76
-26.156295,153.138076,31.59
-26.155392,153.138075,31.42
-26.153360,153.137822,31.20
-26.152232,153.137571,30.76
-26.150877,153.137569,30.58
-26.148845,153.138067,30.77
-26.146814,153.138065,30.79
-26.146136,153.138064,30.69
-26.143653,153.138061,30.61
-26.142073,153.138059,30.20
-26.141170,153.138058,30.35
-26.138687,153.138055,30.10
-26.137558,153.138054,29.79
-26.135978,153.138052,29.69
-26.134849,153.138051,29.53
-26.132592,153.138048,29.60
-26.130560,153.138046,29.43
-26.128754,153.138044,29.48
-26.128303,153.138043,29.50
-26.125594,153.138040,29.27
-26.124014,153.138038,28.98
-26.122433,153.138036,29.12
-26.121305,153.138035,29.08
-26.119273,153.138033,28.78
-26.118596,153.138032,28.75
-26.115887,153.138029,28.25
-26.115210,153.138028,27.93
-26.112501,153.138025,27.64
-26.112049,153.138024,27.59
-26.110469,153.138022,27.20
-26.108663,153.138020,27.05
-26.105728,153.138017,26.81
-26.104600,153.138015,26.81
-26.103471,153.138014,26.56
-26.102117,153.138012,26.49
-26.100311,153.138010,26.30
-26.098279,153.138008,26.04
-26.096925,153.138006,25.98
-26.095570,153.138005,26.01
-26.093990,153.138003,25.79
-26.091958,153.138000,25.32
-26.089701,153.137998,25.11
-26.089249,153.137997,24.96
-26.086992,153.137995,24.27
-26.084960,153.137992,23.80
-26.083606,153.137991,23.59
-26.082703,153.137990,23.42
-26.081123,153.137988,22.93
-26.079542,153.137986,22.37
-26.077736,153.137984,21.57
-26.076156,153.137982,20.86
-26.074576,153.137980,20.22
-26.072996,153.137978,19.52
-26.071416,153.137976,18.75
-26.069835,153.137975,17.80
-26.068255,153.137973,16.80
-26.066449,153.137971,15.78
-26.064643,153.137968,14.72
-26.061934,153.137965,14.22
-26.061709,153.137965,13.91
-26.060128,153.137963,11.96
-26.058322,153.137961,10.67
-26.056742,153.137959,9.18
-26.055162,153.137957,7.74
-26.053582,153.137955,5.45
-26.051100,153.136953,4.70
-26.048841,153.137950,4.77
-26.048615,153.137950,4.79
-26.047035,153.137948,3.51
-26.045455,153.137946,1.46
-26.043423,153.137944,0.87
-26.041617,153.137941,-1.03
-26.750870,153.140547,9.25
-26.749516,153.140545,10.88
-26.749064,153.140545,10.96
-26.747484,153.140543,9.75
-26.744550,153.140539,10.45
-26.742744,153.140537,10.89
-26.741164,153.140535,11.31
-26.740035,153.140534,11.87
-26.738004,153.140531,12.27
-26.736424,153.140529,12.59
-26.734618,153.140527,12.68
-26.733489,153.140526,12.70
-26.731458,153.140523,12.74
-26.731232,153.140523,12.82
-26.729652,153.140521,12.42
-26.727621,153.140518,12.54
-26.725138,153.140515,12.62
-26.723783,153.140514,12.69
-26.722655,153.140512,12.75
-26.721526,153.140511,12.73
-26.719946,153.140509,12.65
-26.718140,153.140507,12.39
-26.715657,153.140504,12.13
-26.714754,153.140503,12.24
-26.712497,153.140500,12.53
-26.711820,153.140499,12.41
-26.708660,153.140495,13.02
-26.707757,153.140494,13.35
-26.706854,153.140493,12.63
-26.704597,153.140490,11.78
-26.702114,153.140487,11.79
-26.701437,153.140486,11.89
-26.700308,153.140485,11.53
-26.698728,153.140483,11.24
-26.697148,153.140481,10.58
-26.695116,153.140479,10.16
-26.693536,153.140477,9.94
-26.690828,153.140473,9.43
-26.689473,153.140472,9.77
-26.689022,153.140471,9.82
-26.687442,153.140469,9.20
-26.685636,153.140467,7.70
-26.684056,153.140465,6.30
-26.682476,153.140463,3.46
-26.679993,153.140460,2.94
-26.677736,153.140457,6.66
-26.676156,153.140455,8.75
-26.674576,153.140202,12.63
-26.672995,153.140451,15.21
-26.671415,153.140449,17.36
-26.670964,153.140449,17.55
-26.668029,153.140445,17.27
-26.666449,153.140443,17.59
-26.664869,153.140441,17.73
-26.663289,153.140440,18.08
-26.661935,153.140438,18.25
-26.661032,153.140437,18.31
-26.658550,153.139680,18.10
-26.656743,153.140431,18.20
-26.656293,153.139426,18.19
-26.654713,153.138922,18.09
-26.652230,153.139421,17.91
-26.651552,153.139672,17.93
-26.649972,153.140172,17.69
-26.648392,153.139416,17.08
-26.645457,153.140418,17.42
-26.643651,153.140415,19.24
-26.642522,153.140414,19.82
-26.640491,153.140412,19.78
-26.638911,153.140410,21.11
-26.637331,153.140408,22.62
-26.636202,153.140406,23.46
-26.633945,153.140404,24.22
-26.633495,153.138896,24.32
-26.632141,153.138894,21.87
-26.630560,153.138893,19.72
-26.628980,153.138891,17.67
-26.625819,153.140394,19.64
-26.625593,153.140142,19.76
-26.622660,153.139385,17.72
-26.620853,153.140388,19.12
-26.619273,153.140386,20.02
-26.618144,153.140384,21.56
-26.617467,153.140383,20.84
-26.615888,153.138875,19.95
-26.612954,153.138871,19.58
-26.611598,153.140376,19.75
-26.609567,153.140123,20.11
-26.607986,153.140372,20.60
-26.606406,153.140370,21.18
-26.604601,153.139866,21.99
-26.603698,153.140367,22.88
-26.601666,153.140364,22.37
-26.599860,153.140111,22.49
-26.598280,153.140360,22.83
-26.596475,153.140107,23.57
-26.594894,153.140356,24.55
-26.594217,153.140355,24.97
-26.592411,153.140353,23.92
-26.590154,153.140350,24.17
-26.588574,153.140348,24.23
-26.586768,153.140346,24.26
-26.585188,153.140344,25.16
-26.584511,153.139841,25.11
-26.583382,153.140342,24.86
-26.580222,153.140338,25.54
-26.578642,153.140085,26.18
-26.577965,153.140084,26.65
-26.575933,153.140333,26.10
-26.573902,153.140330,26.34
-26.572096,153.140328,27.17
-26.571644,153.140328,27.13
-26.569838,153.140325,27.33
-26.568711,153.138818,25.80
-26.566001,153.140321,28.09
-26.563970,153.140318,28.03
-26.563067,153.139564,28.61
-26.560811,153.138808,29.13
-26.559681,153.139811,29.64
-26.557875,153.140311,28.32
-26.555845,153.139053,30.91
-26.554716,153.138801,31.21
-26.553135,153.140305,31.94
-26.551554,153.140303,31.91
-26.550877,153.140302,30.39
-26.548394,153.140299,29.88
-26.546815,153.139042,29.49
-26.544557,153.140044,28.44
-26.544331,153.140294,28.73
-26.542074,153.140292,27.23
-26.539817,153.140289,27.18
-26.538011,153.140287,27.24
-26.536431,153.140285,27.47
-26.536205,153.140284,27.25
-26.533949,153.139027,28.10
-26.533046,153.138775,27.16
-26.530336,153.140277,27.19
-26.528306,153.138769,26.16
-26.527853,153.139772,26.55
-26.525370,153.139769,25.76
-26.523339,153.139767,27.12
-26.521758,153.140267,28.52
-26.520856,153.139513,29.24
-26.518598,153.140263,27.07
-26.517921,153.140011,27.67
-26.515438,153.140259,27.41
-26.514311,153.138752,27.85
-26.512052,153.140255,27.87
-26.510698,153.140003,28.06
-26.508892,153.140251,28.35
-26.507086,153.140249,28.73
-26.505507,153.139244,29.13
-26.505281,153.139243,29.03
-26.502346,153.140243,28.28
-26.501443,153.139991,28.86
-26.498960,153.140239,29.05
-26.497379,153.140237,30.25
-26.495799,153.140235,31.63
-26.495574,153.140235,31.48
-26.493993,153.140233,29.23
-26.492415,153.138726,28.08
-26.489480,153.139224,27.37
-26.487673,153.140225,29.12
-26.486770,153.139974,29.75
-26.484513,153.139971,28.72
-26.482707,153.140219,29.13
-26.481579,153.139967,29.61
-26.479773,153.139463,30.09
-26.479322,153.138710,29.13
-26.476838,153.139962,27.86
-26.474581,153.140210,28.94
-26.473227,153.139957,30.89
-26.472775,153.140207,29.37
-26.469841,153.139451,28.27
-26.468260,153.140202,29.45
-26.466680,153.140200,31.43
-26.466454,153.140200,31.60
-26.464650,153.138693,29.19
-26.462843,153.140195,29.61
-26.460134,153.140192,29.13
-26.459231,153.139940,29.75
-26.457427,153.138684,30.01
-26.455845,153.139936,30.48
-26.454944,153.138681,28.27
-26.452685,153.139932,27.91
-26.450203,153.139177,30.02
-26.449300,153.139176,32.02
-26.447043,153.138672,31.95
-26.446138,153.140175,32.67
-26.445236,153.140174,32.32
-26.443655,153.140172,31.10
-26.442075,153.140170,29.26
-26.440045,153.138914,28.76
-26.438689,153.140166,27.76
-26.435982,153.138658,27.70
-26.433949,153.140160,30.51
-26.432370,153.138654,31.31
-26.430790,153.138652,32.06
-26.430564,153.138903,32.21
-26.428758,153.139653,29.68
-26.425823,153.140151,30.69
-26.425597,153.139900,30.57
-26.422662,153.140147,29.65
-26.421082,153.140145,30.48
-26.419728,153.140143,31.80
-26.419277,153.139641,32.22
-26.417470,153.140140,32.16
-26.415215,153.138634,30.31
-26.414310,153.139886,29.53
-26.412504,153.140134,28.09
-26.411151,153.139381,27.35
-26.409570,153.139630,26.03
-26.407087,153.139627,24.40
-26.404831,153.138872,26.04
-26.404154,153.138620,26.77
-26.401444,153.139870,26.76
-26.400090,153.139117,27.45
-26.398962,153.138865,28.47
-26.396703,153.139865,29.01
-26.396252,153.139864,29.84
-26.393544,153.139109,32.24
-26.392189,153.139107,32.65
-26.391513,153.138605,32.22
-26.389931,153.139857,29.74
-26.387224,153.138600,31.96
-26.385416,153.140102,32.09
-26.384288,153.139599,33.05
-26.382256,153.139847,32.96
-26.380450,153.140096,33.58
-26.380224,153.140096,33.54
-26.378419,153.139843,32.44
-26.375936,153.139339,30.53
-26.375259,153.139338,29.85
-26.372325,153.138582,31.22
-26.370744,153.140084,33.26
-26.370067,153.139331,33.64
-26.367583,153.140080,33.95
-26.367132,153.140080,33.68
-26.365552,153.140078,33.56
-26.362617,153.139824,32.98
-26.362391,153.140074,32.72
-26.360811,153.140072,30.73
-26.357652,153.139567,30.23
-26.356748,153.140067,32.24
-26.355619,153.140066,31.98
-26.354265,153.140064,30.89
-26.352685,153.139812,29.42
-26.349525,153.140059,31.70
-26.348847,153.140058,32.11
-26.347719,153.139555,31.24
-26.346140,153.138551,30.13
-26.343656,153.140051,30.15
-26.342301,153.140050,30.29
-26.339818,153.139796,29.66
-26.338239,153.139043,30.83
-26.336432,153.140043,30.94
-26.334852,153.139540,31.44
-26.334627,153.139540,31.48
-26.332144,153.138785,31.64
-26.331466,153.139536,31.55
-26.329886,153.140035,29.98
-26.327177,153.140032,29.99
-26.326500,153.140031,29.70
-26.324919,153.140029,29.35
-26.322662,153.140026,29.35
-26.320405,153.140023,29.49
-26.320179,153.140023,29.43
-26.318373,153.140021,29.36
-26.316567,153.140019,29.29
-26.315213,153.140017,29.23
-26.312054,153.138761,30.20
-26.312053,153.139262,29.91
-26.308892,153.140010,31.37
-26.308666,153.140009,31.07
-26.305733,153.139004,31.37
-26.304152,153.140004,32.51
-26.303023,153.140003,32.62
-26.301894,153.140001,32.66
-26.299186,153.139998,32.76
-26.297605,153.139996,33.16
-26.296702,153.139995,33.31
-26.295574,153.139994,32.94
-26.292639,153.139990,32.94
-26.291511,153.139989,33.14
-26.290833,153.139988,32.92
-26.287673,153.139984,33.07
-26.286093,153.139982,33.35
-26.284513,153.139980,33.56
-26.282933,153.139978,34.04
-26.282481,153.139978,34.25
-26.280901,153.139976,33.51
-26.277967,153.139722,33.74
-26.277064,153.139220,34.07
-26.276160,153.139970,33.49
-26.274355,153.139968,33.66
-26.271420,153.139965,33.83
-26.271420,153.139714,33.63
-26.268260,153.139710,33.72
-26.266905,153.139959,34.01
-26.266454,153.139959,33.72
-26.263519,153.139955,33.90
-26.262390,153.139954,34.05
-26.260585,153.139952,33.89
-26.259908,153.139450,33.37
-26.256973,153.139947,33.74
-26.256747,153.139947,34.01
-26.253812,153.139944,33.46
-26.252684,153.139692,33.63
-26.250652,153.139940,34.09
-26.248846,153.139938,34.44
-26.248620,153.139937,34.47
-26.246137,153.139934,33.80
-26.244106,153.139682,34.39
-26.242300,153.139429,34.67
-26.242074,153.139429,34.54
-26.239817,153.139176,34.30
-26.237786,153.138923,34.63
-26.236432,153.138671,34.41
-26.235077,153.138670,34.18
-26.233046,153.138417,33.70
-26.183609,153.138358,32.35
-26.165775,153.139338,32.30
-26.165549,153.139338,32.47
-26.163969,153.139086,32.03
-26.161486,153.138833,31.80
-26.159455,153.138580,31.89
-26.159229,153.138580,31.89
-26.156972,153.138327,31.59
-26.149069,153.139818,31.89
-26.147038,153.139816,31.91
-26.145006,153.139814,31.72
-26.143651,153.139812,31.57
-26.141846,153.139810,31.28
-26.141168,153.139809,31.35
-26.139362,153.139807,31.23
-26.137782,153.139805,31.06
-26.136202,153.139803,30.86
-26.134848,153.139801,30.60
-26.133042,153.139799,30.48
-26.131010,153.139797,30.34
-26.128753,153.139794,30.41
-26.128301,153.139794,30.38
-26.126269,153.139791,30.12
-26.124238,153.139789,29.91
-26.122657,153.139787,29.82
-26.121755,153.139536,29.75
-26.118820,153.139782,29.43
-26.118594,153.139782,29.51
-26.116562,153.139780,29.10
-26.114982,153.139778,28.67
-26.113402,153.139776,28.77
-26.112048,153.139774,28.38
-26.110467,153.139772,28.02
-26.108887,153.139771,27.96
-26.106178,153.139767,27.81
-26.105275,153.139766,27.71
-26.103921,153.139765,27.56
-26.102341,153.139763,27.26
-26.100760,153.139761,27.18
-26.098277,153.139758,27.08
-26.096246,153.139756,27.03
-26.094891,153.139754,27.11
-26.093762,153.139753,26.70
-26.092182,153.139751,26.53
-26.090602,153.139749,25.84
-26.088345,153.139496,25.45
-26.087667,153.139745,25.40
-26.086087,153.139743,25.17
-26.084281,153.139741,25.02
-26.082024,153.139739,24.23
-26.081121,153.139738,24.02
-26.078412,153.139734,23.57
-26.077960,153.139734,23.37
-26.076380,153.139732,22.82
-26.074574,153.139730,21.97
-26.072994,153.139728,21.54
-26.071414,153.139726,20.96
-26.069834,153.139724,20.32
-26.068253,153.139722,19.51
-26.066447,153.139720,18.60
-26.064867,153.139718,17.52
-26.063287,153.139716,16.72
-26.061707,153.139715,15.93
-26.059901,153.139712,14.77
-26.057643,153.139710,14.02
-26.056063,153.139708,13.21
-26.055160,153.139707,11.62
-26.053580,153.139705,10.25
-26.051774,153.139703,8.85
-26.050194,153.139701,7.17
-26.048614,153.139699,4.92
-26.046583,153.138697,4.50
-26.044099,153.139694,4.58
-26.043873,153.139693,4.68
-26.042067,153.139691,2.25
-26.040035,153.139689,1.44
-26.038907,153.139688,0.07
-26.037101,153.139685,-1.03
-26.750869,153.141553,10.97
-26.749288,153.142305,12.19
-26.748386,153.141801,13.14
-26.747482,153.142303,13.02
-26.744548,153.142299,13.34
-26.742968,153.142297,13.33
-26.741162,153.142295,13.75
-26.740034,153.142293,14.30
-26.738002,153.142291,14.37
-26.736422,153.142289,14.63
-26.735068,153.142287,14.69
-26.734390,153.142286,14.86
-26.731456,153.142283,15.02
-26.731230,153.142283,15.08
-26.728296,153.142279,15.03
-26.726716,153.142277,15.28
-26.725136,153.142275,15.47
-26.723781,153.142273,15.63
-26.722653,153.142272,15.77
-26.721299,153.142270,15.80
-26.718816,153.142267,15.60
-26.717913,153.142266,15.61
-26.715204,153.142263,15.64
-26.713850,153.142261,15.71
-26.712721,153.142259,15.96
-26.710464,153.142257,16.79
-26.710012,153.142256,17.63
-26.708432,153.142254,15.67
-26.706852,153.142252,14.82
-26.703918,153.142249,15.83
-26.702563,153.142247,16.81
-26.702112,153.142246,16.19
-26.699178,153.142243,15.48
-26.697372,153.142240,15.75
-26.695792,153.142238,16.17
-26.695566,153.142238,16.04
-26.692406,153.142234,14.50
-26.691277,153.142233,16.05
-26.690600,153.142232,15.52
-26.689020,153.142230,14.02
-26.686537,153.142227,14.76
-26.685634,153.142226,13.57
-26.684054,153.142224,13.00
-26.682474,153.142222,11.03
-26.679540,153.142218,8.76
-26.678185,153.142217,9.73
-26.676154,153.141963,10.76
-26.674574,153.141458,13.64
-26.672994,153.142210,17.30
-26.671414,153.142208,18.41
-26.671188,153.142208,18.54
-26.668028,153.141953,17.42
-26.666448,153.142202,17.79
-26.664868,153.142200,17.96
-26.663288,153.141947,18.25
-26.661482,153.142196,18.55
-26.661031,153.141693,18.72
-26.659676,153.142194,18.22
-26.656969,153.140683,18.15
-26.656066,153.140933,18.18
-26.654711,153.140931,18.09
-26.652904,153.142185,17.85
-26.651324,153.142183,17.77
-26.649970,153.142182,17.62
-26.647035,153.142178,17.17
-26.645230,153.141925,18.27
-26.643649,153.142174,20.36
-26.642521,153.141419,20.58
-26.641618,153.142171,21.43
-26.639135,153.142168,23.15
-26.637780,153.142167,24.01
-26.637104,153.141412,23.52
-26.634170,153.140906,24.36
-26.633719,153.140655,23.71
-26.632139,153.140653,21.16
-26.630559,153.140651,18.91
-26.627397,153.141903,17.46
-26.626044,153.141147,20.83
-26.625592,153.141147,19.90
-26.622657,153.142148,17.94
-26.620852,153.141643,19.45
-26.619271,153.141892,20.38
-26.617917,153.141389,22.14
-26.617466,153.141388,21.25
-26.615886,153.141386,19.79
-26.612725,153.142136,19.77
-26.611145,153.142134,20.23
-26.609565,153.142132,20.68
-26.607985,153.142130,21.14
-26.606405,153.142128,21.70
-26.604599,153.142125,22.50
-26.603470,153.142124,23.21
-26.602341,153.142123,22.94
-26.599858,153.142120,23.00
-26.598278,153.142118,23.27
-26.596473,153.142115,24.07
-26.594892,153.142114,24.95
-26.593312,153.142112,25.49
-26.593087,153.142111,25.15
-26.590604,153.142108,24.53
-26.589024,153.142106,25.15
-26.586767,153.141852,24.50
-26.585412,153.141851,25.41
-26.584735,153.142101,25.50
-26.582026,153.142098,25.35
-26.580446,153.142096,25.84
-26.578640,153.142093,26.58
-26.577963,153.141842,26.89
-26.575480,153.142090,26.78
-26.574577,153.142088,27.48
-26.572771,153.141835,28.00
-26.572095,153.140579,27.62
-26.569838,153.140576,27.07
-26.568257,153.141579,26.05
-26.565774,153.141576,29.37
-26.565549,153.141324,29.32
-26.563968,153.141573,28.01
-26.560808,153.142071,27.72
-26.559229,153.140814,29.21
-26.559003,153.140814,28.53
-26.556069,153.140560,29.93
-26.554263,153.140808,30.73
-26.552682,153.141057,32.14
-26.551327,153.142060,33.06
-26.550424,153.142059,32.56
-26.549295,153.142057,31.44
-26.547715,153.142055,29.96
-26.545910,153.142053,28.65
-26.544105,153.140796,28.93
-26.542298,153.142049,28.04
-26.539816,153.140791,27.29
-26.538011,153.140538,27.45
-26.536655,153.141791,28.28
-26.536204,153.141288,27.44
-26.534623,153.142039,27.14
-26.531689,153.142036,26.27
-26.529884,153.141281,27.34
-26.529657,153.141782,27.03
-26.527852,153.140776,26.54
-26.526497,153.141527,25.69
-26.523337,153.141774,27.77
-26.521757,153.141772,28.62
-26.520855,153.140517,28.94
-26.518596,153.142019,27.51
-26.517693,153.142018,27.92
-26.515211,153.141764,27.78
-26.513630,153.142013,28.11
-26.512953,153.142013,28.17
-26.510470,153.141759,28.40
-26.509116,153.142008,28.66
-26.507310,153.142006,29.08
-26.506182,153.141502,29.35
-26.505278,153.142003,29.01
-26.502344,153.141999,28.64
-26.501667,153.141748,29.05
-26.498958,153.141995,29.30
-26.497378,153.141993,30.47
-26.495799,153.140988,31.73
-26.495347,153.141489,32.37
-26.493993,153.140986,29.38
-26.492413,153.140482,27.75
-26.489477,153.141984,27.80
-26.487672,153.141731,29.39
-26.486995,153.140726,29.58
-26.484511,153.141727,28.98
-26.482931,153.141976,29.62
-26.481577,153.141974,30.25
-26.480448,153.141722,30.50
-26.478868,153.141971,28.74
-26.476610,153.141968,28.20
-26.474579,153.141965,29.58
-26.473225,153.141964,31.40
-26.472773,153.141963,30.08
-26.469839,153.141960,28.30
-26.468259,153.141456,29.65
-26.466679,153.140952,31.82
-26.466454,153.140451,31.32
-26.464647,153.141201,29.05
-26.463067,153.141199,29.41
-26.460132,153.141948,29.64
-26.458328,153.140441,30.20
-26.457875,153.141694,30.35
-26.456070,153.140689,30.38
-26.454941,153.140938,28.16
-26.452006,153.141938,29.54
-26.450200,153.141935,31.31
-26.448620,153.141683,32.75
-26.447943,153.141933,33.26
-26.446138,153.140677,32.98
-26.445234,153.141929,32.56
-26.443654,153.141927,31.43
-26.441848,153.141925,29.87
-26.440268,153.141923,28.75
-26.438688,153.141921,28.22
-26.437107,153.141919,27.99
-26.433948,153.141414,30.70
-26.432367,153.141914,31.38
-26.430788,153.141160,31.95
-26.429660,153.140657,31.89
-26.428981,153.141909,32.07
-26.426047,153.141906,30.90
-26.425821,153.141404,30.85
-26.422661,153.141902,30.98
-26.421983,153.141901,32.15
-26.419728,153.140394,31.84
-26.418147,153.140392,32.01
-26.416566,153.141644,32.30
-26.415889,153.141893,30.99
-26.414309,153.141892,30.29
-26.412729,153.140887,29.02
-26.411150,153.140384,26.38
-26.409569,153.140632,25.99
-26.407086,153.140880,23.10
-26.406183,153.141130,23.21
-26.403249,153.140625,23.76
-26.401895,153.140372,26.62
-26.399863,153.140370,26.97
-26.398281,153.141872,27.43
-26.396703,153.140617,28.68
-26.395121,153.141868,30.23
-26.393317,153.140362,30.98
-26.391962,153.141112,32.58
-26.391284,153.141362,32.45
-26.389929,153.141862,31.92
-26.388124,153.141108,30.16
-26.385415,153.141104,32.88
-26.385190,153.140603,32.37
-26.382482,153.140349,32.85
-26.380674,153.141600,35.05
-26.380223,153.141349,34.95
-26.377965,153.141847,33.79
-26.377062,153.141846,32.54
-26.374579,153.141843,32.44
-26.372323,153.141088,32.54
-26.370742,153.141588,33.49
-26.370292,153.140334,33.61
-26.368035,153.140331,33.65
-26.365776,153.141832,34.28
-26.365550,153.141581,33.87
-26.362617,153.140575,33.20
-26.362391,153.140826,33.28
-26.360810,153.141325,31.01
-26.357876,153.140570,30.17
-26.356070,153.140818,32.71
-26.355392,153.141318,32.78
-26.354263,153.141818,31.94
-26.352683,153.141816,30.63
-26.349523,153.141812,32.54
-26.349071,153.141812,32.71
-26.347718,153.140307,31.40
-26.344557,153.141806,30.96
-26.343654,153.141805,32.20
-26.341848,153.141803,32.57
-26.341171,153.141802,31.27
-26.338236,153.141799,31.04
-26.336656,153.141797,31.60
-26.335302,153.141795,31.84
-26.333270,153.141793,31.93
-26.332818,153.141792,32.02
-26.331464,153.141790,31.23
-26.328530,153.141787,30.55
-26.326949,153.141785,31.46
-26.326498,153.141784,31.25
-26.324918,153.141782,30.30
-26.321983,153.141779,30.19
-26.321757,153.141779,30.21
-26.318823,153.141775,30.23
-26.318371,153.141774,30.20
-26.315663,153.141771,30.52
-26.315211,153.141771,30.42
-26.313631,153.141769,29.96
-26.310922,153.141765,30.30
-26.308891,153.141011,32.20
-26.308665,153.141512,32.22
-26.307085,153.141761,31.59
-26.304150,153.141757,33.26
-26.302344,153.141755,33.48
-26.302118,153.141755,33.41
-26.299410,153.141751,33.36
-26.297604,153.141749,33.60
-26.295798,153.141747,33.94
-26.295798,153.141497,33.94
-26.292637,153.141743,33.66
-26.291509,153.141742,33.87
-26.290832,153.141741,33.36
-26.287672,153.141487,33.67
-26.286317,153.141735,34.08
-26.284962,153.141734,34.12
-26.282931,153.141231,34.27
-26.282706,153.141230,34.36
-26.279545,153.141727,34.09
-26.279093,153.141727,34.17
-26.276836,153.141724,34.42
-26.275256,153.141722,34.25
-26.274127,153.141721,34.49
-26.271644,153.141718,34.45
-26.271418,153.141717,34.37
-26.268484,153.141714,34.41
-26.266678,153.141712,34.52
-26.266452,153.141711,34.49
-26.263292,153.141707,34.41
-26.262163,153.141706,34.58
-26.261034,153.141705,34.83
-26.258551,153.141451,34.12
-26.257874,153.141451,34.66
-26.256747,153.140197,34.11
-26.253811,153.140945,34.23
-26.252683,153.140944,34.39
-26.250651,153.140691,34.60
-26.249749,153.140439,34.82
-26.248620,153.140438,35.17
-26.247040,153.140186,33.62
-26.147939,153.141568,32.66
-26.147036,153.141567,32.95
-26.145456,153.141565,32.98
-26.143424,153.141562,33.10
-26.142973,153.141562,32.52
-26.140264,153.141559,32.65
-26.139135,153.141557,32.43
-26.138006,153.141556,32.01
-26.136426,153.141554,31.94
-26.133266,153.141550,31.27
-26.133040,153.141550,31.36
-26.130783,153.141297,31.16
-26.128526,153.141044,31.14
-26.128300,153.141044,31.10
-26.126043,153.140791,30.66
-26.124237,153.140539,30.30
-26.121980,153.140036,30.08
-26.121754,153.140036,29.98
-26.119045,153.140533,29.98
-26.118367,153.140782,29.88
-26.116561,153.141530,29.95
-26.113852,153.141527,29.54
-26.113626,153.141527,29.60
-26.111594,153.141524,29.43
-26.109563,153.141522,29.36
-26.108885,153.141521,28.95
-26.107080,153.141519,28.62
-26.105048,153.141516,28.54
-26.103919,153.141515,28.46
-26.102339,153.141513,28.20
-26.100307,153.141510,28.13
-26.097598,153.141507,27.78
-26.096470,153.141506,27.87
-26.095792,153.141505,27.74
-26.094212,153.141503,27.34
-26.092632,153.141501,27.09
-26.089472,153.141497,26.40
-26.089246,153.141497,26.34
-26.087440,153.141495,26.27
-26.084957,153.141492,26.14
-26.082925,153.141490,25.62
-26.082699,153.141489,25.65
-26.081119,153.141487,25.35
-26.079087,153.141485,24.97
-26.077733,153.141483,24.57
-26.076153,153.141481,24.26
-26.073895,153.141479,23.90
-26.071638,153.141476,23.20
-26.071412,153.141476,22.72
-26.069832,153.141224,22.05
-26.068026,153.141472,21.52
-26.066446,153.141470,20.94
-26.064866,153.141468,20.28
-26.063285,153.141466,19.44
-26.061705,153.141464,18.54
-26.059899,153.141462,17.40
-26.058319,153.141460,16.71
-26.056739,153.141458,15.55
-26.054933,153.141456,15.01
-26.053353,153.141454,13.93
-26.051547,153.141452,12.69
-26.050192,153.141450,11.47
-26.048612,153.141448,9.83
-26.047032,153.141446,8.61
-26.045452,153.141445,6.57
-26.043421,153.139943,4.66
-26.042066,153.140441,4.54
-26.039808,153.141438,4.73
-26.038905,153.141437,4.14
-26.036874,153.141184,1.70
-26.035519,153.141433,1.33
-26.033713,153.141181,-1.01
-26.749286,153.144065,13.09
-26.748383,153.144315,13.40
-26.746803,153.144313,16.54
-26.745900,153.144312,16.51
-26.744320,153.144310,15.13
-26.741160,153.144306,15.35
-26.739580,153.144304,15.83
-26.738226,153.144302,15.86
-26.736646,153.144300,16.03
-26.735066,153.144298,16.20
-26.734163,153.144297,16.24
-26.731680,153.144294,16.45
-26.731229,153.144042,16.65
-26.728520,153.144290,16.56
-26.726940,153.144288,16.72
-26.725134,153.144035,16.89
-26.723779,153.144284,17.17
-26.722877,153.144283,17.28
-26.721297,153.144281,17.30
-26.719265,153.144278,17.28
-26.716782,153.144275,17.37
-26.715202,153.144273,17.57
-26.713622,153.144271,17.71
-26.712042,153.144269,17.79
-26.710237,153.143764,18.21
-26.710011,153.143261,18.24
-26.707979,153.144264,17.19
-26.705496,153.144261,17.41
-26.704142,153.144259,17.77
-26.703465,153.144007,17.98
-26.702110,153.144006,17.48
-26.699176,153.144253,17.55
-26.697370,153.144000,18.56
-26.696693,153.143747,19.10
-26.695338,153.144248,18.15
-26.693081,153.144245,17.37
-26.691501,153.144243,18.34
-26.690598,153.144242,17.71
-26.689018,153.144240,16.52
-26.686535,153.144237,17.56
-26.684278,153.144234,16.87
-26.682698,153.143730,16.79
-26.682472,153.144232,17.97
-26.679989,153.144229,13.95
-26.679312,153.144228,13.79
-26.677055,153.144225,12.45
-26.674572,153.143720,16.82
-26.672992,153.143466,19.03
-26.671412,153.144218,19.34
-26.671186,153.143715,19.22
-26.668026,153.143963,17.68
-26.666671,153.144212,18.05
-26.664866,153.143959,18.25
-26.663511,153.144208,18.53
-26.661705,153.144206,18.82
-26.660125,153.144204,19.06
-26.659448,153.144203,19.08
-26.658094,153.144201,18.37
-26.656288,153.144199,18.19
-26.654482,153.143946,18.17
-26.653354,153.143693,18.06
-26.651548,153.143440,17.91
-26.649969,153.142935,17.78
-26.647710,153.144188,17.91
-26.645228,153.143934,19.75
-26.643649,153.142927,20.78
-26.642294,153.143428,21.66
-26.640487,153.144179,23.77
-26.639134,153.142922,23.92
-26.637780,153.142418,24.02
-26.637102,153.143422,23.85
-26.634394,153.142414,24.09
-26.633717,153.142413,22.70
-26.632137,153.142411,19.98
-26.630557,153.142409,18.02
-26.627396,153.143158,17.62
-26.625816,153.142905,20.60
-26.625591,153.142654,19.87
-26.622655,153.143906,18.89
-26.621300,153.144155,19.80
-26.619271,153.142395,20.35
-26.618368,153.142394,20.99
-26.617463,153.144150,19.76
-26.614529,153.143896,19.75
-26.612949,153.143894,20.15
-26.611143,153.143891,20.78
-26.610014,153.144141,21.17
-26.607983,153.143887,21.66
-26.606403,153.143885,22.29
-26.605274,153.144135,23.19
-26.603017,153.143881,23.33
-26.602114,153.144131,23.37
-26.599856,153.144128,23.54
-26.598276,153.144126,23.76
-26.596471,153.144124,24.53
-26.594891,153.143871,25.18
-26.593310,153.144120,25.85
-26.592859,153.143617,26.15
-26.590150,153.144116,25.27
-26.589247,153.144115,26.20
-26.587893,153.144113,24.98
-26.585184,153.144110,25.87
-26.584959,153.143859,25.77
-26.582024,153.143855,25.93
-26.580219,153.143602,26.38
-26.578864,153.144102,27.02
-26.578187,153.144101,27.19
-26.575480,153.142341,26.86
-26.574577,153.142339,27.30
-26.572319,153.142588,27.62
-26.572093,153.142838,27.42
-26.568933,153.143337,27.30
-26.567352,153.143837,28.53
-26.566900,153.144087,29.69
-26.565321,153.142830,29.44
-26.563967,153.142577,27.41
-26.560807,153.142573,27.70
-26.559226,153.143827,28.96
-26.559000,153.144077,28.69
-26.555841,153.142818,29.24
-26.554261,153.142314,30.54
-26.552681,153.142814,31.78
-26.551101,153.142812,33.17
-26.550197,153.143313,33.75
-26.549293,153.144065,33.57
-26.547713,153.144063,30.93
-26.545456,153.144060,29.34
-26.543650,153.144058,30.30
-26.542748,153.143806,29.42
-26.539588,153.143551,27.83
-26.539362,153.143802,27.96
-26.537105,153.143548,28.92
-26.536201,153.143798,27.86
-26.534623,153.142290,27.20
-26.533041,153.143543,26.62
-26.530334,153.142536,27.44
-26.529204,153.143538,27.03
-26.527849,153.144038,26.54
-26.525592,153.143785,26.08
-26.523336,153.142778,27.63
-26.521756,153.142274,28.67
-26.521531,153.142274,28.25
-26.518596,153.142521,27.62
-26.517014,153.143774,28.05
-26.516337,153.143773,28.13
-26.513628,153.143770,28.27
-26.512500,153.143768,28.52
-26.510694,153.143515,28.58
-26.508888,153.143764,28.87
-26.507083,153.143511,29.30
-26.506405,153.143761,29.57
-26.505278,153.142505,29.04
-26.502793,153.144007,28.90
-26.501666,153.142250,29.14
-26.498956,153.144002,29.44
-26.497377,153.142244,30.48
-26.495797,153.142242,31.84
-26.495346,153.142242,32.27
-26.493990,153.143996,29.27
-26.490830,153.143992,28.14
-26.489475,153.143990,28.86
-26.487670,153.143487,29.53
-26.486992,153.143987,29.83
-26.485412,153.143985,29.53
-26.482704,153.143480,29.97
-26.481124,153.143228,30.87
-26.480898,153.143478,30.99
-26.478641,153.143225,28.96
-26.476383,153.143974,28.60
-26.474578,153.142969,29.66
-26.473224,153.142215,31.27
-26.472773,153.142214,30.25
-26.471191,153.143717,28.69
-26.468258,153.142459,29.54
-26.467130,153.142207,31.15
-26.466452,153.142206,30.36
-26.464646,153.142706,29.50
-26.462613,153.143957,29.40
-26.460130,153.143703,30.52
-26.459453,153.143953,30.90
-26.458099,153.143951,30.65
-26.456519,153.143197,29.79
-26.453584,153.143695,29.19
-26.452004,153.143693,30.71
-26.450199,153.143189,32.62
-26.449746,153.143941,33.26
-26.447265,153.142433,33.14
-26.445910,153.142933,33.59
-26.445233,153.143183,33.03
-26.443653,153.142429,31.45
-26.442073,153.142427,30.12
-26.439589,153.143928,30.08
-26.438460,153.143927,29.79
-26.437105,153.143925,28.93
-26.433947,153.142166,30.78
-26.432365,153.143919,31.87
-26.430785,153.143917,32.34
-26.430559,153.143917,32.41
-26.428528,153.143664,32.84
-26.426046,153.142909,31.01
-26.425819,153.143661,30.96
-26.422659,153.143155,32.40
-26.421530,153.143655,33.46
-26.420853,153.143905,32.71
-26.418371,153.142649,31.85
-26.416790,153.143148,32.30
-26.414984,153.143647,31.74
-26.414307,153.143897,31.38
-26.412726,153.143895,30.35
-26.411146,153.143893,27.66
-26.409566,153.143891,26.22
-26.407761,153.143638,23.81
-26.405503,153.143886,23.92
-26.403246,153.143883,24.47
-26.402569,153.142880,24.95
-26.399861,153.142626,26.07
-26.398281,153.142123,27.41
-26.396700,153.143374,30.43
-26.395345,153.143372,31.05
-26.393314,153.143620,32.55
-26.392185,153.143118,32.91
-26.390153,153.143867,32.50
-26.389703,153.142613,32.46
-26.386993,153.143863,33.29
-26.386090,153.143611,33.47
-26.383833,153.143859,32.46
-26.382027,153.143606,34.24
-26.381575,153.143606,34.14
-26.378867,153.143101,34.77
-26.378190,153.142850,35.26
-26.375481,153.143598,34.36
-26.374803,153.143848,34.35
-26.372546,153.143845,33.98
-26.371869,153.143844,34.48
-26.370288,153.143842,33.34
-26.368710,153.142086,33.16
-26.365775,153.142584,34.54
-26.365548,153.143586,34.69
-26.362615,153.142330,31.96
-26.361485,153.143581,33.09
-26.360808,153.143330,31.66
-26.357648,153.143576,30.41
-26.356067,153.143574,31.86
-26.354489,153.142069,32.53
-26.353359,153.143320,32.89
-26.352681,153.143570,32.20
-26.349521,153.143566,32.92
-26.348844,153.143565,33.82
-26.347716,153.143313,31.69
-26.344555,153.143560,32.44
-26.343426,153.143809,33.40
-26.341395,153.143556,33.05
-26.340717,153.143555,32.99
-26.338460,153.143803,32.76
-26.336880,153.143801,32.51
-26.336203,153.143800,32.56
-26.333719,153.143797,32.66
-26.332592,153.142543,32.70
-26.331464,153.142041,31.31
-26.328753,153.143791,31.68
-26.327173,153.143789,33.23
-26.326496,153.143788,32.08
-26.324916,153.143536,31.26
-26.322207,153.143783,30.87
-26.320176,153.143530,31.21
-26.319272,153.143779,31.91
-26.318369,153.143778,31.18
-26.315886,153.143775,30.80
-26.315211,153.142272,30.77
-26.312275,153.143520,30.54
-26.310469,153.143518,31.75
-26.310017,153.143518,32.18
-26.307986,153.143765,33.25
-26.305729,153.143262,32.63
-26.303923,153.143260,33.77
-26.303019,153.143759,34.21
-26.301891,153.143508,34.13
-26.299633,153.143755,33.99
-26.298053,153.143753,33.99
-26.295796,153.143750,34.14
-26.294893,153.143749,34.24
-26.293313,153.143747,34.29
-26.292185,153.143245,34.33
-26.289475,153.143492,33.91
-26.288346,153.143741,34.33
-26.286089,153.143738,34.74
-26.284960,153.143737,34.97
-26.283606,153.143735,35.04
-26.281800,153.143483,34.89
-26.280220,153.143731,34.98
-26.279543,153.143480,34.80
-26.276834,153.143727,34.87
-26.275479,153.143725,35.16
-26.274577,153.143724,35.40
-26.272319,153.143471,35.23
-26.271191,153.143219,35.17
-26.268257,153.142965,35.02
-26.268031,153.142965,35.02
-26.266451,153.142713,35.07
-26.264420,153.142460,34.63
-26.261937,153.141956,34.92
-26.261034,153.141955,35.08
-26.148388,153.143569,33.98
-26.146357,153.143317,34.70
-26.146131,153.143317,34.42
-26.143648,153.143063,34.31
-26.142971,153.142812,33.62
-26.139811,153.142558,33.52
-26.139585,153.142558,33.39
-26.136651,153.142054,32.35
-26.136426,153.142054,32.51
-26.133717,153.141801,31.63
-26.116560,153.141780,30.16
-26.114076,153.143027,30.74
-26.112270,153.143525,31.01
-26.111592,153.143524,30.93
-26.110464,153.143523,30.74
-26.108206,153.143520,30.39
-26.107078,153.143269,30.01
-26.105046,153.143516,29.86
-26.103466,153.143514,29.46
-26.101660,153.143512,29.59
-26.100757,153.143261,29.34
-26.098951,153.143259,28.92
-26.097371,153.143507,28.77
-26.095790,153.143505,28.70
-26.094210,153.143503,28.29
-26.092630,153.143501,28.11
-26.090147,153.143498,27.62
-26.089244,153.143497,27.43
-26.087664,153.143495,27.27
-26.086083,153.143493,27.05
-26.084503,153.143491,26.74
-26.082697,153.143489,26.54
-26.080440,153.143486,26.07
-26.078634,153.143484,26.06
-26.077054,153.143482,25.82
-26.076151,153.143481,25.63
-26.074571,153.143479,25.62
-26.072313,153.143476,24.73
-26.071184,153.143475,24.40
-26.069604,153.143473,24.29
-26.068250,153.143222,23.70
-26.066444,153.143469,22.97
-26.064638,153.143467,22.23
-26.063058,153.143465,21.86
-26.061477,153.143463,21.21
-26.059897,153.143461,20.45
-26.058317,153.143459,19.58
-26.056511,153.143457,18.37
-26.054931,153.143455,17.43
-26.053351,153.143453,16.41
-26.051770,153.143451,15.30
-26.049739,153.143449,14.27
-26.048610,153.143198,13.64
-26.046578,153.143445,13.26
-26.044998,153.143443,11.19
-26.043418,153.143441,9.79
-26.041838,153.143439,8.34
-26.040257,153.143437,6.04
-26.038453,153.141936,4.76
-26.036872,153.142434,4.61
-26.035517,153.143182,4.67
-26.033485,153.143429,3.26
-26.031905,153.143427,1.27
-26.030776,153.143176,1.39
-26.028745,153.143174,-1.12
-26.749962,153.145826,13.41
-26.747705,153.145069,15.00
-26.746352,153.144313,16.81
-26.745900,153.144563,16.80
-26.742964,153.146068,15.98
-26.742513,153.146068,16.01
-26.739578,153.146064,16.48
-26.737998,153.146062,16.69
-26.736644,153.146060,16.86
-26.735515,153.146059,16.91
-26.733032,153.146056,16.98
-26.731678,153.146054,17.12
-26.730098,153.146052,17.19
-26.728744,153.146050,17.32
-26.726487,153.145796,17.43
-26.724906,153.146045,17.71
-26.723552,153.146043,17.82
-26.721746,153.146041,17.94
-26.720166,153.146039,18.01
-26.718586,153.146037,18.06
-26.717232,153.146035,18.19
-26.715200,153.146033,18.21
-26.714523,153.146032,18.39
-26.712266,153.146029,18.36
-26.710686,153.146027,18.41
-26.710234,153.146026,18.41
-26.707074,153.146022,18.25
-26.705720,153.146021,18.34
-26.704591,153.146019,18.37
-26.703463,153.146018,18.35
-26.701431,153.146015,18.36
-26.699626,153.145762,18.12
-26.697370,153.144251,18.68
-26.697144,153.144251,19.00
-26.694208,153.146006,18.93
-26.692628,153.146004,19.57
-26.692177,153.145752,18.95
-26.690145,153.145498,18.67
-26.687662,153.145998,18.33
-26.687210,153.145997,18.73
-26.684502,153.145994,18.46
-26.683599,153.145992,18.56
-26.681567,153.145990,18.38
-26.680213,153.145988,17.84
-26.679310,153.145987,16.14
-26.676150,153.145983,15.66
-26.675021,153.145982,16.72
-26.673217,153.144974,19.28
-26.672313,153.145727,19.45
-26.670959,153.144971,19.46
-26.668024,153.145973,18.23
-26.666670,153.145971,18.50
-26.664864,153.145969,18.70
-26.663284,153.145967,18.89
-26.661930,153.145714,18.99
-26.659900,153.144204,19.08
-26.659448,153.144454,19.05
-26.658092,153.145709,18.66
-26.656286,153.145958,18.36
-26.654932,153.145454,18.21
-26.653353,153.144698,18.03
-26.651547,153.144444,17.83
-26.648612,153.145948,18.18
-26.647032,153.145695,19.34
-26.645452,153.145190,20.48
-26.643646,153.145942,21.28
-26.643194,153.145941,21.66
-26.640487,153.144431,23.52
-26.640261,153.144430,23.79
-26.637101,153.144677,22.22
-26.635745,153.145680,23.95
-26.634844,153.144423,23.59
-26.633715,153.144171,21.58
-26.632135,153.144169,18.63
-26.628974,153.145672,16.84
-26.627395,153.144163,17.54
-26.625813,153.145919,17.97
-26.624233,153.145917,18.63
-26.622653,153.145915,20.23
-26.622427,153.145915,20.35
-26.620847,153.145913,20.24
-26.618592,153.144152,20.25
-26.616559,153.145405,20.08
-26.614527,153.145905,20.20
-26.612947,153.145903,20.71
-26.611141,153.145900,21.24
-26.609561,153.145898,21.73
-26.607981,153.145896,22.19
-26.606401,153.145894,22.98
-26.605498,153.145893,23.65
-26.603015,153.145388,23.52
-26.601660,153.145888,23.69
-26.600080,153.145886,23.83
-26.598275,153.145884,24.23
-26.596469,153.145882,24.94
-26.594889,153.145880,25.56
-26.593309,153.145878,26.29
-26.592857,153.145877,26.46
-26.590148,153.145874,26.04
-26.589245,153.145873,27.02
-26.588343,153.145369,25.60
-26.585182,153.145867,26.05
-26.583602,153.145865,26.18
-26.582248,153.145864,26.35
-26.580217,153.145610,26.86
-26.578862,153.145859,27.46
-26.578411,153.145859,27.30
-26.576379,153.145856,27.08
-26.573896,153.145853,27.38
-26.572993,153.145852,27.56
-26.570510,153.145849,27.36
-26.568930,153.145847,28.66
-26.567350,153.145845,31.05
-26.566898,153.145844,31.70
-26.565546,153.144336,28.92
-26.562836,153.145337,27.53
-26.561255,153.145837,28.06
-26.559224,153.145584,29.26
-26.558998,153.145583,29.25
-26.555838,153.145830,28.99
-26.554259,153.144322,30.05
-26.552679,153.144320,31.23
-26.551098,153.145071,33.23
-26.549970,153.144568,34.25
-26.549293,153.144567,33.68
-26.547712,153.145318,31.79
-26.544551,153.145816,30.70
-26.543648,153.145815,31.80
-26.542746,153.145814,30.22
-26.541165,153.145812,28.59
-26.538005,153.145808,28.88
-26.537554,153.145807,29.55
-26.536200,153.145053,28.76
-26.534619,153.145803,27.88
-26.533039,153.145551,27.13
-26.530332,153.144292,26.93
-26.528525,153.145545,27.40
-26.527396,153.145794,26.92
-26.526268,153.145542,26.32
-26.523333,153.145789,27.20
-26.521755,153.144031,28.04
-26.521528,153.144783,28.04
-26.519270,153.145784,27.99
-26.517013,153.144778,28.13
-26.516788,153.144025,28.21
-26.513626,153.145777,28.52
-26.512272,153.145775,28.77
-26.511369,153.145523,28.70
-26.508886,153.145771,28.97
-26.507081,153.145518,29.52
-26.505726,153.145265,29.82
-26.505275,153.145014,29.30
-26.502340,153.145261,28.91
-26.501211,153.145761,29.06
-26.499180,153.145257,29.42
-26.497375,153.144251,30.24
-26.495795,153.144249,31.11
-26.495118,153.143998,31.54
-26.493989,153.144749,29.77
-26.490828,153.145748,28.82
-26.490151,153.145496,29.14
-26.487669,153.144239,29.36
-26.486539,153.145743,30.03
-26.484733,153.145740,30.17
-26.482927,153.145738,30.39
-26.481123,153.144231,30.45
-26.480897,153.143980,30.59
-26.478865,153.144479,28.77
-26.476381,153.145730,29.15
-26.474576,153.145226,29.95
-26.473222,153.144221,30.75
-26.472770,153.144722,30.84
-26.470963,153.145723,29.29
-26.468255,153.145469,29.40
-26.466449,153.145717,30.58
-26.466223,153.145717,30.70
-26.463740,153.145463,29.57
-26.461709,153.145461,30.28
-26.460128,153.145709,31.17
-26.459000,153.145708,31.71
-26.458324,153.144203,30.85
-26.456517,153.145705,29.92
-26.453582,153.145450,30.71
-26.452002,153.145699,31.52
-26.450648,153.144945,33.98
-26.449972,153.144443,33.96
-26.447036,153.145191,32.78
-26.445683,153.144438,33.55
-26.445231,153.144688,33.15
-26.442747,153.145688,31.02
-26.442071,153.144433,30.46
-26.439587,153.145684,31.09
-26.438459,153.144679,30.37
-26.437104,153.145179,29.67
-26.433944,153.145175,30.15
-26.432363,153.145675,32.76
-26.430783,153.145673,34.35
-26.430557,153.145672,33.84
-26.428978,153.144667,32.95
-26.426946,153.145668,31.39
-26.424237,153.145664,30.74
-26.422657,153.145412,33.52
-26.422432,153.145161,34.38
-26.419948,153.145659,33.18
-26.419271,153.145658,33.01
-26.416112,153.144651,32.30
-26.414982,153.145653,32.93
-26.414079,153.145652,32.39
-26.412726,153.144146,30.51
-26.410467,153.145647,28.95
-26.409564,153.145646,27.13
-26.407758,153.145644,25.90
-26.406180,153.144388,25.16
-26.403245,153.144385,25.07
-26.402794,153.144133,25.20
-26.399859,153.144380,25.72
-26.398729,153.145632,28.68
-26.396699,153.144627,29.85
-26.395345,153.143874,30.61
-26.393313,153.144623,32.35
-26.392184,153.144872,33.47
-26.391506,153.145122,32.90
-26.389702,153.143867,32.60
-26.386992,153.144364,33.65
-26.385863,153.145115,34.22
-26.384508,153.145614,33.97
-26.382702,153.145612,34.34
-26.381801,153.143857,34.18
-26.378866,153.144104,33.80
-26.377963,153.143852,34.20
-26.375480,153.144350,34.68
-26.375254,153.144600,34.74
-26.373221,153.145600,35.14
-26.371643,153.144095,34.54
-26.370513,153.144845,34.24
-26.368708,153.144342,32.85
-26.365774,153.144087,34.46
-26.365322,153.144588,34.74
-26.363967,153.144837,32.29
-26.361032,153.145585,34.78
-26.360580,153.145585,33.54
-26.358774,153.145582,31.84
-26.356066,153.144577,32.08
-26.355614,153.145578,31.99
-26.352907,153.143821,32.24
-26.352681,153.143821,32.26
-26.349520,153.144568,33.43
-26.349068,153.145069,34.20
-26.347714,153.145067,31.83
-26.344779,153.145565,33.41
-26.342973,153.145562,33.99
-26.342747,153.145562,33.99
-26.340264,153.145559,34.11
-26.338910,153.145557,34.23
-26.338007,153.145556,33.63
-26.334846,153.145552,33.44
-26.334621,153.145552,33.41
-26.333042,153.144297,32.34
-26.330332,153.145547,31.27
-26.328301,153.145043,32.87
-26.327623,153.145293,34.10
-26.326494,153.145542,32.70
-26.324914,153.145540,31.88
-26.322882,153.145537,31.31
-26.320174,153.145534,32.10
-26.319271,153.145533,33.60
-26.318368,153.145532,32.49
-26.316787,153.145530,31.69
-26.315208,153.145277,31.25
-26.312048,153.145023,31.19
-26.310693,153.145522,33.55
-26.309338,153.145520,33.17
-26.307984,153.145519,33.95
-26.306404,153.145517,34.13
-26.304372,153.145514,34.61
-26.302341,153.144760,34.52
-26.302115,153.145511,34.62
-26.300309,153.145509,34.48
-26.298503,153.145507,34.52
-26.296246,153.145504,34.62
-26.294214,153.145502,34.98
-26.292859,153.145500,35.12
-26.292408,153.145499,35.07
-26.289473,153.145496,35.12
-26.287668,153.145243,35.12
-26.286088,153.145241,35.61
-26.285862,153.145241,35.67
-26.284282,153.144988,35.66
-26.282025,153.144735,35.61
-26.279993,153.144482,35.48
-26.279317,153.144231,35.26
-26.276608,153.143977,35.10
-26.275028,153.143725,35.22
-26.274125,153.143724,35.23
-26.148614,153.143570,33.71
-26.147711,153.143569,33.75
-26.112269,153.143775,31.26
-26.110689,153.144273,31.62
-26.108882,153.145271,32.49
-26.108656,153.145271,32.18
-26.105947,153.145268,31.28
-26.105496,153.145267,31.16
-26.102787,153.145264,31.40
-26.102335,153.145263,31.19
-26.100529,153.145261,30.79
-26.098046,153.145258,29.93
-26.097369,153.145257,29.90
-26.095789,153.144755,29.32
-26.094208,153.145253,29.12
-26.092628,153.145251,28.87
-26.090822,153.145249,28.77
-26.088565,153.145246,28.60
-26.087662,153.145245,28.31
-26.086082,153.145243,28.09
-26.084276,153.145241,27.72
-26.082696,153.145239,27.28
-26.081115,153.145237,27.01
-26.079535,153.145235,26.86
-26.077955,153.145233,26.70
-26.075923,153.145231,26.78
-26.073214,153.145227,26.20
-26.072989,153.145227,26.26
-26.070731,153.145224,25.69
-26.069602,153.145223,25.78
-26.067345,153.145220,24.94
-26.065991,153.145218,24.88
-26.064862,153.145217,24.37
-26.063056,153.145215,23.70
-26.061701,153.145213,23.23
-26.060121,153.145211,22.68
-26.057864,153.145208,21.56
-26.056735,153.145207,21.08
-26.055155,153.145205,20.33
-26.053575,153.145203,19.19
-26.051994,153.145201,18.16
-26.050189,153.145199,17.16
-26.048608,153.145197,16.28
-26.047028,153.145195,15.54
-26.045222,153.145193,14.76
-26.043416,153.145191,13.70
-26.042062,153.145189,12.76
-26.040481,153.145187,11.04
-26.038901,153.145185,9.71
-26.037321,153.145183,7.88
-26.035515,153.145181,5.42
-26.033484,153.144179,4.55
-26.031000,153.145175,4.62
-26.030774,153.145175,4.61
-26.029194,153.145173,2.79
-26.027388,153.145171,1.82
-26.025809,153.144419,-1.11
-26.024002,153.145167,-1.13
-26.749284,153.146579,12.90
-26.747704,153.146326,12.98
-26.746123,153.147078,13.99
-26.744542,153.147830,15.79
-26.742962,153.147828,16.60
-26.742285,153.147827,16.55
-26.739577,153.147572,16.86
-26.737996,153.147822,17.02
-26.736642,153.147820,17.23
-26.734611,153.147817,17.41
-26.733708,153.147816,17.45
-26.731676,153.147813,17.66
-26.730548,153.147812,17.83
-26.728290,153.147809,17.85
-26.726485,153.147807,17.93
-26.725131,153.147302,18.06
-26.723324,153.147803,18.23
-26.721970,153.147550,18.27
-26.720164,153.147799,18.32
-26.718810,153.147797,18.40
-26.717456,153.147795,18.51
-26.715199,153.147541,18.69
-26.713618,153.147790,18.81
-26.713167,153.147790,18.76
-26.710458,153.147786,18.73
-26.709781,153.147785,18.76
-26.708427,153.147783,18.67
-26.705944,153.147529,18.61
-26.705267,153.147528,18.61
-26.703687,153.147275,18.51
-26.701656,153.147021,18.39
-26.700075,153.147773,18.26
-26.697366,153.147769,18.37
-26.695786,153.147767,18.75
-26.693981,153.147514,19.31
-26.692626,153.147763,20.06
-26.692175,153.147762,19.75
-26.689240,153.147759,18.79
-26.687886,153.147757,19.11
-26.686757,153.147756,19.48
-26.684274,153.147752,19.02
-26.683597,153.147500,19.30
-26.681114,153.147497,19.37
-26.679760,153.147746,19.51
-26.679083,153.147746,19.03
-26.676148,153.147742,19.32
-26.675020,153.147740,20.53
-26.672988,153.147738,19.43
-26.672537,153.147737,19.70
-26.670281,153.146227,18.98
-26.668022,153.147731,18.83
-26.667571,153.147731,18.88
-26.664862,153.147727,18.98
-26.663508,153.147726,19.11
-26.662605,153.147724,19.26
-26.661251,153.147471,19.19
-26.659670,153.147469,18.95
-26.658091,153.147216,18.77
-26.655607,153.147715,18.54
-26.654930,153.147715,18.47
-26.653351,153.146205,17.98
-26.650190,153.147708,17.85
-26.648835,153.147707,18.78
-26.647031,153.146700,19.27
-26.645225,153.146697,20.33
-26.643645,153.146946,21.88
-26.642516,153.146694,22.39
-26.640935,153.147696,22.06
-26.639129,153.147694,23.62
-26.638678,153.147694,23.42
-26.635519,153.146182,23.85
-26.635293,153.146182,23.49
-26.633713,153.146180,19.59
-26.630778,153.147181,16.67
-26.628972,153.147681,17.04
-26.627391,153.147679,17.65
-26.625811,153.147677,18.47
-26.624231,153.147675,19.46
-26.622651,153.147673,21.12
-26.622426,153.147673,20.94
-26.620621,153.146164,20.26
-26.618363,153.146663,20.05
-26.616105,153.147665,20.26
-26.614525,153.147663,20.69
-26.612945,153.147661,21.15
-26.611139,153.147658,21.75
-26.609559,153.147656,22.27
-26.607979,153.147654,22.89
-26.606399,153.147652,23.83
-26.605722,153.147651,24.19
-26.603013,153.147648,23.87
-26.601433,153.147646,24.08
-26.599853,153.147644,24.35
-26.598273,153.147642,24.75
-26.596467,153.147639,25.45
-26.594887,153.147637,25.92
-26.593307,153.147133,26.46
-26.592857,153.146128,26.51
-26.590147,153.147631,26.56
-26.589244,153.147630,27.47
-26.588341,153.147378,26.06
-26.585181,153.147123,26.21
-26.583600,153.147623,26.54
-26.582923,153.147622,26.69
-26.580215,153.147367,27.03
-26.578636,153.146612,27.70
-26.578410,153.146863,27.59
-26.575474,153.147612,27.48
-26.573894,153.147610,27.93
-26.572991,153.147609,28.07
-26.570508,153.147606,27.75
-26.568928,153.147353,29.23
-26.567349,153.146347,30.96
-26.566671,153.147099,31.77
-26.565542,153.147600,29.69
-26.562383,153.146592,27.77
-26.560802,153.147594,28.65
-26.559223,153.146588,29.42
-26.558996,153.147340,29.20
-26.555836,153.147587,30.06
-26.555611,153.147336,30.16
-26.552677,153.146077,30.83
-26.551097,153.146075,33.06
-26.550871,153.146075,33.13
-26.548613,153.147578,33.33
-26.547710,153.147075,31.78
-26.545227,153.147574,31.44
-26.543422,153.146317,31.91
-26.542744,153.146818,30.65
-26.539584,153.147566,29.28
-26.538681,153.147314,29.91
-26.537326,153.147564,30.70
-26.536198,153.147562,29.50
-26.534619,153.146556,28.06
-26.532360,153.147306,27.10
-26.530554,153.147555,26.98
-26.528297,153.147552,27.70
-26.528071,153.147552,28.10
-26.526040,153.147549,26.39
-26.523332,153.147044,26.90
-26.522429,153.147043,27.97
-26.520622,153.147542,29.05
-26.519269,153.146035,27.97
-26.517236,153.147538,28.65
-26.515205,153.147535,28.43
-26.513625,153.147533,28.71
-26.512722,153.147030,28.98
-26.511593,153.147280,28.85
-26.508885,153.146524,29.10
-26.507080,153.146521,29.53
-26.505726,153.146018,29.98
-26.505274,153.146519,29.92
-26.502339,153.147017,28.95
-26.500758,153.147517,29.41
-26.500307,153.147516,29.55
-26.497373,153.146258,29.88
-26.495794,153.146005,30.49
-26.494889,153.147258,30.72
-26.492632,153.147506,29.95
-26.492406,153.147506,29.75
-26.490600,153.147504,29.83
-26.487891,153.147500,29.36
-26.486086,153.147498,30.28
-26.485860,153.147498,30.44
-26.483828,153.147495,30.56
-26.482701,153.145989,30.42
-26.479765,153.147490,28.98
-26.477959,153.147488,29.20
-26.476379,153.147235,29.51
-26.474574,153.146982,30.54
-26.474348,153.146982,30.56
-26.472318,153.145976,30.54
-26.470736,153.147479,29.84
-26.468253,153.147475,29.62
-26.466449,153.145968,30.63
-26.466223,153.145968,30.73
-26.464190,153.147470,29.85
-26.461707,153.147216,30.67
-26.460127,153.147465,31.79
-26.459676,153.146963,31.84
-26.456741,153.147461,31.41
-26.456515,153.147210,30.42
-26.453580,153.147457,31.41
-26.452001,153.146953,32.77
-26.451323,153.147203,34.10
-26.448841,153.146448,33.92
-26.447034,153.147448,35.13
-26.446808,153.147448,34.68
-26.445228,153.147446,33.37
-26.442745,153.147443,31.34
-26.442068,153.147442,30.80
-26.439812,153.146185,31.18
-26.437780,153.146935,30.94
-26.437103,153.145931,29.65
-26.433942,153.147432,31.24
-26.432362,153.147430,33.40
-26.430782,153.147177,35.18
-26.429878,153.147427,35.17
-26.428976,153.147425,33.46
-26.427395,153.147423,32.15
-26.424235,153.147419,32.03
-26.423333,153.146415,34.52
-26.421302,153.146162,33.35
-26.419947,153.146411,34.20
-26.418818,153.147162,34.68
-26.417689,153.147160,32.40
-26.414980,153.147408,33.32
-26.414303,153.147156,32.84
-26.411820,153.147404,30.44
-26.410917,153.147152,29.60
-26.409563,153.146899,28.09
-26.407757,153.147398,27.71
-26.404823,153.146893,25.34
-26.404597,153.146893,25.23
-26.402791,153.147392,24.19
-26.399856,153.147388,25.56
-26.398277,153.145882,28.93
-26.397374,153.146132,28.90
-26.395117,153.146380,29.96
-26.393536,153.146628,31.91
-26.392182,153.146125,33.26
-26.391279,153.146876,32.30
-26.389247,153.147124,32.52
-26.386991,153.145868,33.23
-26.385636,153.145867,33.51
-26.383829,153.147368,35.76
-26.383377,153.147367,35.58
-26.381797,153.147365,33.96
-26.378863,153.147362,34.57
-26.378186,153.147361,34.52
-26.376831,153.147359,33.58
-26.374122,153.147356,35.30
-26.373672,153.146603,35.20
-26.370962,153.147101,34.57
-26.370285,153.147351,34.72
-26.368930,153.147349,33.25
-26.365772,153.145842,33.18
-26.365095,153.145841,34.26
-26.363966,153.146090,32.18
-26.360805,153.146587,35.36
-26.360353,153.147088,36.16
-26.358547,153.147336,34.66
-26.357418,153.147335,33.20
-26.355387,153.146330,32.21
-26.352678,153.147329,32.09
-26.351775,153.147327,34.29
-26.349519,153.145821,32.46
-26.348163,153.147072,34.29
-26.347711,153.147322,33.37
-26.344777,153.146817,33.99
-26.343422,153.147317,34.39
-26.341391,153.146813,34.03
-26.339811,153.147312,35.18
-26.338231,153.147310,35.67
-26.338005,153.147310,35.71
-26.335070,153.147306,34.48
-26.334619,153.147306,34.12
-26.333039,153.147304,32.33
-26.330104,153.147300,32.64
-26.329201,153.147299,33.68
-26.326944,153.147045,34.14
-26.326492,153.147295,34.05
-26.324912,153.147293,32.34
-26.321978,153.147290,31.94
-26.320173,153.146536,32.55
-26.318818,153.146785,34.28
-26.318366,153.147285,33.75
-26.316786,153.147283,32.41
-26.315206,153.147281,32.19
-26.312046,153.147027,31.99
-26.310465,153.147025,34.82
-26.310239,153.147275,35.05
-26.307305,153.147271,34.90
-26.306177,153.146769,34.98
-26.304146,153.146015,34.59
-26.302339,153.147014,34.43
-26.301887,153.147264,35.34
-26.300081,153.147012,35.18
-26.297824,153.146758,35.27
-26.296019,153.146255,35.06
-26.294439,153.146253,35.31
-26.293762,153.146002,35.38
-26.292407,153.146000,35.37
-26.289925,153.145747,35.09
-26.108204,153.145521,31.75
-26.105946,153.146518,32.52
-26.105042,153.147017,32.91
-26.102559,153.147014,33.21
-26.102333,153.147013,32.97
-26.100753,153.147011,31.82
-26.098947,153.147009,31.38
-26.097367,153.147007,31.08
-26.094884,153.147004,30.28
-26.092627,153.147001,30.16
-26.091272,153.147000,30.36
-26.089466,153.146997,30.12
-26.089240,153.146997,30.01
-26.086531,153.146994,29.83
-26.086080,153.146993,29.65
-26.084048,153.146991,29.07
-26.082468,153.146989,28.54
-26.079759,153.146985,28.05
-26.079533,153.146985,27.82
-26.077953,153.146983,27.77
-26.076147,153.146981,27.48
-26.074341,153.146978,27.19
-26.072987,153.146977,27.13
-26.071407,153.146975,27.00
-26.069601,153.146973,26.68
-26.068021,153.146971,26.59
-26.066215,153.146968,26.37
-26.063506,153.146965,25.45
-26.063280,153.146965,25.48
-26.061700,153.146963,25.04
-26.060119,153.146961,24.55
-26.057862,153.146958,23.53
-26.056733,153.146956,23.16
-26.055153,153.146955,22.23
-26.053573,153.146953,21.72
-26.051315,153.146950,20.50
-26.050187,153.146948,19.97
-26.048607,153.146946,19.01
-26.047026,153.146944,18.07
-26.045446,153.146942,17.12
-26.043640,153.146940,16.19
-26.042060,153.146938,15.29
-26.040028,153.146936,14.40
-26.038674,153.146934,13.72
-26.037094,153.146932,11.92
-26.035739,153.146930,10.65
-26.033933,153.146928,8.97
-26.032353,153.146926,6.81
-26.030773,153.146924,4.68
-26.028516,153.145922,4.51
-26.026709,153.146919,4.54
-26.025806,153.146918,4.22
-26.023775,153.146666,1.71
-26.022646,153.146914,1.04
-26.020389,153.146661,-1.09
-26.749733,153.148340,11.50
-26.749056,153.148087,11.51
-26.746122,153.148335,14.42
-26.744766,153.149590,16.11
-26.742961,153.149085,16.82
-26.742284,153.149084,16.91
-26.739576,153.148327,16.97
-26.737996,153.148073,17.23
-26.736414,153.149579,17.36
-26.734609,153.149326,17.50
-26.733029,153.149575,17.77
-26.731900,153.149573,17.94
-26.730546,153.149320,18.04
-26.729417,153.149570,18.04
-26.726483,153.149566,18.20
-26.724903,153.149564,18.32
-26.723323,153.149562,18.47
-26.723097,153.149562,18.52
-26.720162,153.149558,18.55
-26.718357,153.149304,18.59
-26.716777,153.149554,18.76
-26.715648,153.149050,18.87
-26.713617,153.149298,19.05
-26.713391,153.149549,19.04
-26.710456,153.149545,18.94
-26.709328,153.149293,19.06
-26.708425,153.149543,18.98
-26.705716,153.149539,18.69
-26.704362,153.149537,18.73
-26.703685,153.149537,18.73
-26.701879,153.149534,18.61
-26.699847,153.149532,18.52
-26.697364,153.149528,18.77
-26.695784,153.149526,19.19
-26.693979,153.149524,19.85
-26.692399,153.148517,20.41
-26.692174,153.148265,20.43
-26.690593,153.149520,19.14
-26.687658,153.149516,19.34
-26.686530,153.149263,19.68
-26.684272,153.149511,19.44
-26.684047,153.149511,19.38
-26.681112,153.149256,19.27
-26.680211,153.148250,19.64
-26.677952,153.149252,20.91
-26.677726,153.149503,20.91
-26.675019,153.147992,20.53
-26.672986,153.149497,19.83
-26.672760,153.149496,19.96
-26.670279,153.147986,18.91
-26.668246,153.149490,19.26
-26.667794,153.149490,19.13
-26.664860,153.149235,19.09
-26.663731,153.149484,19.20
-26.662377,153.149231,19.25
-26.661474,153.149230,19.18
-26.659668,153.149479,18.96
-26.657863,153.149477,18.72
-26.655380,153.149222,18.70
-26.654928,153.149473,18.66
-26.653348,153.149471,18.35
-26.650189,153.148713,18.22
-26.649286,153.148461,18.95
-26.647028,153.149463,21.97
-26.646802,153.149462,21.39
-26.643643,153.147951,21.51
-26.643192,153.147951,21.86
-26.640933,153.149455,22.16
-26.638902,153.149452,24.16
-26.637999,153.149451,24.79
-26.637096,153.148947,24.51
-26.635292,153.147940,21.84
-26.633712,153.147938,18.27
-26.631001,153.149442,17.15
-26.628970,153.149439,17.51
-26.627390,153.149437,18.16
-26.625810,153.149435,19.13
-26.624229,153.149433,20.34
-26.622650,153.149180,21.84
-26.622198,153.149430,21.86
-26.620844,153.148926,20.50
-26.617684,153.148922,20.12
-26.616103,153.149422,20.59
-26.614523,153.149420,21.11
-26.612943,153.149418,21.55
-26.611137,153.149416,22.11
-26.609557,153.149414,22.77
-26.607977,153.149412,23.52
-26.606397,153.149410,24.26
-26.605494,153.149409,24.55
-26.604591,153.149408,24.45
-26.601657,153.148902,24.29
-26.599851,153.149401,24.73
-26.598271,153.149148,25.15
-26.596466,153.148895,25.57
-26.594885,153.149395,26.29
-26.593757,153.149142,26.61
-26.591725,153.149391,26.66
-26.590146,153.148636,26.61
-26.589243,153.147881,27.52
-26.588339,153.149135,26.46
-26.585179,153.149382,26.38
-26.583599,153.149380,26.97
-26.583373,153.149380,27.02
-26.580214,153.148372,27.05
-26.578634,153.147868,27.56
-26.578409,153.147867,27.55
-26.575472,153.149370,27.72
-26.573892,153.149368,28.85
-26.573667,153.149367,28.98
-26.570506,153.149363,28.06
-26.568926,153.149361,30.10
-26.567348,153.147853,30.57
-26.566671,153.147852,31.39
-26.565316,153.148101,29.82
-26.563960,153.149355,28.40
-26.561477,153.149352,28.87
-26.559222,153.147843,29.33
-26.558996,153.147842,29.14
-26.555835,153.148591,30.26
-26.555835,153.148089,30.22
-26.552676,153.147834,30.61
-26.551095,153.148083,33.49
-26.550191,153.149337,34.50
-26.549288,153.149336,33.57
-26.546354,153.149332,31.71
-26.544999,153.149079,32.22
-26.544322,153.149329,31.24
-26.542742,153.149327,30.00
-26.539583,153.148319,30.37
-26.539582,153.148570,30.45
-26.536874,153.148316,31.18
-26.536196,153.149068,30.44
-26.533713,153.149316,28.25
-26.533036,153.149315,27.93
-26.531230,153.149312,28.51
-26.528297,153.147803,27.65
-26.528071,153.147803,28.17
-26.526489,153.149306,26.85
-26.523330,153.148800,27.43
-26.521750,153.148547,28.62
-26.520621,153.148295,29.28
-26.519266,153.149297,28.20
-26.517236,153.148040,28.80
-26.515203,153.149292,29.13
-26.514978,153.148539,29.26
-26.513171,153.149289,29.13
-26.511817,153.149287,28.95
-26.508883,153.149284,29.31
-26.507754,153.149282,29.63
-26.505722,153.149279,30.19
-26.505271,153.149279,30.07
-26.502337,153.149024,29.13
-26.500756,153.149273,29.93
-26.500530,153.149273,30.02
-26.497370,153.149269,29.86
-26.495790,153.149016,30.58
-26.495565,153.148514,30.36
-26.492631,153.148259,30.25
-26.491727,153.149261,30.33
-26.490824,153.149260,30.12
-26.487664,153.148754,29.77
-26.486084,153.149254,30.90
-26.485633,153.149003,31.19
-26.484053,153.148248,30.92
-26.482699,153.147745,29.79
-26.479763,153.149246,29.73
-26.477957,153.149244,29.62
-26.476377,153.149242,30.01
-26.475023,153.149240,30.51
-26.474347,153.147734,30.46
-26.471863,153.148985,30.34
-26.470509,153.148482,29.98
-26.468251,153.149231,30.72
-26.468025,153.149231,30.41
-26.466221,153.147724,30.10
-26.463285,153.149225,30.24
-26.461705,153.149223,30.99
-26.460351,153.148468,32.09
-26.459901,153.147716,31.77
-26.456740,153.147711,31.38
-26.455159,153.148963,31.43
-26.454256,153.148461,32.46
-26.452450,153.149211,34.09
-26.450870,153.149209,35.42
-26.449290,153.149207,35.85
-26.447033,153.148201,35.21
-26.446808,153.147950,35.04
-26.445228,153.147697,33.22
-26.442292,153.149198,32.97
-26.442066,153.149197,33.05
-26.440261,153.148443,31.18
-26.438229,153.149192,30.94
-26.437100,153.149191,30.65
-26.433940,153.149187,31.95
-26.432361,153.148182,33.49
-26.431233,153.147679,35.16
-26.430104,153.147678,35.16
-26.428974,153.148930,33.66
-26.426492,153.147673,31.94
-26.424233,153.149174,33.40
-26.423556,153.148923,33.90
-26.421073,153.149170,34.16
-26.420396,153.148919,34.95
-26.418817,153.147914,34.70
-26.416107,153.149164,34.12
-26.415430,153.148662,34.18
-26.414303,153.147657,32.60
-26.412495,153.149159,31.73
-26.411141,153.149157,29.66
-26.409335,153.149155,27.87
-26.407531,153.147649,27.14
-26.406175,153.148900,25.44
-26.404596,153.148146,24.96
-26.401435,153.148894,24.75
-26.399854,153.149143,27.80
-26.398275,153.148389,29.56
-26.398049,153.148138,29.63
-26.395340,153.149137,28.57
-26.393761,153.147882,30.40
-26.392181,153.147629,31.61
-26.391278,153.147628,32.16
-26.389696,153.149130,32.68
-26.388343,153.148376,31.37
-26.385182,153.148874,32.40
-26.383603,153.147618,35.58
-26.383377,153.147869,35.59
-26.381797,153.147616,34.13
-26.379990,153.148366,35.84
-26.378185,153.147862,34.60
-26.376378,153.149113,34.32
-26.373896,153.147857,35.63
-26.373218,153.149109,36.03
-26.370736,153.147602,34.91
-26.370509,153.149105,35.42
-26.368703,153.149103,34.17
-26.365770,153.147596,33.09
-26.364640,153.149098,34.01
-26.363963,153.149097,33.65
-26.360804,153.147589,34.29
-26.359222,153.149091,36.68
-26.358771,153.148840,37.25
-26.357416,153.149088,35.45
-26.355836,153.149086,33.92
-26.352676,153.149082,32.40
-26.351321,153.149081,35.34
-26.350870,153.149080,34.24
-26.347937,153.147573,34.41
-26.347711,153.148074,34.17
-26.345002,153.147820,34.25
-26.343195,153.149070,35.55
-26.342743,153.149070,34.91
-26.339809,153.148565,35.42
-26.338230,153.148062,36.01
-26.338004,153.148062,36.14
-26.335069,153.148809,35.41
-26.334617,153.148809,34.43
-26.332360,153.149056,33.28
-26.330102,153.149053,33.71
-26.328748,153.148801,35.05
-26.326718,153.147546,34.29
-26.326039,153.148798,34.31
-26.324910,153.149047,33.31
-26.321976,153.149043,32.67
-26.320170,153.149041,32.94
-26.318590,153.149039,35.57
-26.318364,153.149038,34.98
-26.316784,153.149036,33.37
-26.315204,153.148784,32.99
-26.312044,153.148529,33.30
-26.310465,153.147526,34.70
-26.309561,153.148276,36.09
-26.308658,153.148024,35.40
-26.306627,153.147771,35.45
-26.304144,153.147518,34.13
-26.303918,153.147517,34.23
-26.104365,153.147266,32.71
-26.102784,153.148014,33.84
-26.102106,153.148263,33.47
-26.100751,153.148762,32.95
-26.097817,153.148758,32.44
-26.097365,153.148757,32.04
-26.094431,153.148754,31.13
-26.093753,153.148753,31.71
-26.091496,153.148750,31.69
-26.089690,153.148748,31.67
-26.088336,153.148746,31.08
-26.086530,153.148744,31.30
-26.086078,153.148743,30.95
-26.084498,153.148491,29.76
-26.081338,153.148737,29.35
-26.080886,153.148736,29.53
-26.078629,153.148734,29.08
-26.076597,153.148731,28.83
-26.076371,153.148731,28.92
-26.074340,153.148728,28.71
-26.072308,153.148726,28.07
-26.071405,153.148724,28.01
-26.069147,153.148722,27.63
-26.068244,153.148720,27.46
-26.066439,153.148718,27.38
-26.064407,153.148716,27.33
-26.062827,153.148714,26.75
-26.060569,153.148711,25.96
-26.058763,153.148709,25.41
-26.057860,153.148707,25.57
-26.056732,153.148706,24.91
-26.053797,153.148702,23.89
-26.053571,153.148702,23.55
-26.051314,153.148699,22.98
-26.050185,153.148698,22.16
-26.048605,153.148696,21.74
-26.047025,153.148694,20.76
-26.045444,153.148692,19.88
-26.043864,153.148690,18.82
-26.042058,153.148687,17.75
-26.040478,153.148685,16.65
-26.038898,153.148683,16.04
-26.036640,153.148681,15.00
-26.035737,153.148679,13.89
-26.033932,153.148427,12.33
-26.032125,153.148675,11.24
-26.030771,153.148673,9.92
-26.029191,153.148671,8.09
-26.027610,153.148669,6.08
-26.024451,153.147916,4.61
-26.024225,153.147915,4.61
-26.022193,153.148662,4.62
-26.021064,153.148661,3.75
-26.019258,153.148659,1.48
-26.017678,153.148657,0.33
-26.016097,153.148655,-1.04
-26.749280,153.150602,9.30
-26.747699,153.151354,12.89
-26.746119,153.151101,15.75
-26.745441,153.151351,16.60
-26.742734,153.150593,17.30
-26.742056,153.150592,17.37
-26.740928,153.150591,17.19
-26.737994,153.149833,17.16
-26.736414,153.149831,17.34
-26.734608,153.150583,17.49
-26.733027,153.151335,17.81
-26.731672,153.151333,18.00
-26.730318,153.151080,18.10
-26.728287,153.150574,18.20
-26.726481,153.151326,18.24
-26.724901,153.151073,18.45
-26.723772,153.151322,18.59
-26.722869,153.151321,18.65
-26.721289,153.151068,18.62
-26.718355,153.151315,18.70
-26.716775,153.151062,18.88
-26.715195,153.151311,19.07
-26.713840,153.151309,19.29
-26.713163,153.151057,19.32
-26.710680,153.151305,19.12
-26.708874,153.151303,19.29
-26.708423,153.151302,19.27
-26.706843,153.151049,18.86
-26.704135,153.150542,18.91
-26.703684,153.150542,18.87
-26.701877,153.151293,18.84
-26.698943,153.151290,18.87
-26.697363,153.151036,19.07
-26.695782,153.151285,19.59
-26.693977,153.151283,20.12
-26.693074,153.151031,20.25
-26.691719,153.151280,20.39
-26.690591,153.151279,19.66
-26.687657,153.150521,19.48
-26.686529,153.150519,19.91
-26.684272,153.149763,19.54
-26.684046,153.149762,19.41
-26.681337,153.150261,19.28
-26.679530,153.151264,19.33
-26.679079,153.151012,20.11
-26.677500,153.149754,20.96
-26.675693,153.151259,19.85
-26.672984,153.151255,20.08
-26.672760,153.150250,20.01
-26.669824,153.151251,19.25
-26.668921,153.151250,19.55
-26.667793,153.151248,19.45
-26.664858,153.151245,19.30
-26.663730,153.150992,19.31
-26.662151,153.150236,19.24
-26.661247,153.150737,19.17
-26.659215,153.150986,18.98
-26.657862,153.150230,18.85
-26.656281,153.150982,18.81
-26.654928,153.149975,18.69
-26.653347,153.150225,18.35
-26.650186,153.151225,19.04
-26.648606,153.151223,21.70
-26.647930,153.150469,22.22
-26.646802,153.149714,21.45
-26.643641,153.150212,20.46
-26.643190,153.149709,20.53
-26.640707,153.149706,22.05
-26.638901,153.149954,24.19
-26.637771,153.151209,25.38
-26.637094,153.150957,24.17
-26.635290,153.149699,20.79
-26.632354,153.151202,17.33
-26.630774,153.151200,17.77
-26.628968,153.151197,18.06
-26.627388,153.151195,18.84
-26.625808,153.151193,19.74
-26.624228,153.151191,20.96
-26.622649,153.149933,21.99
-26.622423,153.149682,21.90
-26.620843,153.149680,20.05
-26.617682,153.151182,20.35
-26.616101,153.151180,20.89
-26.614521,153.151178,21.39
-26.612716,153.151176,21.93
-26.611135,153.151174,22.41
-26.609555,153.151172,23.18
-26.607975,153.151170,23.94
-26.606847,153.151168,24.45
-26.604815,153.151166,24.74
-26.604589,153.151165,24.70
-26.601429,153.151161,24.63
-26.599849,153.150908,25.06
-26.598269,153.151157,25.71
-26.597366,153.151156,25.93
-26.595335,153.151153,26.28
-26.593303,153.151150,26.84
-26.591949,153.151149,27.36
-26.591497,153.151148,27.03
-26.589240,153.151145,27.55
-26.588337,153.151144,26.79
-26.585177,153.150889,26.60
-26.583823,153.151138,27.38
-26.583371,153.151137,27.29
-26.580211,153.151133,27.17
-26.578632,153.149625,27.37
-26.577051,153.151129,27.70
-26.575471,153.151127,28.22
-26.573891,153.150874,29.39
-26.573439,153.151124,29.69
-26.570505,153.150367,28.35
-26.568925,153.151118,30.66
-26.567796,153.151117,32.74
-26.567119,153.151116,31.29
-26.565539,153.151114,29.49
-26.562378,153.151110,28.65
-26.561702,153.150607,29.37
-26.559220,153.149600,28.99
-26.558316,153.150854,29.94
-26.555834,153.149595,29.05
-26.555608,153.149595,29.54
-26.552674,153.149591,29.41
-26.551094,153.149589,32.78
-26.549965,153.149588,34.62
-26.549061,153.150841,34.58
-26.547706,153.151091,32.54
-26.544999,153.149581,32.38
-26.544321,153.150082,31.52
-26.542514,153.151084,31.51
-26.539581,153.150076,29.99
-26.539355,153.149825,30.43
-26.537324,153.149571,30.65
-26.535969,153.149820,30.30
-26.534162,153.151073,30.11
-26.531905,153.151070,29.20
-26.531229,153.150065,28.91
-26.528293,153.151065,27.94
-26.528068,153.151065,28.14
-26.526262,153.150812,27.33
-26.524456,153.151060,27.89
-26.522424,153.151057,29.01
-26.521296,153.151056,29.32
-26.519490,153.151054,28.64
-26.517008,153.150047,28.64
-26.515427,153.151048,29.30
-26.514072,153.151047,29.27
-26.512945,153.150041,29.49
-26.510461,153.151042,29.34
-26.508881,153.151040,29.77
-26.507753,153.150286,30.13
-26.505721,153.150283,30.77
-26.505270,153.150282,30.19
-26.502786,153.151032,29.48
-26.500755,153.150778,30.14
-26.500304,153.150025,30.31
-26.497369,153.150774,30.30
-26.496014,153.151023,31.02
-26.495563,153.150771,30.18
-26.492629,153.150517,30.15
-26.491500,153.150264,30.96
-26.490822,153.151016,30.35
-26.487662,153.151012,30.10
-26.486082,153.150508,31.02
-26.485405,153.150507,31.47
-26.484278,153.149503,30.45
-26.481342,153.151004,29.55
-26.479761,153.151002,29.97
-26.477956,153.150749,30.10
-26.476376,153.150997,30.31
-26.475698,153.150996,30.73
-26.472990,153.150993,30.27
-26.472764,153.150993,30.41
-26.469829,153.150989,30.18
-26.468249,153.150736,31.33
-26.468023,153.150986,31.46
-26.464863,153.150982,30.41
-26.463283,153.150980,30.81
-26.461703,153.150978,31.11
-26.460576,153.149472,31.59
-26.459220,153.150975,30.85
-26.456737,153.150972,31.84
-26.456060,153.150971,31.96
-26.453577,153.150215,33.19
-26.452450,153.149461,34.37
-26.450191,153.150963,36.05
-26.449289,153.149959,36.58
-26.448385,153.150961,35.95
-26.446805,153.150457,34.64
-26.445225,153.150957,32.53
-26.442065,153.150702,33.52
-26.441614,153.150200,33.77
-26.440259,153.150699,31.43
-26.437324,153.150445,31.61
-26.437099,153.150194,31.37
-26.433938,153.150942,32.92
-26.433487,153.150440,33.65
-26.431908,153.149435,33.56
-26.429199,153.149431,34.23
-26.428747,153.150434,34.34
-26.427166,153.150933,33.69
-26.424683,153.150930,33.60
-26.424007,153.149926,34.05
-26.421072,153.150424,34.41
-26.419491,153.150923,35.38
-26.419265,153.150923,35.18
-26.417685,153.150921,34.74
-26.415881,153.149414,33.85
-26.413622,153.150916,31.23
-26.412495,153.149410,31.56
-26.411139,153.150912,31.15
-26.409559,153.150660,28.72
-26.407755,153.149404,25.99
-26.405722,153.150153,25.50
-26.403690,153.150903,26.88
-26.401884,153.150900,26.28
-26.400078,153.150898,28.71
-26.398949,153.150896,30.51
-26.398048,153.149391,29.07
-26.395114,153.149388,28.47
-26.393308,153.149385,28.84
-26.391726,153.150386,32.31
-26.390147,153.149632,33.07
-26.389922,153.149381,32.82
-26.387888,153.150882,32.60
-26.385181,153.149876,32.74
-26.383600,153.150375,34.89
-26.382246,153.150123,36.25
-26.381794,153.150874,35.78
-26.380215,153.149368,34.66
-26.378408,153.150870,34.64
-26.376152,153.149614,34.40
-26.374120,153.150112,34.27
-26.372314,153.150110,36.32
-26.372088,153.150360,36.41
-26.369153,153.150357,35.82
-26.368927,153.150607,35.32
-26.367123,153.149352,32.77
-26.364187,153.149849,35.01
-26.363961,153.150600,34.92
-26.361252,153.150847,33.71
-26.359222,153.149341,37.21
-26.358769,153.150844,37.37
-26.356060,153.150841,36.18
-26.355834,153.150840,36.55
-26.354254,153.150838,34.82
-26.351546,153.150584,35.77
-26.350417,153.150833,35.10
-26.348159,153.150830,34.99
-26.346354,153.150578,34.60
-26.345450,153.150827,35.48
-26.342968,153.149822,36.07
-26.342516,153.150823,36.54
-26.339809,153.149316,35.13
-26.338906,153.149315,35.44
-26.336647,153.150816,35.83
-26.336195,153.150815,36.73
-26.334615,153.150562,35.63
-26.331681,153.150809,35.25
-26.331003,153.150808,35.27
-26.328521,153.150555,35.91
-26.328069,153.150554,35.35
-26.325361,153.150049,34.24
-26.324909,153.150049,33.72
-26.322427,153.149795,33.05
-26.320395,153.149542,33.12
-26.318590,153.149289,35.77
-26.318364,153.149289,35.31
-26.100300,153.149011,32.98
-26.098944,153.149759,33.39
-26.097364,153.150257,32.85
-26.094429,153.150504,32.61
-26.094203,153.150503,32.92
-26.091268,153.150500,32.93
-26.089688,153.150498,33.05
-26.087882,153.150495,32.40
-26.087431,153.150495,32.54
-26.086076,153.150493,31.59
-26.084045,153.150490,31.20
-26.081787,153.150487,30.92
-26.080884,153.150486,30.73
-26.079078,153.150484,30.65
-26.076821,153.150481,29.98
-26.075692,153.150480,30.10
-26.074563,153.150478,29.80
-26.072983,153.150476,29.32
-26.071177,153.150474,29.29
-26.069823,153.150472,29.14
-26.067791,153.150470,28.52
-26.065082,153.150466,28.27
-26.064856,153.150466,28.30
-26.063276,153.150464,27.78
-26.061696,153.150462,27.29
-26.059890,153.150459,27.06
-26.058084,153.150457,26.45
-26.056730,153.150455,25.90
-26.055150,153.150453,25.84
-26.053569,153.150451,25.23
-26.051989,153.150449,25.02
-26.050183,153.150447,24.22
-26.048603,153.150445,23.73
-26.046571,153.150442,22.88
-26.044991,153.150440,22.15
-26.043862,153.150439,21.53
-26.042056,153.150437,20.50
-26.040476,153.150435,19.24
-26.038896,153.150433,18.45
-26.037316,153.150431,17.49
-26.035735,153.150429,16.52
-26.033930,153.150426,15.25
-26.032349,153.150424,14.54
-26.030543,153.150422,13.23
-26.029189,153.150420,12.08
-26.027157,153.150418,10.56
-26.025803,153.150416,8.95
-26.024223,153.150414,6.98
-26.022642,153.150412,4.80
-26.021063,153.149411,4.62
-26.018579,153.150407,4.68
-26.017676,153.150406,4.43
-26.016096,153.150404,1.94
-26.014515,153.150402,1.55
-26.012936,153.150150,-1.05
-26.747697,153.152611,14.43
-26.746569,153.152610,15.54
-26.744538,153.151601,16.39
-26.742731,153.153107,17.60
-26.741602,153.153357,18.01
-26.740925,153.153356,17.87
-26.737992,153.152095,16.98
-26.736864,153.151591,17.20
-26.734607,153.151588,17.43
-26.733026,153.151586,17.73
-26.731446,153.152338,18.04
-26.729864,153.153341,18.19
-26.728284,153.153339,18.29
-26.726930,153.153086,18.38
-26.724899,153.152832,18.59
-26.723319,153.152830,18.76
-26.722191,153.152326,18.77
-26.720158,153.153328,18.76
-26.718353,153.153326,18.89
-26.716773,153.153073,19.09
-26.715193,153.153070,19.30
-26.713613,153.153068,19.50
-26.713387,153.153319,19.50
-26.711807,153.153066,19.27
-26.708873,153.152811,19.36
-26.708422,153.152559,19.33
-26.706841,153.153059,19.12
-26.703907,153.152553,19.00
-26.703455,153.152803,19.02
-26.701198,153.152549,18.99
-26.698941,153.153049,19.04
-26.697361,153.153047,19.40
-26.695781,153.152793,19.87
-26.694202,153.152037,20.30
-26.692396,153.151532,20.34
-26.691719,153.151531,20.35
-26.690591,153.151530,19.75
-26.687656,153.151526,19.38
-26.686752,153.152781,19.79
-26.684268,153.153280,19.52
-26.684043,153.152778,19.52
-26.682463,153.152775,19.48
-26.679529,153.152269,19.86
-26.679078,153.151766,20.42
-26.676144,153.152013,20.01
-26.675692,153.152515,20.18
-26.672983,153.152260,20.13
-26.672757,153.152511,19.98
-26.669597,153.153010,19.59
-26.669145,153.153260,19.76
-26.667565,153.153007,19.53
-26.665759,153.153004,19.37
-26.664179,153.152751,19.28
-26.663052,153.151493,19.18
-26.661472,153.151491,18.99
-26.658536,153.153246,19.01
-26.657859,153.153245,19.04
-26.656504,153.153243,19.00
-26.654924,153.153241,18.77
-26.651764,153.153237,20.31
-26.650185,153.152481,21.05
-26.648606,153.151474,21.77
-26.648380,153.151474,21.60
-26.646799,153.152728,19.26
-26.643640,153.151468,19.38
-26.642510,153.152220,20.44
-26.641833,153.152470,20.00
-26.639351,153.151462,21.30
-26.637545,153.151460,25.34
-26.637093,153.151710,23.77
-26.635288,153.151457,19.59
-26.633255,153.152961,17.86
-26.630772,153.152958,18.05
-26.628966,153.152955,18.87
-26.627386,153.153204,19.50
-26.625806,153.152449,20.23
-26.624677,153.152699,21.13
-26.623775,153.151944,21.49
-26.620840,153.152945,20.46
-26.620614,153.153195,20.69
-26.617680,153.152689,20.68
-26.616099,153.153189,21.16
-26.614519,153.153187,21.68
-26.612714,153.152934,22.20
-26.611134,153.152681,22.61
-26.609554,153.152678,23.39
-26.607973,153.152927,24.50
-26.607522,153.153178,25.04
-26.604813,153.153174,24.98
-26.604136,153.153173,25.02
-26.601428,153.152668,25.04
-26.599847,153.152917,25.54
-26.598267,153.152915,26.45
-26.598041,153.153165,26.31
-26.595333,153.152660,26.52
-26.593301,153.152657,27.15
-26.591947,153.153157,28.23
-26.591495,153.152906,27.36
-26.588787,153.152651,28.25
-26.588335,153.152901,27.50
-26.585175,153.152897,26.89
-26.584046,153.152896,27.72
-26.583369,153.152895,27.64
-26.581563,153.153143,27.53
-26.579983,153.153141,27.47
-26.577049,153.152635,27.78
-26.575470,153.151880,28.19
-26.573890,153.151376,29.37
-26.573439,153.151375,29.60
-26.570504,153.151874,28.47
-26.568924,153.151872,30.82
-26.567343,153.152874,33.07
-26.567117,153.153124,33.00
-26.565536,153.153122,30.80
-26.563956,153.153120,29.36
-26.561699,153.152866,29.49
-26.559216,153.152863,29.16
-26.558539,153.152862,30.09
-26.557412,153.151605,28.84
-26.555381,153.151352,28.80
-26.553574,153.151851,28.44
-26.551092,153.151346,30.68
-26.549512,153.151344,33.39
-26.548608,153.151594,34.34
-26.547704,153.152596,33.45
-26.545449,153.151339,31.78
-26.542965,153.151837,31.27
-26.541836,153.152589,31.87
-26.540932,153.153089,31.27
-26.539128,153.151581,30.22
-26.537772,153.153085,29.17
-26.535515,153.152831,29.16
-26.533258,153.152577,30.55
-26.533032,153.152828,30.97
-26.531453,153.151571,28.71
-26.529420,153.152572,28.49
-26.527388,153.153071,28.54
-26.525131,153.153068,28.76
-26.524905,153.153068,28.86
-26.521971,153.152813,29.79
-26.521520,153.152060,29.65
-26.519714,153.152810,29.03
-26.517005,153.152807,29.52
-26.515651,153.152805,29.64
-26.514748,153.152804,29.64
-26.512264,153.153051,29.62
-26.510459,153.153049,29.65
-26.508879,153.152796,30.13
-26.508428,153.151792,30.27
-26.506170,153.152542,30.88
-26.503912,153.153040,29.68
-26.502332,153.153038,29.91
-26.500752,153.153036,30.31
-26.499850,153.152784,30.41
-26.497367,153.152781,30.67
-26.496239,153.151525,31.16
-26.495561,153.152528,30.14
-26.492626,153.153025,30.46
-26.491950,153.152021,31.22
-26.490821,153.151769,30.26
-26.487660,153.152768,30.51
-26.486081,153.152264,31.48
-26.485404,153.151260,31.32
-26.484274,153.153014,29.93
-26.481340,153.152760,30.10
-26.479534,153.152757,30.25
-26.477954,153.152504,30.59
-26.477502,153.153005,30.70
-26.475698,153.151247,30.71
-26.472987,153.152999,31.09
-26.472762,153.152999,31.20
-26.469827,153.152995,30.94
-26.468474,153.152241,31.60
-26.468023,153.151237,31.66
-26.464861,153.152738,31.13
-26.463281,153.152736,31.52
-26.461701,153.152734,32.31
-26.461476,153.152483,32.04
-26.458767,153.152479,31.20
-26.456960,153.152978,31.90
-26.455833,153.151723,32.48
-26.454703,153.152724,32.88
-26.451996,153.151216,33.23
-26.450416,153.151465,35.96
-26.448836,153.151212,36.74
-26.448384,153.151462,36.12
-26.446352,153.151710,34.58
-26.445223,153.152712,33.63
-26.442064,153.151454,33.55
-26.441838,153.151203,33.83
-26.440256,153.152956,32.85
-26.438676,153.152954,31.68
-26.435742,153.152950,32.76
-26.433938,153.151193,32.94
-26.433486,153.151192,33.48
-26.430776,153.152442,33.48
-26.429873,153.152942,34.68
-26.428744,153.152690,35.00
-26.427390,153.152939,34.33
-26.424683,153.151181,33.66
-26.422650,153.152682,32.49
-26.421070,153.152179,34.51
-26.420167,153.152178,36.02
-26.418361,153.152426,36.16
-26.417684,153.151924,34.94
-26.415427,153.151670,34.06
-26.414298,153.151668,32.55
-26.412040,153.152418,31.52
-26.411139,153.151163,31.31
-26.409557,153.152665,28.93
-26.407300,153.152411,25.96
-26.404817,153.152157,25.26
-26.403238,153.151654,27.80
-26.401432,153.151652,28.54
-26.400076,153.152903,30.43
-26.399399,153.152902,29.70
-26.398044,153.152900,29.05
-26.395110,153.152646,30.21
-26.394884,153.152896,30.49
-26.391724,153.152892,30.83
-26.391047,153.152891,33.72
-26.388564,153.152888,33.79
-26.388112,153.152637,34.46
-26.385178,153.152633,34.39
-26.384952,153.152883,34.55
-26.382019,153.151626,35.26
-26.381341,153.151625,36.02
-26.380212,153.152626,35.13
-26.377277,153.152623,35.91
-26.377051,153.152622,35.33
-26.374568,153.152619,33.73
-26.372313,153.151112,35.71
-26.370731,153.152614,36.87
-26.370505,153.152614,37.17
-26.368925,153.152361,34.62
-26.365992,153.151355,33.08
-26.364186,153.151102,34.12
-26.363735,153.151101,34.78
-26.360800,153.151348,33.52
-26.359220,153.151095,37.55
-26.358315,153.152598,38.50
-26.356058,153.152845,37.29
-26.354703,153.152843,38.46
-26.354252,153.152592,37.67
-26.352220,153.152840,36.39
-26.350415,153.152587,36.71
-26.348609,153.152835,36.25
-26.347028,153.152833,36.63
-26.344546,153.152580,36.69
-26.344320,153.152579,36.02
-26.341838,153.151824,36.81
-26.341160,153.152325,36.06
-26.339129,153.152071,34.72
-26.336421,153.151066,36.56
-26.336195,153.151567,37.24
-26.334163,153.151313,36.35
-26.331680,153.151060,35.33
-26.331455,153.151059,35.12
-26.096686,153.150757,32.72
-26.094428,153.151504,33.04
-26.092621,153.152501,33.69
-26.091718,153.152500,33.72
-26.090589,153.152249,33.78
-26.087881,153.151995,33.72
-26.087655,153.151995,33.75
-26.085623,153.152492,32.81
-26.084268,153.152490,32.49
-26.081785,153.152487,32.11
-26.081108,153.152486,32.39
-26.079528,153.152234,32.12
-26.077948,153.152482,31.77
-26.076367,153.152480,31.43
-26.074110,153.152477,31.36
-26.071852,153.152474,31.28
-26.070949,153.152473,31.24
-26.069821,153.151972,30.33
-26.068015,153.152469,29.47
-26.065532,153.152466,30.00
-26.064629,153.152465,29.47
-26.063274,153.152463,29.55
-26.061017,153.152460,29.18
-26.060114,153.152209,28.05
-26.057179,153.152455,28.14
-26.056276,153.152454,27.89
-26.054019,153.152451,27.45
-26.053341,153.152450,27.21
-26.051987,153.152199,26.79
-26.050181,153.152446,26.26
-26.048601,153.152444,25.92
-26.047021,153.152442,24.72
-26.045440,153.152440,24.33
-26.043860,153.152438,23.84
-26.041603,153.152435,23.07
-26.040023,153.152433,22.13
-26.038668,153.152431,21.44
-26.037088,153.152429,20.41
-26.035508,153.152427,19.43
-26.033927,153.152425,18.46
-26.032347,153.152423,17.50
-26.030768,153.151922,16.11
-26.029187,153.152419,15.66
-26.026929,153.152416,14.06
-26.025801,153.152165,13.34
-26.023769,153.152412,11.71
-26.022414,153.152410,10.50
-26.020834,153.152408,8.70
-26.019254,153.152406,6.42
-26.017676,153.150655,4.59
-26.014739,153.152151,4.69
-26.014514,153.152150,4.71
-26.012933,153.152398,4.02
-26.011128,153.151896,1.68
-26.009548,153.151644,-1.12
-26.748372,153.155126,15.38
-26.746115,153.155123,16.56
-26.745663,153.155123,16.76
-26.742729,153.155119,17.99
-26.741149,153.155116,18.45
-26.740924,153.154613,18.48
-26.739343,153.155114,17.33
-26.736410,153.154104,17.04
-26.734604,153.154102,17.41
-26.733024,153.154351,17.82
-26.731443,153.155103,18.15
-26.729863,153.154598,18.28
-26.728283,153.154596,18.35
-26.726477,153.155097,18.50
-26.724897,153.154340,18.65
-26.723317,153.154590,18.80
-26.722188,153.154839,18.83
-26.720157,153.154837,18.81
-26.718351,153.154834,18.95
-26.716771,153.154832,19.18
-26.715191,153.154579,19.40
-26.713837,153.154577,19.58
-26.713386,153.154325,19.59
-26.711580,153.153820,19.30
-26.708645,153.155072,19.42
-26.708419,153.155072,19.46
-26.706614,153.154064,19.30
-26.705259,153.155068,19.04
-26.703227,153.155065,19.06
-26.701873,153.155063,19.01
-26.698938,153.155059,19.16
-26.697358,153.155057,19.57
-26.695779,153.154050,19.99
-26.694425,153.153797,20.29
-26.693297,153.153293,20.13
-26.692168,153.154296,19.88
-26.690588,153.153791,19.16
-26.687653,153.154793,19.47
-26.686750,153.154540,19.85
-26.684267,153.154537,19.80
-26.684042,153.154285,19.78
-26.681332,153.155035,19.65
-26.679978,153.155034,19.67
-26.678849,153.155032,19.49
-26.676141,153.154777,20.21
-26.675915,153.154526,20.34
-26.673208,153.153517,20.05
-26.672756,153.153516,19.89
-26.669595,153.154768,19.90
-26.669143,153.155019,20.12
-26.667563,153.154766,19.59
-26.665983,153.155015,19.44
-26.664628,153.155013,19.35
-26.663049,153.154759,19.23
-26.659889,153.154253,19.07
-26.659437,153.154503,19.16
-26.658083,153.154250,19.14
-26.656504,153.153495,19.08
-26.654923,153.153995,18.91
-26.651764,153.153488,20.24
-26.651538,153.153488,20.02
-26.649957,153.154742,18.69
-26.647927,153.153232,19.05
-26.645444,153.153229,18.66
-26.644992,153.153228,18.19
-26.642058,153.153475,18.01
-26.641832,153.153475,18.55
-26.638898,153.153220,18.08
-26.637318,153.153218,21.21
-26.636640,153.153217,20.02
-26.633930,153.154971,17.43
-26.633480,153.153213,18.38
-26.630770,153.154214,18.54
-26.628965,153.154211,19.37
-26.627384,153.154963,19.87
-26.625804,153.154960,21.05
-26.625352,153.154960,21.34
-26.623546,153.154957,21.22
-26.622418,153.154956,21.15
-26.620386,153.154953,20.93
-26.617678,153.154949,21.23
-26.616098,153.154696,21.48
-26.614518,153.154443,21.97
-26.612712,153.154943,22.59
-26.611131,153.154941,22.90
-26.609552,153.154687,23.72
-26.607971,153.154936,25.10
-26.607520,153.154936,25.36
-26.604586,153.154681,25.14
-26.604585,153.154932,25.18
-26.601425,153.154928,25.34
-26.599845,153.154925,25.98
-26.598265,153.154923,27.04
-26.598039,153.154923,27.05
-26.595332,153.153162,26.52
-26.593300,153.154414,27.32
-26.591945,153.154413,28.46
-26.591493,153.154914,27.63
-26.588560,153.153404,28.26
-26.588334,153.153906,27.63
-26.585173,153.154906,27.03
-26.583819,153.154653,28.29
-26.582916,153.154903,28.44
-26.581787,153.154650,27.97
-26.579755,153.154898,27.78
-26.577047,153.154644,27.83
-26.575467,153.154893,28.40
-26.574114,153.153134,28.90
-26.573663,153.153133,28.73
-26.570501,153.154635,28.69
-26.568922,153.153127,30.70
-26.567342,153.153125,33.20
-26.567116,153.153375,33.08
-26.565535,153.154879,32.68
-26.563954,153.154877,30.76
-26.562149,153.154875,29.91
-26.559216,153.153616,29.65
-26.558990,153.153866,29.96
-26.555829,153.154615,28.89
-26.554925,153.154865,29.40
-26.554023,153.154111,28.89
-26.551090,153.153103,29.11
-26.549510,153.153101,30.88
-26.547930,153.153099,32.20
-26.547027,153.153098,33.06
-26.545897,153.154351,30.79
-26.542963,153.153343,31.15
-26.541607,153.154847,32.44
-26.541157,153.154094,32.25
-26.537996,153.154842,30.67
-26.537770,153.154842,31.17
-26.536190,153.154589,30.15
-26.533256,153.154585,31.67
-26.533031,153.153832,31.48
-26.531450,153.154081,29.20
-26.528515,153.154830,28.84
-26.526935,153.154827,30.39
-26.526484,153.154827,29.44
-26.524905,153.153570,29.46
-26.522872,153.154571,29.74
-26.521517,153.154820,29.55
-26.518583,153.154816,29.56
-26.517003,153.154814,29.90
-26.515649,153.154812,30.04
-26.513617,153.154810,30.13
-26.512263,153.154808,30.23
-26.511586,153.154305,30.12
-26.508877,153.154301,30.38
-26.507071,153.154801,30.78
-26.506619,153.154800,30.97
-26.504588,153.154797,30.58
-26.502330,153.154794,30.14
-26.500750,153.154792,30.58
-26.498945,153.154790,30.80
-26.497364,153.154788,31.18
-26.497139,153.154035,31.21
-26.495107,153.154785,30.26
-26.492625,153.153778,30.76
-26.492174,153.153777,31.25
-26.489464,153.154777,30.51
-26.487658,153.154775,31.03
-26.486080,153.153017,31.47
-26.485854,153.153267,30.96
-26.482918,153.154768,30.47
-26.481112,153.154766,30.63
-26.479532,153.154764,30.80
-26.477952,153.154009,31.05
-26.477274,153.154761,31.15
-26.475695,153.154508,30.85
-26.472986,153.154755,31.37
-26.472760,153.154504,31.44
-26.469826,153.154500,31.32
-26.469148,153.154750,31.53
-26.467794,153.154748,31.41
-26.464859,153.154744,31.55
-26.463279,153.154742,31.86
-26.461701,153.152985,32.42
-26.461475,153.153235,31.59
-26.458313,153.154736,31.63
-26.456733,153.154232,32.20
-26.455378,153.154732,32.55
-26.454702,153.154480,32.98
-26.452896,153.154227,32.80
-26.450187,153.154725,33.98
-26.449961,153.154474,34.33
-26.447480,153.152966,34.35
-26.446803,153.152965,33.58
-26.444769,153.154717,34.07
-26.443640,153.154716,33.76
-26.440480,153.154712,33.58
-26.438900,153.154710,33.78
-26.438674,153.154709,33.63
-26.435741,153.153201,32.84
-26.435064,153.153702,33.54
-26.433484,153.153198,32.36
-26.430775,153.153445,33.59
-26.429872,153.153444,35.29
-26.427614,153.153942,35.50
-26.427389,153.153942,35.54
-26.425130,153.154691,32.74
-26.422648,153.154186,33.12
-26.421068,153.153683,35.53
-26.419487,153.154433,36.43
-26.419262,153.154182,36.24
-26.417681,153.154681,35.08
-26.415198,153.154678,33.93
-26.414296,153.154426,32.81
-26.412489,153.154674,32.25
-26.410232,153.154671,31.63
-26.409556,153.153166,29.55
-26.407524,153.154166,28.52
-26.404814,153.154664,27.91
-26.403234,153.154662,28.48
-26.402783,153.154661,29.69
-26.400074,153.154407,31.71
-26.399623,153.154657,31.80
-26.397140,153.154654,31.62
-26.395108,153.154401,32.15
-26.394882,153.154400,31.87
-26.391723,153.153644,33.14
-26.390142,153.154645,34.71
-26.388787,153.154643,35.75
-26.388336,153.154642,35.89
-26.385178,153.152884,34.29
-26.384725,153.153885,35.01
-26.382015,153.154634,35.11
-26.381338,153.154633,37.39
-26.380210,153.154381,36.88
-26.378629,153.154629,36.33
-26.377051,153.152873,35.42
-26.374340,153.154624,34.99
-26.372309,153.154621,35.17
-26.370731,153.152865,36.72
-26.370052,153.154618,37.12
-26.367568,153.154615,35.72
-26.367117,153.154614,34.67
-26.364183,153.154109,33.73
-26.362604,153.153104,33.86
-26.362151,153.154607,33.95
-26.359218,153.153100,35.89
-26.357636,153.154351,38.82
-26.357185,153.154350,39.00
-26.354477,153.153845,38.63
-26.354251,153.153845,39.08
-26.351768,153.153591,37.88
-26.350188,153.153339,37.19
-26.348383,153.153086,36.42
-26.347480,153.153085,37.00
-26.345674,153.152832,36.16
-26.092169,153.152751,33.80
-26.090363,153.152748,33.81
-26.088782,153.153996,33.81
-26.086524,153.153743,33.81
-26.086073,153.153743,33.71
-26.084492,153.154241,33.74
-26.081332,153.154237,33.37
-26.081106,153.154236,33.60
-26.078171,153.154232,33.20
-26.077946,153.154232,33.13
-26.076140,153.154230,32.80
-26.074108,153.154227,32.51
-26.072528,153.154225,32.25
-26.071399,153.154224,32.24
-26.069819,153.154221,31.35
-26.066884,153.154218,31.35
-26.065981,153.154216,31.06
-26.063498,153.154213,31.09
-26.063272,153.154213,30.52
-26.061241,153.154210,30.47
-26.059886,153.154208,29.44
-26.057854,153.154206,29.67
-26.056049,153.154203,29.13
-26.054468,153.154201,29.23
-26.052888,153.154199,28.51
-26.051985,153.154198,27.97
-26.049728,153.154195,27.79
-26.048373,153.154193,26.76
-26.046342,153.154191,26.76
-26.045439,153.154190,26.57
-26.043858,153.154187,25.76
-26.042052,153.154185,24.88
-26.039795,153.154182,24.12
-26.038892,153.154181,23.57
-26.037312,153.154179,23.05
-26.035506,153.154177,22.29
-26.033926,153.154174,21.13
-26.032345,153.154172,20.10
-26.030765,153.154170,19.09
-26.029185,153.154168,18.16
-26.027379,153.154166,17.04
-26.025799,153.154164,16.22
-26.024219,153.154162,15.05
-26.022413,153.154159,14.07
-26.021058,153.154158,12.64
-26.019252,153.154155,11.32
-26.017672,153.154153,9.98
-26.016092,153.154151,7.76
-26.014512,153.154149,5.46
-26.012707,153.152898,4.70
-26.011126,153.153645,4.66
-26.009545,153.154143,4.44
-26.007965,153.154141,2.04
-26.006385,153.154139,1.01
-26.003676,153.154135,-1.11
-26.749273,153.156887,17.60
-26.748821,153.156887,17.88
-26.747467,153.156885,17.38
-26.745887,153.156883,17.30
-26.743179,153.156628,18.66
-26.741148,153.155368,18.57
-26.740696,153.156121,18.92
-26.739342,153.156371,17.59
-26.736408,153.155361,16.88
-26.734602,153.156113,17.38
-26.733021,153.156865,17.90
-26.731441,153.156612,18.26
-26.729861,153.156861,18.44
-26.728958,153.156860,18.51
-26.726476,153.156102,18.60
-26.724896,153.155597,18.76
-26.723992,153.156853,18.87
-26.721736,153.155341,18.88
-26.720381,153.156596,18.90
-26.718575,153.156594,19.01
-26.716769,153.156843,19.28
-26.715414,153.156841,19.52
-26.713609,153.156336,19.69
-26.712706,153.156837,19.75
-26.710224,153.155829,19.30
-26.708643,153.156580,19.46
-26.707740,153.156579,19.55
-26.706838,153.155573,19.29
-26.705257,153.156827,19.18
-26.702774,153.156572,19.14
-26.701194,153.156570,19.10
-26.698937,153.156567,19.27
-26.697358,153.155811,19.55
-26.695776,153.156814,20.04
-26.694648,153.156561,20.13
-26.693972,153.155555,20.05
-26.691488,153.156808,19.96
-26.690586,153.155802,19.18
-26.687651,153.156552,19.51
-26.686749,153.155294,19.81
-26.684266,153.155542,19.79
-26.684040,153.155542,19.80
-26.681330,153.156794,19.86
-26.679750,153.156792,20.19
-26.678847,153.156540,19.90
-26.676139,153.156285,20.57
-26.675914,153.155531,20.34
-26.673205,153.156029,20.02
-26.672753,153.156783,19.83
-26.669593,153.156527,20.09
-26.669141,153.156526,20.28
-26.667563,153.155268,19.62
-26.666208,153.155266,19.45
-26.664628,153.155264,19.31
-26.663048,153.155513,19.09
-26.659886,153.156765,19.28
-26.658983,153.156764,19.34
-26.657855,153.156762,19.27
-26.656051,153.155252,19.13
-26.653341,153.156505,19.73
-26.652889,153.156504,20.24
-26.651536,153.155749,18.83
-26.649955,153.155747,18.64
-26.648150,153.155493,17.56
-26.646795,153.156245,17.20
-26.643635,153.155487,16.11
-26.642959,153.155235,17.52
-26.641604,153.155233,17.56
-26.638894,153.156234,17.45
-26.638218,153.155480,18.31
-26.635508,153.156229,17.26
-26.633928,153.156730,18.00
-26.632573,153.156728,18.78
-26.630768,153.156725,19.14
-26.628962,153.156723,19.73
-26.627382,153.156721,20.78
-26.625802,153.156718,22.14
-26.625576,153.156718,22.29
-26.622642,153.156463,22.35
-26.622416,153.156714,22.25
-26.619256,153.156710,21.14
-26.617676,153.156456,21.39
-26.616095,153.156705,21.79
-26.614516,153.156452,22.16
-26.612710,153.156450,22.78
-26.611130,153.156447,22.99
-26.609549,153.156696,23.93
-26.607969,153.156694,25.61
-26.607744,153.156694,25.60
-26.605486,153.156691,25.35
-26.603004,153.156185,25.34
-26.601423,153.156685,25.57
-26.599843,153.156432,26.20
-26.598263,153.156681,27.27
-26.598039,153.155425,27.20
-26.596458,153.155674,26.69
-26.593297,153.156423,27.46
-26.591717,153.156672,28.50
-26.591491,153.156672,28.23
-26.589460,153.156418,28.20
-26.588332,153.155412,27.53
-26.585171,153.156663,27.39
-26.583591,153.156661,28.49
-26.582688,153.156660,29.35
-26.581785,153.156659,28.16
-26.579529,153.155902,28.01
-26.577270,153.156652,28.58
-26.576368,153.156651,28.62
-26.575240,153.155394,28.58
-26.572080,153.155892,28.42
-26.570499,153.156643,28.84
-26.568920,153.155135,29.89
-26.567340,153.155133,31.26
-26.565760,153.155131,32.80
-26.565534,153.155130,32.88
-26.563050,153.156633,31.43
-26.562147,153.156632,31.10
-26.560567,153.156630,30.06
-26.558987,153.156628,29.34
-26.555827,153.156372,29.68
-26.555149,153.156622,31.12
-26.553344,153.156369,29.61
-26.552440,153.156619,29.30
-26.549508,153.155109,29.34
-26.547702,153.155106,31.10
-26.546799,153.155105,31.87
-26.545895,153.155606,30.76
-26.542961,153.155100,30.71
-26.541381,153.155098,32.30
-26.541156,153.155097,31.65
-26.537995,153.155595,31.14
-26.537543,153.155846,31.81
-26.535285,153.156595,29.75
-26.533481,153.155087,31.60
-26.533029,153.155087,30.68
-26.531448,153.155837,28.87
-26.528288,153.156335,30.21
-26.526933,153.156584,31.05
-26.526482,153.156583,30.13
-26.523773,153.156580,29.47
-26.521741,153.156577,29.93
-26.521516,153.156577,29.84
-26.518581,153.156573,30.01
-26.517678,153.156571,30.16
-26.516324,153.156570,30.17
-26.513615,153.156566,30.28
-26.512035,153.156564,30.48
-26.511583,153.156563,30.39
-26.508875,153.156559,30.52
-26.507069,153.156557,31.17
-26.506617,153.156556,31.45
-26.504360,153.156553,31.00
-26.503683,153.156552,30.62
-26.500748,153.156548,31.14
-26.498943,153.156546,32.11
-26.498266,153.156294,32.06
-26.495782,153.156542,30.96
-26.495557,153.156541,30.80
-26.492622,153.156537,30.84
-26.492171,153.156035,31.26
-26.489462,153.156533,31.00
-26.487657,153.156029,31.24
-26.487206,153.155527,31.48
-26.485852,153.155274,30.95
-26.482916,153.156524,30.78
-26.481110,153.156522,30.95
-26.479981,153.156520,31.12
-26.477950,153.156267,31.20
-26.477498,153.156517,31.40
-26.475015,153.156514,31.12
-26.472985,153.155257,31.41
-26.472759,153.155256,31.44
-26.469823,153.156507,31.43
-26.468921,153.156255,31.62
-26.467567,153.156002,31.63
-26.464858,153.156249,31.87
-26.463729,153.155997,32.04
-26.462827,153.155494,32.22
-26.460794,153.156244,31.74
-26.458312,153.155989,32.04
-26.456731,153.156489,32.48
-26.455151,153.156487,33.15
-26.454701,153.154981,32.65
-26.451991,153.156482,32.59
-26.450186,153.155728,33.90
-26.449735,153.154975,34.38
-26.447477,153.155724,33.13
-26.445444,153.156474,33.24
-26.443866,153.154967,34.00
-26.442284,153.156469,33.99
-26.440930,153.156217,34.16
-26.438898,153.156465,33.89
-26.438672,153.156464,33.90
-26.435738,153.155959,33.70
-26.435512,153.156209,33.78
-26.432352,153.156456,32.27
-26.430773,153.155702,34.38
-26.430095,153.156202,34.93
-26.427613,153.154945,35.05
-26.427387,153.154945,35.05
-26.424451,153.156445,33.43
-26.422645,153.156443,33.13
-26.421067,153.154936,35.01
-26.419713,153.154935,35.90
-26.418808,153.156438,36.37
-26.416551,153.156435,36.09
-26.415875,153.155431,34.93
-26.414294,153.156181,33.57
-26.412489,153.155176,33.42
-26.411135,153.154923,32.06
-26.409553,153.156175,31.52
-26.406620,153.155419,29.57
-26.405716,153.156169,29.40
-26.403684,153.155916,29.96
-26.401427,153.156414,30.75
-26.399846,153.156412,33.13
-26.398492,153.156410,33.33
-26.396687,153.155907,32.83
-26.395332,153.156406,33.13
-26.393526,153.156404,34.03
-26.393300,153.156403,34.05
-26.390366,153.155898,35.21
-26.389012,153.155646,36.38
-26.387431,153.156145,36.45
-26.386754,153.156394,35.87
-26.384271,153.156391,36.04
-26.382239,153.156388,37.25
-26.381111,153.155635,37.89
-26.380209,153.155133,36.99
-26.377273,153.156382,37.77
-26.377047,153.156381,37.82
-26.374339,153.156127,35.60
-26.372759,153.156125,36.31
-26.370727,153.156122,36.30
-26.369824,153.155870,37.39
-26.368921,153.155869,35.95
-26.366890,153.155616,37.00
-26.364182,153.155111,33.64
-26.363731,153.154860,33.49
-26.362151,153.154858,33.93
-26.085620,153.154992,33.80
-26.084039,153.155490,33.77
-26.081557,153.154987,33.85
-26.080427,153.155735,33.81
-26.079524,153.155984,33.84
-26.076589,153.155980,34.22
-26.076364,153.155480,34.01
-26.074333,153.155227,33.34
-26.071623,153.155974,33.54
-26.070043,153.155971,33.57
-26.069817,153.155971,33.25
-26.067108,153.155968,32.18
-26.065302,153.155965,31.86
-26.064399,153.155964,31.96
-26.062819,153.155962,31.77
-26.061013,153.155959,31.18
-26.058530,153.155956,30.82
-26.058305,153.155206,30.60
-26.056724,153.155954,30.46
-26.054692,153.155951,30.00
-26.052660,153.155948,29.51
-26.051532,153.155947,29.63
-26.049952,153.155945,29.12
-26.048597,153.155943,28.57
-26.046791,153.155941,28.46
-26.045437,153.155939,28.41
-26.043856,153.155937,27.10
-26.042051,153.155934,26.49
-26.040470,153.155932,26.35
-26.038890,153.155930,25.31
-26.037310,153.155928,24.95
-26.035504,153.155926,24.28
-26.033924,153.155924,23.51
-26.032343,153.155922,22.71
-26.030763,153.155919,21.59
-26.029183,153.155917,20.92
-26.027377,153.155915,19.71
-26.025797,153.155913,18.64
-26.024217,153.155911,17.68
-26.022636,153.155909,16.64
-26.020379,153.155906,15.48
-26.019476,153.155905,14.65
-26.017444,153.155902,13.50
-26.016090,153.155900,12.01
-26.014510,153.155898,10.70
-26.012929,153.155896,8.69
-26.011349,153.155894,6.46
-26.009319,153.154392,4.67
-26.007964,153.155140,4.57
-26.006383,153.155887,4.53
-26.004803,153.155885,3.07
-26.002771,153.155882,1.59
-26.001416,153.155881,0.41
-26.748594,153.158646,18.98
-26.747465,153.158645,18.34
-26.745208,153.158642,18.57
-26.743176,153.158639,19.34
-26.742725,153.158387,18.92
-26.740243,153.157378,18.72
-26.739339,153.158382,17.85
-26.736406,153.157373,16.90
-26.734601,153.157119,17.40
-26.733019,153.158373,17.83
-26.731439,153.158623,18.39
-26.730084,153.158621,18.58
-26.728279,153.158618,18.63
-26.726473,153.158616,18.71
-26.724893,153.158614,18.82
-26.723764,153.158612,19.02
-26.721733,153.158358,18.90
-26.720379,153.158105,18.96
-26.718573,153.158353,19.10
-26.716767,153.158602,19.40
-26.715188,153.157846,19.63
-26.713607,153.158598,19.85
-26.712027,153.158596,19.98
-26.711801,153.158595,19.77
-26.708868,153.157586,19.61
-26.708191,153.157082,19.56
-26.706835,153.158589,19.43
-26.705255,153.158335,19.27
-26.702998,153.158081,19.19
-26.702096,153.157325,19.15
-26.698935,153.158075,19.30
-26.697355,153.158575,19.71
-26.696000,153.158574,20.24
-26.693969,153.158319,20.25
-26.693743,153.158319,20.24
-26.691486,153.158065,20.07
-26.689229,153.158062,19.13
-26.687648,153.158562,19.63
-26.686521,153.157053,19.80
-26.684264,153.157050,19.78
-26.684039,153.157049,19.71
-26.681102,153.158553,20.09
-26.680200,153.158552,20.41
-26.677942,153.158549,20.12
-26.676362,153.158546,20.71
-26.675911,153.158043,20.02
-26.673429,153.157537,19.95
-26.671622,153.158540,19.96
-26.669816,153.158537,20.14
-26.668913,153.158536,20.31
-26.666656,153.158533,19.53
-26.666205,153.158030,19.53
-26.664626,153.157274,19.26
-26.661690,153.158526,19.27
-26.659885,153.157519,19.34
-26.659434,153.157518,19.40
-26.658079,153.158521,19.35
-26.656500,153.157012,19.04
-26.653564,153.158515,19.80
-26.653114,153.157007,20.04
-26.651534,153.157507,18.56
-26.649503,153.157002,17.03
-26.648148,153.157000,16.21
-26.646794,153.156998,16.35
-26.643859,153.157245,13.35
-26.642957,153.156993,14.15
-26.641377,153.156991,14.96
-26.638894,153.156988,16.80
-26.637087,153.157990,17.71
-26.636409,153.158491,18.27
-26.633926,153.158488,19.02
-26.632572,153.158486,19.54
-26.630766,153.158483,19.66
-26.628960,153.158481,20.52
-26.627380,153.158479,21.51
-26.625800,153.158477,23.24
-26.625574,153.158225,22.87
-26.622641,153.156965,22.19
-26.622416,153.156965,22.17
-26.620834,153.158219,21.40
-26.617674,153.158465,21.55
-26.616094,153.158212,22.02
-26.614513,153.158461,22.60
-26.612708,153.158458,23.05
-26.611128,153.158456,23.12
-26.609547,153.158454,24.11
-26.607968,153.158201,25.67
-26.607742,153.158201,25.80
-26.605259,153.158197,25.47
-26.603227,153.158445,25.48
-26.601421,153.158443,25.84
-26.599841,153.158441,26.54
-26.598487,153.157937,27.39
-26.598037,153.156932,27.15
-26.594875,153.158434,27.05
-26.593295,153.158432,27.95
-26.591715,153.158430,28.73
-26.591038,153.158429,29.24
-26.589910,153.158176,28.47
-26.587878,153.158424,27.48
-26.585169,153.158421,27.77
-26.583589,153.158418,29.01
-26.583137,153.158418,29.44
-26.581783,153.158416,28.32
-26.578623,153.158412,28.51
-26.577043,153.158158,29.73
-26.576818,153.157907,29.66
-26.573883,153.158405,28.15
-26.572077,153.158403,28.66
-26.570497,153.158400,29.07
-26.568918,153.157143,29.47
-26.567338,153.156890,30.20
-26.565758,153.156888,31.02
-26.564404,153.156886,31.87
-26.562823,153.157637,31.92
-26.562145,153.157887,31.82
-26.560566,153.156881,29.93
-26.558533,153.158133,29.99
-26.555825,153.158129,30.16
-26.555149,153.156873,31.21
-26.552890,153.158376,31.27
-26.552438,153.158376,30.47
-26.549506,153.156866,28.71
-26.547700,153.157114,31.11
-26.547474,153.156863,31.39
-26.545442,153.157111,30.65
-26.542959,153.157610,30.89
-26.542056,153.157106,31.98
-26.541154,153.156854,30.16
-26.537994,153.156850,30.82
-26.536638,153.157852,31.83
-26.535057,153.158352,31.09
-26.533930,153.157095,31.66
-26.533027,153.157094,30.22
-26.529866,153.158345,28.93
-26.528286,153.157590,30.25
-26.526933,153.157086,31.10
-26.526481,153.156834,30.14
-26.523546,153.157834,30.33
-26.521739,153.158333,30.24
-26.520385,153.158332,30.25
-26.518579,153.158329,30.37
-26.517225,153.158327,30.54
-26.516096,153.158326,30.61
-26.514065,153.158323,30.77
-26.512033,153.158069,30.86
-26.510453,153.158318,30.99
-26.508873,153.158316,31.17
-26.507067,153.158313,31.73
-26.506164,153.158312,32.27
-26.503907,153.157807,31.47
-26.503681,153.158309,31.94
-26.500746,153.158305,31.59
-26.499166,153.158302,32.55
-26.498942,153.156797,32.27
-26.495782,153.157294,31.35
-26.495556,153.157294,31.06
-26.492620,153.158293,30.98
-26.492170,153.157039,31.17
-26.489686,153.158039,31.28
-26.488332,153.158037,31.43
-26.486978,153.157784,31.58
-26.485172,153.157531,30.99
-26.482689,153.157527,30.95
-26.481108,153.158278,31.37
-26.479754,153.158276,31.51
-26.477948,153.158273,31.51
-26.477045,153.158272,31.74
-26.475239,153.158270,31.44
-26.473207,153.158267,31.61
-26.472530,153.158266,31.57
-26.469821,153.158262,31.71
-26.468693,153.158261,31.90
-26.467564,153.158259,31.95
-26.465081,153.158256,32.25
-26.463727,153.158254,32.32
-26.462824,153.158253,32.33
-26.461469,153.158251,32.30
-26.458535,153.158247,32.50
-26.456729,153.158244,32.77
-26.455149,153.157741,33.75
-26.454924,153.157740,33.77
-26.451989,153.158238,33.33
-26.450409,153.157985,34.27
-26.450183,153.157734,33.95
-26.447023,153.158231,32.98
-26.445442,153.158229,33.50
-26.443862,153.158227,34.01
-26.442284,153.156971,34.14
-26.440476,153.158222,34.28
-26.440025,153.158222,34.22
-26.438672,153.157217,34.04
-26.435736,153.157965,34.13
-26.435285,153.158215,34.37
-26.432350,153.158211,33.24
-26.430770,153.158209,34.41
-26.429868,153.157205,34.55
-26.427610,153.158205,34.68
-26.426481,153.158203,34.65
-26.424450,153.157197,34.05
-26.422644,153.158198,33.70
-26.421064,153.157945,35.47
-26.419709,153.158194,36.28
-26.418355,153.158192,37.00
-26.416550,153.156685,36.19
-26.415195,153.157686,35.27
-26.414292,153.157936,34.33
-26.412711,153.158184,34.17
-26.410002,153.158181,34.28
-26.409551,153.157929,32.58
-26.407519,153.158177,31.70
-26.405262,153.158174,31.53
-26.404359,153.158173,31.65
-26.402102,153.158170,34.33
-26.400070,153.158167,33.36
-26.398492,153.156661,33.41
-26.397587,153.157913,33.74
-26.395330,153.158161,34.15
-26.393750,153.157908,35.57
-26.392847,153.158157,35.70
-26.390138,153.158154,35.36
-26.388558,153.158151,37.68
-26.387881,153.158150,37.95
-26.385849,153.157897,36.89
-26.384721,153.157895,37.04
-26.382689,153.157642,37.94
-26.381561,153.157390,37.77
-26.378852,153.157136,36.60
-26.377273,153.156883,37.44
-26.376821,153.156882,37.79
-26.375241,153.156630,35.30
-26.082910,153.156238,33.71
-26.082233,153.156238,33.75
-26.079975,153.156235,33.80
-26.078169,153.156232,33.71
-26.076589,153.156230,34.46
-26.075912,153.156479,34.05
-26.074331,153.157227,33.84
-26.072976,153.156975,33.95
-26.070719,153.157222,33.97
-26.069590,153.157221,33.89
-26.066880,153.157717,33.73
-26.065526,153.157715,33.36
-26.064623,153.157714,32.69
-26.062591,153.157711,32.94
-26.061689,153.157210,32.07
-26.058754,153.157706,32.66
-26.058302,153.157705,32.28
-26.056045,153.157702,31.52
-26.054690,153.157701,30.89
-26.053336,153.157699,30.69
-26.051530,153.157696,30.32
-26.048821,153.157693,30.01
-26.048595,153.157692,30.17
-26.046789,153.157690,30.01
-26.044983,153.157688,28.99
-26.042274,153.157684,28.14
-26.041823,153.157683,28.65
-26.040468,153.157682,27.52
-26.037985,153.157678,27.50
-26.037308,153.157677,26.76
-26.035051,153.157674,25.78
-26.033922,153.157673,25.67
-26.032342,153.157671,24.49
-26.030536,153.157668,24.10
-26.029181,153.157666,23.24
-26.027375,153.157664,22.30
-26.025795,153.157662,21.39
-26.024215,153.157660,20.31
-26.022635,153.157658,19.36
-26.021054,153.157656,18.42
-26.019474,153.157653,17.32
-26.017668,153.157651,15.99
-26.016088,153.157649,14.98
-26.013831,153.157646,13.71
-26.012928,153.157645,12.44
-26.011347,153.157643,11.24
-26.009541,153.157640,9.26
-26.007961,153.157638,7.11
-26.006381,153.157636,5.03
-26.004576,153.156634,4.58
-26.002092,153.157630,4.50
-26.001415,153.157629,3.95
-25.999834,153.157627,1.89
-25.998254,153.157625,1.19
-25.996448,153.157623,-1.00
-26.748366,153.160406,19.66
-26.747463,153.160405,18.96
-26.744980,153.160401,19.69
-26.743851,153.160400,19.05
-26.742499,153.158889,18.95
-26.740467,153.159641,19.07
-26.739337,153.160393,17.88
-26.736403,153.160389,16.92
-26.734597,153.160387,17.45
-26.733017,153.160385,18.04
-26.731437,153.160382,18.48
-26.729857,153.160380,18.70
-26.729405,153.160379,18.79
-26.726471,153.160375,18.82
-26.724891,153.160373,19.00
-26.724214,153.160372,19.05
-26.722859,153.160370,19.03
-26.720151,153.160115,19.05
-26.718345,153.160364,19.21
-26.716765,153.160362,19.47
-26.715185,153.160108,19.73
-26.713605,153.159855,20.00
-26.712927,153.160356,20.00
-26.711799,153.160355,19.98
-26.708640,153.158842,19.49
-26.708189,153.158842,19.54
-26.706833,153.160348,19.48
-26.704125,153.159590,19.30
-26.703673,153.160343,19.26
-26.700514,153.159082,19.20
-26.698933,153.160337,19.48
-26.697353,153.160335,19.98
-26.695773,153.160332,20.55
-26.695547,153.160332,20.27
-26.693515,153.160329,20.30
-26.691485,153.158819,20.03
-26.689227,153.159821,19.24
-26.687648,153.158813,19.65
-26.687421,153.160069,19.65
-26.684262,153.159060,19.54
-26.682681,153.159560,19.66
-26.681552,153.160312,20.46
-26.679974,153.158803,20.40
-26.678844,153.159304,20.20
-26.676361,153.159551,20.83
-26.675910,153.159300,19.89
-26.673202,153.159044,19.94
-26.671394,153.160298,20.09
-26.669589,153.160296,20.20
-26.668913,153.158787,20.32
-26.666430,153.158784,19.50
-26.666204,153.158784,19.53
-26.664624,153.159033,19.17
-26.661688,153.160285,19.54
-26.661462,153.160284,19.61
-26.658754,153.160281,19.55
-26.658077,153.160280,19.48
-26.655142,153.160276,19.54
-26.653789,153.159520,20.95
-26.652885,153.159770,20.62
-26.651531,153.160270,19.37
-26.649951,153.159515,16.51
-26.648372,153.158759,14.18
-26.645663,153.158755,12.64
-26.644760,153.158754,11.78
-26.642277,153.158750,11.28
-26.640472,153.158748,11.00
-26.638891,153.159499,15.42
-26.637085,153.159748,18.13
-26.636407,153.159998,18.69
-26.633924,153.160246,19.52
-26.632344,153.160244,19.82
-26.630764,153.160242,20.45
-26.628958,153.160239,21.26
-26.627378,153.160237,22.58
-26.626475,153.160236,24.13
-26.625574,153.158727,22.96
-26.622863,153.160230,22.16
-26.622414,153.158723,22.04
-26.620608,153.158721,21.61
-26.617672,153.160223,21.70
-26.616092,153.160221,22.37
-26.614511,153.160219,22.95
-26.613609,153.159966,23.34
-26.612255,153.159713,23.35
-26.609546,153.160212,24.32
-26.607967,153.159205,25.80
-26.607063,153.160208,25.87
-26.605257,153.160206,25.78
-26.602999,153.160203,25.80
-26.601419,153.160201,26.25
-26.599839,153.160198,27.16
-26.598936,153.160197,27.84
-26.598033,153.160196,27.27
-26.594873,153.160191,27.62
-26.593293,153.160189,28.52
-26.591715,153.158681,28.83
-26.590812,153.158930,29.31
-26.589908,153.159934,28.41
-26.588327,153.160182,27.60
-26.585167,153.160178,28.21
-26.583587,153.159925,29.59
-26.583362,153.159171,29.52
-26.581781,153.160173,28.38
-26.578847,153.160169,29.37
-26.577043,153.158660,29.77
-26.576817,153.158911,29.47
-26.573881,153.160162,28.56
-26.572075,153.160160,29.08
-26.570495,153.160158,29.28
-26.568915,153.160155,29.72
-26.568012,153.160154,30.11
-26.565756,153.158645,30.33
-26.563950,153.159144,31.06
-26.562822,153.158641,31.79
-26.562144,153.158640,31.68
-26.560564,153.159391,29.46
-26.558081,153.158885,30.15
-26.557403,153.160139,30.11
-26.554242,153.160135,30.17
-26.553115,153.159380,31.46
-26.552438,153.159129,30.66
-26.549502,153.160128,29.53
-26.547698,153.158620,31.02
-26.547472,153.158620,31.12
-26.545666,153.158617,30.54
-26.542958,153.158613,30.82
-26.542280,153.158613,31.54
-26.541151,153.159113,29.94
-26.537990,153.159861,30.22
-26.536637,153.158605,31.02
-26.534831,153.158602,31.15
-26.534154,153.158601,31.46
-26.533024,153.159604,30.57
-26.529864,153.160101,29.76
-26.528284,153.160099,30.26
-26.527157,153.158592,30.42
-26.526252,153.159845,30.38
-26.523543,153.160092,30.50
-26.521963,153.159839,30.62
-26.520383,153.159837,30.70
-26.519029,153.160086,30.74
-26.517449,153.160084,30.85
-26.515643,153.160081,30.92
-26.514063,153.160079,31.02
-26.512257,153.159826,31.12
-26.510451,153.160074,31.26
-26.508871,153.159570,31.39
-26.507065,153.160070,31.81
-26.505937,153.159064,32.43
-26.505260,153.159565,31.47
-26.503681,153.158560,31.96
-26.500745,153.159559,31.69
-26.499166,153.158553,32.54
-26.498940,153.158553,32.19
-26.496004,153.160054,31.43
-26.495553,153.160054,31.19
-26.492618,153.160050,31.39
-26.491490,153.159797,31.53
-26.489458,153.160045,31.76
-26.488104,153.159792,31.99
-26.486524,153.160041,32.39
-26.485846,153.160040,31.27
-26.482687,153.159534,31.10
-26.481107,153.159030,31.54
-26.480655,153.159782,31.63
-26.477946,153.160029,31.63
-26.477496,153.158524,31.70
-26.474560,153.160025,31.63
-26.472980,153.160022,31.80
-26.471400,153.160020,31.98
-26.470045,153.160018,32.13
-26.468465,153.160016,32.29
-26.466885,153.160014,32.49
-26.465305,153.160012,32.83
-26.463725,153.160010,33.08
-26.461919,153.160007,33.41
-26.461242,153.160006,33.37
-26.458308,153.159500,32.71
-26.457404,153.160001,33.21
-26.455149,153.158493,33.85
-26.454922,153.159747,33.59
-26.452438,153.159994,33.69
-26.450633,153.159741,34.62
-26.450181,153.159489,34.10
-26.447924,153.159988,33.14
-26.445440,153.159984,34.67
-26.445215,153.159733,34.68
-26.443410,153.158728,34.18
-26.440927,153.159226,34.42
-26.440250,153.158473,34.15
-26.437540,153.159973,34.00
-26.436637,153.159972,34.40
-26.435509,153.159720,34.57
-26.432348,153.159966,34.87
-26.432122,153.159966,35.11
-26.429414,153.159711,35.12
-26.427608,153.159960,35.27
-26.426028,153.159456,35.30
-26.425802,153.159456,35.10
-26.422642,153.159451,34.04
-26.421287,153.159700,35.72
-26.419481,153.159948,36.62
-26.418353,153.159195,37.24
-26.416999,153.158942,36.66
-26.414967,153.159942,36.31
-26.412935,153.159689,37.88
-26.412710,153.159688,38.15
-26.410678,153.159936,36.57
-26.409098,153.159934,33.99
-26.406840,153.159931,34.51
-26.404809,153.159427,33.44
-26.404583,153.159928,33.82
-26.402327,153.158421,34.48
-26.400294,153.159671,34.14
-26.398940,153.159669,34.29
-26.396683,153.159416,34.54
-26.395554,153.159163,34.66
-26.393749,153.158660,35.93
-26.393072,153.158909,36.56
-26.390589,153.158655,36.34
-26.388783,153.158402,37.50
-26.075910,153.157979,33.83
-26.070943,153.158222,33.86
-26.069589,153.157970,33.96
-26.066880,153.158217,33.94
-26.065976,153.159465,33.89
-26.063718,153.159212,33.88
-26.062364,153.159460,33.86
-26.060783,153.159458,33.46
-26.058752,153.158956,33.31
-26.057849,153.159454,33.05
-26.056494,153.159452,32.82
-26.054688,153.159450,32.89
-26.052882,153.159448,31.73
-26.051302,153.159445,31.59
-26.048819,153.159442,31.45
-26.048593,153.159442,31.60
-26.047013,153.159190,30.98
-26.045207,153.159437,30.25
-26.042272,153.159433,30.06
-26.042047,153.159433,30.05
-26.040241,153.159430,29.30
-26.038886,153.159429,28.70
-26.035726,153.159424,27.65
-26.034597,153.159423,27.99
-26.033920,153.159422,26.99
-26.032340,153.159420,26.15
-26.030534,153.159417,26.09
-26.028728,153.159415,25.40
-26.027599,153.159413,24.54
-26.025793,153.159411,23.46
-26.024213,153.159409,23.07
-26.022633,153.159407,22.15
-26.021052,153.159405,20.87
-26.019472,153.159402,19.96
-26.017666,153.159400,18.78
-26.016086,153.159398,17.79
-26.014506,153.159396,16.63
-26.012474,153.159393,15.54
-26.011120,153.159391,14.42
-26.009539,153.159389,12.97
-26.007959,153.159387,11.58
-26.006379,153.159385,10.21
-26.004799,153.159383,8.11
-26.002993,153.159380,5.58
-26.001188,153.158129,4.40
-25.999155,153.159125,4.43
-25.998252,153.159374,4.32
-25.996672,153.159372,2.34
-25.994866,153.159119,0.99
-25.993060,153.159117,-1.09
-26.748138,153.162417,20.34
-26.747461,153.162416,19.93
-26.744527,153.161909,19.98
-26.743850,153.161908,20.34
-26.742495,153.162409,19.25
-26.739786,153.162405,19.12
-26.739335,153.162153,18.37
-26.737755,153.161900,17.01
-26.734595,153.162146,17.56
-26.733015,153.162144,18.29
-26.732112,153.162394,18.66
-26.730080,153.162391,18.91
-26.729178,153.161887,18.96
-26.726469,153.162386,18.98
-26.724889,153.162384,19.15
-26.723760,153.162382,19.33
-26.722180,153.162380,19.12
-26.720148,153.162377,19.18
-26.718569,153.161621,19.27
-26.716763,153.162121,19.56
-26.715184,153.161114,19.83
-26.713829,153.161363,20.05
-26.713152,153.161111,20.10
-26.711797,153.162365,20.00
-26.710217,153.161861,19.61
-26.707510,153.160600,19.45
-26.706833,153.160599,19.41
-26.704800,153.161853,19.32
-26.702993,153.162353,19.33
-26.700510,153.162349,19.35
-26.698930,153.162347,19.68
-26.697351,153.162094,20.16
-26.695771,153.161589,20.70
-26.695545,153.162091,20.62
-26.693739,153.162089,20.40
-26.691030,153.162085,20.15
-26.690579,153.162335,19.51
-26.688096,153.162081,19.61
-26.687194,153.160823,19.62
-26.685840,153.160570,19.59
-26.682678,153.162324,19.82
-26.681776,153.162072,20.82
-26.679519,153.161817,20.15
-26.677713,153.161815,20.23
-26.676358,153.162315,20.77
-26.674552,153.162061,19.79
-26.672972,153.162059,20.01
-26.671392,153.162308,20.29
-26.670715,153.162056,20.38
-26.669135,153.162054,20.37
-26.667782,153.161298,19.57
-26.665073,153.161043,19.60
-26.663492,153.162297,19.45
-26.661686,153.162043,19.74
-26.661460,153.162294,19.79
-26.659655,153.161789,19.58
-26.658076,153.160531,19.46
-26.655140,153.162034,20.85
-26.654690,153.161029,20.49
-26.652433,153.160523,19.79
-26.651530,153.160522,19.48
-26.649948,153.162027,16.47
-26.648370,153.160768,13.39
-26.646790,153.160515,10.77
-26.644983,153.161266,11.13
-26.643402,153.162017,11.57
-26.640468,153.162013,12.34
-26.638888,153.162262,15.88
-26.637083,153.161506,18.16
-26.635953,153.162258,20.18
-26.634599,153.162256,20.45
-26.632342,153.162253,20.23
-26.630762,153.162000,21.15
-26.628956,153.162248,22.28
-26.627376,153.162246,24.37
-26.626924,153.162245,25.55
-26.625570,153.162243,23.18
-26.622637,153.160984,22.58
-26.622410,153.161737,22.31
-26.620604,153.162236,21.94
-26.617669,153.162232,22.18
-26.616089,153.162230,22.90
-26.614510,153.161977,23.62
-26.613381,153.162226,24.02
-26.612478,153.161723,24.18
-26.609544,153.161970,25.09
-26.608866,153.161969,26.29
-26.606609,153.161966,26.14
-26.605480,153.162215,26.04
-26.602997,153.161961,25.94
-26.601417,153.162209,26.50
-26.599837,153.162207,27.42
-26.599160,153.162206,27.89
-26.598031,153.161954,27.45
-26.594871,153.162200,28.24
-26.593291,153.161947,29.04
-26.593065,153.161947,29.20
-26.590584,153.160688,29.14
-26.589905,153.162193,28.46
-26.586745,153.161938,27.88
-26.585165,153.162186,28.69
-26.583812,153.160678,29.61
-26.583361,153.160427,29.18
-26.580199,153.162179,28.79
-26.579071,153.161425,29.79
-26.577266,153.160418,29.19
-26.576815,153.160417,29.06
-26.573879,153.161920,28.81
-26.572073,153.161917,29.26
-26.570493,153.161915,29.57
-26.568913,153.161913,29.97
-26.567784,153.161911,30.29
-26.567107,153.162161,30.32
-26.563948,153.160902,30.83
-26.563045,153.161151,31.63
-26.562143,153.160397,30.86
-26.559432,153.162150,29.67
-26.557626,153.161897,30.35
-26.557400,153.162147,30.59
-26.555820,153.162145,30.27
-26.553113,153.160384,30.89
-26.552434,153.162140,30.34
-26.550854,153.162138,30.02
-26.547696,153.160377,30.45
-26.546791,153.162132,30.78
-26.545888,153.162131,30.61
-26.542954,153.162127,30.71
-26.542278,153.160369,31.05
-26.540922,153.162124,30.30
-26.537988,153.162120,30.51
-26.536633,153.162118,30.72
-26.534829,153.160359,30.99
-26.533926,153.160358,31.33
-26.533022,153.161862,30.75
-26.530313,153.162109,30.38
-26.528281,153.162106,30.52
-26.527378,153.162105,30.59
-26.525347,153.162102,30.69
-26.523992,153.162100,30.74
-26.521735,153.162097,30.88
-26.520381,153.162095,30.95
-26.518801,153.162093,31.05
-26.517672,153.161841,31.08
-26.515866,153.162089,31.17
-26.513835,153.162086,31.23
-26.513157,153.162085,31.28
-26.510450,153.160576,31.33
-26.508869,153.162079,31.44
-26.507065,153.160320,31.79
-26.506388,153.160319,32.03
-26.504580,153.162073,31.78
-26.503677,153.161821,31.59
-26.500743,153.161566,31.94
-26.499615,153.160812,32.54
-26.498937,153.161564,31.71
-26.496905,153.162062,31.65
-26.495551,153.161308,31.44
-26.492616,153.161806,31.66
-26.491488,153.161804,31.94
-26.489231,153.161299,32.02
-26.488327,153.162050,32.32
-26.486747,153.162048,32.77
-26.485844,153.161796,31.55
-26.482684,153.162042,31.53
-26.481104,153.162040,31.80
-26.480427,153.162039,31.86
-26.479072,153.162037,31.81
-26.476815,153.161783,31.85
-26.474783,153.162031,31.99
-26.473880,153.162030,32.25
-26.471623,153.161776,32.32
-26.470043,153.161774,32.51
-26.468689,153.161772,32.64
-26.466657,153.162020,32.94
-26.465303,153.162018,33.36
-26.463497,153.161514,33.55
-26.461691,153.162013,34.20
-26.460562,153.162011,34.69
-26.459659,153.162010,33.46
-26.457177,153.161505,34.19
-26.455145,153.161753,34.04
-26.454919,153.161753,34.22
-26.452436,153.162000,35.06
-26.451082,153.161497,34.78
-26.450179,153.161495,33.52
-26.447696,153.161993,33.61
-26.445438,153.161990,35.00
-26.444762,153.160986,34.88
-26.442504,153.161735,34.89
-26.441827,153.161735,34.39
-26.439344,153.161480,33.83
-26.437312,153.161728,34.63
-26.436635,153.161978,35.16
-26.435281,153.161725,34.98
-26.432347,153.160718,34.99
-26.430767,153.160465,35.00
-26.429865,153.160213,35.16
-26.427607,153.160461,35.32
-26.427382,153.160210,35.17
-26.425123,153.160959,35.28
-26.423994,153.161960,35.09
-26.421059,153.161956,35.81
-26.419931,153.161453,36.99
-26.419030,153.160199,37.31
-26.416771,153.161700,38.01
-26.414965,153.161446,38.87
-26.413611,153.161194,39.02
-26.412708,153.161443,38.32
-26.409774,153.160938,37.81
-26.409322,153.160937,37.80
-26.407291,153.160684,35.27
-26.406163,153.160431,33.74
-26.404357,153.160178,34.06
-26.402325,153.160175,34.13
-26.067330,153.159717,33.92
-26.065071,153.160464,33.95
-26.064846,153.160214,33.92
-26.062813,153.160961,33.93
-26.061234,153.159959,33.92
-26.059201,153.161206,33.95
-26.057622,153.160454,33.81
-26.056492,153.161202,33.97
-26.055138,153.160950,33.72
-26.052880,153.161197,33.64
-26.051751,153.161445,32.62
-26.048817,153.161441,33.46
-26.048591,153.161191,33.21
-26.046559,153.161438,31.96
-26.045205,153.161436,32.04
-26.042270,153.161432,31.12
-26.042044,153.161432,31.16
-26.039562,153.161179,30.53
-26.038433,153.161427,29.90
-26.037078,153.161425,29.69
-26.035046,153.161422,30.15
-26.033466,153.161420,28.16
-26.031886,153.161418,28.35
-26.030532,153.161416,28.21
-26.028951,153.161414,27.91
-26.027597,153.161162,26.30
-26.025339,153.161409,26.22
-26.023985,153.161407,24.93
-26.022630,153.161405,24.24
-26.021050,153.161403,24.01
-26.019470,153.161401,22.91
-26.017438,153.161398,21.61
-26.015858,153.161396,20.64
-26.014504,153.161394,19.80
-26.012923,153.161392,18.85
-26.011343,153.161390,17.61
-26.009537,153.161138,16.45
-26.007731,153.161385,15.30
-26.006377,153.161383,14.00
-26.004797,153.161381,12.99
-26.002765,153.161378,10.95
-26.001410,153.161376,9.47
-25.999830,153.161374,7.28
-25.998250,153.161372,5.10
-25.995542,153.160869,4.76
-25.994638,153.161117,4.68
-25.993284,153.161365,3.66
-25.991252,153.161113,1.42
-25.990123,153.161361,1.04
-25.949940,153.161057,-1.05
-25.948135,153.161054,3.22
-25.947683,153.161303,3.22
-26.747912,153.162417,20.32
-26.746782,153.164175,19.95
-26.744526,153.162412,20.00
-26.743623,153.162411,20.03
-26.742493,153.164169,19.62
-26.739558,153.164165,19.02
-26.739333,153.164164,18.98
-26.737753,153.163911,17.43
-26.734593,153.163906,17.82
-26.733013,153.163904,18.60
-26.731884,153.164154,19.00
-26.730078,153.164151,19.02
-26.728950,153.163647,19.16
-26.728047,153.164148,19.13
-26.724886,153.164144,19.34
-26.723532,153.164142,19.58
-26.723081,153.164141,19.42
-26.720146,153.164137,19.39
-26.718341,153.163883,19.42
-26.716760,153.164132,19.66
-26.715181,153.163627,19.89
-26.713601,153.163122,20.08
-26.712697,153.164126,20.15
-26.711795,153.163622,20.05
-26.710215,153.163620,19.71
-26.708409,153.163869,19.47
-26.705701,153.163111,19.40
-26.704120,153.164114,19.39
-26.702540,153.163860,19.37
-26.700508,153.164109,19.48
-26.698929,153.163604,19.81
-26.697349,153.163853,20.30
-26.695769,153.163348,20.76
-26.695543,153.163599,20.74
-26.693512,153.163093,20.50
-26.690804,153.162838,20.08
-26.690577,153.163843,20.01
-26.687642,153.164090,19.70
-26.686965,153.163838,19.65
-26.685611,153.164087,19.52
-26.682676,153.164083,20.17
-26.681774,153.163077,21.18
-26.679516,153.164079,20.33
-26.678162,153.164077,20.38
-26.676357,153.162818,20.80
-26.675905,153.163822,19.95
-26.672972,153.162562,20.06
-26.671390,153.163816,20.35
-26.670939,153.164066,20.43
-26.668909,153.162305,20.35
-26.667778,153.164062,19.73
-26.664844,153.164058,19.66
-26.663490,153.164056,19.82
-26.661910,153.163802,20.07
-26.661458,153.163802,20.02
-26.659652,153.164050,19.68
-26.656718,153.163544,19.58
-26.655366,153.162286,20.72
-26.654914,153.162285,20.29
-26.651978,153.164039,17.31
-26.651303,153.162280,17.22
-26.649269,153.164035,18.12
-26.648366,153.164034,16.49
-26.646786,153.163781,11.01
-26.643627,153.163023,11.19
-26.643176,153.163022,12.95
-26.641143,153.164024,14.49
-26.639337,153.163770,17.75
-26.637757,153.164019,18.44
-26.635500,153.164016,21.07
-26.634371,153.164014,22.30
-26.633694,153.163511,21.63
-26.630759,153.164009,22.28
-26.628954,153.164006,23.57
-26.627374,153.164004,25.31
-26.626696,153.164003,26.16
-26.625568,153.164002,23.81
-26.622635,153.162490,21.97
-26.621279,153.163995,22.44
-26.620828,153.163492,22.18
-26.617667,153.163990,22.48
-26.616087,153.163988,23.37
-26.614507,153.163986,24.04
-26.613153,153.163984,25.17
-26.612701,153.163983,24.18
-26.609541,153.163979,25.69
-26.608866,153.162471,26.34
-26.606609,153.162217,26.07
-26.605930,153.163471,26.11
-26.602996,153.163467,26.11
-26.601415,153.163967,26.79
-26.599835,153.163714,27.70
-26.599158,153.163964,28.06
-26.596675,153.163960,27.85
-26.594869,153.163958,28.61
-26.593290,153.162700,29.09
-26.593065,153.162700,29.18
-26.590808,153.162446,28.97
-26.589904,153.162946,28.43
-26.586743,153.163946,28.19
-26.585163,153.163944,29.12
-26.584260,153.163943,29.97
-26.583357,153.163941,28.84
-26.580648,153.163937,29.04
-26.579295,153.162931,29.82
-26.578392,153.163181,28.97
-26.575457,153.163679,28.79
-26.573876,153.163928,29.12
-26.572071,153.163925,29.45
-26.570490,153.163923,29.71
-26.568911,153.163670,30.07
-26.567331,153.163165,30.46
-26.566879,153.163667,30.61
-26.563946,153.162659,30.87
-26.563269,153.162156,31.33
-26.562139,153.163911,30.44
-26.560558,153.163909,30.33
-26.557624,153.163905,30.99
-26.556721,153.163903,31.92
-26.555818,153.163902,31.58
-26.552884,153.163898,31.09
-26.552432,153.163897,31.00
-26.550175,153.163894,30.33
-26.547692,153.163891,30.74
-26.546564,153.163136,30.95
-26.545660,153.163888,30.90
-26.544306,153.163886,30.82
-26.542728,153.162127,30.82
-26.541146,153.163630,30.64
-26.538211,153.163877,30.77
-26.536857,153.163624,30.86
-26.534826,153.163370,30.96
-26.533697,153.163871,31.00
-26.533020,153.163870,30.93
-26.530085,153.163866,30.77
-26.528731,153.163362,30.81
-26.527376,153.163862,30.92
-26.525345,153.163859,30.98
-26.523990,153.163857,30.97
-26.521733,153.163854,31.08
-26.520153,153.163851,31.17
-26.518573,153.163598,31.23
-26.516993,153.163596,31.34
-26.515638,153.163845,31.44
-26.513607,153.163842,31.55
-26.512704,153.163841,31.60
-26.510447,153.163587,31.57
-26.508867,153.163835,31.65
-26.507061,153.163833,31.84
-26.505481,153.163831,32.02
-26.505255,153.163579,31.94
-26.502546,153.163827,31.90
-26.500740,153.163824,32.12
-26.499613,153.162317,32.32
-26.498709,153.163821,32.10
-26.497129,153.163568,31.95
-26.494194,153.163564,31.72
-26.492614,153.163562,31.94
-26.491485,153.163811,32.06
-26.489229,153.163055,32.24
-26.487649,153.163053,32.42
-26.486521,153.162048,32.80
-26.485843,153.162799,31.93
-26.482682,153.163798,31.79
-26.481102,153.163545,31.98
-26.480876,153.163545,32.02
-26.478393,153.163792,32.04
-26.476587,153.163790,32.23
-26.474556,153.163787,32.46
-26.473201,153.163785,32.60
-26.471621,153.163783,32.84
-26.470718,153.163781,32.97
-26.468461,153.163778,33.07
-26.466656,153.163274,33.26
-26.465301,153.163272,33.52
-26.463269,153.163771,33.61
-26.462142,153.162766,34.30
-26.460561,153.163265,35.11
-26.459883,153.163515,35.08
-26.457176,153.162007,33.90
-26.455145,153.162004,33.88
-26.453563,153.163757,35.07
-26.452435,153.162502,35.26
-26.450855,153.162499,34.80
-26.448596,153.163750,34.01
-26.447242,153.163748,34.54
-26.445438,153.162241,35.38
-26.444308,153.163744,35.29
-26.442954,153.162739,35.30
-26.442052,153.161986,34.59
-26.438890,153.163486,34.20
-26.437311,153.162731,35.10
-26.436634,153.162479,35.31
-26.434150,153.163228,35.41
-26.432344,153.163727,35.40
-26.431893,153.163476,35.37
-26.430538,153.163725,34.82
-26.428281,153.163471,35.46
-26.426701,153.163218,35.85
-26.424218,153.162964,35.73
-26.423993,153.162963,35.85
-26.421510,153.162458,35.46
-26.419705,153.162205,36.77
-26.419027,153.162204,36.48
-26.416996,153.161951,38.05
-26.060104,153.161457,33.95
-26.059427,153.161456,33.88
-26.057620,153.161953,33.88
-26.056266,153.161452,34.76
-26.055137,153.162200,33.97
-26.053555,153.163197,33.96
-26.051750,153.163195,33.80
-26.049267,153.162192,33.83
-26.048589,153.162940,33.15
-26.046332,153.163187,33.76
-26.045429,153.163186,33.20
-26.042494,153.163182,32.79
-26.040914,153.163180,31.87
-26.040462,153.163179,31.30
-26.038205,153.163176,31.96
-26.035722,153.163173,30.51
-26.035270,153.163172,31.13
-26.033691,153.162670,29.86
-26.032110,153.163168,29.95
-26.030755,153.163166,29.50
-26.029175,153.163163,28.85
-26.026240,153.163159,28.54
-26.025337,153.163158,27.68
-26.024209,153.163157,26.94
-26.021725,153.163153,26.42
-26.020597,153.163152,25.76
-26.019242,153.163150,25.39
-26.017662,153.163148,23.85
-26.016082,153.163145,23.62
-26.014502,153.163143,22.32
-26.012921,153.163141,21.50
-26.011341,153.163139,20.27
-26.009535,153.163136,18.99
-26.007955,153.163134,17.96
-26.006149,153.163132,16.68
-26.004569,153.163129,15.82
-26.002989,153.163127,14.62
-26.001408,153.163125,13.39
-25.999828,153.163123,11.81
-25.998248,153.163121,10.29
-25.996668,153.163119,8.20
-25.994862,153.163116,5.48
-25.992380,153.162113,4.54
-25.991476,153.162862,4.68
-25.990121,153.163110,4.26
-25.987638,153.162856,2.31
-25.986284,153.162355,-1.13
-25.985155,153.162853,-1.04
-25.949940,153.161556,-1.04
-25.948134,153.161304,3.17
-25.946553,153.161801,3.34
-25.944972,153.162548,3.33
-25.944521,153.162797,3.42
-26.747908,153.165937,21.31
-26.747457,153.165936,20.96
-26.744523,153.164926,19.80
-26.744298,153.164926,19.93
-26.742717,153.165175,19.63
-26.740912,153.165172,19.27
-26.739332,153.164416,18.81
-26.737751,153.165922,17.53
-26.734591,153.165917,18.06
-26.733010,153.165915,18.84
-26.731430,153.165913,19.16
-26.730753,153.165912,19.17
-26.728270,153.165908,19.21
-26.726690,153.165906,19.27
-26.724885,153.165652,19.46
-26.723305,153.165398,19.73
-26.722853,153.165649,19.80
-26.720144,153.165896,19.53
-26.718564,153.165894,19.66
-26.716758,153.165891,19.84
-26.715630,153.165890,20.02
-26.713826,153.164379,20.07
-26.712697,153.164378,20.17
-26.711794,153.164628,20.15
-26.709988,153.164876,19.73
-26.708182,153.165376,19.53
-26.706827,153.165877,19.41
-26.703892,153.165873,19.52
-26.703666,153.165872,19.53
-26.700506,153.165868,19.65
-26.698927,153.165363,20.00
-26.697346,153.165863,20.47
-26.695767,153.164856,20.67
-26.695542,153.164855,20.67
-26.693511,153.164350,20.43
-26.690802,153.164346,19.98
-26.690576,153.164346,20.04
-26.687866,153.165347,19.73
-26.687189,153.165346,19.73
-26.684254,153.165844,19.67
-26.682674,153.165842,20.48
-26.681998,153.164836,21.11
-26.679514,153.165838,20.44
-26.677934,153.165835,20.55
-26.676580,153.165582,20.68
-26.675903,153.165330,20.37
-26.672969,153.165074,20.02
-26.671388,153.165826,20.48
-26.671163,153.165072,20.50
-26.669583,153.164818,20.35
-26.667777,153.165067,20.04
-26.664842,153.165816,19.74
-26.663262,153.165814,20.10
-26.661908,153.165812,20.20
-26.661456,153.165811,20.24
-26.658296,153.165807,19.73
-26.656717,153.164548,20.40
-26.656492,153.164548,20.46
-26.654686,153.164546,18.48
-26.652428,153.165296,18.62
-26.651526,153.164290,16.91
-26.648816,153.165542,18.75
-26.648364,153.165792,17.89
-26.646784,153.165790,13.98
-26.645204,153.165286,12.65
-26.642495,153.165784,13.57
-26.640464,153.165279,16.13
-26.639335,153.165779,19.30
-26.637303,153.165777,19.79
-26.635498,153.165774,22.69
-26.635272,153.165774,23.15
-26.633240,153.165771,22.89
-26.630757,153.165767,23.44
-26.628952,153.165764,24.64
-26.627373,153.164255,25.31
-26.626696,153.164254,26.08
-26.625566,153.165257,23.89
-26.623534,153.165757,21.83
-26.620826,153.165753,23.28
-26.620374,153.165752,23.64
-26.617665,153.165748,23.02
-26.616085,153.165746,24.06
-26.615408,153.165745,24.49
-26.613153,153.164235,25.16
-26.611796,153.165740,24.27
-26.609540,153.164983,26.02
-26.609315,153.164481,26.18
-26.607056,153.165733,26.09
-26.605929,153.164225,26.16
-26.602994,153.164723,26.19
-26.601414,153.165223,26.90
-26.599834,153.164969,27.82
-26.599156,153.165219,28.16
-26.597801,153.165720,28.15
-26.594867,153.165715,29.03
-26.594190,153.165714,29.55
-26.593063,153.164206,28.50
-26.591031,153.164203,28.58
-26.589903,153.164202,28.26
-26.586743,153.164197,28.16
-26.585161,153.165701,29.46
-26.584032,153.165449,30.62
-26.583355,153.165699,29.52
-26.580195,153.165694,29.36
-26.579519,153.164689,29.61
-26.578390,153.164938,29.01
-26.575454,153.165687,29.04
-26.573874,153.165685,29.41
-26.572294,153.165683,29.74
-26.570488,153.165680,30.15
-26.568908,153.165678,30.39
-26.567554,153.165676,30.75
-26.566427,153.164419,30.73
-26.563943,153.165420,31.20
-26.563491,153.165168,31.48
-26.562136,153.165668,31.59
-26.559202,153.165664,30.64
-26.557622,153.165662,31.57
-26.555817,153.165157,32.49
-26.555816,153.165408,32.57
-26.552657,153.164902,31.62
-26.552431,153.164901,31.12
-26.550175,153.164145,30.35
-26.547916,153.165397,31.05
-26.547239,153.165396,31.15
-26.544530,153.165392,31.08
-26.542950,153.165641,31.15
-26.542724,153.165640,31.13
-26.539564,153.165636,30.78
-26.537984,153.165634,31.06
-26.536403,153.165631,31.13
-26.535952,153.165631,31.14
-26.534372,153.165628,31.19
-26.533018,153.165626,31.10
-26.529857,153.165622,31.02
-26.528503,153.165620,31.15
-26.526923,153.165618,31.29
-26.525343,153.165615,31.41
-26.524891,153.165615,31.41
-26.521731,153.165610,31.30
-26.520377,153.165608,31.43
-26.518797,153.165606,31.55
-26.517442,153.165604,31.61
-26.515636,153.165601,31.81
-26.514056,153.165599,31.89
-26.512702,153.165597,31.94
-26.511573,153.165596,31.91
-26.509090,153.165592,31.94
-26.507285,153.165339,32.14
-26.505479,153.165587,32.28
-26.504350,153.165585,32.27
-26.502770,153.165583,32.21
-26.500739,153.165329,32.46
-26.500513,153.165580,32.49
-26.497578,153.165576,32.22
-26.497127,153.165324,32.22
-26.494192,153.165320,31.99
-26.492612,153.165318,32.15
-26.491032,153.165566,32.23
-26.489226,153.165564,32.30
-26.487646,153.165060,32.47
-26.486970,153.164557,32.76
-26.485840,153.165308,32.09
-26.482680,153.165554,32.01
-26.481100,153.165301,32.16
-26.479520,153.165299,32.25
-26.478165,153.165548,32.27
-26.476359,153.165545,32.48
-26.474554,153.165543,32.71
-26.473199,153.165290,32.80
-26.471393,153.165538,33.01
-26.469814,153.165034,33.12
-26.468685,153.165534,33.16
-26.466429,153.164277,33.26
-26.465074,153.164777,33.41
-26.463720,153.164022,33.68
-26.461688,153.164270,34.23
-26.460108,153.164268,35.04
-26.458753,153.164768,35.18
-26.458301,153.165269,34.15
-26.455141,153.165515,34.21
-26.453562,153.164509,35.15
-26.453337,153.164008,35.31
-26.451529,153.165259,34.74
-26.449497,153.165507,34.38
-26.447467,153.164501,34.67
-26.445434,153.165501,35.42
-26.445209,153.165250,35.47
-26.443630,153.163994,35.16
-26.441146,153.164993,34.20
-26.439566,153.164991,34.18
-26.437760,153.164738,35.33
-26.437083,153.164486,34.85
-26.433924,153.163980,35.36
-26.433472,153.163979,35.55
-26.432118,153.163978,35.40
-26.054006,153.163698,33.95
-26.051297,153.164444,33.97
-26.050169,153.163692,33.85
-26.047233,153.164938,33.78
-26.046557,153.163687,33.85
-26.043847,153.164683,33.75
-26.042945,153.163932,33.76
-26.040686,153.164929,33.47
-26.039106,153.164926,33.00
-26.038880,153.164926,33.25
-26.035720,153.164922,32.02
-26.035268,153.164921,32.36
-26.032785,153.164918,31.54
-26.032334,153.164417,30.93
-26.030528,153.164914,31.05
-26.028270,153.164911,29.70
-26.026464,153.164909,29.96
-26.025787,153.164908,29.35
-26.024207,153.164906,28.16
-26.022401,153.164903,28.44
-26.021046,153.164901,27.99
-26.019466,153.164899,27.63
-26.016531,153.164895,26.03
-26.016080,153.164894,25.62
-26.013822,153.164891,24.64
-26.012919,153.164890,23.51
-26.011113,153.164887,22.56
-26.009533,153.164885,21.73
-26.007953,153.164883,20.73
-26.006373,153.164881,19.77
-26.004793,153.164878,18.66
-26.003212,153.164876,17.58
-26.001181,153.164873,16.25
-25.999600,153.164871,14.93
-25.998246,153.164869,13.89
-25.996666,153.164867,12.78
-25.994860,153.164865,10.56
-25.993280,153.164862,8.62
-25.991699,153.164860,6.08
-25.988766,153.164107,4.38
-25.987184,153.164854,4.39
-25.986733,153.164853,4.24
-25.985153,153.164851,2.62
-25.983573,153.164849,1.36
-25.981541,153.164596,-1.04
-25.949712,153.163304,-1.05
-25.948132,153.163301,2.88
-25.946552,153.163299,3.02
-25.944972,153.163297,3.17
-25.944294,153.163296,3.27
-25.941584,153.164041,3.36
-25.940003,153.164788,3.90
-25.939778,153.164788,3.88
-26.747681,153.167193,21.66
-26.746777,153.167695,21.76
-26.745875,153.167694,20.35
-26.743617,153.167690,19.85
-26.742716,153.166180,19.64
-26.740910,153.166178,19.12
-26.739329,153.167684,18.48
-26.737749,153.167682,17.84
-26.734589,153.167426,18.37
-26.733008,153.167675,18.99
-26.731428,153.167672,19.23
-26.730074,153.167419,19.34
-26.728494,153.167668,19.39
-26.726688,153.167665,19.44
-26.724882,153.167663,19.68
-26.723303,153.167409,19.92
-26.722400,153.167156,19.96
-26.720368,153.167405,19.73
-26.718562,153.167654,19.89
-26.716756,153.167651,20.17
-26.715177,153.167397,20.29
-26.714951,153.167397,20.32
-26.712016,153.167393,20.22
-26.711791,153.167141,20.20
-26.709986,153.166636,19.84
-26.707503,153.166632,19.57
-26.705696,153.167635,19.56
-26.703892,153.166124,19.55
-26.703666,153.166375,19.57
-26.700504,153.167627,19.82
-26.698924,153.167625,20.28
-26.697344,153.167622,20.66
-26.695764,153.167369,20.79
-26.695539,153.167369,20.73
-26.693507,153.167617,20.42
-26.690799,153.166859,19.94
-26.690574,153.166356,19.93
-26.687640,153.166101,19.72
-26.687188,153.166351,19.73
-26.684252,153.167352,19.91
-26.682673,153.167098,20.79
-26.681770,153.166846,21.11
-26.679514,153.166089,20.48
-26.677708,153.166337,20.56
-26.676579,153.166085,20.70
-26.674772,153.167589,20.52
-26.674322,153.166333,20.19
-26.671612,153.167334,20.55
-26.671160,153.167333,20.55
-26.669581,153.166577,20.21
-26.667776,153.166072,20.01
-26.664840,153.167575,20.35
-26.663486,153.167322,20.68
-26.663034,153.167572,20.63
-26.661229,153.167067,20.52
-26.659648,153.167567,20.43
-26.656941,153.166559,20.72
-26.656262,153.167562,20.65
-26.653328,153.167558,19.97
-26.652199,153.167556,22.04
-26.651071,153.167555,20.89
-26.648588,153.167551,19.02
-26.648362,153.167551,19.20
-26.646330,153.167548,16.89
-26.645202,153.167295,15.48
-26.642042,153.167542,15.93
-26.641590,153.167541,16.33
-26.638882,153.167537,18.80
-26.637076,153.167534,21.61
-26.635496,153.167532,24.15
-26.635270,153.167532,24.21
-26.633238,153.167529,24.30
-26.630981,153.167526,25.76
-26.630078,153.167273,26.15
-26.628047,153.167521,26.65
-26.627144,153.167520,26.41
-26.625565,153.166513,23.68
-26.623307,153.167263,22.07
-26.620824,153.167260,23.26
-26.619469,153.167509,24.05
-26.617663,153.167506,23.57
-26.616083,153.167504,24.71
-26.615180,153.167502,25.70
-26.613151,153.165993,25.05
-26.611118,153.167245,24.68
-26.609539,153.165988,25.83
-26.609313,153.165987,25.68
-26.606378,153.166987,26.50
-26.606152,153.166736,25.91
-26.602993,153.166229,26.18
-26.601412,153.166227,26.95
-26.599831,153.167480,27.92
-26.598251,153.167478,28.09
-26.596445,153.167475,28.63
-26.594865,153.167473,29.78
-26.594413,153.167472,30.05
-26.591705,153.167468,28.68
-26.591479,153.167468,28.90
-26.588770,153.167464,28.58
-26.588319,153.166961,28.17
-26.585159,153.167459,29.72
-26.583804,153.167457,30.96
-26.583353,153.167456,30.49
-26.580193,153.167201,29.73
-26.579968,153.166447,29.73
-26.577032,153.167447,29.09
-26.575452,153.167445,29.38
-26.573872,153.167442,29.61
-26.572067,153.167189,30.02
-26.570487,153.167186,30.50
-26.568907,153.167184,30.66
-26.567552,153.167433,31.26
-26.566875,153.167432,31.00
-26.564617,153.167429,31.18
-26.562361,153.166924,31.85
-26.562136,153.166170,31.77
-26.559200,153.167170,30.80
-26.557620,153.167419,31.80
-26.555815,153.166663,32.79
-26.555588,153.167416,32.87
-26.554008,153.167413,32.35
-26.552428,153.167160,31.20
-26.549494,153.167156,30.42
-26.547914,153.167405,31.34
-26.547462,153.167404,31.27
-26.544528,153.167149,31.42
-26.543173,153.167398,31.67
-26.542045,153.167396,32.11
-26.539562,153.167393,31.12
-26.538207,153.167391,31.36
-26.537079,153.167389,31.48
-26.535950,153.167387,31.45
-26.534596,153.167385,31.40
-26.533015,153.167383,31.37
-26.530307,153.167379,31.45
-26.528727,153.167377,31.65
-26.526695,153.167374,31.89
-26.525115,153.167372,32.22
-26.524889,153.167371,32.36
-26.521729,153.167367,31.70
-26.520375,153.167365,31.80
-26.518569,153.167362,31.93
-26.517215,153.166858,31.89
-26.515409,153.167357,32.05
-26.514731,153.167357,32.04
-26.512474,153.167353,32.09
-26.510443,153.167350,32.24
-26.509088,153.167097,32.29
-26.507282,153.167346,32.39
-26.505928,153.167344,32.54
-26.504799,153.167342,32.55
-26.503671,153.167340,32.47
-26.500736,153.167085,32.64
-26.500511,153.166834,32.74
-26.497351,153.166579,32.46
-26.497125,153.166578,32.40
-26.494190,153.167076,32.16
-26.492610,153.167074,32.31
-26.492158,153.167324,32.39
-26.489225,153.166065,32.35
-26.487646,153.165812,32.43
-26.486968,153.165811,32.58
-26.485838,153.167315,32.29
-26.483806,153.167312,32.24
-26.481098,153.167308,32.34
-26.479743,153.167306,32.45
-26.478389,153.167304,32.56
-26.476583,153.167301,32.79
-26.475003,153.167299,32.91
-26.473197,153.167046,33.04
-26.471392,153.167043,33.18
-26.470263,153.167041,33.35
-26.468908,153.167290,33.44
-26.467102,153.167288,33.50
-26.465297,153.167285,33.56
-26.463265,153.167282,33.77
-26.461687,153.165775,33.99
-26.460106,153.165773,34.61
-26.458526,153.165770,34.81
-26.458300,153.166021,34.34
-26.455365,153.166769,34.57
-26.453786,153.165764,34.96
-26.451979,153.166513,34.68
-26.451528,153.166513,34.66
-26.449045,153.166008,34.53
-26.447691,153.166006,34.74
-26.445660,153.165752,35.38
-26.047909,153.165688,33.95
-26.046103,153.165686,33.80
-26.044975,153.165434,33.82
-26.042265,153.165681,33.72
-26.041813,153.166679,33.79
-26.039781,153.166427,33.80
-26.038879,153.165926,33.83
-26.035943,153.166671,33.71
-26.035718,153.166171,33.22
-26.033912,153.166668,32.84
-26.031429,153.166665,32.53
-26.030752,153.166414,32.12
-26.028042,153.166660,31.74
-26.026914,153.166658,31.30
-26.025785,153.166657,31.24
-26.024205,153.166655,29.79
-26.022624,153.166652,29.75
-26.020593,153.166650,29.52
-26.019464,153.166648,28.81
-26.016981,153.166644,28.08
-26.016078,153.166643,27.08
-26.014498,153.166641,26.73
-26.012917,153.166639,25.06
-26.011111,153.166636,24.91
-26.009080,153.166633,24.17
-26.007951,153.166632,23.18
-26.006371,153.166629,22.49
-26.004791,153.166627,21.26
-26.003210,153.166625,20.28
-26.001404,153.166622,18.93
-25.999824,153.166620,17.87
-25.998244,153.166618,16.71
-25.996664,153.166616,15.53
-25.994858,153.166613,14.23
-25.993278,153.166611,12.76
-25.991697,153.166609,11.27
-25.990117,153.166607,9.52
-25.988537,153.166604,7.06
-25.986733,153.165103,4.45
-25.984926,153.165600,4.38
-25.983345,153.166597,4.27
-25.981990,153.166595,3.06
-25.979959,153.166342,1.30
-25.978605,153.165841,-1.12
-25.948130,153.165049,2.54
-25.946775,153.165297,2.72
-25.944970,153.165045,2.85
-25.943164,153.165042,2.94
-25.941583,153.165040,3.09
-25.940003,153.165038,3.82
-25.939100,153.165286,4.02
-25.936615,153.166282,4.22
-25.935938,153.166530,4.36
-26.747680,153.167948,21.49
-26.746777,153.167946,21.76
-26.745874,153.167945,20.51
-26.744292,153.169451,20.23
-26.742712,153.169449,19.87
-26.740907,153.169195,19.34
-26.739101,153.169443,18.82
-26.737521,153.169441,18.24
-26.734587,153.169185,18.81
-26.734135,153.169436,19.23
-26.731652,153.169432,19.29
-26.729846,153.169430,19.40
-26.729169,153.169177,19.44
-26.726686,153.169425,19.53
-26.724881,153.168668,19.80
-26.723301,153.168666,19.99
-26.722398,153.168916,20.08
-26.721494,153.169417,19.97
-26.718335,153.169161,20.04
-26.716754,153.169410,20.34
-26.715174,153.169408,20.62
-26.714723,153.169407,20.66
-26.712240,153.169152,20.32
-26.711789,153.168900,20.28
-26.710208,153.169401,19.91
-26.708403,153.169147,19.73
-26.706371,153.169395,19.68
-26.705243,153.169142,19.65
-26.702083,153.168886,19.62
-26.700502,153.169135,19.96
-26.698923,153.168881,20.51
-26.697343,153.168879,20.93
-26.696439,153.169380,21.04
-26.695536,153.169379,20.95
-26.693956,153.169377,20.43
-26.692152,153.167866,19.90
-26.690346,153.168366,19.80
-26.688990,153.169369,19.70
-26.686056,153.169114,19.67
-26.684250,153.169362,20.34
-26.682670,153.169360,21.32
-26.682444,153.169360,21.33
-26.680864,153.169357,20.61
-26.678156,153.169353,20.62
-26.677253,153.169101,20.77
-26.674770,153.168846,21.00
-26.672964,153.169346,20.71
-26.671385,153.168338,20.80
-26.671158,153.169092,20.76
-26.669353,153.168587,20.41
-26.667773,153.168333,20.16
-26.664838,153.169334,20.80
-26.663709,153.169332,21.10
-26.663032,153.169331,20.96
-26.660775,153.169328,20.56
-26.658292,153.169324,20.42
-26.656713,153.168568,20.89
-26.656261,153.168567,21.53
-26.654906,153.169068,21.10
-26.652199,153.167808,21.91
-26.650618,153.168810,22.95
-26.649940,153.169312,22.71
-26.648360,153.169309,20.87
-26.646329,153.169055,19.30
-26.644975,153.168551,16.96
-26.642265,153.169300,16.95
-26.641363,153.169048,17.90
-26.638879,153.169295,21.01
-26.637299,153.169293,23.18
-26.635495,153.168034,24.20
-26.635270,153.167783,24.36
-26.632334,153.168783,25.58
-26.631431,153.169033,26.46
-26.630529,153.168027,26.36
-26.627369,153.168023,27.21
-26.627143,153.168273,27.05
-26.625562,153.169276,24.53
-26.622853,153.169272,23.07
-26.620822,153.168766,23.44
-26.619243,153.168011,24.26
-26.618564,153.169265,24.44
-26.616533,153.169262,25.25
-26.614952,153.169260,25.96
-26.614277,153.167752,24.73
-26.612018,153.169256,24.92
-26.609537,153.167996,25.59
-26.609310,153.168750,25.33
-26.606377,153.167741,26.11
-26.606150,153.168494,25.82
-26.602989,153.169242,26.11
-26.601409,153.168989,26.84
-26.600055,153.169238,28.27
-26.598700,153.169236,28.23
-26.596443,153.169233,29.20
-26.594863,153.169230,30.48
-26.594638,153.168728,30.51
-26.591703,153.169226,29.41
-26.591478,153.168221,29.24
-26.588770,153.167966,28.78
-26.588318,153.167966,28.11
-26.585158,153.168212,29.70
-26.583577,153.168461,31.12
-26.583352,153.168460,31.20
-26.580416,153.169209,29.92
-26.580192,153.167703,29.69
-26.577030,153.169204,29.31
-26.575450,153.169202,29.73
-26.575225,153.169202,29.78
-26.572065,153.168946,30.15
-26.570484,153.169195,30.84
-26.568904,153.169192,31.08
-26.567325,153.168186,31.66
-26.566873,153.169189,32.23
-26.564390,153.169186,32.60
-26.563938,153.169185,31.89
-26.562134,153.167676,31.49
-26.559198,153.168927,30.92
-26.557618,153.168925,32.09
-26.555814,153.167667,32.92
-26.554684,153.168920,32.89
-26.554006,153.169170,32.97
-26.552428,153.167662,31.01
-26.549492,153.169164,31.22
-26.548137,153.169162,31.64
-26.547460,153.168910,31.62
-26.544526,153.169157,31.80
-26.542945,153.169154,32.16
-26.542044,153.168149,32.23
-26.539560,153.169149,31.66
-26.538205,153.169147,31.91
-26.537302,153.169146,31.94
-26.536174,153.169144,31.93
-26.534368,153.169142,31.73
-26.533014,153.168387,31.52
-26.529854,153.168382,31.65
-26.528273,153.168882,31.97
-26.526694,153.168629,32.16
-26.525113,153.168877,32.71
-26.524887,153.169128,32.76
-26.521728,153.168621,31.91
-26.521276,153.168872,31.99
-26.518792,153.169119,32.12
-26.516987,153.169116,32.21
-26.515181,153.169114,32.33
-26.513601,153.169111,32.38
-26.513375,153.169111,32.43
-26.510666,153.169107,32.49
-26.509312,153.169105,32.55
-26.507280,153.169102,32.61
-26.505701,153.168347,32.71
-26.503894,153.169097,32.80
-26.503443,153.169096,32.79
-26.500736,153.167587,32.68
-26.500284,153.167586,32.69
-26.498703,153.169089,32.43
-26.497124,153.167582,32.31
-26.494189,153.168330,32.32
-26.492608,153.169080,32.38
-26.491932,153.168327,32.43
-26.490576,153.169078,32.43
-26.487868,153.169074,32.48
-26.486739,153.168821,32.45
-26.485836,153.169071,32.47
-26.482676,153.169066,32.46
-26.481096,153.169064,32.54
-26.479515,153.169061,32.70
-26.477935,153.169059,32.84
-26.476355,153.169057,33.14
-26.474775,153.169054,33.33
-26.473195,153.169052,33.57
-26.472518,153.169051,33.70
-26.470938,153.169049,33.96
-26.468906,153.168795,33.90
-26.467327,153.168542,33.84
-26.465747,153.168289,33.91
-26.463490,153.168035,33.93
-26.461910,153.167782,34.19
-26.460104,153.167528,34.53
-26.459653,153.167528,34.51
-26.042037,153.167679,33.82
-26.040458,153.166927,33.69
-26.037523,153.167423,33.84
-26.036169,153.166921,33.77
-26.034814,153.167669,33.76
-26.033232,153.168416,33.84
-26.031426,153.168414,33.60
-26.029395,153.168411,33.01
-26.028718,153.168410,33.63
-26.026912,153.168407,32.13
-26.025331,153.168405,32.43
-26.024203,153.167904,31.48
-26.021268,153.168399,30.92
-26.020816,153.168399,31.15
-26.019011,153.168396,29.88
-26.017656,153.168144,29.51
-26.015173,153.168391,28.89
-26.014496,153.168390,28.51
-26.012915,153.168387,27.51
-26.011109,153.168385,26.97
-26.009303,153.168382,26.36
-26.007949,153.168380,25.33
-26.006369,153.168378,24.88
-26.004789,153.168376,23.62
-26.003208,153.168374,22.98
-26.001402,153.168371,21.60
-25.999822,153.168369,20.63
-25.998242,153.168367,19.61
-25.996662,153.168364,18.39
-25.994856,153.168362,17.14
-25.993276,153.168359,15.86
-25.991695,153.168357,14.54
-25.989889,153.168355,13.21
-25.988535,153.168353,11.69
-25.986729,153.168350,9.79
-25.985149,153.168348,7.65
-25.983568,153.168346,5.00
-25.981989,153.167344,4.42
-25.980408,153.168091,4.34
-25.978602,153.168339,3.71
-25.976570,153.168336,1.49
-25.975216,153.168334,0.39
-25.973861,153.168332,-1.07
-25.948128,153.166797,1.47
-25.946548,153.166795,2.38
-25.945193,153.166793,2.59
-25.943613,153.166791,2.81
-25.942484,153.167288,2.88
-25.940001,153.166786,3.39
-25.938872,153.166784,3.58
-25.936615,153.166781,4.07
-25.935260,153.166779,4.56
-25.933453,153.167775,4.92
-25.932324,153.168273,5.33
-26.746775,153.169706,20.82
-26.745646,153.169705,20.44
-26.744292,153.169954,20.19
-26.742712,153.169700,19.86
-26.740904,153.171457,19.32
-26.739324,153.171204,18.79
-26.737518,153.171452,18.58
-26.734810,153.171448,19.36
-26.734132,153.171447,19.74
-26.731424,153.171443,19.33
-26.729845,153.170435,19.43
-26.728264,153.171438,19.58
-26.726684,153.171436,19.73
-26.724878,153.171433,20.01
-26.724201,153.171432,20.26
-26.721945,153.169921,20.12
-26.720815,153.171427,20.12
-26.718558,153.171172,20.23
-26.716752,153.171170,20.61
-26.715172,153.171167,20.80
-26.714269,153.171417,20.92
-26.713366,153.171165,20.78
-26.711560,153.171413,20.40
-26.710207,153.170406,20.01
-26.708175,153.171157,19.88
-26.706820,153.171155,19.73
-26.705015,153.170398,19.73
-26.702307,153.170143,19.63
-26.700500,153.171145,20.18
-26.698920,153.171394,20.76
-26.697565,153.171392,21.07
-26.695985,153.171390,21.20
-26.695534,153.171389,21.26
-26.693954,153.171136,20.59
-26.692148,153.171384,20.21
-26.690343,153.170879,19.91
-26.688763,153.170625,19.88
-26.686053,153.171375,20.11
-26.684248,153.171372,20.95
-26.682668,153.171370,22.07
-26.682442,153.171119,22.13
-26.679959,153.171115,20.89
-26.678831,153.171113,20.82
-26.676122,153.171109,20.85
-26.674768,153.171107,21.07
-26.672962,153.170853,21.32
-26.672736,153.171355,21.38
-26.670932,153.169594,20.75
-26.669352,153.169592,20.33
-26.666416,153.171095,20.56
-26.664836,153.171092,21.24
-26.663932,153.171342,21.46
-26.663030,153.171090,21.38
-26.661224,153.171338,20.87
-26.658515,153.171334,21.20
-26.656709,153.171331,22.18
-26.655355,153.171329,22.60
-26.654001,153.171327,22.50
-26.652646,153.171325,23.16
-26.651292,153.171323,21.10
-26.649036,153.170064,23.24
-26.648358,153.170565,22.96
-26.646552,153.171316,21.81
-26.644746,153.171313,19.48
-26.642714,153.171310,19.67
-26.640457,153.171307,19.91
-26.639103,153.171305,22.39
-26.637072,153.171051,24.58
-26.636621,153.170297,25.00
-26.634588,153.171298,25.47
-26.632558,153.170291,26.04
-26.631656,153.169536,26.06
-26.630527,153.169785,25.57
-26.627367,153.169529,26.73
-26.627141,153.169529,26.62
-26.625561,153.169527,24.43
-26.623753,153.171282,24.47
-26.621270,153.171278,24.12
-26.619239,153.171275,24.52
-26.617659,153.171273,25.66
-26.616304,153.171271,26.83
-26.615627,153.171270,26.75
-26.612919,153.171266,25.35
-26.611564,153.171264,25.14
-26.609534,153.170508,25.11
-26.608179,153.171008,25.70
-26.607729,153.169752,25.34
-26.604793,153.171003,25.69
-26.603664,153.171252,26.20
-26.601633,153.170998,27.14
-26.600052,153.170996,28.50
-26.598248,153.170240,28.12
-26.596442,153.170237,29.19
-26.595088,153.169733,30.43
-26.594637,153.169481,30.12
-26.591700,153.171234,30.00
-26.591475,153.171234,29.38
-26.588992,153.170728,28.91
-26.586734,153.171227,28.31
-26.585155,153.170723,29.81
-26.583576,153.169716,31.12
-26.583350,153.169465,30.97
-26.580641,153.170214,29.87
-26.580188,153.170966,29.68
-26.577931,153.170963,29.95
-26.575674,153.170960,29.91
-26.573868,153.170706,30.20
-26.573191,153.170956,30.67
-26.570483,153.170199,30.95
-26.569353,153.171201,31.38
-26.567322,153.170696,31.70
-26.565968,153.170694,32.69
-26.564162,153.171193,33.03
-26.563936,153.170942,32.38
-26.562130,153.171190,31.62
-26.560550,153.171188,31.11
-26.557616,153.170431,32.14
-26.556939,153.170179,32.48
-26.554230,153.170677,32.93
-26.554005,153.170425,33.10
-26.552424,153.170925,31.39
-26.549489,153.170921,31.89
-26.548135,153.170919,32.01
-26.546781,153.170917,31.92
-26.544523,153.171164,32.04
-26.542943,153.170911,32.26
-26.542718,153.170409,32.23
-26.539783,153.171157,32.08
-26.537977,153.170904,32.27
-26.536397,153.170901,32.36
-26.535720,153.171151,32.36
-26.534365,153.171149,31.98
-26.533013,153.169642,31.58
-26.530077,153.170892,31.86
-26.528271,153.171140,32.17
-26.526692,153.170385,32.35
-26.525113,153.169379,32.71
-26.524435,153.169378,32.75
-26.523079,153.170882,32.17
-26.520145,153.170375,32.20
-26.518565,153.170875,32.32
-26.516984,153.171123,32.46
-26.515405,153.170619,32.55
-26.514728,153.170618,32.61
-26.512019,153.170363,32.60
-26.511794,153.170112,32.67
-26.509535,153.171112,32.68
-26.507280,153.169604,32.67
-26.505474,153.169852,32.77
-26.503892,153.171104,33.05
-26.503440,153.171103,33.14
-26.500734,153.169343,32.52
-26.500055,153.171098,32.60
-26.498475,153.170594,32.49
-26.495992,153.170842,32.38
-26.494411,153.171090,32.46
-26.493057,153.171088,32.56
-26.492380,153.171087,32.59
-26.489671,153.171083,32.66
-26.488994,153.171082,32.76
-26.486962,153.171079,32.84
-26.485382,153.170826,32.75
-26.483126,153.170321,32.74
-26.481320,153.170318,32.95
-26.479514,153.170065,33.03
-26.477934,153.169812,33.32
-26.476580,153.169559,33.45
-26.474775,153.169305,33.61
-26.473646,153.169304,33.63
-26.035490,153.168670,33.74
-26.032554,153.169665,33.83
-26.031424,153.170163,33.79
-26.029620,153.169161,33.79
-26.028492,153.168660,33.82
-26.026684,153.170406,33.80
-26.025781,153.170155,33.70
-26.023975,153.170402,33.10
-26.022620,153.170400,32.93
-26.019911,153.170396,32.51
-26.018106,153.170144,31.29
-26.017654,153.170393,31.32
-26.014945,153.170389,30.84
-26.014268,153.170388,30.42
-26.012236,153.170385,28.85
-26.010881,153.170383,28.83
-26.009527,153.170381,27.83
-26.006818,153.170377,27.34
-26.006141,153.170376,26.94
-26.004786,153.170374,25.94
-26.002755,153.170371,25.07
-26.001174,153.170369,24.37
-25.999820,153.170367,23.85
-25.997788,153.170364,22.39
-25.996434,153.170362,21.35
-25.995079,153.170360,20.38
-25.993047,153.170357,18.73
-25.991467,153.170355,17.72
-25.990113,153.170353,16.71
-25.988081,153.170350,15.15
-25.986727,153.170348,13.88
-25.985146,153.170346,12.60
-25.983115,153.170343,10.53
-25.981760,153.170341,9.06
-25.980406,153.170339,6.74
-25.978827,153.168838,4.48
-25.975891,153.170083,4.59
-25.975439,153.170332,4.51
-25.973182,153.170079,1.62
-25.972053,153.170327,0.83
-25.970021,153.170324,-1.05
-25.949706,153.169047,-1.13
-25.949029,153.168796,-1.14
-25.946546,153.168543,0.79
-25.944740,153.168540,2.13
-25.943160,153.168538,2.46
-25.941805,153.168536,2.67
-25.939999,153.168533,3.01
-25.938419,153.168531,3.39
-25.936613,153.168529,3.84
-25.935033,153.168526,4.21
-25.933452,153.168524,4.66
-25.931872,153.168522,5.34
-25.930291,153.169269,5.96
-25.928484,153.170015,6.57
-25.927581,153.170263,7.05
-26.746998,153.171718,20.62
-26.745868,153.173225,20.51
-26.744290,153.171714,20.01
-26.742484,153.171460,19.68
-26.740903,153.172463,19.31
-26.739322,153.173215,18.93
-26.736388,153.173210,19.02
-26.734582,153.173208,19.99
-26.734130,153.173207,20.13
-26.732776,153.173205,19.82
-26.730745,153.173202,19.64
-26.728262,153.173198,19.75
-26.726907,153.173196,19.98
-26.724876,153.172942,20.46
-26.723747,153.173191,20.62
-26.723070,153.173190,20.41
-26.721492,153.171680,20.22
-26.718330,153.173183,20.44
-26.716750,153.172929,20.71
-26.715170,153.172675,20.98
-26.713590,153.172924,21.16
-26.713364,153.172673,21.11
-26.711785,153.172419,20.52
-26.709752,153.173170,20.10
-26.708172,153.173168,20.04
-26.706818,153.173166,19.94
-26.705012,153.173163,19.80
-26.702078,153.173158,20.02
-26.700498,153.173156,20.70
-26.698918,153.172651,21.14
-26.697338,153.172649,21.27
-26.696210,153.172144,21.41
-26.695532,153.173148,21.30
-26.693952,153.172644,20.80
-26.692146,153.172892,20.30
-26.690566,153.173141,20.02
-26.687632,153.172885,20.00
-26.685826,153.173134,20.52
-26.684246,153.173131,21.20
-26.682666,153.172375,22.12
-26.682442,153.171370,22.11
-26.680860,153.173126,21.29
-26.678830,153.171867,20.94
-26.676119,153.173119,20.98
-26.674539,153.173117,21.48
-26.673185,153.173115,21.64
-26.672283,153.172611,21.74
-26.671156,153.171353,20.68
-26.667993,153.173107,20.57
-26.666413,153.173105,21.01
-26.664834,153.172851,21.41
-26.663931,153.172850,21.51
-26.663028,153.172597,21.50
-26.661447,153.173097,21.37
-26.658287,153.173092,22.16
-26.656933,153.173090,22.96
-26.655127,153.173087,24.73
-26.654901,153.173087,25.23
-26.653096,153.172582,24.75
-26.650838,153.173081,23.73
-26.649259,153.172827,22.16
-26.647680,153.171318,22.56
-26.645422,153.172068,22.54
-26.643841,153.173070,22.80
-26.642035,153.173068,22.25
-26.641584,153.173067,22.54
-26.638875,153.173063,23.89
-26.637295,153.173061,26.22
-26.635715,153.173058,26.64
-26.635038,153.173057,26.38
-26.633233,153.171799,26.24
-26.631426,153.173052,27.29
-26.630523,153.173050,27.37
-26.627589,153.173046,24.96
-26.626461,153.171789,25.46
-26.625331,153.173043,25.20
-26.622623,153.173039,26.17
-26.621268,153.173036,25.69
-26.619462,153.173034,25.43
-26.617658,153.172278,26.18
-26.616754,153.173030,27.56
-26.615852,153.171773,27.41
-26.614271,153.172524,26.32
-26.611338,153.171766,25.41
-26.610208,153.173020,25.46
-26.608628,153.173017,26.23
-26.607273,153.173015,25.52
-26.604792,153.171254,25.88
-26.603437,153.172005,26.31
-26.601404,153.173007,27.46
-26.599825,153.172502,28.77
-26.599599,153.173004,28.87
-26.596440,153.171744,29.11
-26.595312,153.171240,30.29
-26.594633,153.172745,29.50
-26.591698,153.172992,30.48
-26.591472,153.172992,30.67
-26.589892,153.172989,29.41
-26.586732,153.172733,28.68
-26.585154,153.171225,29.67
-26.584251,153.171474,31.00
-26.583348,153.171473,30.36
-26.580639,153.171469,29.79
-26.578606,153.172972,29.79
-26.577477,153.172971,30.90
-26.575674,153.171211,29.80
-26.573866,153.172965,30.78
-26.573190,153.171458,30.71
-26.570482,153.171203,30.68
-26.569125,153.172958,31.63
-26.567320,153.172955,31.95
-26.566193,153.171197,32.69
-26.564161,153.171445,32.91
-26.563935,153.171695,32.95
-26.562128,153.172948,32.17
-26.559193,153.172943,31.44
-26.557614,153.171937,32.34
-26.556936,153.172689,32.50
-26.554229,153.171179,32.89
-26.554003,153.171429,32.73
-26.551067,153.172931,31.83
-26.549713,153.172929,32.16
-26.548358,153.172927,32.25
-26.546101,153.172924,32.08
-26.544521,153.172670,32.23
-26.543167,153.172668,32.38
-26.542038,153.172917,32.42
-26.540909,153.172916,32.45
-26.537975,153.172911,32.60
-26.536395,153.172407,32.83
-26.534815,153.172907,33.02
-26.534589,153.172906,33.13
-26.533009,153.172904,31.71
-26.529849,153.172397,32.04
-26.528269,153.172897,32.26
-26.526688,153.172894,32.42
-26.525111,153.171136,32.68
-26.524658,153.171637,32.70
-26.523077,153.172638,32.44
-26.520820,153.172886,32.44
-26.518788,153.172883,32.47
-26.517208,153.172880,32.59
-26.516079,153.172879,32.69
-26.513596,153.172875,32.72
-26.512242,153.172873,32.83
-26.510662,153.172870,32.87
-26.509082,153.172868,32.91
-26.508630,153.172867,32.80
-26.505470,153.172863,32.92
-26.503890,153.172860,33.22
-26.503213,153.172859,33.63
-26.501858,153.172857,32.66
-26.499376,153.172603,32.86
-26.498698,153.172602,32.97
-26.496893,153.172348,32.76
-26.494185,153.171842,32.73
-26.493282,153.171841,32.79
-26.491025,153.171587,32.80
-26.490122,153.171335,32.76
-26.488768,153.171082,32.70
-26.487414,153.171080,32.68
-26.027811,153.171157,33.70
-26.027134,153.170906,33.81
-26.024425,153.171652,33.80
-26.023973,153.171901,33.81
-26.022618,153.171899,33.71
-26.020586,153.172146,33.75
-26.018103,153.172143,33.62
-26.017653,153.171392,32.27
-26.015620,153.172139,32.19
-26.013362,153.172136,30.91
-26.012008,153.172134,30.93
-26.011331,153.171883,29.93
-26.008396,153.172128,29.50
-26.006590,153.172126,29.29
-26.006364,153.172125,29.22
-26.004333,153.172122,27.55
-26.002527,153.172120,27.51
-26.001398,153.172118,26.39
-25.999818,153.172116,25.91
-25.998238,153.172114,24.78
-25.996657,153.172111,23.83
-25.995077,153.172109,22.93
-25.993271,153.172106,21.93
-25.991691,153.172104,20.66
-25.990111,153.172102,19.66
-25.988530,153.172099,18.56
-25.986950,153.172097,17.35
-25.985144,153.172095,15.96
-25.983564,153.172092,14.80
-25.981984,153.172090,13.26
-25.980404,153.172088,11.60
-25.978823,153.172085,10.12
-25.977017,153.172083,7.48
-25.974084,153.171079,4.68
-25.973858,153.171079,4.75
-25.971825,153.172075,4.65
-25.970471,153.172073,2.85
-25.968891,153.172071,1.42
-25.967311,153.171569,-1.14
-25.948349,153.170543,-1.13
-25.947219,153.171790,-1.14
-25.944961,153.172036,-1.10
-25.943157,153.170286,1.50
-25.941803,153.170284,2.18
-25.939997,153.170531,2.52
-25.938417,153.170279,2.92
-25.936837,153.170277,3.24
-25.935031,153.170274,3.80
-25.933450,153.170272,4.34
-25.931870,153.170519,4.92
-25.930064,153.170516,5.76
-25.928484,153.170265,6.46
-25.926903,153.170762,7.42
-25.925322,153.171259,8.28
-25.923741,153.172005,9.12
-26.746092,153.174734,21.34
-26.745866,153.174482,21.27
-26.744288,153.173474,19.39
-26.741127,153.173720,19.25
-26.740901,153.173720,19.26
-26.739320,153.174975,19.07
-26.736385,153.174970,19.52
-26.734580,153.174967,20.39
-26.734128,153.174967,20.44
-26.732774,153.174965,20.02
-26.730065,153.174960,19.86
-26.728259,153.174958,19.91
-26.726454,153.174955,20.23
-26.724874,153.174952,20.66
-26.723745,153.174951,20.99
-26.723068,153.174698,20.70
-26.720811,153.174946,20.34
-26.718328,153.174691,20.68
-26.716748,153.174940,21.02
-26.715168,153.174686,21.25
-26.713587,153.174935,21.54
-26.713362,153.174684,21.52
-26.711782,153.174932,20.79
-26.710203,153.173422,20.33
-26.708396,153.174927,20.12
-26.706592,153.173417,19.96
-26.705012,153.173414,19.80
-26.702076,153.174918,20.32
-26.700496,153.174664,21.01
-26.698916,153.174661,21.32
-26.697335,153.174910,21.49
-26.696432,153.174909,21.51
-26.695530,153.174405,21.43
-26.693724,153.174905,20.79
-26.692144,153.174902,20.52
-26.689661,153.174899,20.23
-26.687630,153.174644,20.35
-26.686049,153.174893,20.86
-26.684243,153.174890,21.60
-26.683340,153.174889,22.04
-26.682439,153.173380,21.96
-26.680632,153.174382,21.36
-26.679277,153.174883,21.10
-26.676117,153.174878,21.14
-26.674537,153.174876,21.67
-26.672958,153.174371,21.69
-26.672506,153.174621,21.84
-26.671151,153.174870,20.92
-26.667991,153.174866,21.09
-26.666411,153.174612,21.49
-26.664832,153.174358,21.80
-26.664606,153.174358,21.77
-26.661671,153.174856,21.77
-26.659865,153.174853,22.17
-26.658285,153.174851,22.87
-26.657156,153.174849,23.24
-26.655127,153.173339,23.88
-26.654450,153.173338,24.89
-26.653320,153.174090,23.87
-26.650160,153.173834,24.26
-26.649934,153.174084,24.17
-26.648354,153.174333,22.94
-26.646098,153.173325,22.39
-26.643839,153.174829,26.67
-26.643387,153.174828,25.30
-26.640453,153.174572,24.96
-26.638873,153.174821,27.11
-26.638647,153.174821,27.07
-26.635940,153.173310,26.81
-26.633907,153.174563,27.39
-26.633681,153.174813,27.56
-26.630974,153.173553,28.17
-26.630523,153.173302,27.47
-26.627361,153.174553,27.57
-26.627135,153.174803,27.71
-26.625555,153.174801,25.93
-26.622620,153.174797,27.05
-26.622395,153.174796,27.25
-26.620589,153.174793,26.65
-26.617655,153.174789,26.57
-26.616753,153.173532,27.63
-26.615849,153.174535,27.37
-26.614269,153.174784,26.57
-26.612689,153.174279,25.82
-26.609754,153.174777,27.17
-26.608851,153.174776,27.75
-26.606368,153.174772,26.65
-26.605917,153.174771,27.06
-26.603885,153.174768,26.58
-26.601402,153.174764,28.20
-26.599823,153.174260,29.00
-26.599372,153.173506,29.24
-26.596438,153.173501,28.85
-26.595761,153.173500,29.63
-26.593278,153.173245,29.05
-26.591698,153.173243,30.48
-26.591471,153.173996,30.76
-26.589890,153.174747,30.02
-26.588084,153.174744,29.15
-26.585151,153.173735,29.62
-26.583572,153.173231,30.15
-26.582893,153.174736,30.25
-26.580184,153.174732,29.98
-26.579959,153.174230,30.31
-26.577701,153.174728,31.30
-26.576799,153.173723,29.96
-26.573864,153.173969,31.35
-26.573639,153.173969,31.04
-26.570478,153.174215,30.77
-26.568899,153.173711,31.68
-26.567317,153.174713,32.10
-26.566416,153.173205,32.34
-26.565513,153.173204,32.23
-26.562579,153.173450,32.40
-26.562127,153.173450,32.16
-26.559191,153.174700,31.88
-26.557612,153.174196,32.25
-26.556483,153.174696,32.46
-26.554225,153.174693,32.64
-26.553774,153.174692,32.59
-26.551065,153.174437,32.47
-26.549485,153.174434,32.59
-26.549033,153.174685,32.57
-26.547228,153.174180,32.43
-26.544745,153.174427,32.48
-26.543165,153.174174,32.55
-26.541585,153.174172,32.58
-26.540908,153.173920,32.54
-26.537974,153.173664,32.73
-26.536394,153.173913,33.00
-26.535038,153.174664,33.28
-26.534588,153.173659,33.36
-26.533007,153.174661,31.94
-26.529847,153.174656,32.21
-26.528266,153.174653,32.38
-26.526686,153.174651,32.51
-26.525332,153.174649,32.63
-26.523752,153.174647,32.78
-26.523075,153.174645,32.73
-26.520592,153.174642,32.72
-26.519914,153.174641,32.73
-26.516980,153.174636,32.85
-26.516303,153.174635,32.99
-26.514497,153.174633,33.15
-26.512691,153.174379,33.16
-26.511112,153.174126,33.30
-26.509080,153.173872,33.18
-26.508629,153.173871,33.10
-26.505695,153.173365,33.06
-26.503890,153.173111,33.58
-26.503664,153.173111,33.68
-26.021263,153.172897,33.82
-26.019908,153.173145,33.80
-26.018779,153.173143,33.82
-26.017650,153.173891,33.40
-26.014715,153.173886,33.12
-26.013812,153.173885,32.65
-26.012006,153.173882,32.54
-26.011103,153.173881,31.38
-26.008620,153.173877,31.82
-26.006588,153.173874,30.61
-26.006362,153.173874,30.70
-26.004782,153.173872,29.43
-26.002976,153.173869,28.86
-26.000041,153.173865,28.22
-25.999816,153.173865,28.32
-25.998235,153.173862,26.09
-25.996655,153.173860,25.51
-25.994172,153.173856,25.34
-25.993269,153.173855,24.62
-25.991463,153.173852,23.39
-25.990109,153.173850,22.61
-25.988528,153.173848,21.36
-25.986948,153.173846,20.01
-25.985142,153.173843,18.75
-25.983336,153.173840,17.50
-25.981982,153.173838,16.20
-25.980402,153.173836,14.94
-25.978821,153.173834,13.70
-25.977015,153.173831,11.75
-25.975435,153.173829,10.09
-25.973855,153.173826,7.97
-25.972275,153.173824,4.94
-25.969115,153.173570,4.47
-25.968889,153.173569,4.51
-25.967308,153.173817,3.58
-25.965728,153.173814,1.61
-25.964148,153.173812,0.32
-25.946314,153.173786,1.05
-25.946088,153.173786,1.05
-25.944056,153.173783,-1.14
-25.941575,153.172281,0.39
-25.939995,153.172279,1.90
-25.938189,153.172276,2.23
-25.936608,153.172274,2.85
-25.935028,153.172271,3.30
-25.933448,153.172269,3.81
-25.931868,153.172267,4.47
-25.930062,153.172264,5.34
-25.928481,153.172511,6.17
-25.926901,153.172259,7.07
-25.925321,153.172507,7.99
-25.923741,153.172255,9.07
-25.921934,153.173001,10.01
-25.920353,153.173748,10.88
-25.919676,153.173747,11.19
-26.746091,153.175236,20.80
-26.745865,153.175236,20.18
-26.742704,153.176488,18.98
-26.741349,153.176486,19.33
-26.740898,153.176234,19.29
-26.737963,153.176732,19.44
-26.736383,153.176730,20.17
-26.734578,153.176476,20.88
-26.734352,153.176475,21.02
-26.732772,153.176473,20.39
-26.729837,153.176720,19.98
-26.728258,153.176466,20.04
-26.726452,153.176463,20.40
-26.724871,153.176712,20.82
-26.723517,153.176710,21.16
-26.723066,153.176709,21.08
-26.721486,153.176707,20.68
-26.718326,153.176451,20.76
-26.716745,153.176699,21.13
-26.715166,153.176446,21.37
-26.713812,153.176192,21.61
-26.713360,153.176192,21.56
-26.711780,153.176189,21.04
-26.709974,153.176438,20.50
-26.708394,153.176435,20.27
-26.706136,153.176683,20.13
-26.703879,153.176680,20.02
-26.702074,153.176426,20.75
-26.700494,153.176423,21.37
-26.699139,153.176421,21.50
-26.697559,153.176670,21.55
-26.695979,153.176416,21.95
-26.695527,153.176667,21.54
-26.693497,153.175407,20.79
-26.692143,153.175154,20.58
-26.689884,153.176658,20.39
-26.687627,153.176655,20.64
-26.685822,153.176400,21.20
-26.684241,153.176649,21.86
-26.683113,153.176648,22.31
-26.681985,153.175641,21.62
-26.680856,153.176393,21.46
-26.679277,153.175385,21.30
-26.676115,153.176637,21.46
-26.675212,153.176635,21.82
-26.674311,153.175378,21.70
-26.672054,153.175374,21.84
-26.671149,153.176629,21.10
-26.667989,153.176624,21.63
-26.666635,153.176622,21.84
-26.664830,153.176117,22.05
-26.664604,153.176117,22.10
-26.661669,153.176615,22.85
-26.659863,153.176612,24.31
-26.659637,153.176611,24.59
-26.656929,153.176607,23.79
-26.656478,153.175602,23.35
-26.653545,153.175095,21.95
-26.653093,153.175345,21.24
-26.651060,153.176598,22.53
-26.648804,153.175088,23.49
-26.648351,153.176594,22.43
-26.645642,153.176590,19.16
-26.643611,153.176587,27.57
-26.642934,153.176586,28.08
-26.640676,153.176582,27.48
-26.639098,153.175324,27.89
-26.638647,153.175072,27.14
-26.635485,153.176574,26.61
-26.634582,153.176573,26.74
-26.632326,153.175314,27.89
-26.631647,153.176568,28.40
-26.630521,153.175060,26.07
-26.627360,153.175557,28.05
-26.625779,153.176057,28.10
-26.625327,153.176559,28.88
-26.622618,153.176555,28.25
-26.622393,153.176554,28.17
-26.620587,153.176551,27.61
-26.617652,153.176547,27.75
-26.617201,153.176546,27.83
-26.615621,153.176544,27.86
-26.614266,153.176542,27.48
-26.612686,153.176539,26.80
-26.609526,153.176534,28.89
-26.608623,153.176533,28.86
-26.606366,153.176530,27.67
-26.605915,153.176529,28.02
-26.603657,153.176525,27.37
-26.601402,153.175015,28.41
-26.600497,153.176521,28.85
-26.599596,153.175013,29.04
-26.596436,153.175008,28.52
-26.595533,153.175006,29.32
-26.593275,153.175756,29.36
-26.591696,153.175001,29.86
-26.591244,153.175251,30.35
-26.589889,153.176002,30.10
-26.588308,153.176251,29.80
-26.585150,153.174991,29.42
-26.584698,153.174990,29.75
-26.582666,153.175238,30.29
-26.580633,153.176490,30.06
-26.579732,153.174982,30.25
-26.577700,153.175230,31.48
-26.576796,153.176233,29.94
-26.573863,153.175476,31.25
-26.573637,153.175726,31.00
-26.572056,153.175975,31.12
-26.568895,153.176472,31.80
-26.567317,153.175466,32.27
-26.566413,153.176217,32.54
-26.565284,153.176467,32.36
-26.563026,153.176463,32.44
-26.561898,153.176461,32.35
-26.559189,153.176457,32.15
-26.558061,153.176204,32.36
-26.556030,153.175699,32.57
-26.554450,153.175697,32.72
-26.553999,153.175445,32.69
-26.551064,153.175190,32.56
-26.550162,153.174937,32.63
-26.548807,153.174935,32.60
-26.547678,153.175185,32.51
-26.544519,153.174929,32.46
-26.543388,153.176433,32.66
-26.542485,153.176432,32.70
-26.539551,153.176427,32.64
-26.537971,153.176425,32.80
-26.536391,153.176422,33.09
-26.535262,153.176421,33.50
-26.534586,153.175165,32.89
-26.533005,153.176417,32.32
-26.529844,153.176412,32.65
-26.528264,153.176410,32.83
-26.527362,153.176158,32.84
-26.525105,153.175903,33.06
-26.523525,153.175650,33.02
-26.522848,153.175649,33.06
-26.521042,153.175395,33.09
-26.518559,153.175140,33.04
-26.517205,153.174888,33.03
-26.516303,153.174886,33.20
-26.017875,153.174141,33.82
-26.017422,153.175639,33.81
-26.014940,153.174636,33.79
-26.013810,153.175384,33.77
-26.012456,153.175382,33.82
-26.011101,153.175630,33.47
-26.008843,153.175627,32.99
-26.007715,153.175625,32.85
-26.006360,153.175623,32.24
-26.003651,153.175619,30.65
-26.001620,153.175616,30.23
-26.001394,153.175616,30.30
-25.999814,153.175613,29.41
-25.998233,153.175611,28.30
-25.996202,153.175608,27.78
-25.994621,153.175605,27.89
-25.993267,153.175603,26.05
-25.991687,153.175601,25.79
-25.989655,153.175598,24.81
-25.988526,153.175596,23.98
-25.986946,153.175594,22.50
-25.985140,153.175591,21.29
-25.983560,153.175589,20.16
-25.981980,153.175587,19.06
-25.980399,153.175584,17.99
-25.978819,153.175582,16.59
-25.976562,153.175579,15.08
-25.975433,153.175577,13.94
-25.973853,153.175575,12.57
-25.972273,153.175572,10.58
-25.970692,153.175570,8.56
-25.968886,153.175567,5.58
-25.965952,153.175063,4.27
-25.964823,153.175561,4.36
-25.964146,153.175560,3.96
-25.962340,153.175557,1.97
-25.959857,153.175304,-1.08
-25.946314,153.174036,1.06
-25.946088,153.174035,1.05
-25.943829,153.174781,1.07
-25.942474,153.175528,0.28
-25.941120,153.175027,0.31
-25.938187,153.174024,1.71
-25.936606,153.174021,2.17
-25.935026,153.174019,2.68
-25.933446,153.174017,3.15
-25.931866,153.174014,3.84
-25.930060,153.174012,4.73
-25.928479,153.174009,5.67
-25.926899,153.174257,6.79
-25.925319,153.174005,7.80
-25.923737,153.175500,8.84
-25.921932,153.174749,9.93
-25.920353,153.173997,10.85
-25.918770,153.175493,11.81
-25.917191,153.174991,12.87
-25.915836,153.175489,13.70
-26.746313,153.178505,19.19
-26.744507,153.178502,19.61
-26.742927,153.178500,19.89
-26.742024,153.178498,20.00
-26.740895,153.178497,19.90
-26.737961,153.178492,19.95
-26.736381,153.178490,20.63
-26.734577,153.177481,20.99
-26.733900,153.177229,21.10
-26.732770,153.177730,20.62
-26.731189,153.178481,20.17
-26.728255,153.178477,20.27
-26.726450,153.177971,20.64
-26.724869,153.178472,21.16
-26.723741,153.178470,21.33
-26.723063,153.178469,21.31
-26.720129,153.178464,20.86
-26.718549,153.178462,21.03
-26.716744,153.177454,21.17
-26.715389,153.178457,21.50
-26.714035,153.178203,21.75
-26.713357,153.178454,21.61
-26.711779,153.176943,21.02
-26.710198,153.177695,20.59
-26.708392,153.177943,20.40
-26.706813,153.177438,20.14
-26.703877,153.178439,20.33
-26.702297,153.178436,21.09
-26.700491,153.178434,21.57
-26.700265,153.178433,21.58
-26.697331,153.178177,21.60
-26.695979,153.176919,21.93
-26.695526,153.177421,21.85
-26.693945,153.178423,20.83
-26.692140,153.178169,20.74
-26.689431,153.178416,20.82
-26.687625,153.178414,21.20
-26.686045,153.178411,21.63
-26.684239,153.178408,22.19
-26.682885,153.177904,22.46
-26.682433,153.178405,22.33
-26.680854,153.177900,21.48
-26.677919,153.178398,21.41
-26.676113,153.178396,21.91
-26.675210,153.178394,22.38
-26.674307,153.178393,21.50
-26.672278,153.176882,21.40
-26.669567,153.178385,21.67
-26.667987,153.178132,21.99
-26.666633,153.178130,22.06
-26.664828,153.177122,22.08
-26.664603,153.177122,22.10
-26.661668,153.176866,22.83
-26.659862,153.177617,24.77
-26.659636,153.177616,25.03
-26.656927,153.177863,24.40
-26.656476,153.177863,23.71
-26.654669,153.178362,23.57
-26.653089,153.178360,23.45
-26.650607,153.177351,23.32
-26.648575,153.178353,26.78
-26.648349,153.178352,26.27
-26.645189,153.178348,23.81
-26.643610,153.176838,27.24
-26.642933,153.176837,28.13
-26.640674,153.178341,28.74
-26.640223,153.178340,28.20
-26.638643,153.178337,28.23
-26.636611,153.178334,27.49
-26.633902,153.178330,28.11
-26.632548,153.178328,28.38
-26.631647,153.176820,28.27
-26.630517,153.178325,27.32
-26.627357,153.177818,28.53
-26.625776,153.178317,28.80
-26.625101,153.177061,29.26
-26.623971,153.178063,28.78
-26.622392,153.177308,28.27
-26.619230,153.178307,29.20
-26.619005,153.178307,29.25
-26.617424,153.178304,29.16
-26.614490,153.178300,28.81
-26.614264,153.178300,28.70
-26.611104,153.178295,27.94
-26.609524,153.178292,30.04
-26.608847,153.178291,30.32
-26.606364,153.178287,28.84
-26.606138,153.178287,28.70
-26.604558,153.178285,28.31
-26.601398,153.178029,27.83
-26.600722,153.177023,29.24
-26.598465,153.176769,28.10
-26.597109,153.178273,28.98
-26.595529,153.178019,28.70
-26.593274,153.176761,29.13
-26.591692,153.178265,29.21
-26.590339,153.177007,30.57
-26.589209,153.178261,31.06
-26.588306,153.178008,29.73
-26.585823,153.177753,29.25
-26.583566,153.177499,29.90
-26.583340,153.178001,30.19
-26.580406,153.177996,30.73
-26.580180,153.177745,30.42
-26.577698,153.176737,30.58
-26.575440,153.177737,30.41
-26.575214,153.177988,30.50
-26.572054,153.177983,31.06
-26.570473,153.178232,31.53
-26.569796,153.178231,32.11
-26.567315,153.176721,32.27
-26.566186,153.177221,32.57
-26.563929,153.176967,32.36
-26.562800,153.176714,32.50
-26.562123,153.176713,32.38
-26.559188,153.176959,32.23
-26.557609,153.176706,32.33
-26.556028,153.176954,32.41
-26.554448,153.177454,32.49
-26.552641,153.178204,32.61
-26.551061,153.178202,32.54
-26.550158,153.178200,32.58
-26.547675,153.178196,32.66
-26.547449,153.178196,32.55
-26.545192,153.178193,32.71
-26.542934,153.178189,32.90
-26.542257,153.178188,33.06
-26.540000,153.177934,33.00
-26.537969,153.177680,33.20
-26.536615,153.177427,33.33
-26.535035,153.177173,33.80
-26.534584,153.176921,32.77
-26.532327,153.176918,32.52
-26.530070,153.176664,32.95
-26.011552,153.176130,33.76
-26.009745,153.176877,33.85
-26.008842,153.176376,33.85
-26.007939,153.176375,33.74
-26.006358,153.177372,33.11
-26.004326,153.177369,33.17
-26.001843,153.177365,32.26
-26.000714,153.177363,31.48
-25.999134,153.177361,31.73
-25.998231,153.177359,30.89
-25.995071,153.177355,29.73
-25.994845,153.177354,29.76
-25.992588,153.177351,27.69
-25.990782,153.177348,27.87
-25.989201,153.177346,26.75
-25.988073,153.177344,25.58
-25.986718,153.177342,24.17
-25.985138,153.177340,23.54
-25.983558,153.177337,23.01
-25.981978,153.177335,21.97
-25.980397,153.177333,20.80
-25.978817,153.177330,19.59
-25.977011,153.177328,18.18
-25.975431,153.177325,16.75
-25.973851,153.177323,16.05
-25.972270,153.177320,14.34
-25.970690,153.177318,12.75
-25.968884,153.177315,10.93
-25.967304,153.177313,9.04
-25.965724,153.177311,6.19
-25.963693,153.176309,4.34
-25.960983,153.177304,4.29
-25.960757,153.177303,4.20
-25.959177,153.177301,1.87
-25.957597,153.177298,0.47
-25.955791,153.177296,-1.10
-25.946537,153.175784,-0.37
-25.944731,153.175781,0.76
-25.944280,153.175780,0.83
-25.942248,153.176027,0.84
-25.940667,153.176524,0.03
-25.938860,153.177270,-1.10
-25.936604,153.175769,1.43
-25.935024,153.175767,1.92
-25.933444,153.175764,2.49
-25.931864,153.175762,3.17
-25.930058,153.175759,4.08
-25.928477,153.175757,5.24
-25.926897,153.175755,6.36
-25.925317,153.175752,7.56
-25.923736,153.176000,8.79
-25.921930,153.176496,10.02
-25.920349,153.177243,11.04
-25.918769,153.176991,11.90
-25.917188,153.177238,12.96
-25.915608,153.177236,14.06
-25.913803,153.176484,15.36
-25.912222,153.177231,16.54
-25.911996,153.177230,16.73
-26.746085,153.180516,20.00
-26.744956,153.180263,20.35
-26.743602,153.180261,20.51
-26.742699,153.180259,20.33
-26.740667,153.180507,20.25
-26.737959,153.180252,20.40
-26.736379,153.179998,21.00
-26.734798,153.180498,21.29
-26.734573,153.180246,21.09
-26.732767,153.180495,20.69
-26.730961,153.180492,20.55
-26.728253,153.180237,20.49
-26.726448,153.179731,20.97
-26.725093,153.180232,21.39
-26.723514,153.179475,21.73
-26.723062,153.179977,21.44
-26.721481,153.180226,21.04
-26.718998,153.180473,21.25
-26.716966,153.180470,21.34
-26.715161,153.180467,21.77
-26.714483,153.180466,22.00
-26.712904,153.180212,21.75
-26.711550,153.179959,20.90
-26.709969,153.180459,20.73
-26.708163,153.180456,20.59
-26.705680,153.180452,20.49
-26.703874,153.180449,20.95
-26.702069,153.180195,21.61
-26.701392,153.179943,21.77
-26.700263,153.180192,21.67
-26.697331,153.178680,21.59
-26.695750,153.179180,22.02
-26.695523,153.179934,21.87
-26.693717,153.180182,20.98
-26.690783,153.180178,20.95
-26.689202,153.180426,21.22
-26.687623,153.180173,21.58
-26.685817,153.180170,21.95
-26.684463,153.180168,22.34
-26.683109,153.179663,22.49
-26.682433,153.178657,22.38
-26.680626,153.179659,21.54
-26.677691,153.180157,21.80
-26.676336,153.180406,22.26
-26.674983,153.179148,22.54
-26.674305,153.180152,21.81
-26.671370,153.180398,21.58
-26.669565,153.180144,22.20
-26.668662,153.180394,22.49
-26.666856,153.180391,22.40
-26.666179,153.180390,22.32
-26.663244,153.180385,22.71
-26.661891,153.179127,23.72
-26.661213,153.180382,23.07
-26.658278,153.180126,23.11
-26.656698,153.180124,23.93
-26.655796,153.180123,24.01
-26.653991,153.179366,24.45
-26.653088,153.179365,24.28
-26.650152,153.180114,25.25
-26.648573,153.179609,28.25
-26.648347,153.179860,28.44
-26.646767,153.179355,25.59
-26.643608,153.178596,24.99
-26.642705,153.178595,25.76
-26.640448,153.178591,27.24
-26.640222,153.178591,28.17
-26.637513,153.178838,28.16
-26.635933,153.179338,28.50
-26.633900,153.180339,29.47
-26.633674,153.180339,29.62
-26.631191,153.180335,29.61
-26.630514,153.180334,29.42
-26.628708,153.180331,29.24
-26.626225,153.180327,30.16
-26.625548,153.180326,29.98
-26.623970,153.178817,28.83
-26.620810,153.178812,28.34
-26.619229,153.179312,31.14
-26.617873,153.180314,32.02
-26.617196,153.180313,31.28
-26.615390,153.180310,31.23
-26.614036,153.180308,30.14
-26.611102,153.180052,29.73
-26.610199,153.180302,30.97
-26.609071,153.179798,30.69
-26.607038,153.180297,30.72
-26.605910,153.180295,30.43
-26.603878,153.180292,29.52
-26.602524,153.180290,29.20
-26.601170,153.180288,28.96
-26.598235,153.180283,28.77
-26.596657,153.178774,29.26
-26.596431,153.178774,29.00
-26.593270,153.179773,29.38
-26.593043,153.180275,30.18
-26.590335,153.180271,30.36
-26.589208,153.178512,31.03
-26.588304,153.179515,30.09
-26.586274,153.178507,29.11
-26.583565,153.178754,29.34
-26.582660,153.180259,30.61
-26.581306,153.180006,30.63
-26.580179,153.178498,30.51
-26.577018,153.179246,30.84
-26.575888,153.180248,31.00
-26.574988,153.178490,29.95
-26.572053,153.178736,30.81
-26.570471,153.179989,32.04
-26.570020,153.179988,32.16
-26.567311,153.179984,32.23
-26.565731,153.179479,32.40
-26.564828,153.180231,32.48
-26.563022,153.180228,32.58
-26.560990,153.180225,32.53
-26.559636,153.180223,32.61
-26.557830,153.180220,32.55
-26.556024,153.179966,32.95
-26.554670,153.179713,32.77
-26.552865,153.179459,32.87
-26.552188,153.179458,32.95
-26.549705,153.178953,32.85
-26.548577,153.178951,32.87
-26.546094,153.178696,32.92
-26.545868,153.178696,32.98
-26.542934,153.178440,33.10
-26.542708,153.178440,33.11
-26.007034,153.178622,33.81
-26.005679,153.179119,33.83
-26.004777,153.178369,33.83
-26.002744,153.178865,33.82
-26.000938,153.179112,33.74
-25.999132,153.179359,33.76
-25.997100,153.179356,31.55
-25.995746,153.179354,32.76
-25.995068,153.179353,31.35
-25.993262,153.179350,30.43
-25.991231,153.179347,29.87
-25.989425,153.179344,28.83
-25.988522,153.178844,26.87
-25.986716,153.179340,26.48
-25.984684,153.179337,26.68
-25.983330,153.179335,25.37
-25.981975,153.179333,24.88
-25.980169,153.179330,23.64
-25.978589,153.179328,22.81
-25.976783,153.179325,21.21
-25.975428,153.179323,20.10
-25.973622,153.179320,18.66
-25.972268,153.179318,17.65
-25.970688,153.179066,16.03
-25.968882,153.179313,14.94
-25.966850,153.179310,13.33
-25.965496,153.179308,11.84
-25.964141,153.179306,10.31
-25.962335,153.179303,7.82
-25.960303,153.179300,4.35
-25.958047,153.178797,4.31
-25.957595,153.179046,4.33
-25.955788,153.179293,3.30
-25.954434,153.179291,1.46
-25.952403,153.179039,-0.97
-25.944729,153.177779,-0.98
-25.943600,153.177527,0.02
-25.942471,153.177775,-1.11
-25.940440,153.177772,0.17
-25.939763,153.177521,-1.15
-25.936602,153.177517,0.39
-25.935022,153.177514,0.98
-25.933442,153.177512,1.46
-25.931861,153.177510,2.19
-25.930281,153.177507,3.23
-25.928475,153.177505,4.54
-25.926895,153.177502,6.01
-25.925314,153.178249,7.42
-25.923733,153.178995,8.67
-25.921928,153.178244,10.02
-25.920348,153.177492,11.09
-25.918766,153.178988,12.15
-25.917186,153.178736,13.31
-25.915606,153.178983,14.45
-25.913800,153.178980,15.78
-25.912220,153.178978,16.85
-25.910639,153.179225,17.94
-25.909059,153.178973,18.84
-25.907479,153.179220,19.99
-26.746083,153.181522,20.33
-26.744502,153.182273,21.06
-26.744051,153.182273,21.10
-26.742696,153.182271,20.77
-26.740666,153.181764,20.42
-26.737956,153.182263,20.83
-26.736376,153.182260,21.43
-26.734797,153.182007,21.47
-26.734570,153.182258,21.46
-26.731862,153.182253,20.80
-26.730282,153.181999,20.75
-26.728250,153.182248,20.91
-26.726445,153.181993,21.24
-26.724865,153.181739,21.60
-26.723284,153.182240,22.11
-26.723059,153.182239,22.26
-26.720350,153.182235,21.43
-26.718544,153.182232,21.61
-26.716964,153.182230,21.74
-26.715835,153.182228,22.16
-26.714483,153.180969,22.15
-26.712903,153.180966,21.83
-26.711774,153.181216,21.18
-26.709968,153.181464,20.85
-26.708163,153.180708,20.59
-26.705452,153.182211,20.83
-26.703872,153.182209,21.29
-26.702067,153.181954,21.81
-26.700713,153.181450,21.84
-26.700263,153.180695,21.68
-26.697328,153.180690,21.58
-26.695972,153.182196,22.00
-26.695522,153.180688,21.65
-26.693716,153.181439,21.10
-26.690781,153.181937,21.26
-26.689200,153.182185,21.66
-26.687846,153.182183,21.96
-26.686040,153.182180,22.24
-26.684235,153.181926,22.56
-26.683783,153.181925,22.65
-26.682429,153.181672,22.02
-26.679494,153.182170,21.80
-26.677914,153.182167,22.36
-26.677463,153.182167,22.54
-26.675431,153.181912,22.49
-26.674304,153.180654,21.98
-26.671368,153.182157,22.29
-26.669788,153.182155,22.96
-26.668659,153.182153,23.38
-26.666628,153.181898,22.80
-26.666177,153.181898,22.79
-26.663242,153.182144,23.31
-26.661662,153.182142,23.87
-26.660308,153.181888,23.96
-26.659630,153.182138,23.71
-26.656696,153.182134,24.73
-26.656019,153.182133,25.19
-26.654665,153.181879,24.71
-26.652634,153.181374,24.78
-26.650152,153.180365,25.05
-26.648798,153.180363,25.31
-26.648121,153.180362,23.25
-26.646766,153.180360,21.23
-26.643605,153.181108,22.66
-26.642250,153.181357,25.23
-26.641347,153.182109,25.84
-26.638865,153.181352,26.52
-26.637058,153.182103,28.06
-26.635703,153.182100,28.18
-26.634125,153.180591,29.75
-26.633672,153.181846,29.83
-26.630738,153.181339,30.04
-26.630512,153.181590,30.12
-26.627352,153.182087,30.08
-26.626224,153.181081,30.48
-26.625548,153.180577,29.94
-26.623968,153.180575,28.74
-26.620806,153.181826,27.27
-26.619227,153.180567,29.31
-26.617647,153.180565,32.00
-26.616066,153.181316,32.72
-26.615162,153.182068,33.56
-26.614259,153.182066,32.76
-26.612679,153.182064,31.76
-26.610648,153.182061,31.68
-26.607939,153.182056,31.30
-26.606359,153.182054,32.42
-26.606133,153.182054,32.48
-26.604553,153.182051,31.23
-26.602747,153.182048,30.00
-26.601167,153.182046,29.46
-26.599587,153.182043,29.34
-26.598007,153.182041,29.15
-26.596429,153.180281,29.03
-26.593267,153.182033,30.90
-26.593041,153.182033,30.56
-26.590107,153.181526,31.45
-26.589881,153.182028,31.57
-26.588303,153.180268,29.95
-26.585141,153.181518,29.14
-26.583561,153.182018,29.43
-26.581981,153.182015,31.73
-26.581755,153.182015,31.79
-26.579951,153.180255,29.66
-26.577015,153.181756,31.41
-26.576112,153.182006,32.46
-26.575209,153.182005,30.86
-26.572049,153.182000,30.76
-26.570469,153.181746,32.48
-26.570243,153.181746,32.58
-26.568663,153.181492,32.58
-26.565955,153.181237,32.95
-26.563924,153.180983,32.79
-26.563924,153.180732,32.67
-26.562118,153.180729,32.63
-26.560087,153.180475,32.72
-26.558056,153.180221,32.53
-26.001615,153.179613,33.74
-26.001389,153.179612,33.76
-25.999131,153.179609,33.82
-25.996872,153.181104,33.68
-25.996196,153.180354,33.84
-25.995066,153.181102,32.65
-25.993260,153.180849,32.26
-25.991228,153.181096,32.51
-25.990100,153.181094,29.93
-25.988294,153.181091,29.62
-25.985359,153.181087,29.02
-25.985133,153.181086,29.15
-25.983553,153.181084,27.90
-25.981973,153.181082,26.81
-25.980393,153.181079,25.89
-25.978812,153.181077,25.29
-25.977006,153.181074,24.09
-25.975426,153.181071,23.04
-25.973846,153.181069,21.95
-25.972266,153.181067,20.63
-25.970460,153.181064,19.30
-25.968880,153.181061,18.08
-25.967299,153.181059,16.67
-25.965719,153.181057,15.37
-25.964139,153.181054,14.00
-25.962333,153.181051,12.48
-25.960753,153.181049,10.54
-25.959173,153.181047,8.59
-25.957592,153.181044,5.95
-25.956014,153.179793,4.28
-25.954207,153.180540,4.17
-25.952626,153.181037,3.93
-25.951046,153.180784,0.03
-25.948788,153.181031,-1.05
-25.941566,153.179272,-1.01
-25.940889,153.179521,-1.08
-25.938404,153.180516,-1.14
-25.936825,153.180014,-1.15
-25.936373,153.180512,-1.14
-25.933440,153.179260,0.61
-25.931859,153.179507,1.26
-25.930279,153.179255,2.25
-25.928473,153.179502,3.78
-25.926893,153.179250,5.57
-25.925312,153.179497,7.19
-25.923732,153.179245,8.62
-25.921926,153.179741,10.13
-25.920345,153.180488,11.24
-25.918764,153.180985,12.45
-25.917184,153.180982,13.65
-25.915603,153.180980,14.87
-25.913798,153.180478,16.33
-25.912217,153.180975,17.64
-25.910637,153.180972,18.59
-25.909057,153.180970,19.50
-25.907476,153.180968,20.43
-25.905671,153.180715,21.78
-25.904090,153.180962,23.31
-25.903413,153.180961,23.98
-26.744951,153.184034,21.22
-26.744275,153.183782,21.23
-26.742470,153.182522,20.78
-26.739534,153.184025,20.41
-26.737954,153.184023,21.15
-26.736374,153.183769,21.63
-26.736148,153.184020,21.62
-26.734117,153.184017,21.63
-26.731860,153.184013,21.05
-26.730279,153.184010,21.08
-26.728248,153.184007,21.23
-26.726668,153.184005,21.50
-26.724864,153.182745,21.74
-26.723284,153.182742,22.23
-26.722832,153.182742,22.39
-26.720122,153.183994,21.85
-26.719671,153.183742,21.91
-26.716962,153.183989,21.97
-26.715835,153.182730,22.22
-26.714255,153.182477,21.94
-26.713352,153.182475,21.59
-26.711772,153.182975,21.14
-26.709965,153.183475,20.78
-26.707030,153.183973,20.76
-26.705450,153.183970,21.26
-26.703870,153.183968,21.70
-26.702065,153.183462,22.10
-26.702064,153.183965,22.16
-26.700259,153.183208,21.75
-26.697324,153.183957,21.70
-26.696647,153.183956,21.98
-26.695518,153.183955,21.89
-26.692358,153.183949,21.48
-26.690778,153.183947,21.81
-26.689198,153.183944,22.22
-26.687618,153.183942,22.62
-26.686038,153.183939,22.78
-26.684458,153.183937,22.96
-26.683104,153.183432,22.84
-26.682426,153.183682,22.36
-26.679492,153.183929,22.47
-26.677686,153.183926,23.08
-26.677460,153.183926,23.23
-26.675656,153.182415,22.52
-26.672946,153.183918,22.33
-26.671366,153.183916,22.81
-26.669560,153.183913,23.38
-26.668431,153.183911,23.80
-26.666400,153.183908,23.03
-26.664820,153.183905,23.47
-26.663240,153.183903,24.03
-26.661435,153.183146,24.04
-26.660531,153.183898,24.35
-26.659629,153.183143,23.98
-26.656695,153.182887,25.45
-26.656469,153.182887,25.53
-26.654889,153.182633,24.19
-26.653084,153.182379,23.75
-26.651052,153.182376,22.16
-26.649470,153.183881,17.83
-26.647440,153.182873,16.67
-26.645634,153.183121,19.13
-26.643602,153.183871,21.64
-26.642022,153.183366,24.44
-26.641120,153.182863,26.02
-26.639087,153.183864,25.48
-26.637056,153.183861,28.62
-26.635701,153.183859,29.25
-26.634122,153.183354,30.27
-26.633671,153.183102,29.92
-26.631639,153.182847,29.73
-26.628931,153.182843,29.92
-26.627351,153.182338,30.53
-26.627126,153.182338,30.40
-26.625544,153.183842,29.82
-26.622835,153.183838,30.11
-26.622383,153.183837,29.13
-26.619225,153.182325,28.14
-26.618097,153.182324,29.56
-26.616065,153.182320,31.47
-26.614484,153.182820,33.89
-26.612903,153.183822,34.13
-26.612677,153.183822,33.98
-26.610420,153.183818,32.61
-26.608389,153.183564,32.14
-26.606357,153.183561,32.62
-26.605454,153.183810,33.21
-26.604551,153.183809,32.94
-26.602745,153.183806,30.96
-26.601165,153.183803,30.50
-26.599585,153.183801,30.10
-26.598005,153.183798,29.60
-26.594845,153.183793,29.83
-26.593265,153.183791,32.17
-26.593039,153.183790,31.97
-26.590106,153.182279,31.52
-26.589427,153.183785,31.61
-26.588299,153.183532,29.74
-26.585590,153.183779,29.38
-26.583559,153.183524,29.90
-26.581980,153.182769,32.08
-26.581754,153.182517,31.97
-26.580174,153.182264,29.65
-26.577014,153.182510,31.09
-26.575885,153.182508,32.77
-26.575208,153.182256,31.03
-26.573628,153.182253,29.39
-25.998452,153.181357,33.72
-25.998000,153.181855,33.80
-25.995065,153.182351,33.79
-25.994613,153.182600,33.81
-25.993032,153.182847,33.80
-25.991678,153.182345,33.74
-25.988969,153.182841,32.32
-25.988517,153.182840,31.76
-25.985357,153.182835,31.67
-25.985131,153.182835,31.20
-25.982648,153.182831,30.00
-25.980616,153.182828,28.12
-25.980165,153.182827,28.22
-25.978584,153.182825,27.32
-25.976327,153.182821,26.19
-25.975424,153.182820,25.68
-25.973844,153.182817,25.00
-25.972264,153.182815,23.50
-25.970683,153.182812,22.65
-25.968877,153.182810,20.88
-25.967297,153.182807,19.55
-25.965717,153.182805,18.45
-25.964137,153.182802,17.33
-25.962331,153.182800,15.54
-25.960525,153.182797,14.50
-25.959170,153.182795,12.97
-25.957590,153.182792,11.30
-25.956010,153.182790,9.33
-25.954204,153.182787,6.51
-25.951948,153.181785,4.20
-25.951044,153.182283,4.07
-25.949237,153.182779,3.98
-25.947657,153.182777,1.61
-25.945400,153.182524,-1.14
-25.937275,153.181263,-1.04
-25.935469,153.181260,-1.09
-25.934565,153.181508,-1.06
-25.932759,153.181506,-1.11
-25.930728,153.181502,-1.10
-25.928471,153.181249,1.43
-25.926890,153.181247,4.24
-25.925310,153.181244,6.56
-25.923728,153.182740,8.81
-25.921923,153.181988,10.33
-25.920342,153.182735,11.58
-25.918762,153.182732,12.81
-25.917181,153.182730,14.15
-25.915601,153.182727,15.56
-25.913796,153.182225,16.73
-25.912215,153.182722,18.21
-25.910635,153.182720,19.30
-25.909054,153.182717,20.34
-25.907474,153.182715,21.22
-25.905894,153.182712,22.39
-25.904088,153.182710,24.03
-25.902508,153.182707,25.51
-25.900928,153.182206,26.89
-25.899573,153.182703,28.21
-26.744499,153.184536,21.16
-26.744048,153.184535,21.24
-26.742015,153.185789,20.80
-26.739532,153.185785,20.81
-26.737952,153.185783,21.42
-26.736373,153.185026,21.73
-26.736147,153.184774,21.73
-26.733890,153.184519,21.79
-26.731632,153.185521,21.16
-26.729826,153.185769,21.28
-26.728246,153.185767,21.55
-26.726666,153.185764,21.73
-26.725311,153.185762,21.81
-26.723282,153.184251,22.02
-26.722152,153.185254,22.32
-26.720120,153.185754,22.24
-26.719217,153.185752,22.46
-26.716960,153.185246,22.35
-26.715833,153.184239,22.13
-26.714027,153.184487,21.88
-26.712898,153.184234,21.29
-26.711544,153.184483,21.09
-26.708608,153.185735,20.77
-26.707028,153.185732,21.22
-26.705673,153.185730,21.75
-26.703868,153.185727,22.24
-26.702062,153.185724,22.50
-26.700933,153.185722,22.73
-26.699579,153.185720,21.93
-26.697322,153.185465,22.12
-26.696419,153.185212,22.38
-26.695516,153.185714,22.05
-26.692356,153.185709,22.10
-26.690776,153.185706,22.43
-26.689421,153.185704,22.76
-26.687616,153.185701,22.91
-26.686262,153.185447,23.03
-26.684907,153.185696,23.10
-26.684005,153.185192,23.11
-26.682424,153.185692,22.50
-26.679715,153.185688,22.75
-26.677685,153.184931,23.16
-26.677459,153.184931,23.25
-26.675880,153.184426,22.41
-26.672943,153.185677,22.82
-26.671363,153.185675,23.16
-26.669558,153.185672,23.55
-26.668431,153.184414,23.85
-26.666397,153.185666,23.71
-26.664817,153.185664,24.13
-26.663463,153.185662,24.66
-26.662786,153.185409,24.57
-26.660529,153.185406,24.50
-26.658271,153.185653,24.00
-26.656693,153.184143,24.46
-26.656016,153.184142,24.91
-26.654660,153.185647,24.05
-26.653305,153.185645,22.91
-26.650146,153.185389,20.17
-26.649694,153.185639,21.25
-26.646985,153.185635,17.68
-26.646082,153.185634,18.79
-26.643601,153.184625,22.42
-26.642922,153.185628,24.81
-26.640891,153.185123,25.79
-26.638859,153.185622,26.56
-26.637055,153.184363,28.86
-26.635699,153.185617,30.32
-26.635023,153.184360,30.18
-26.633669,153.184107,29.19
-26.630733,153.185609,29.87
-26.630507,153.185608,29.83
-26.627800,153.184097,29.84
-26.625768,153.185098,30.96
-26.625542,153.185098,30.70
-26.622608,153.184842,31.05
-26.622381,153.185344,31.56
-26.620801,153.185342,28.60
-26.618770,153.185087,28.50
-26.616063,153.184078,29.83
-26.614483,153.184076,32.03
-26.612677,153.184324,34.36
-26.611095,153.185577,34.84
-26.610869,153.185577,34.71
-26.609289,153.185323,33.39
-26.606355,153.185569,32.84
-26.605452,153.185568,33.76
-26.604323,153.185566,33.45
-26.602743,153.185564,32.03
-26.601163,153.185561,31.45
-26.599131,153.185558,30.80
-26.598003,153.185305,30.37
-26.594843,153.184798,30.32
-26.593264,153.184544,32.70
-26.593038,153.184544,32.50
-26.590330,153.184288,31.12
-26.589427,153.184036,31.60
-26.588298,153.184034,29.94
-25.994161,153.183099,33.76
-25.992129,153.183095,33.77
-25.990773,153.184342,33.81
-25.989193,153.184340,33.75
-25.987386,153.184587,33.81
-25.986484,153.184336,33.82
-25.985129,153.184583,32.10
-25.982420,153.184579,31.35
-25.981968,153.184578,30.92
-25.980388,153.184576,30.53
-25.977905,153.184572,29.40
-25.976776,153.184570,28.89
-25.975422,153.184568,28.66
-25.973842,153.184566,26.80
-25.972261,153.184563,25.53
-25.970681,153.184561,25.42
-25.968875,153.184558,23.65
-25.967295,153.184555,22.85
-25.965715,153.184553,21.52
-25.964135,153.184550,19.99
-25.962554,153.184548,18.75
-25.959845,153.184544,16.89
-25.959168,153.184293,16.01
-25.957136,153.184540,14.78
-25.956008,153.184538,13.40
-25.954427,153.184535,11.96
-25.952621,153.184532,9.73
-25.951041,153.184530,7.28
-25.949461,153.184528,4.53
-25.946301,153.184523,4.15
-25.946075,153.184522,3.95
-25.944495,153.184270,1.37
-25.941786,153.184516,-1.10
-25.926888,153.182994,2.98
-25.925307,153.183991,6.35
-25.923726,153.184487,9.34
-25.921920,153.184485,11.13
-25.920340,153.184482,12.39
-25.918759,153.184480,13.58
-25.917179,153.184477,14.86
-25.915599,153.184475,16.20
-25.913793,153.184472,17.74
-25.912213,153.184470,19.03
-25.910632,153.184467,20.20
-25.909052,153.184465,21.10
-25.907472,153.184462,22.08
-25.905666,153.184459,23.53
-25.904086,153.184457,25.16
-25.902505,153.184454,26.56
-25.900925,153.184452,27.95
-25.899345,153.184450,29.20
-25.897765,153.184447,30.48
-25.896862,153.184196,31.13
-26.744721,153.187553,21.60
-26.743820,153.186043,21.30
-26.741787,153.187549,21.12
-26.739529,153.187545,21.14
-26.737949,153.187542,21.68
-26.737272,153.187541,22.08
-26.735241,153.187538,21.80
-26.733887,153.187284,21.71
-26.732306,153.187533,21.54
-26.730049,153.187529,21.56
-26.728244,153.187275,21.80
-26.726438,153.187272,22.09
-26.725309,153.187522,22.34
-26.723277,153.187518,22.06
-26.721698,153.187264,22.27
-26.720117,153.187513,22.75
-26.719892,153.187513,22.79
-26.717634,153.187509,22.58
-26.715603,153.187506,22.12
-26.714023,153.187503,21.82
-26.713346,153.187502,21.58
-26.711314,153.187247,21.40
-26.708605,153.187494,21.43
-26.707025,153.187492,21.99
-26.705445,153.187489,22.34
-26.703866,153.187235,22.71
-26.702287,153.186479,22.87
-26.700932,153.186476,22.92
-26.700254,153.186978,22.52
-26.697319,153.187476,22.20
-26.696643,153.186469,22.36
-26.694611,153.187471,22.23
-26.692353,153.187468,22.41
-26.690773,153.187465,22.94
-26.689419,153.187463,23.06
-26.687614,153.187209,23.15
-26.686485,153.187458,23.32
-26.685132,153.185948,23.15
-26.683776,153.187454,22.90
-26.681067,153.187449,22.90
-26.679713,153.187447,23.14
-26.677682,153.187192,23.21
-26.677456,153.187192,23.25
-26.674521,153.187438,22.84
-26.672941,153.187436,23.32
-26.671361,153.187433,23.59
-26.670007,153.187431,23.75
-26.668878,153.187429,23.83
-26.666621,153.187174,24.97
-26.664815,153.187423,24.73
-26.663461,153.187169,25.49
-26.662784,153.187168,24.94
-26.660528,153.186159,24.55
-26.659400,153.185906,23.96
-26.656689,153.187158,24.06
-26.656238,153.187409,24.94
-26.654885,153.185899,24.16
-26.653304,153.186399,23.16
-26.650143,153.187399,22.56
-26.649240,153.187397,22.56
-26.646983,153.187393,21.16
-26.645403,153.187391,22.52
-26.643597,153.187388,24.95
-26.642017,153.187134,25.78
-26.640889,153.187132,27.10
-26.638857,153.187380,28.19
-26.637954,153.187379,29.71
-26.635924,153.185868,30.34
-26.635247,153.185867,30.10
-26.632537,153.187119,28.81
-26.631182,153.187117,30.25
-26.630507,153.185860,29.78
-26.628701,153.185857,28.14
-26.625767,153.185852,30.13
-26.625541,153.185852,29.84
-26.622605,153.186851,31.59
-26.622154,153.186348,32.11
-26.620799,153.187100,30.40
-26.618316,153.187347,28.55
-26.616058,153.187343,29.59
-26.614480,153.185834,30.77
-26.612900,153.185831,32.99
-26.611094,153.185828,34.59
-26.610416,153.186832,35.06
-26.609289,153.185825,33.19
-26.606354,153.185821,33.14
-26.604999,153.186823,35.26
-26.604546,153.187324,35.20
-26.602743,153.185815,32.30
-26.601163,153.185812,31.75
-25.987838,153.184837,33.80
-25.985353,153.186082,33.52
-25.984224,153.186330,33.74
-25.982418,153.186327,35.12
-25.981966,153.186327,33.77
-25.979483,153.186323,32.70
-25.978354,153.186321,32.20
-25.977000,153.186319,31.25
-25.975420,153.186316,30.84
-25.973839,153.186314,28.68
-25.972033,153.186311,28.37
-25.970453,153.186308,27.53
-25.968873,153.186306,25.77
-25.967293,153.186303,25.05
-25.965713,153.186301,24.40
-25.964132,153.186299,22.78
-25.962552,153.186296,21.81
-25.960746,153.186293,20.33
-25.959166,153.186291,19.00
-25.957586,153.186288,18.03
-25.955780,153.186285,16.56
-25.954425,153.186283,15.37
-25.952619,153.186280,13.59
-25.951039,153.186278,12.19
-25.949459,153.186275,10.21
-25.947879,153.186273,7.98
-25.946298,153.186270,5.13
-25.944493,153.185519,4.02
-25.942912,153.186265,3.75
-25.941332,153.186263,1.11
-25.939300,153.186010,-1.03
-25.926886,153.184742,1.21
-25.925306,153.184740,6.37
-25.923724,153.186235,10.26
-25.921918,153.186232,11.80
-25.920337,153.186230,13.24
-25.918757,153.186227,14.64
-25.917177,153.186225,16.18
-25.915597,153.186222,17.50
-25.913791,153.186219,18.69
-25.912210,153.186217,19.87
-25.910630,153.186214,21.12
-25.909050,153.186212,22.12
-25.907470,153.186209,23.15
-25.905664,153.186207,24.72
-25.904083,153.186204,26.28
-25.902503,153.186202,27.68
-25.900923,153.186199,29.19
-25.899343,153.186197,30.34
-25.897763,153.185945,31.48
-25.897312,153.185195,31.34
-26.744494,153.188559,21.78
-26.744268,153.189061,21.78
-26.741784,153.189308,21.37
-26.739527,153.189556,21.63
-26.737947,153.189051,22.05
-26.737270,153.189301,22.54
-26.734787,153.189548,22.00
-26.734561,153.189296,21.88
-26.731853,153.189292,21.92
-26.730046,153.189540,22.32
-26.729369,153.189539,22.27
-26.726435,153.189534,22.39
-26.725532,153.189282,22.81
-26.724629,153.189531,22.79
-26.722146,153.189527,22.99
-26.720792,153.189525,23.37
-26.719212,153.189271,23.58
-26.717407,153.188765,22.76
-26.715602,153.188008,22.25
-26.714699,153.188258,21.92
-26.713344,153.189010,21.73
-26.710183,153.189507,21.45
-26.708603,153.189254,21.98
-26.707023,153.189502,22.33
-26.705443,153.189248,22.65
-26.703863,153.189246,22.95
-26.702734,153.189495,23.07
-26.701380,153.189242,23.05
-26.700252,153.188737,22.84
-26.697543,153.189235,22.54
-26.696639,153.189485,22.67
-26.694382,153.189481,22.64
-26.692576,153.189478,23.00
-26.690771,153.189224,23.42
-26.690094,153.189474,23.62
-26.687611,153.189470,23.51
-26.686482,153.189468,23.72
-26.685805,153.188965,23.34
-26.682645,153.189211,23.07
-26.681065,153.189459,23.30
-26.679936,153.189206,23.36
-26.679259,153.189205,23.35
-26.677455,153.187694,23.23
-26.674519,153.189197,23.55
-26.672939,153.189195,23.86
-26.671358,153.189443,24.07
-26.670230,153.189441,24.21
-26.667973,153.189186,23.94
-26.666392,153.189435,24.78
-26.664813,153.189181,25.30
-26.663234,153.187922,25.56
-26.663008,153.188425,25.42
-26.660300,153.187666,24.30
-26.659397,153.187665,23.81
-26.656689,153.187661,24.05
-26.655106,153.189416,25.49
-26.653301,153.189162,26.37
-26.651721,153.189160,26.60
-26.651269,153.189410,27.59
-26.649689,153.189407,26.58
-26.648335,153.189405,24.98
-26.645402,153.188144,24.72
-26.644047,153.188142,26.20
-26.642241,153.188642,27.15
-26.640434,153.189141,28.16
-26.638856,153.188134,29.55
-26.637500,153.189387,29.92
-26.636597,153.189135,30.18
-26.635244,153.188379,29.20
-26.632309,153.188374,29.38
-26.632083,153.188625,30.24
-26.630505,153.187618,28.84
-26.627342,153.189119,28.06
-26.625764,153.187610,28.86
-26.625087,153.187609,29.95
-26.622830,153.187605,31.14
-26.621022,153.189360,32.74
-26.620796,153.189109,32.20
-26.618765,153.189356,29.69
-26.616058,153.187594,29.75
-26.614476,153.189349,31.27
-26.613573,153.188846,31.94
-26.611092,153.187586,32.80
-26.610415,153.187585,34.19
-26.609286,153.187583,32.56
-26.606352,153.187578,31.82
-26.604546,153.187826,34.61
-26.604094,153.187826,35.55
-25.985352,153.186582,33.46
-25.983772,153.186579,33.84
-25.981966,153.186576,34.08
-25.978804,153.188070,33.83
-25.978126,153.188069,33.84
-25.976320,153.188066,33.68
-25.974063,153.188312,32.25
-25.973385,153.188311,31.71
-25.972257,153.188309,31.78
-25.970225,153.188306,29.91
-25.968419,153.188303,28.07
-25.967290,153.188301,28.02
-25.965258,153.188298,26.73
-25.964130,153.188296,25.79
-25.962324,153.188293,24.80
-25.960292,153.188290,23.36
-25.959163,153.188288,22.56
-25.957132,153.188285,20.98
-25.956003,153.188283,20.11
-25.953971,153.188280,18.40
-25.952617,153.188278,17.41
-25.950811,153.188275,15.81
-25.949456,153.188273,14.75
-25.947876,153.188270,13.12
-25.945844,153.188267,10.59
-25.944490,153.188265,8.77
-25.942684,153.188262,5.00
-25.941104,153.187760,3.92
-25.939523,153.188257,3.42
-25.938169,153.188005,1.14
-25.928462,153.187990,1.17
-25.926881,153.188237,5.07
-25.925302,153.187985,9.27
-25.923721,153.188232,11.60
-25.921915,153.188229,13.32
-25.920561,153.188227,14.70
-25.918755,153.188224,16.16
-25.917400,153.188222,17.32
-25.915594,153.188219,18.87
-25.913789,153.187717,19.88
-25.912434,153.188214,21.07
-25.910628,153.188211,22.36
-25.909048,153.187959,23.37
-25.907467,153.188206,24.75
-25.906113,153.188204,26.00
-25.904081,153.187951,27.61
-25.902501,153.188198,29.13
-25.900921,153.187946,30.42
-25.899340,153.188193,32.04
-25.897760,153.187941,33.32
-25.897309,153.187691,33.40
-26.744492,153.189816,21.75
-26.744267,153.189564,21.77
-26.742007,153.191320,21.73
-26.739524,153.191316,22.40
-26.737944,153.191313,22.82
-26.737041,153.191312,23.41
-26.736139,153.191310,22.48
-26.734334,153.190553,22.41
-26.731398,153.191302,22.41
-26.730045,153.190797,22.65
-26.729593,153.191299,22.71
-26.727336,153.191044,22.56
-26.725079,153.191040,22.99
-26.724627,153.190788,23.00
-26.721918,153.191286,23.31
-26.720565,153.190279,23.74
-26.719211,153.189774,23.52
-26.716954,153.190273,22.79
-26.716501,153.191277,22.32
-26.714695,153.191274,21.95
-26.713342,153.190518,21.69
-26.710181,153.191267,22.00
-26.708826,153.191265,22.51
-26.707246,153.191262,22.65
-26.705440,153.191259,22.88
-26.703860,153.191256,23.20
-26.702506,153.191003,23.40
-26.701153,153.190246,23.22
-26.699799,153.189993,22.97
-26.697540,153.190994,22.74
-26.695734,153.191243,22.83
-26.694154,153.191240,23.05
-26.692348,153.191237,23.48
-26.690768,153.191234,23.78
-26.690091,153.191233,23.88
-26.687834,153.191229,23.78
-26.686254,153.191227,24.17
-26.685802,153.191226,23.58
-26.682868,153.191221,23.39
-26.681514,153.191219,23.51
-26.680385,153.191217,23.58
-26.679257,153.190461,23.59
-26.676096,153.191210,23.69
-26.674968,153.191208,23.95
-26.672936,153.191205,24.41
-26.672485,153.191204,24.60
-26.670229,153.189693,24.21
-26.667970,153.191196,24.81
-26.666842,153.191194,25.41
-26.664810,153.190940,25.39
-26.663232,153.189681,25.61
-26.663006,153.189681,25.46
-26.661424,153.191185,24.04
-26.659620,153.189926,23.80
-26.656684,153.191178,24.46
-26.655104,153.191175,26.63
-26.653524,153.191172,28.35
-26.651944,153.191170,28.72
-26.650138,153.191167,28.21
-26.649236,153.190412,28.63
-26.648333,153.190912,28.04
-26.645398,153.191159,26.53
-26.643592,153.191156,26.88
-26.642013,153.190148,26.56
-26.640660,153.189393,27.48
-26.639080,153.189390,29.05
-26.637499,153.189639,29.87
-26.636145,153.189887,30.43
-26.634563,153.190890,29.54
-26.633661,153.190386,29.85
-26.632080,153.191137,29.71
-26.630500,153.191134,28.20
-26.627341,153.189873,28.05
-26.625760,153.191126,29.63
-26.625534,153.191126,29.98
-26.623279,153.189364,30.91
-26.620796,153.189611,32.75
-26.620569,153.190113,33.23
-26.618988,153.191115,31.64
-26.616054,153.190859,30.30
-26.614699,153.191108,32.59
-26.614248,153.191107,32.20
-26.611090,153.189344,31.51
-26.610413,153.189343,32.15
-26.609283,153.189843,31.08
-26.607026,153.189588,31.41
-26.604995,153.189334,31.74
-26.603189,153.189331,34.04
-25.977674,153.188568,33.83
-25.975641,153.189314,33.83
-25.974061,153.189811,33.80
-25.973157,153.190059,33.81
-25.972254,153.190058,33.83
-25.970223,153.190054,31.58
-25.968417,153.190051,31.71
-25.967288,153.190050,30.35
-25.965708,153.190047,29.84
-25.963902,153.190044,28.97
-25.962321,153.190042,27.29
-25.960741,153.190039,26.26
-25.959161,153.190036,25.33
-25.957581,153.190034,24.36
-25.956001,153.190031,23.23
-25.954195,153.190029,21.85
-25.952614,153.190026,20.40
-25.951034,153.190023,19.19
-25.948325,153.190019,17.79
-25.947874,153.190018,16.28
-25.945842,153.190015,15.66
-25.944487,153.190013,13.08
-25.942907,153.190010,11.28
-25.941327,153.190008,8.23
-25.938167,153.190003,4.98
-25.937941,153.190002,4.65
-25.930040,153.189990,1.51
-25.928459,153.189987,6.48
-25.926879,153.189985,9.40
-25.925299,153.189982,12.83
-25.923719,153.189980,12.44
-25.921913,153.189977,14.72
-25.920332,153.189974,16.47
-25.918752,153.189972,17.98
-25.917172,153.189969,19.32
-25.915592,153.189967,20.48
-25.913786,153.189964,21.49
-25.912206,153.189961,22.44
-25.910625,153.189959,23.68
-25.909045,153.189956,25.21
-25.907465,153.189954,26.91
-25.905659,153.189951,28.27
-25.904079,153.189948,29.06
-25.902498,153.189946,30.62
-25.900918,153.189943,32.16
-25.899338,153.189941,33.84
-25.899112,153.189940,34.16
-26.742908,153.193081,21.70
-26.741102,153.193078,22.03
-26.739522,153.193076,22.66
-26.737942,153.193073,23.07
-26.736813,153.193071,23.49
-26.736137,153.192567,22.79
-26.733428,153.192814,22.49
-26.731622,153.193062,22.64
-26.730042,153.193060,22.98
-26.729365,153.193059,23.09
-26.726882,153.193054,22.93
-26.724850,153.193051,23.27
-26.724399,153.193050,23.41
-26.721690,153.193046,24.09
-26.721464,153.193045,24.28
-26.719886,153.192037,23.17
-26.717177,153.191781,22.78
-26.716499,153.192283,22.66
-26.714918,153.193034,22.00
-26.711984,153.193029,21.86
-26.710179,153.192523,22.42
-26.709050,153.193024,23.10
-26.707921,153.193022,22.98
-26.705438,153.193018,23.20
-26.703858,153.193016,23.47
-26.702053,153.192510,23.64
-26.701826,153.193012,23.85
-26.699344,153.192757,23.09
-26.698666,153.193007,23.07
-26.695732,153.193002,23.22
-26.694152,153.192999,23.55
-26.692346,153.192996,23.91
-26.691895,153.192995,23.96
-26.690089,153.192741,24.11
-26.687606,153.192737,23.97
-26.686027,153.191980,24.27
-26.685800,153.192734,24.08
-26.682866,153.192980,23.66
-26.682188,153.192979,23.68
-26.680157,153.192724,23.76
-26.677674,153.192971,24.03
-26.676094,153.192969,24.30
-26.675191,153.192967,24.58
-26.672934,153.192963,24.94
-26.672708,153.192963,25.11
-26.669548,153.192958,24.63
-26.667968,153.192955,26.08
-26.667742,153.192703,26.15
-26.664809,153.192196,25.43
-26.664132,153.192195,25.59
-26.663004,153.191691,25.34
-26.661423,153.191939,24.34
-26.658262,153.192939,24.08
-26.656682,153.192936,25.59
-26.655102,153.192933,28.19
-26.654199,153.192932,30.23
-26.653070,153.192679,31.14
-26.651491,153.192425,29.87
-26.649234,153.191919,29.04
-26.648331,153.191666,27.95
-26.645397,153.191410,26.70
-26.644495,153.191408,26.85
-26.642237,153.191907,26.23
-26.641109,153.191403,26.82
-26.638849,153.192906,28.50
-26.637271,153.191396,29.67
-26.635464,153.192398,29.18
-26.633883,153.192898,30.83
-26.633658,153.192897,31.19
-26.632078,153.192895,30.37
-26.630498,153.192892,29.31
-26.627337,153.192887,28.63
-26.625757,153.192884,31.03
-26.625532,153.192884,30.93
-26.623274,153.192880,30.43
-26.621019,153.191369,30.73
-26.619665,153.191367,32.99
-26.618760,153.192621,32.88
-26.617180,153.192870,32.58
-26.614698,153.192112,33.04
-26.614247,153.191609,32.26
-26.612667,153.191355,30.80
-26.609505,153.192857,30.87
-26.609279,153.192856,30.78
-26.607701,153.191347,30.22
-25.973608,153.190309,33.75
-25.971350,153.191055,33.83
-25.969995,153.191303,33.80
-25.968415,153.191300,33.83
-25.966383,153.191796,33.62
-25.965480,153.191795,32.28
-25.964125,153.191793,31.47
-25.962319,153.191790,30.04
-25.960739,153.191787,29.36
-25.959159,153.191785,28.15
-25.957578,153.191782,27.07
-25.955998,153.191779,25.38
-25.954418,153.191777,24.75
-25.952612,153.191774,23.46
-25.951032,153.191771,22.46
-25.949452,153.191769,20.80
-25.947871,153.191766,19.57
-25.946291,153.191764,17.80
-25.944485,153.191761,17.45
-25.942679,153.191758,15.94
-25.941325,153.191756,13.16
-25.939744,153.191753,9.99
-25.937488,153.191250,13.54
-25.936358,153.191748,2.39
-25.934101,153.191744,3.04
-25.930038,153.191488,4.79
-25.928457,153.191735,8.94
-25.926877,153.191483,12.85
-25.925748,153.191730,14.29
-25.923716,153.191727,14.44
-25.922136,153.191725,16.66
-25.920330,153.191722,18.40
-25.918750,153.191719,19.68
-25.917170,153.191717,21.03
-25.915589,153.191714,22.18
-25.914009,153.191711,23.25
-25.912203,153.191708,24.24
-25.910623,153.191706,25.38
-25.909043,153.191703,27.50
-25.907463,153.191701,30.26
-25.907011,153.191700,30.63
-25.904076,153.191695,30.90
-25.903173,153.191694,31.77
-25.900917,153.190442,32.49
-25.899338,153.190190,33.89
-26.742680,153.194841,22.16
-26.741100,153.194838,22.51
-26.739520,153.194835,23.08
-26.737940,153.194581,23.36
-26.736586,153.194076,23.70
-26.736134,153.194830,23.18
-26.733651,153.194825,22.77
-26.731845,153.194571,23.10
-26.729814,153.194316,23.17
-26.729136,153.194818,23.35
-26.728008,153.194816,23.24
-26.725299,153.194811,23.44
-26.724171,153.194558,23.59
-26.721914,153.194554,24.22
-26.721464,153.193297,24.09
-26.719884,153.193545,23.14
-26.718303,153.193543,22.60
-26.716498,153.193288,22.39
-26.714466,153.193787,22.09
-26.711982,153.194789,22.34
-26.710176,153.194786,23.26
-26.709274,153.194281,23.66
-26.708144,153.194782,23.32
-26.705436,153.194777,23.50
-26.703855,153.194775,23.73
-26.703630,153.194774,23.91
-26.701826,153.193263,23.88
-26.698890,153.194264,23.29
-26.698664,153.194766,23.41
-26.695729,153.194761,23.69
-26.693924,153.194758,24.08
-26.692795,153.194756,24.29
-26.691666,153.194754,24.20
-26.689635,153.194499,24.32
-26.687603,153.194747,24.21
-26.686927,153.194495,24.30
-26.685798,153.194241,24.23
-26.683540,153.194740,23.99
-26.682412,153.194487,23.94
-26.679477,153.194733,24.18
-26.677672,153.194479,24.53
-26.676091,153.194728,24.76
-26.675189,153.194726,25.08
-26.673609,153.194723,25.23
-26.672706,153.194219,25.26
-26.669546,153.194465,25.33
-26.668417,153.194463,26.67
-26.667742,153.193206,26.03
-26.664807,153.193201,25.36
-26.664130,153.193200,25.45
-26.663002,153.193198,24.91
-26.661421,153.193195,24.18
-26.658259,153.194697,24.96
-26.656679,153.194695,26.98
-26.655099,153.194692,29.16
-26.653519,153.194438,30.58
-26.651940,153.194184,30.55
-26.651489,153.193932,30.00
-26.649910,153.193176,28.80
-26.648329,153.193173,25.94
-26.645846,153.193169,23.20
-26.644041,153.193166,25.27
-26.642007,153.194419,26.23
-26.640653,153.194667,27.96
-26.638848,153.193660,28.59
-26.638396,153.194664,29.54
-26.637043,153.193154,28.79
-26.633883,153.193149,31.29
-26.633431,153.193651,31.82
-26.630721,153.194399,30.73
-26.630044,153.194649,30.89
-26.627335,153.194645,30.79
-26.625755,153.194642,32.95
-26.625529,153.194642,32.96
-26.623949,153.194388,31.76
-26.622369,153.194636,30.75
-26.619211,153.193124,31.43
-26.617629,153.194628,33.66
-26.616952,153.194627,34.41
-26.615823,153.194625,33.36
-26.614245,153.193116,32.16
-26.612664,153.193616,30.69
-26.609505,153.193108,31.12
-26.609279,153.193108,31.23
-26.607699,153.193105,29.60
-25.968188,153.192299,33.80
-25.966382,153.192046,33.76
-25.964349,153.193291,33.75
-25.964123,153.193291,33.72
-25.962317,153.193538,33.24
-25.960737,153.193535,32.14
-25.958705,153.193532,30.73
-25.957125,153.193529,30.11
-25.955770,153.193527,28.04
-25.954416,153.193275,26.93
-25.952610,153.193522,26.25
-25.951029,153.193519,25.15
-25.949449,153.193517,23.98
-25.947869,153.193514,22.90
-25.946063,153.193511,21.40
-25.944483,153.193509,20.31
-25.942903,153.193506,18.62
-25.941322,153.193503,18.14
-25.939742,153.193501,14.55
-25.937936,153.193498,10.76
-25.936356,153.193495,7.08
-25.933421,153.193490,6.45
-25.931841,153.193488,7.82
-25.930261,153.193485,10.47
-25.928455,153.193482,12.73
-25.926875,153.193480,14.27
-25.926423,153.193479,14.95
-25.923714,153.193475,16.77
-25.922134,153.193472,18.76
-25.920328,153.193469,20.40
-25.918748,153.193467,21.98
-25.917167,153.193464,22.97
-25.915587,153.193461,23.62
-25.914007,153.193459,24.84
-25.912201,153.193456,26.21
-25.910621,153.193453,27.41
-25.909040,153.193451,29.45
-25.907461,153.193198,33.21
-25.907235,153.193198,33.02
-25.904075,153.192444,31.80
-25.903399,153.191944,31.91
-26.742903,153.196601,22.45
-26.741098,153.196347,22.86
-26.739518,153.196092,23.16
-26.737938,153.195838,23.51
-26.736583,153.196590,24.30
-26.736133,153.195332,23.45
-26.732971,153.196584,23.18
-26.731391,153.196581,23.52
-26.730263,153.196579,23.50
-26.728683,153.196577,23.62
-26.727780,153.196324,23.66
-26.725071,153.196570,23.84
-26.723265,153.196567,24.49
-26.723039,153.196567,24.32
-26.721460,153.196313,23.81
-26.719881,153.195305,23.00
-26.717849,153.196055,22.57
-26.716042,153.196304,22.36
-26.713559,153.196551,22.34
-26.711979,153.196548,23.01
-26.710174,153.196042,23.61
-26.709496,153.196544,23.95
-26.707013,153.196539,23.62
-26.706562,153.196539,23.67
-26.703853,153.196534,24.02
-26.703627,153.196534,24.29
-26.701370,153.196530,23.64
-26.699339,153.196526,23.63
-26.697307,153.196523,23.80
-26.695727,153.196520,24.15
-26.693922,153.196266,24.48
-26.693696,153.196517,24.55
-26.690761,153.196512,24.41
-26.689632,153.196510,24.66
-26.687601,153.196506,24.44
-26.687150,153.196254,24.48
-26.685118,153.196502,24.45
-26.683990,153.196249,24.22
-26.682184,153.196497,24.10
-26.679475,153.196492,24.59
-26.677895,153.196489,25.01
-26.676089,153.196486,25.32
-26.674509,153.196484,25.38
-26.673832,153.196483,25.67
-26.672704,153.196229,25.13
-26.669544,153.195973,26.29
-26.668641,153.195720,26.96
-26.667739,153.195216,25.43
-26.665482,153.194961,25.11
-26.664579,153.194959,25.05
-26.662999,153.194957,24.58
-26.659837,153.196459,25.11
-26.658257,153.196456,26.84
-26.656678,153.195699,28.35
-26.655098,153.195697,30.23
-26.654421,153.195696,31.16
-26.653292,153.195442,29.57
-26.650584,153.194935,27.47
-26.649907,153.194934,25.33
-26.646971,153.196185,22.21
-26.645166,153.195931,23.78
-26.643586,153.195426,25.24
-26.642006,153.195172,26.57
-26.640876,153.196426,28.40
-26.639071,153.196172,29.46
-26.638395,153.195166,29.80
-26.635459,153.196417,28.40
-26.633881,153.194907,29.74
-26.633203,153.194906,31.33
-26.632075,153.194904,30.04
-26.629140,153.195401,31.17
-26.627333,153.196403,31.29
-26.625755,153.194893,33.38
-26.624173,153.196146,33.43
-26.623947,153.196146,33.18
-26.622367,153.196394,31.96
-26.619207,153.195636,31.69
-26.617627,153.195633,33.87
-26.616951,153.194878,34.48
-26.615822,153.195128,33.49
-26.614243,153.194874,31.73
-26.612661,153.195876,30.65
-25.962994,153.193789,33.80
-25.962316,153.194037,33.79
-25.959606,153.194782,33.76
-25.958929,153.195030,33.70
-25.957348,153.195278,32.71
-25.955542,153.195275,31.24
-25.954413,153.195273,30.43
-25.952607,153.195270,29.39
-25.951027,153.195267,28.50
-25.949447,153.195265,27.20
-25.947867,153.195262,25.93
-25.946286,153.195259,24.79
-25.944480,153.195256,23.20
-25.942900,153.195254,22.07
-25.941094,153.195251,20.15
-25.939514,153.195248,18.77
-25.937934,153.195246,17.02
-25.936354,153.195243,14.69
-25.934096,153.195239,13.26
-25.931839,153.195236,13.55
-25.930258,153.195233,15.08
-25.928452,153.195230,15.84
-25.928001,153.195229,16.59
-25.925292,153.195225,18.03
-25.923712,153.195222,19.84
-25.922131,153.195220,21.57
-25.920326,153.195217,22.74
-25.918745,153.195214,23.84
-25.917165,153.195211,24.77
-25.915585,153.195209,25.55
-25.913779,153.195206,26.57
-25.912199,153.195203,27.80
-25.911296,153.195202,28.85
-25.909266,153.193701,29.19
-25.907686,153.193698,29.91
-25.905652,153.195192,36.45
-25.905426,153.195192,35.97
-26.742675,153.198361,22.92
-26.741095,153.198358,23.31
-26.740643,153.198608,23.48
-26.737935,153.198101,23.84
-26.736356,153.197344,24.42
-26.736130,153.197595,24.08
-26.732968,153.198595,23.56
-26.731389,153.198341,23.80
-26.730035,153.198087,23.93
-26.728454,153.198587,23.94
-26.727551,153.198334,24.04
-26.724843,153.198330,24.50
-26.723714,153.198579,25.32
-26.723037,153.198075,24.39
-26.721005,153.198574,23.80
-26.719652,153.197567,22.89
-26.718297,153.198067,22.65
-26.716491,153.198566,22.64
-26.713556,153.198561,23.09
-26.711977,153.198307,23.72
-26.710848,153.198305,24.07
-26.709042,153.198302,24.11
-26.708365,153.198301,23.87
-26.706107,153.198548,24.12
-26.703851,153.198042,24.19
-26.703400,153.197539,24.44
-26.701367,153.198540,23.83
-26.699110,153.198285,23.91
-26.697304,153.198533,24.25
-26.695724,153.198530,24.72
-26.694596,153.198277,24.80
-26.693694,153.197522,24.77
-26.690984,153.198522,24.67
-26.689632,153.197012,24.76
-26.688727,153.198518,24.68
-26.687372,153.198516,24.73
-26.685341,153.198512,24.67
-26.683535,153.198509,24.61
-26.681052,153.198505,24.73
-26.679472,153.198502,25.29
-26.677667,153.198248,25.63
-26.676087,153.198245,26.55
-26.675861,153.198496,27.14
-26.673603,153.198492,26.17
-26.671346,153.198488,26.99
-26.670895,153.198487,27.24
-26.669542,153.197229,26.84
-26.667737,153.196975,25.34
-26.666155,153.198228,25.14
-26.664349,153.198476,25.05
-26.661415,153.198220,25.16
-26.659834,153.198468,26.64
-26.658254,153.198214,28.11
-26.656902,153.196705,28.27
-26.655096,153.196702,28.26
-26.653742,153.196699,29.11
-26.653065,153.196698,23.63
-26.650129,153.197949,19.88
-26.649452,153.197446,20.83
-26.646970,153.196688,21.37
-26.645163,153.197941,23.36
-26.643582,153.198440,26.53
-26.642002,153.198186,27.78
-26.640422,153.198184,28.95
-26.638842,153.198432,29.36
-26.637939,153.198430,29.95
-26.636584,153.198428,30.61
-26.635004,153.198425,30.11
-26.633650,153.198423,29.96
-26.630716,153.198418,30.99
-26.628911,153.197913,31.79
-26.628007,153.198413,33.30
-26.625752,153.196651,32.33
-26.624395,153.198407,33.07
-26.623944,153.198406,33.42
-26.622138,153.198152,33.34
-26.620558,153.198400,32.67
-26.617625,153.197391,33.81
-26.617400,153.196888,33.94
-26.615820,153.196886,33.22
-26.614240,153.196632,31.01
-26.612660,153.196629,30.52
-25.958475,153.196278,33.83
-25.957347,153.196276,33.81
-25.954637,153.196771,33.63
-25.953733,153.197269,33.60
-25.952605,153.197267,33.50
-25.950121,153.197263,31.10
-25.949444,153.197262,30.73
-25.947864,153.197259,29.60
-25.946058,153.197256,28.39
-25.944252,153.197253,27.14
-25.942898,153.197251,26.25
-25.941092,153.197248,24.67
-25.939286,153.197245,23.27
-25.938157,153.196994,21.07
-25.936351,153.197240,19.84
-25.933416,153.197235,18.41
-25.932062,153.197233,18.80
-25.930933,153.197231,18.64
-25.928450,153.197227,19.32
-25.927321,153.197225,20.25
-25.925515,153.197222,21.76
-25.923709,153.197219,22.96
-25.922355,153.197217,23.84
-25.920549,153.197214,25.08
-25.918743,153.197211,26.02
-25.917162,153.197208,26.87
-25.915808,153.197206,27.50
-25.914228,153.197203,28.25
-25.912196,153.197200,28.88
-25.910616,153.197197,32.95
-25.909487,153.196946,33.57
-25.907455,153.197192,35.61
-25.906329,153.195443,36.19
-25.904747,153.196439,36.26
-26.742898,153.200372,23.21
-26.741093,153.199363,23.47
-26.740641,153.199865,23.64
-26.738159,153.199358,23.91
-26.736352,153.200109,24.66
-26.736127,153.199606,24.41
-26.732967,153.199852,23.85
-26.731612,153.200352,24.18
-26.729806,153.200349,24.53
-26.729580,153.200349,24.44
-26.727774,153.200346,24.38
-26.724840,153.200089,24.97
-26.723713,153.199082,25.32
-26.723037,153.198578,24.34
-26.721229,153.200083,23.97
-26.719649,153.199577,22.77
-26.716714,153.200326,22.84
-26.715134,153.200324,23.26
-26.713780,153.200321,23.80
-26.711974,153.200318,24.42
-26.711071,153.200316,24.55
-26.710168,153.200064,24.31
-26.707008,153.200309,24.10
-26.705654,153.199804,24.47
-26.703848,153.200052,24.28
-26.703398,153.199046,24.46
-26.701591,153.200300,24.16
-26.698882,153.200295,24.48
-26.697302,153.200292,24.86
-26.696173,153.200290,25.18
-26.695045,153.200288,25.23
-26.693916,153.200035,24.94
-26.690756,153.200281,25.18
-26.690530,153.200281,25.32
-26.687596,153.200275,25.30
-26.686919,153.200274,25.48
-26.684661,153.200270,25.17
-26.682856,153.200267,25.46
-26.681275,153.200264,25.76
-26.679921,153.200262,25.87
-26.677890,153.200258,26.29
-26.676762,153.199503,26.80
-26.675408,153.199500,28.15
-26.672924,153.200250,28.02
-26.672021,153.200248,29.49
-26.671119,153.199493,28.53
-26.669539,153.199239,26.44
-26.666603,153.200239,25.36
-26.665475,153.200237,25.38
-26.663218,153.200233,25.27
-26.661412,153.200230,26.13
-26.660057,153.200227,27.44
-26.658254,153.198466,28.18
-26.658028,153.198716,27.96
-26.656448,153.198714,23.69
-26.654868,153.198711,18.48
-26.652157,153.199962,19.46
-26.650128,153.198452,20.11
-26.649677,153.198451,20.16
-26.646966,153.199451,21.59
-26.645160,153.199950,25.92
-26.643580,153.199947,27.63
-26.642002,153.198438,28.50
-26.640871,153.199943,28.58
-26.639968,153.200192,29.82
-26.637711,153.200188,31.85
-26.637033,153.200187,31.43
-26.635229,153.199430,30.38
-26.632294,153.199928,30.59
-26.630713,153.200176,33.58
-26.630487,153.200176,34.29
-26.628004,153.200171,34.68
-26.626876,153.200169,33.95
-26.624169,153.199160,33.42
-26.623716,153.199913,34.16
-26.621910,153.199910,33.82
-26.620783,153.198903,33.11
-26.617623,153.198647,33.26
-26.617397,153.198897,33.67
-25.952830,153.197767,33.84
-25.952152,153.198016,34.75
-25.950345,153.198512,33.68
-25.948765,153.199009,33.83
-25.947862,153.199007,33.57
-25.946281,153.199005,31.72
-25.944475,153.199002,31.45
-25.942895,153.198999,29.58
-25.941315,153.198996,28.57
-25.939735,153.198994,27.47
-25.938154,153.198991,26.09
-25.936348,153.198988,24.61
-25.934768,153.198985,23.75
-25.933188,153.198983,22.51
-25.931608,153.198980,22.52
-25.928447,153.198975,22.92
-25.926867,153.198972,23.84
-25.925287,153.198969,24.62
-25.923707,153.198967,25.35
-25.921901,153.198964,26.29
-25.920320,153.198961,26.99
-25.918740,153.198958,27.94
-25.917160,153.198956,28.98
-25.915580,153.198953,29.75
-25.913774,153.198950,30.52
-25.912194,153.198947,31.28
-25.910615,153.197697,33.12
-25.909033,153.198942,35.11
-25.907453,153.198690,36.36
-25.907002,153.198190,36.23
-26.742671,153.201377,23.80
-26.741089,153.202129,23.75
-26.740187,153.201876,23.79
-26.737929,153.202123,24.14
-26.736351,153.200864,24.63
-26.736125,153.201366,24.68
-26.732963,153.202114,24.16
-26.731835,153.201861,24.34
-26.729805,153.201103,24.82
-26.729352,153.202108,24.91
-26.726418,153.201852,24.79
-26.725515,153.201850,25.45
-26.724612,153.202100,25.12
-26.723034,153.200589,24.11
-26.721452,153.202094,24.09
-26.718293,153.201335,22.86
-26.716711,153.202086,23.28
-26.715131,153.202083,23.89
-26.713551,153.202080,24.62
-26.711971,153.202077,24.74
-26.711746,153.201826,24.66
-26.708585,153.202071,24.50
-26.707005,153.202069,24.82
-26.706554,153.202068,25.09
-26.703845,153.202063,24.61
-26.703620,153.202063,24.54
-26.700459,153.202057,24.77
-26.698879,153.202054,25.07
-26.697299,153.202052,25.66
-26.695945,153.201798,25.98
-26.695494,153.202048,25.84
-26.693688,153.202045,25.35
-26.690753,153.202040,25.53
-26.690528,153.201537,25.54
-26.688045,153.202035,25.75
-26.687368,153.201531,25.73
-26.684207,153.202028,25.75
-26.682627,153.202026,26.29
-26.681273,153.202023,26.48
-26.679693,153.202020,26.43
-26.678114,153.201013,26.62
-26.676081,153.202014,27.04
-26.675178,153.202013,29.01
-26.672922,153.201757,30.15
-26.672697,153.201254,30.06
-26.671116,153.201252,28.66
-26.669535,153.202003,26.43
-26.666375,153.201997,25.82
-26.665698,153.201996,25.82
-26.663215,153.201991,26.00
-26.661410,153.201737,27.31
-26.660506,153.201987,28.61
-26.659604,153.201734,27.88
-26.658025,153.200977,26.24
-26.656218,153.201979,21.15
-26.653960,153.201975,19.78
-26.653057,153.201974,20.25
-26.650576,153.200964,19.09
-26.649672,153.201968,20.31
-26.646964,153.200958,22.09
-26.645834,153.201961,25.59
-26.644254,153.201958,28.45
-26.641997,153.201954,28.91
-26.640417,153.201700,30.28
-26.639063,153.201949,32.02
-26.637708,153.201947,32.50
-26.637031,153.201694,31.77
-26.635000,153.201691,30.71
-26.632293,153.200681,30.79
-26.630711,153.201683,34.36
-26.629582,153.201932,35.78
-26.628454,153.201679,35.90
-26.625745,153.201926,35.79
-26.625519,153.201674,34.52
-26.623939,153.201671,34.34
-26.622134,153.201417,34.63
-26.620554,153.201163,33.04
-26.618071,153.200908,32.12
-26.616717,153.200654,32.77
-25.947861,153.199257,33.83
-25.944700,153.200001,33.73
-25.944248,153.200000,33.63
-25.942215,153.200746,33.60
-25.940184,153.200742,32.92
-25.939732,153.200741,32.55
-25.938152,153.200739,30.31
-25.936346,153.200736,29.54
-25.934540,153.200733,27.85
-25.933186,153.200730,27.28
-25.931380,153.200727,26.47
-25.928445,153.200722,26.30
-25.926865,153.200720,26.77
-25.925284,153.200717,27.21
-25.923704,153.200714,27.75
-25.922124,153.200712,28.29
-25.920318,153.200709,29.05
-25.918738,153.200706,30.12
-25.917158,153.200703,30.99
-25.915577,153.200701,31.50
-25.913772,153.200448,32.37
-25.912191,153.200695,33.83
-25.910611,153.200692,35.28
-25.909482,153.200690,36.28
-25.908581,153.199191,35.75
-26.741087,153.203889,24.12
-26.739507,153.203634,24.23
-26.738153,153.203883,24.54
-26.737701,153.203883,24.55
-26.734992,153.203878,24.56
-26.734315,153.203877,24.75
-26.731381,153.203871,24.78
-26.730252,153.203869,24.99
-26.729349,153.203868,25.16
-26.726641,153.203863,25.62
-26.726415,153.203863,25.73
-26.724611,153.202854,25.11
-26.721675,153.203854,23.91
-26.721225,153.202596,24.15
-26.718290,153.203345,22.93
-26.716709,153.203845,23.88
-26.715129,153.203842,24.75
-26.713549,153.203840,25.14
-26.711969,153.203837,25.18
-26.711292,153.203584,25.02
-26.708583,153.203579,25.14
-26.707003,153.203577,25.55
-26.706551,153.203827,26.03
-26.704069,153.203571,25.05
-26.702714,153.203820,24.96
-26.700458,153.203314,25.13
-26.698877,153.203813,25.68
-26.697297,153.203811,26.18
-26.697071,153.203810,26.30
-26.695492,153.202802,26.12
-26.692557,153.203802,25.77
-26.691202,153.203800,25.73
-26.689171,153.203796,25.95
-26.688042,153.203794,26.13
-26.687365,153.203793,26.13
-26.684205,153.203787,26.54
-26.682851,153.203785,27.07
-26.681270,153.203782,27.23
-26.680819,153.203781,27.01
-26.678563,153.202772,26.97
-26.676305,153.203773,28.23
-26.674500,153.202765,30.17
-26.674048,153.203016,30.64
-26.672469,153.202259,29.64
-26.670664,153.202256,28.52
-26.669533,153.203510,27.58
-26.666373,153.203756,26.38
-26.665244,153.203754,26.37
-26.663438,153.203750,26.59
-26.661409,153.202491,28.05
-26.660730,153.203746,28.70
-26.659603,153.202488,28.11
-26.658023,153.202234,25.20
-26.655086,153.203736,23.50
-26.654409,153.203734,23.26
-26.652152,153.203730,22.04
-26.650798,153.203477,20.56
-26.648540,153.203724,22.52
-26.646961,153.203470,24.25
-26.645155,153.203718,28.05
-26.643800,153.203716,29.56
-26.641994,153.203712,31.09
-26.640640,153.203710,32.13
-26.639060,153.203707,32.70
-26.637480,153.203704,32.78
-26.637028,153.203704,32.62
-26.635223,153.203700,32.16
-26.632288,153.203695,31.87
-26.630710,153.202185,34.10
-26.629355,153.203188,35.84
-25.943570,153.200998,33.78
-25.942667,153.200996,33.72
-25.940860,153.201243,33.74
-25.939731,153.201490,33.74
-25.937925,153.201987,33.73
-25.936344,153.202483,33.46
-25.934763,153.202481,32.87
-25.933183,153.202478,31.84
-25.931151,153.202475,30.75
-25.929797,153.202472,30.41
-25.927088,153.202468,30.22
-25.926637,153.202467,30.28
-25.923702,153.202462,30.18
-25.921896,153.202459,30.77
-25.920316,153.202456,31.61
-25.918735,153.202453,32.74
-25.917155,153.202451,33.43
-25.916929,153.202450,33.14
-25.913769,153.202445,34.05
-25.912189,153.202442,35.65
-25.910608,153.202439,37.03
-25.909254,153.202437,38.00
-26.741310,153.205649,24.43
-26.739505,153.205394,24.64
-26.738150,153.205643,25.14
-26.736344,153.205640,24.76
-26.734765,153.205134,24.98
-26.734087,153.205636,25.24
-26.731378,153.205631,25.22
-26.730250,153.205629,25.55
-26.729121,153.205627,25.75
-26.726414,153.204868,26.01
-26.726413,153.205119,26.04
-26.724156,153.204864,24.95
-26.722802,153.205113,24.36
-26.721448,153.204859,24.13
-26.718287,153.205356,23.56
-26.716706,153.205605,24.65
-26.715126,153.205602,25.67
-26.714675,153.205601,25.91
-26.713321,153.205599,25.31
-26.711065,153.204338,25.21
-26.708580,153.205590,25.48
-26.707000,153.205587,26.05
-26.706549,153.205335,26.30
-26.704292,153.205582,25.37
-26.702486,153.205579,25.42
-26.700454,153.205575,25.77
-26.698874,153.205573,26.43
-26.697294,153.205570,26.95
-26.697069,153.205569,27.07
-26.695038,153.204561,26.12
-26.692780,153.205562,26.09
-26.690748,153.205558,26.37
-26.690297,153.205557,26.59
-26.687814,153.205553,26.49
-26.686008,153.205550,26.62
-26.684202,153.205546,27.37
-26.683299,153.205545,27.79
-26.682397,153.205292,27.69
-26.680365,153.205539,28.02
-26.677657,153.205283,28.30
-26.676076,153.205532,30.49
-26.675851,153.205531,30.89
-26.673821,153.204020,30.16
-26.672693,153.204018,28.44
-26.670434,153.205270,28.09
-26.669306,153.204515,27.73
-26.666822,153.205515,27.36
-26.664790,153.205512,27.38
-26.663210,153.205509,27.82
-26.661630,153.205506,28.59
-26.660276,153.205503,29.17
-26.659373,153.205502,27.91
-26.658018,153.205499,26.54
-26.655761,153.205495,26.25
-26.654859,153.204991,25.26
-26.652377,153.204233,22.75
-26.651022,153.204984,22.49
-26.648540,153.203975,22.89
-26.647184,153.205480,25.52
-26.645153,153.204974,28.02
-26.643572,153.205474,30.16
-26.641992,153.205471,31.91
-26.640412,153.205468,33.66
-26.640186,153.205467,33.62
-26.637026,153.205462,34.24
-26.636575,153.205461,34.53
-26.635220,153.205459,34.18
-26.633640,153.205456,33.33
-26.630706,153.205451,34.56
-26.629353,153.203941,35.66
-25.936117,153.202982,33.81
-25.934537,153.202980,33.70
-25.932956,153.203227,33.70
-25.930924,153.203722,33.55
-25.929117,153.204219,33.57
-25.927537,153.204216,33.70
-25.925505,153.204212,33.72
-25.925054,153.204212,33.60
-25.922571,153.204207,33.78
-25.920313,153.204203,34.56
-25.918733,153.204201,35.53
-25.917153,153.204198,36.16
-25.916927,153.204198,36.15
-25.915347,153.204195,35.76
-25.912412,153.203940,37.41
-25.911735,153.203939,37.47
-25.909477,153.204185,38.52
-25.907446,153.203932,39.48
-25.907220,153.204181,39.78
-26.741534,153.207158,24.97
-26.739953,153.207406,25.15
-26.737922,153.207403,25.84
-26.737696,153.207402,25.62
-26.734536,153.207396,25.71
-26.733859,153.207144,25.84
-26.732053,153.207392,25.76
-26.730699,153.207389,25.97
-26.728667,153.207386,26.34
-26.726635,153.207633,25.84
-26.726412,153.205873,25.94
-26.724155,153.205869,24.90
-26.722573,153.207375,24.61
-26.721446,153.206367,24.42
-26.718284,153.207618,24.62
-26.716704,153.207615,26.05
-26.716478,153.207364,26.11
-26.714447,153.206857,26.34
-26.713318,153.207609,25.60
-26.710158,153.207352,25.55
-26.709029,153.207350,26.37
-26.707223,153.207598,26.77
-26.706772,153.207597,26.34
-26.704514,153.207593,25.88
-26.702032,153.207338,25.90
-26.700677,153.207586,26.42
-26.698871,153.207583,27.09
-26.697743,153.207581,27.54
-26.697067,153.206575,27.18
-26.693906,153.207574,26.12
-26.692325,153.207571,26.66
-26.690745,153.207568,27.12
-26.690294,153.207316,27.26
-26.688489,153.207062,26.85
-26.685780,153.207308,27.54
-26.684200,153.207305,28.44
-26.682620,153.207302,28.89
-26.681265,153.207551,29.08
-26.680814,153.207550,29.02
-26.677654,153.207293,30.75
-26.676525,153.207291,32.25
-26.675848,153.207039,31.94
-26.673591,153.207286,29.11
-26.671785,153.207534,28.59
-26.669981,153.206275,28.21
-26.669303,153.206525,27.95
-26.666819,153.207525,28.16
-26.664787,153.207521,28.58
-26.663207,153.207267,28.99
-26.662079,153.207265,30.27
-26.660273,153.207513,30.24
-26.659596,153.207512,29.71
-26.658016,153.207007,27.83
-26.656436,153.206753,26.78
-26.654858,153.205745,25.10
-26.653051,153.206747,23.79
-26.650794,153.206240,21.68
-26.648535,153.207241,23.59
-26.647181,153.207238,26.73
-26.645376,153.206984,28.90
-26.643571,153.205976,30.15
-26.641989,153.207229,33.55
-26.641313,153.206977,34.81
-26.640184,153.206723,34.14
-26.637250,153.206718,34.29
-26.635443,153.207217,36.29
-26.634314,153.207466,36.58
-26.633638,153.207214,35.78
-26.632057,153.207462,35.15
-26.630478,153.206957,35.07
-25.924150,153.204460,33.76
-25.923247,153.204458,33.83
-25.920313,153.204453,34.92
-25.918731,153.205199,37.21
-25.917602,153.205946,38.39
-25.916698,153.206194,38.26
-25.913764,153.205940,37.80
-25.913764,153.205690,37.86
-25.911958,153.206186,35.38
-25.909703,153.204435,38.66
-25.907444,153.205429,39.56
-25.906768,153.204430,39.99
-25.905188,153.204427,39.48
-25.903832,153.204924,38.00
-25.901123,153.205418,36.98
-25.899994,153.205666,36.91
-25.898864,153.206163,36.90
-26.741305,153.209420,25.38
-26.739499,153.209417,25.58
-26.738370,153.209415,26.00
-26.736339,153.209411,26.09
-26.734984,153.209408,26.16
-26.733856,153.209406,26.25
-26.732051,153.208649,25.93
-26.730698,153.207892,26.16
-26.729567,153.209147,26.22
-26.726635,153.208136,26.20
-26.726408,153.208387,25.68
-26.723927,153.207629,24.84
-26.721893,153.209384,24.61
-26.720764,153.209131,24.64
-26.718281,153.209378,25.46
-26.716927,153.209375,26.81
-26.715121,153.209121,26.31
-26.714220,153.208114,26.44
-26.713315,153.209369,26.01
-26.710155,153.209363,26.42
-26.708801,153.209360,27.41
-26.706996,153.208352,26.99
-26.706769,153.209357,26.78
-26.703835,153.209351,26.13
-26.702029,153.209348,26.53
-26.700449,153.209345,27.12
-26.698869,153.209342,27.89
-26.697966,153.209341,28.26
-26.696838,153.209087,27.61
-26.693903,153.209333,26.57
-26.692323,153.209330,27.25
-26.690743,153.209076,27.61
-26.690292,153.208824,27.78
-26.687583,153.209322,27.39
-26.685777,153.209318,28.48
-26.684197,153.209315,29.28
-26.683971,153.209315,29.43
-26.681488,153.209311,31.29
-26.679682,153.209307,30.80
-26.678780,153.209054,31.67
-26.676072,153.208547,32.60
-26.675620,153.209049,32.53
-26.674265,153.209297,29.67
-26.672685,153.209294,29.09
-26.669525,153.209289,28.60
-26.669301,153.208283,28.61
-26.666365,153.209283,29.37
-26.665462,153.209281,30.16
-26.663205,153.209277,30.51
-26.662527,153.209276,31.05
-26.660724,153.207765,30.43
-26.659595,153.207763,29.56
-26.657789,153.208011,27.83
-26.656435,153.207758,26.50
-26.654627,153.209262,23.68
-26.653049,153.208003,20.80
-26.650112,153.209253,21.92
-26.648758,153.209251,23.78
-26.646952,153.209248,27.14
-26.645147,153.209244,28.61
-26.643566,153.209241,31.66
-26.641987,153.208736,35.00
-26.641761,153.208987,35.00
-26.639503,153.209234,35.87
-26.637021,153.208978,35.86
-26.635440,153.209227,35.92
-26.634313,153.208722,37.24
-26.633636,153.208470,36.45
-26.631153,153.207963,35.37
-26.630477,153.207711,34.94
-25.915569,153.206442,39.30
-25.914892,153.206690,38.98
-25.912858,153.207935,38.77
-25.911729,153.207933,37.80
-25.909698,153.207430,36.55
-25.907668,153.206179,37.88
-25.907217,153.206178,38.65
-25.904959,153.206174,37.15
-25.903153,153.206171,36.83
-25.902025,153.206169,36.15
-25.899767,153.206165,36.76
-25.899090,153.206164,36.83
-25.896606,153.206908,36.16
-25.895701,153.207905,35.59
-26.741076,153.211179,26.00
-26.739496,153.211176,26.19
-26.738819,153.211175,26.50
-26.736336,153.211171,26.72
-26.736110,153.211170,26.74
-26.733854,153.210663,26.46
-26.732273,153.211163,26.18
-26.729791,153.210656,26.46
-26.729565,153.210907,26.46
-26.726857,153.210399,26.32
-26.725727,153.211151,25.91
-26.724373,153.211148,24.96
-26.721891,153.210138,24.87
-26.720084,153.211141,25.44
-26.718504,153.211138,26.30
-26.716924,153.211135,27.89
-26.715120,153.209623,26.29
-26.714894,153.209874,26.45
-26.713088,153.210625,26.30
-26.710153,153.210871,27.04
-26.708572,153.211119,28.07
-26.708347,153.211119,27.90
-26.706768,153.210111,26.90
-26.703832,153.211111,26.46
-26.702027,153.210856,27.08
-26.700446,153.211104,27.66
-26.698867,153.210599,28.24
-26.697964,153.210346,28.68
-26.697062,153.210093,27.55
-26.693901,153.210841,26.84
-26.692320,153.211089,27.63
-26.690966,153.211087,27.98
-26.690063,153.211085,28.01
-26.687580,153.211081,28.34
-26.685775,153.210826,29.25
-26.684646,153.211075,30.12
-26.683970,153.210320,29.90
-26.681035,153.210566,31.94
-26.680809,153.210817,32.05
-26.679004,153.209809,31.55
-26.676068,153.211059,32.55
-26.675617,153.211059,33.04
-26.673585,153.211055,31.85
-26.672682,153.211053,31.05
-26.671102,153.211050,29.44
-26.667942,153.211045,29.72
-26.666362,153.211042,31.00
-26.664782,153.211039,31.26
-26.663880,153.210535,31.26
-26.662977,153.210784,31.10
-26.661397,153.210279,31.05
-26.659591,153.210275,28.83
-26.658012,153.209519,26.68
-26.655755,153.209515,24.16
-26.654400,153.210266,23.93
-26.651690,153.211015,20.57
-26.650111,153.210007,23.82
-26.648530,153.211009,27.68
-26.648304,153.211008,27.55
-26.645144,153.211003,31.66
-26.643566,153.209744,32.95
-26.641986,153.209490,34.34
-26.640857,153.209739,35.59
-26.639275,153.210741,37.67
-26.638598,153.210739,37.52
-26.637018,153.210736,36.92
-26.635214,153.209477,36.95
-26.633634,153.209726,35.93
-26.632054,153.209472,34.73
-26.630473,153.210473,32.78
-25.911729,153.208183,39.02
-25.909922,153.209178,38.59
-25.908792,153.209675,38.99
-25.906986,153.209672,37.48
-25.905182,153.208171,35.80
-25.902699,153.208167,35.10
-25.902248,153.208166,34.55
-25.899313,153.208410,31.67
-25.898861,153.208160,32.13
-25.895927,153.208155,34.30
-25.894570,153.209650,37.73
-26.741074,153.212939,26.33
-26.740171,153.212937,26.69
-26.738816,153.212935,27.08
-26.737688,153.212933,27.20
-26.735656,153.212929,27.09
-26.733174,153.212422,26.43
-26.732272,153.211666,26.18
-26.729790,153.211410,26.39
-26.729110,153.212917,26.82
-26.727305,153.212411,26.85
-26.725727,153.211402,25.98
-26.723919,153.212907,25.22
-26.722565,153.212402,25.27
-26.720082,153.212900,26.31
-26.718276,153.212897,27.12
-26.717148,153.212392,28.00
-26.716470,153.212642,26.97
-26.713536,153.212385,26.52
-26.711956,153.212885,26.79
-26.710150,153.212882,27.59
-26.708570,153.212879,28.00
-26.707667,153.212877,28.15
-26.706089,153.211366,26.87
-26.703830,153.212870,26.84
-26.702024,153.212867,27.67
-26.700444,153.212864,28.18
-26.698864,153.212861,28.72
-26.697961,153.212859,28.86
-26.697058,153.212606,28.01
-26.693898,153.212851,27.44
-26.692318,153.212848,28.24
-26.690738,153.212846,28.60
-26.689158,153.212843,28.79
-26.687577,153.212840,29.55
-26.685772,153.212836,30.15
-26.684870,153.212081,31.66
-26.683966,153.212833,30.15
-26.681258,153.212074,31.59
-26.679451,153.212825,32.82
-26.679226,153.212322,32.99
-26.676067,153.211562,32.89
-26.675842,153.211562,33.30
-26.673583,153.212562,33.65
-26.671777,153.212810,32.80
-26.671100,153.212809,32.29
-26.667939,153.212803,31.68
-26.667488,153.212802,31.86
-26.666134,153.212549,31.56
-26.663653,153.211539,31.26
-26.662071,153.212792,31.92
-26.661393,153.212791,31.43
-26.659588,153.212536,29.21
-26.657782,153.212533,26.57
-26.656428,153.212782,23.61
-26.654849,153.212025,22.08
-26.651687,153.212773,26.46
-26.650107,153.212770,28.39
-26.649882,153.212770,28.40
-26.646948,153.212513,30.32
-26.645368,153.212008,31.77
-26.644013,153.212759,33.78
-26.643110,153.212506,34.03
-26.640401,153.212752,36.59
-26.639049,153.211494,37.94
-26.638597,153.211744,38.05
-26.636792,153.211238,37.01
-26.635211,153.211738,36.30
-26.633632,153.211233,35.48
-26.632052,153.211230,34.47
-26.630470,153.212231,32.74
-25.908566,153.209924,39.13
-25.906307,153.210669,39.18
-25.904049,153.211414,40.32
-25.903823,153.211414,40.17
-25.902243,153.211411,38.02
-25.899985,153.211407,36.41
-25.898857,153.211405,35.74
-25.895922,153.211399,35.76
-25.894569,153.210399,38.34
-26.741071,153.214448,26.82
-26.739491,153.214696,27.46
-26.738589,153.214192,27.79
-26.736331,153.214690,28.01
-26.736105,153.214690,27.66
-26.734525,153.214687,26.60
-26.731816,153.214682,26.72
-26.729785,153.214426,26.87
-26.729335,153.213923,27.07
-26.727077,153.214170,27.02
-26.725950,153.213162,25.82
-26.724143,153.214164,25.13
-26.722564,153.213407,24.94
-26.720079,153.214660,26.43
-26.718275,153.213399,27.04
-26.717372,153.213146,27.59
-26.716016,153.214652,27.27
-26.713533,153.214647,26.46
-26.711953,153.214644,27.38
-26.710373,153.214641,28.19
-26.708567,153.214638,28.49
-26.707665,153.214385,28.88
-26.706536,153.214383,27.14
-26.703827,153.214629,27.64
-26.702247,153.214626,28.21
-26.700441,153.214623,28.86
-26.698861,153.214620,29.40
-26.698410,153.214619,29.60
-26.696831,153.213611,28.24
-26.694121,153.214611,28.22
-26.692315,153.214608,29.16
-26.690735,153.214605,29.49
-26.689155,153.214602,29.89
-26.687575,153.214599,30.73
-26.686898,153.214597,30.94
-26.684867,153.213840,31.26
-26.682609,153.214338,31.45
-26.681932,153.214588,31.66
-26.679451,153.213076,32.82
-26.679225,153.213075,32.41
-26.676063,153.214577,33.55
-26.675838,153.214325,33.59
-26.674259,153.213066,31.99
-26.671323,153.214568,35.26
-26.671097,153.214568,34.81
-26.668840,153.214564,33.60
-26.667711,153.214561,32.65
-26.666133,153.213302,31.31
-26.664551,153.214304,30.77
-26.662070,153.213546,32.68
-26.661166,153.214298,32.27
-26.659585,153.214546,29.89
-26.658005,153.214543,27.71
-26.655522,153.214539,24.59
-26.654168,153.214536,24.49
-26.651685,153.214280,26.69
-26.650331,153.213775,29.59
-26.648525,153.214526,30.65
-26.647397,153.213519,31.12
-26.645816,153.214521,31.89
-26.643784,153.214517,34.13
-26.641979,153.214513,34.44
-26.640400,153.213255,37.52
-26.639949,153.213505,37.98
-26.638595,153.213000,37.36
-26.636112,153.212995,36.87
-25.904049,153.211664,40.57
-25.903597,153.211912,40.59
-25.901112,153.212657,41.09
-25.899306,153.213153,41.42
-25.899080,153.213152,40.94
-25.896822,153.213148,40.93
-25.895468,153.213146,41.27
-26.741070,153.215453,27.50
-26.739488,153.216707,28.14
-26.739263,153.216455,28.09
-26.737458,153.215446,28.10
-26.736104,153.215192,28.19
-26.733396,153.214936,26.46
-26.732042,153.214933,26.45
-26.730008,153.216689,27.36
-26.729559,153.214929,26.84
-26.726848,153.216181,27.12
-26.726396,153.216682,26.54
-26.724591,153.216176,24.83
-26.721656,153.216673,25.82
-26.720979,153.216672,26.92
-26.718273,153.214908,27.21
-26.717142,153.216414,27.67
-26.716014,153.216160,27.73
-26.713530,153.216658,27.39
-26.711950,153.216655,28.37
-26.710370,153.216652,29.08
-26.708564,153.216397,29.41
-26.708338,153.216648,29.75
-26.706758,153.216645,27.82
-26.703824,153.216388,28.35
-26.702019,153.216134,28.96
-26.701116,153.216383,29.80
-26.698858,153.216630,30.16
-26.698408,153.215624,29.51
-26.697053,153.215873,29.20
-26.694118,153.216621,29.31
-26.692538,153.216618,30.15
-26.690958,153.216615,30.35
-26.689152,153.216361,30.90
-26.687797,153.216609,31.64
-26.686669,153.216356,31.92
-26.685768,153.215098,31.19
-26.683286,153.214842,31.47
-26.681477,153.216597,32.68
-26.679671,153.216594,34.56
-26.679220,153.216593,34.78
-26.676514,153.215080,34.00
-26.674933,153.215329,34.16
-26.672901,153.215827,34.89
-26.671771,153.216579,35.29
-26.671096,153.215070,35.11
-26.669290,153.215569,34.53
-26.667709,153.215818,32.86
-26.666128,153.216568,31.45
-26.663194,153.216312,32.94
-26.662968,153.216562,33.16
-26.661389,153.215555,32.40
-26.659583,153.215802,30.37
-26.658004,153.215297,28.86
-26.656422,153.216550,27.14
-26.653262,153.216544,26.57
-26.651682,153.216541,29.42
-26.650102,153.216538,29.95
-26.648522,153.216535,31.38
-26.646942,153.216030,32.30
-26.645361,153.216529,34.17
-26.643557,153.215521,34.50
-26.641977,153.215518,36.44
-26.641301,153.215014,37.12
-26.640172,153.215012,37.13
-26.638592,153.214758,36.74
-26.637012,153.214755,35.96
-26.635206,153.215254,34.61
-25.899305,153.213402,41.69
-25.897499,153.213649,41.26
-25.897273,153.213898,42.13
-25.895466,153.214394,42.48
-26.741065,153.218470,27.63
-26.739485,153.218467,28.34
-26.739261,153.217712,28.21
-26.737003,153.218211,27.79
-26.736102,153.216701,27.29
-26.733391,153.217953,27.79
-26.731359,153.218451,26.94
-26.730231,153.218198,28.20
-26.729555,153.217694,26.61
-26.727071,153.218443,27.25
-26.725716,153.218441,26.55
-26.723234,153.218185,25.15
-26.721653,153.218433,27.16
-26.721427,153.218433,27.42
-26.718268,153.218175,27.42
-26.716687,153.218423,27.97
-26.716236,153.218423,28.11
-26.713527,153.218417,27.98
-26.711947,153.218414,28.68
-26.710143,153.217406,29.33
-26.708562,153.217905,29.86
-26.708337,153.217151,29.95
-26.706530,153.218404,28.48
-26.703821,153.218399,29.27
-26.702241,153.218396,29.66
-26.700435,153.218392,30.14
-26.698856,153.217636,30.60
-26.698630,153.217886,30.55
-26.697049,153.218386,29.27
-26.693890,153.218129,30.50
-26.692761,153.218378,31.53
-26.690729,153.218374,31.50
-26.689149,153.218371,31.93
-26.687795,153.218117,32.71
-26.687120,153.217111,32.47
-26.685539,153.217610,31.42
-26.683055,153.218359,30.36
-26.681025,153.217099,33.74
-26.679443,153.218352,34.84
-26.678993,153.217095,35.51
-26.676283,153.218346,36.12
-26.675831,153.218346,35.42
-26.674252,153.218091,34.91
-26.671997,153.216580,35.34
-26.670867,153.217080,34.57
-26.669512,153.217580,33.96
-26.667482,153.216571,32.70
-26.664772,153.217822,33.50
-26.664094,153.218323,34.30
-26.662965,153.218321,33.25
-26.661387,153.216811,31.53
-26.658225,153.218312,27.22
-26.656873,153.217053,28.35
-26.656419,153.218309,27.58
-26.653485,153.218052,26.67
-26.651679,153.218048,29.46
-26.650099,153.218297,31.80
-26.648519,153.218294,32.25
-26.647842,153.218292,34.07
-26.645133,153.218287,36.47
-26.644004,153.218285,36.91
-26.643327,153.218284,36.64
-26.641749,153.216774,36.54
-26.640169,153.217022,36.07
-26.638363,153.217270,35.41
-26.741063,153.220230,28.92
-26.739934,153.220228,29.56
-26.739258,153.219724,28.65
-26.737451,153.219971,27.73
-26.734517,153.220217,27.98
-26.734291,153.220217,27.98
-26.731356,153.220211,27.85
-26.730002,153.220209,28.48
-26.729551,153.220208,27.28
-26.727068,153.219952,27.32
-26.726391,153.219950,26.80
-26.723231,153.219693,25.53
-26.721876,153.220193,28.55
-26.721426,153.219438,28.23
-26.718267,153.218678,27.39
-26.716685,153.220183,28.29
-26.716234,153.219428,28.58
-26.713750,153.220177,28.43
-26.711945,153.219922,28.80
-26.710140,153.219416,29.50
-26.708559,153.219665,29.90
-26.707656,153.220166,29.95
-26.706528,153.219661,29.95
-26.704496,153.220159,30.29
-26.702013,153.220155,30.08
-26.700433,153.220152,30.58
-26.700207,153.219900,30.61
-26.698403,153.219143,30.38
-26.695692,153.220143,29.74
-26.693887,153.220139,31.92
-26.692307,153.220136,33.75
-26.692081,153.220136,33.88
-26.690049,153.220132,33.67
-26.688695,153.220129,33.72
-26.687341,153.220126,32.06
-26.685762,153.218867,31.01
-26.682826,153.220118,31.46
-26.681020,153.220114,32.44
-26.680344,153.219862,35.27
-26.678764,153.219859,36.40
-26.676282,153.218849,36.56
-26.675831,153.218848,36.04
-26.674250,153.219096,35.25
-26.672444,153.219595,34.21
-26.671091,153.218588,33.97
-26.669285,153.218584,33.46
-26.667253,153.219083,32.56
-26.664769,153.219581,33.93
-26.664091,153.220082,34.28
-26.662964,153.218824,33.28
-26.661382,153.220077,31.55
-26.659578,153.219320,29.82
-26.657997,153.220070,28.14
-26.656419,153.218560,27.58
-26.653482,153.220062,27.20
-26.651677,153.219807,30.47
-26.650099,153.218548,31.69
-26.648516,153.220052,35.00
-26.647613,153.220050,34.98
-26.645807,153.220047,37.67
-26.644453,153.219793,38.53
-26.643099,153.219790,37.57
-26.641745,153.219537,36.22
-26.639941,153.218528,35.51
-26.638134,153.219279,35.38
-26.741062,153.220481,28.97
-26.740608,153.221989,30.44
-26.739254,153.221986,29.17
-26.736320,153.221980,28.09
-26.734515,153.221474,28.12
-26.734514,153.221726,28.20
-26.732483,153.221722,28.35
-26.730677,153.221969,29.21
-26.728194,153.221965,28.05
-26.727968,153.221713,28.02
-26.726389,153.221207,26.66
-26.723228,153.221955,25.99
-26.722099,153.221953,29.45
-26.721422,153.221952,28.17
-26.719391,153.221696,27.56
-26.716682,153.221942,28.68
-26.716005,153.221438,29.53
-26.713522,153.221936,28.98
-26.711943,153.220928,28.78
-26.710364,153.220422,29.17
-26.708558,153.220670,29.85
-26.707201,153.221924,30.31
-26.705396,153.221920,31.09
-26.704267,153.221918,31.65
-26.703591,153.221414,30.60
-26.700430,153.221911,31.01
-26.700204,153.221910,31.03
-26.697495,153.221905,31.07
-26.695690,153.221902,30.38
-26.693884,153.221898,33.12
-26.692304,153.221895,35.18
-26.691401,153.221893,36.00
-26.690498,153.221892,35.60
-26.688918,153.221889,34.92
-26.687338,153.221885,33.14
-26.684178,153.221628,32.33
-26.683275,153.221878,32.80
-26.681019,153.220868,32.98
-26.679891,153.220363,35.34
-26.678763,153.220361,36.63
-26.677408,153.220610,35.73
-26.675828,153.220607,35.14
-26.674248,153.220353,34.69
-26.672668,153.220350,33.89
-26.671088,153.220347,33.24
-26.669508,153.220343,32.71
-26.666571,153.221845,33.82
-26.664767,153.221088,33.77
-26.664316,153.220334,34.55
-26.662960,153.221838,33.66
-26.661380,153.221333,32.43
-26.659574,153.221832,30.68
-26.657542,153.221828,28.77
-26.655059,153.221823,28.46
-26.653706,153.221067,29.51
-26.651674,153.221816,30.30
-26.650771,153.221815,32.38
-26.648513,153.221810,35.57
-26.647838,153.220804,37.42
-26.645581,153.220298,37.49
-26.644001,153.220295,38.30
-26.642647,153.220292,36.78
-26.740606,153.223246,31.14
-26.739254,153.222238,29.17
-26.736994,153.223742,29.51
-26.736092,153.223488,28.59
-26.732933,153.222728,28.63
-26.731802,153.223731,29.35
-26.730674,153.223729,29.91
-26.729094,153.223475,28.37
-26.727741,153.222969,28.01
-26.726385,153.223721,27.33
-26.723225,153.223715,26.75
-26.721871,153.223712,30.74
-26.721419,153.223711,29.76
-26.719841,153.222451,27.55
-26.716679,153.223702,29.32
-26.716002,153.223700,29.69
-26.713519,153.223696,29.09
-26.713068,153.223443,29.77
-26.711714,153.223441,29.19
-26.708555,153.222178,29.79
-26.706973,153.223683,31.03
-26.705393,153.223680,32.20
-26.704490,153.223678,32.71
-26.703587,153.223676,31.40
-26.700653,153.223670,31.70
-26.699750,153.223669,31.81
-26.697719,153.223162,31.30
-26.695687,153.223661,31.33
-26.693882,153.223155,34.00
-26.692527,153.223655,36.65
-26.691398,153.223652,37.09
-26.690496,153.222897,36.33
-26.688916,153.223396,36.45
-26.687335,153.223644,34.70
-26.684175,153.223387,34.09
-26.683949,153.223638,34.02
-26.681016,153.222878,34.88
-26.680340,153.222374,35.26
-26.677856,153.222621,35.09
-26.677406,153.222118,35.07
-26.675599,153.222365,34.80
-26.674245,153.222363,34.04
-26.672665,153.222108,33.17
-26.671085,153.222105,32.37
-26.667924,153.222853,33.17
-26.666571,153.222097,33.88
-26.664765,153.222093,33.34
-26.663636,153.222593,34.06
-26.662733,153.222340,33.45
-26.660928,153.222086,32.91
-26.659120,153.223589,31.43
-26.657992,153.223085,30.53
-26.655057,153.223582,29.25
-26.653251,153.223578,30.77
-26.651671,153.223575,33.95
-26.650994,153.223574,34.38
-26.648964,153.222062,35.02
-26.739700,153.225507,29.53
-26.737894,153.225754,29.27
-26.737217,153.225250,30.32
-26.736089,153.225248,28.79
-26.732929,153.224739,28.98
-26.731800,153.225491,31.42
-26.731122,153.225741,31.09
-26.729542,153.225487,29.64
-26.727736,153.225734,28.64
-26.726156,153.225731,27.90
-26.723222,153.225725,28.03
-26.721642,153.225722,30.81
-26.721416,153.225471,30.43
-26.718482,153.225716,27.78
-26.716677,153.224959,30.12
-26.716450,153.225712,29.68
-26.713742,153.225455,29.74
-26.712387,153.225704,30.83
-26.711710,153.225451,30.18
-26.708553,153.223937,28.77
-26.706972,153.224437,31.20
-26.705390,153.225690,34.31
-26.704938,153.225689,34.05
-26.703584,153.225435,31.68
-26.700425,153.225178,32.42
-26.699748,153.224925,32.90
-26.697715,153.225675,32.37
-26.695684,153.225671,32.46
-26.694104,153.225668,35.76
-26.692299,153.224911,38.11
-26.692073,153.224910,38.09
-26.690495,153.223902,36.32
-26.688688,153.224401,36.07
-26.687334,153.224398,34.77
-26.685075,153.225650,35.00
-26.683495,153.225647,36.43
-26.681915,153.225644,35.28
-26.680335,153.225390,34.80
-26.678080,153.224129,34.99
-26.676726,153.223875,34.81
-26.674920,153.223872,34.16
-26.674242,153.224121,33.72
-26.671306,153.225372,33.03
-26.671080,153.225372,32.69
-26.667923,153.223858,33.13
-26.666341,153.224608,33.50
-26.665213,153.224606,33.41
-26.664536,153.224354,32.35
-26.662279,153.223847,31.67
-26.659794,153.225349,32.09
-26.658440,153.225347,32.64
-26.656860,153.225344,33.06
-26.655957,153.225091,33.71
-26.653926,153.224835,33.97
-26.652121,153.224329,34.38
-26.651444,153.224328,35.31
-26.739697,153.227518,30.52
-26.739245,153.227517,30.47
-26.737442,153.226005,30.31
-26.736086,153.227259,29.32
-26.732925,153.227504,30.82
-26.732023,153.227251,32.05
-26.731119,153.227501,31.37
-26.729540,153.227246,30.21
-26.727959,153.227494,29.62
-26.724799,153.227488,29.91
-26.723219,153.227485,31.18
-26.722768,153.227484,31.68
-26.721414,153.226979,31.43
-26.719834,153.227227,29.04
-26.716673,153.227472,31.36
-26.716222,153.227471,31.90
-26.714416,153.227468,30.95
-26.712384,153.227463,31.47
-26.711707,153.227462,30.05
-26.708549,153.226199,28.66
-26.706968,153.226950,30.47
-26.705387,153.227198,35.00
-26.704484,153.227196,35.59
-26.703582,153.227195,33.37
-26.700423,153.225932,32.70
-26.698841,153.227437,33.72
-26.698615,153.227436,33.76
-26.695681,153.227430,33.31
-26.693876,153.226924,37.79
-26.693650,153.227175,38.47
-26.692072,153.225915,37.21
-26.690492,153.225661,35.96
-26.688912,153.225909,35.93
-26.687329,153.227414,35.19
-26.684170,153.226905,36.03
-26.683494,153.225898,36.46
-26.681460,153.227402,36.53
-26.680784,153.227149,35.93
-26.679203,153.227146,35.25
-26.677623,153.227143,34.47
-26.675594,153.225632,33.61
-26.674012,153.227136,33.75
-26.672206,153.227132,34.09
-26.671077,153.227130,33.52
-26.669499,153.225871,32.23
-26.666790,153.226619,31.52
-26.665437,153.225612,30.40
-26.664533,153.226112,30.35
-26.661599,153.225855,30.54
-26.659794,153.225601,32.10
-26.659342,153.225600,32.69
-26.739920,153.229027,31.71
-26.738791,153.229276,31.30
-26.737662,153.229274,30.46
-26.734728,153.229268,30.15
-26.732923,153.228761,32.39
-26.732696,153.229264,32.84
-26.731118,153.228003,31.48
-26.729085,153.229256,31.12
-26.727731,153.229254,30.75
-26.724796,153.229248,32.15
-26.723216,153.229245,34.95
-26.722990,153.229244,34.61
-26.721410,153.229241,32.14
-26.718251,153.228983,30.38
-26.716670,153.229231,32.35
-26.715090,153.229228,33.41
-26.713736,153.229226,33.64
-26.713284,153.229225,32.94
-26.711704,153.229222,30.56
-26.710124,153.229218,29.74
-26.706964,153.229212,30.55
-26.705385,153.228958,34.46
-26.704933,153.229208,35.23
-26.703580,153.228200,33.83
-26.700418,153.229199,33.38
-26.698838,153.229196,35.81
-26.698612,153.229195,36.58
-26.696807,153.229192,35.05
-26.694099,153.228432,38.32
-26.693874,153.227929,38.17
-26.692066,153.229182,36.36
-26.689134,153.227920,35.76
-26.687779,153.228168,36.28
-26.686649,153.229171,36.94
-26.684844,153.228916,37.29
-26.683941,153.228663,36.29
-26.681459,153.228407,36.83
-26.680782,153.228406,36.54
-26.679202,153.227900,35.57
-26.677397,153.227897,34.44
-26.675817,153.227642,32.68
-26.739693,153.229529,31.86
-26.738789,153.230281,31.54
-26.737660,153.231033,30.80
-26.734500,153.230776,31.02
-26.732920,153.230521,33.71
-26.732694,153.231023,33.88
-26.731114,153.230769,31.22
-26.728405,153.230763,32.06
-26.727276,153.231012,32.90
-26.724794,153.230756,33.98
-26.723665,153.231005,35.48
-26.722989,153.229998,34.82
-26.721408,153.231000,33.05
-26.718248,153.230743,32.10
-26.717119,153.230992,33.70
-26.715766,153.229984,33.90
-26.714862,153.230485,34.14
-26.713282,153.230481,33.52
-26.711702,153.230478,31.25
-26.710121,153.230978,31.36
-26.707187,153.230972,31.80
-26.705384,153.229460,34.10
-26.704706,153.229961,35.84
-26.703576,153.230462,35.30
-26.700416,153.230455,34.08
-26.699061,153.230704,36.57
-26.697933,153.230450,38.06
-26.696579,153.230448,37.31
-26.694548,153.229941,38.12
-26.693871,153.229940,37.24
-26.692066,153.229685,36.86
-26.690486,153.229430,35.42
-26.688455,153.229426,35.09
-26.738334,153.232794,31.80
-26.737657,153.232793,31.13
-26.734497,153.232787,30.97
-26.732919,153.231526,33.28
-26.732693,153.231275,33.40
-26.731111,153.232528,31.63
-26.728402,153.232774,31.71
-26.726824,153.231766,34.48
-26.724791,153.232515,35.95
-26.724339,153.232515,36.42
-26.722985,153.232763,34.59
-26.720050,153.232757,33.43
-26.719599,153.232756,33.72
-26.716665,153.232499,34.88
-26.715987,153.232749,35.84
-26.714407,153.232746,35.35
-26.713279,153.232492,33.06
-26.710121,153.231480,31.42
-26.709894,153.231731,32.01
-26.706960,153.231725,32.62
-26.705606,153.231471,33.27
-26.704252,153.231468,35.05
-26.703124,153.231215,34.98
-26.738105,153.234554,32.30
-26.737654,153.234301,31.88
-26.734494,153.234546,31.87
-26.732914,153.234543,33.64
-26.732688,153.234291,33.69
-26.731110,153.233031,31.43
-26.728176,153.233025,31.92
-26.726370,153.233273,33.94
-26.724790,153.233018,35.69
-26.724112,153.233520,36.64
-26.722759,153.233014,35.01
-26.720275,153.233512,34.14
-26.719147,153.233258,34.55
-26.716664,153.233002,35.10
-26.715987,153.233000,35.67
-26.737878,153.235559,32.42
-26.737652,153.235558,31.94
-26.734718,153.235301,32.17
-26.733138,153.235046,33.79
-26.732462,153.234794,33.07
-26.731107,153.234791,31.11
