lat,lng,depth
-26.986919,153.054296,-2.18
-26.986922,153.052050,-1.94
-26.986921,153.052534,-1.88
-26.986925,153.052800,-1.71
-26.986920,153.053042,-1.71
-26.986919,153.053541,-1.80
-26.986695,153.054306,-2.19
-26.986467,153.054302,-2.16
-26.986247,153.054304,-2.08
-26.986016,153.054297,-2.07
-26.986016,153.054050,-1.88
-26.985793,153.054043,-1.95
-26.985566,153.054549,-2.24
-26.985567,153.054091,-1.88
-26.985340,153.054549,-2.09
-26.985340,153.054297,-2.05
-26.985339,153.054075,-1.96
-26.985114,153.054548,-2.24
-26.985116,153.054298,-2.23
-26.982407,153.055319,-2.18
-26.982408,153.051041,-1.87
-26.982409,153.051271,-1.93
-26.982409,153.051539,-1.93
-26.982518,153.052034,-0.82
-26.982571,153.052525,-0.72
-26.982635,153.051020,-1.86
-26.982631,153.051288,-1.94
-26.982635,153.051552,-1.94
-26.982631,153.052049,-0.84
-26.982636,153.051789,-1.94
-26.982687,153.052527,-1.76
-26.982861,153.051273,-1.90
-26.982862,153.051029,-1.89
-26.982861,153.051524,-1.91
-26.982859,153.051786,-1.91
-26.982856,153.052140,-0.89
-26.982905,153.052508,-1.71
-26.983085,153.051279,-1.87
-26.983084,153.051020,-1.89
-26.983084,153.051523,-1.85
-26.983085,153.051774,-1.81
-26.983310,153.051277,-1.72
-26.983309,153.051553,-1.70
-26.983310,153.051022,-1.85
-26.983311,153.052536,-1.85
-26.983534,153.051732,-1.16
-26.983535,153.051776,-1.13
-26.983537,153.052029,-1.04
-26.983540,153.052431,-1.78
-26.983534,153.052573,-1.86
-26.983533,153.052791,-1.94
-26.983760,153.051400,-1.16
-26.983760,153.051633,-1.16
-26.983760,153.051847,-1.19
-26.983759,153.052069,-1.15
-26.983759,153.052788,-1.92
-26.983985,153.051431,-1.14
-26.983985,153.051643,-1.18
-26.983985,153.051860,-1.21
-26.983985,153.052076,-1.04
-26.983989,153.052786,-1.94
-26.983988,153.053042,-1.97
-26.984211,153.051460,-1.10
-26.984211,153.051746,-1.13
-26.984212,153.051776,-1.13
-26.984211,153.052038,-0.89
-26.984214,153.052792,-1.95
-26.984214,153.053036,-1.96
-26.984437,153.051563,-1.06
-26.984438,153.051521,-1.04
-26.984437,153.051900,-1.03
-26.984441,153.052134,-0.76
-26.984436,153.052445,-1.88
-26.984440,153.052538,-1.90
-26.984437,153.052794,-1.94
-26.984438,153.053053,-1.94
-26.984438,153.053296,-1.98
-26.984662,153.051561,-1.03
-26.984664,153.051522,-1.03
-26.984662,153.051875,-0.93
-26.984667,153.052086,-0.67
-26.984667,153.052385,-1.84
-26.984664,153.052554,-1.87
-26.984667,153.052794,-1.93
-26.984665,153.053037,-1.93
-26.984662,153.053290,-1.93
-26.984663,153.053576,-1.96
-26.984663,153.053792,-2.23
-26.984889,153.051544,-1.00
-26.984888,153.051789,-0.83
-26.984891,153.052328,-1.79
-26.984891,153.052533,-1.83
-26.984921,153.052267,-1.80
-26.984888,153.052789,-1.85
-26.984889,153.053064,-1.87
-26.984888,153.053300,-1.90
-26.984890,153.053548,-1.91
-26.984888,153.053800,-1.94
-26.985120,153.052202,-1.53
-26.985113,153.052539,-1.79
-26.985117,153.052362,-1.77
-26.985114,153.052795,-1.79
-26.985114,153.053042,-1.78
-26.985209,153.051995,-1.83
-26.985115,153.053298,-1.83
-26.985113,153.053543,-1.90
-26.985115,153.053791,-1.92
-26.985268,153.051767,-1.85
-26.985321,153.051291,-1.70
-26.985344,153.051795,-1.83
-26.985343,153.052553,-1.79
-26.985344,153.052786,-1.69
-26.985344,153.053045,-1.66
-26.985340,153.053287,-1.79
-26.985340,153.053539,-1.85
-26.985340,153.053796,-1.90
-26.985569,153.051525,-1.98
-26.985568,153.051798,-1.88
-26.985567,153.052048,-1.84
-26.985585,153.052526,-1.86
-26.985567,153.052538,-1.78
-26.985567,153.052796,-1.74
-26.985570,153.053073,-1.71
-26.985567,153.053289,-1.76
-26.985565,153.053558,-1.80
-26.985566,153.053791,-1.85
-26.985794,153.051777,-1.87
-26.985795,153.052032,-1.72
-26.985792,153.051538,-1.98
-26.985793,153.052557,-1.49
-26.985793,153.052281,-1.72
-26.985791,153.052893,-1.46
-26.985793,153.053044,-1.71
-26.985791,153.053296,-1.71
-26.985794,153.053544,-1.71
-26.985791,153.053803,-1.82
-26.986017,153.051780,-1.87
-26.986022,153.051533,-1.98
-26.986017,153.052036,-1.71
-26.986016,153.052313,-1.83
-26.986040,153.052646,-1.84
-26.986023,153.053038,-1.79
-26.986017,153.053303,-1.70
-26.986018,153.053540,-1.55
-26.986021,153.052864,-1.79
-26.986016,153.053809,-1.73
-26.986243,153.051778,-1.98
-26.986245,153.052061,-1.91
-26.986245,153.052283,-1.88
-26.986243,153.052534,-1.85
-26.986246,153.052789,-1.78
-26.986244,153.051529,-1.98
-26.986246,153.053102,-1.76
-26.986246,153.053295,-1.65
-26.986242,153.053579,-1.46
-26.986245,153.053802,-1.76
-26.986244,153.054069,-1.98
-26.986468,153.051532,-1.98
-26.986472,153.051778,-1.97
-26.986474,153.052047,-1.96
-26.986472,153.052290,-1.90
-26.986471,153.052532,-1.77
-26.986468,153.052787,-1.67
-26.986472,153.053039,-1.61
-26.986469,153.053295,-1.49
-26.986473,153.053621,-1.52
-26.986467,153.053864,-1.88
-26.986468,153.054046,-2.03
-26.986696,153.051778,-2.01
-26.986697,153.051543,-2.13
-26.986694,153.052034,-1.90
-26.986696,153.052293,-1.88
-26.986695,153.052543,-1.79
-26.986698,153.052785,-1.58
-26.986696,153.053037,-1.47
-26.986701,153.053311,-1.45
-26.986696,153.053543,-1.69
-26.986694,153.053794,-1.92
-26.986697,153.054048,-2.08
-26.986922,153.052284,-1.89
-26.986929,153.053297,-1.69
-26.986924,153.053799,-1.93
-26.986919,153.054057,-2.11
-26.986922,153.050770,-2.23
-26.986922,153.050517,-2.14
-26.986921,153.050420,-1.94
-26.986694,153.051289,-2.06
-26.986698,153.051025,-2.08
-26.986695,153.050778,-2.04
-26.986697,153.050557,-1.95
-26.986695,153.050393,-1.80
-26.986472,153.051272,-1.99
-26.986470,153.051023,-1.99
-26.986472,153.050768,-1.93
-26.986470,153.050517,-1.90
-26.986469,153.050429,-1.73
-26.986245,153.051274,-1.97
-26.986246,153.051021,-1.96
-26.986247,153.050769,-1.94
-26.986243,153.050518,-1.89
-26.986243,153.050389,-1.80
-26.986022,153.051273,-1.98
-26.986022,153.051021,-1.98
-26.986018,153.050769,-1.97
-26.986019,153.050517,-1.96
-26.986019,153.050392,-1.82
-26.985791,153.051273,-1.98
-26.985793,153.051022,-1.99
-26.985795,153.050424,-1.93
-26.985569,153.050408,-1.79
-26.985344,153.051314,-1.88
-26.985343,153.050526,-1.88
-26.985344,153.050398,-1.80
-26.985261,153.050518,-1.81
-26.985245,153.050405,-1.78
-26.985090,153.051419,-1.01
-26.985074,153.051255,-0.98
-26.985028,153.051015,-0.96
-26.984982,153.050762,-0.89
-26.984981,153.050422,-0.75
-26.984888,153.051238,-1.00
-26.984888,153.050950,-0.96
-26.984887,153.050766,-0.94
-26.984888,153.050511,-0.92
-26.984662,153.051256,-1.00
-26.984662,153.050979,-0.95
-26.984663,153.050683,-0.93
-26.984661,153.050515,-0.91
-26.984436,153.051186,-1.07
-26.984437,153.051000,-1.03
-26.984437,153.050757,-0.99
-26.984437,153.050473,-0.96
-26.984211,153.051251,-1.14
-26.984211,153.050979,-1.12
-26.984211,153.050712,-1.12
-26.984211,153.050434,-1.13
-26.983985,153.051196,-1.20
-26.983985,153.050924,-1.28
-26.983761,153.050528,-1.44
-26.983766,153.050395,-1.52
-26.983538,153.050781,-1.44
-26.983538,153.050531,-1.52
-26.983539,153.050438,-1.83
-26.983313,153.050773,-1.87
-26.983499,153.050395,-1.89
-26.983085,153.050767,-1.90
-26.983097,153.050732,-1.93
-26.982866,153.050782,-1.86
-26.982940,153.050698,-2.00
-26.983083,153.050447,-0.96
-26.982633,153.050881,-1.79
-26.982841,153.050735,-1.88
-26.982855,153.050512,-0.98
-26.982408,153.050928,-1.84
-26.982630,153.050762,-0.97
-26.982631,153.050511,-0.96
-26.982319,153.055302,-1.51
-26.982179,153.055064,-1.59
-26.982179,153.054869,-1.83
-26.982182,153.054546,-1.94
-26.982176,153.055407,-1.02
-26.981955,153.055052,-1.48
-26.981955,153.054814,-1.72
-26.981956,153.054557,-1.86
-26.981953,153.054302,-1.99
-26.981951,153.055423,-0.92
-26.981835,153.055059,-1.48
-26.981752,153.054798,-1.69
-26.981730,153.054550,-1.86
-26.981729,153.054306,-1.98
-26.981727,153.054921,-0.83
-26.981503,153.054311,-1.82
-26.981448,153.054296,-1.51
-26.981274,153.054338,-0.65
-26.981046,153.055424,-0.96
-26.981049,153.055265,-0.79
-26.981049,153.054208,-0.88
-26.980980,153.055041,-0.67
-26.980822,153.055418,-1.04
-26.980821,153.055293,-0.99
-26.980820,153.055047,-0.78
-26.980821,153.054058,-0.53
-26.980795,153.054037,-0.84
-26.980596,153.055424,-1.07
-26.980597,153.055295,-1.04
-26.980598,153.055018,-0.95
-26.980369,153.055424,-1.07
-26.980370,153.055295,-1.06
-26.980371,153.055045,-1.03
-26.980372,153.054753,-0.83
-26.980369,153.053726,-0.78
-26.980146,153.055397,-1.08
-26.980147,153.055292,-1.09
-26.980146,153.055039,-1.06
-26.980146,153.054790,-0.96
-26.979917,153.055424,-1.06
-26.979919,153.055296,-1.10
-26.979921,153.054998,-1.09
-26.979921,153.054771,-1.01
-26.979914,153.054541,-0.78
-26.979692,153.055423,-1.04
-26.979693,153.055297,-1.08
-26.979693,153.055046,-1.08
-26.979693,153.054794,-1.02
-26.979693,153.054541,-0.83
-26.979468,153.055421,-1.00
-26.979468,153.055296,-1.03
-26.979468,153.055044,-1.04
-26.979468,153.054794,-1.02
-26.979468,153.054542,-0.83
-26.979244,153.055393,-0.98
-26.979243,153.055276,-1.02
-26.979244,153.055036,-1.04
-26.979239,153.054789,-1.04
-26.979240,153.054540,-0.86
-26.979169,153.054290,-0.62
-26.979017,153.055413,-0.95
-26.979018,153.055280,-1.00
-26.979017,153.055024,-1.05
-26.979017,153.054786,-1.07
-26.979015,153.054542,-0.91
-26.979017,153.054267,-0.71
-26.978792,153.055359,-0.96
-26.978792,153.055254,-1.00
-26.978792,153.055001,-1.06
-26.978792,153.054793,-1.05
-26.978789,153.054540,-0.92
-26.978785,153.054288,-0.76
-26.978564,153.055422,-0.97
-26.978566,153.055298,-1.04
-26.978564,153.055041,-1.05
-26.978567,153.054736,-1.02
-26.978559,153.054536,-0.92
-26.978561,153.054290,-0.76
-26.978336,153.055421,-0.97
-26.978341,153.055245,-1.02
-26.978341,153.055024,-1.02
-26.978333,153.054792,-0.98
-26.978334,153.054542,-0.89
-26.978335,153.054283,-0.76
-26.978111,153.055421,-0.93
-26.978115,153.055226,-0.92
-26.978115,153.054988,-0.91
-26.978115,153.054759,-0.89
-26.978115,153.054510,-0.83
-26.978116,153.054274,-0.76
-26.978004,153.050887,-1.05
-26.978005,153.051033,-1.02
-26.978004,153.051384,-1.01
-26.978005,153.051535,-0.96
-26.978004,153.051787,-0.98
-26.978004,153.052078,-1.01
-26.978006,153.052276,-1.02
-26.978005,153.052572,-0.99
-26.978008,153.052783,-0.90
-26.978005,153.053032,-0.73
-26.978118,153.050871,-1.10
-26.978117,153.051062,-1.06
-26.978118,153.051270,-1.04
-26.978117,153.051611,-0.99
-26.978117,153.051804,-0.94
-26.978118,153.052026,-0.92
-26.978117,153.052363,-0.96
-26.978116,153.052556,-0.96
-26.978119,153.052780,-0.89
-26.978117,153.053035,-0.73
-26.978343,153.051060,-1.08
-26.978344,153.051268,-1.06
-26.978343,153.051636,-1.02
-26.978343,153.051835,-0.98
-26.978342,153.052040,-0.92
-26.978344,153.052279,-0.87
-26.978342,153.052531,-0.90
-26.978342,153.052848,-0.84
-26.978342,153.053054,-0.71
-26.978568,153.051190,-1.13
-26.978568,153.051384,-1.09
-26.978568,153.051581,-1.04
-26.978568,153.051772,-1.00
-26.978569,153.052050,-0.96
-26.978568,153.052276,-0.88
-26.978568,153.052593,-0.81
-26.978568,153.052803,-0.76
-26.978571,153.053033,-0.65
-26.978794,153.051356,-1.12
-26.978794,153.051546,-1.07
-26.978795,153.051784,-1.03
-26.978794,153.052025,-0.99
-26.978794,153.052326,-0.94
-26.978793,153.052537,-0.87
-26.978796,153.052783,-0.75
-26.978794,153.053047,-0.64
-26.979022,153.051017,-1.66
-26.979022,153.050779,-1.80
-26.979020,153.051685,-1.12
-26.979019,153.051913,-1.07
-26.979019,153.052132,-1.02
-26.979020,153.052338,-0.98
-26.979020,153.052571,-0.92
-26.979019,153.052819,-0.82
-26.979246,153.050790,-1.87
-26.979250,153.051023,-1.81
-26.979248,153.051293,-1.65
-26.979245,153.052072,-1.06
-26.979245,153.052314,-1.01
-26.979245,153.052541,-0.95
-26.979245,153.052791,-0.87
-26.979249,153.053033,-0.71
-26.979472,153.050779,-1.94
-26.979475,153.051040,-1.88
-26.979472,153.051296,-1.80
-26.979475,153.051523,-1.71
-26.979471,153.052282,-1.07
-26.979471,153.052529,-1.00
-26.979471,153.052787,-0.92
-26.979471,153.053034,-0.78
-26.979538,153.053287,-0.62
-26.979698,153.051021,-1.93
-26.979701,153.050792,-1.97
-26.979698,153.051300,-1.90
-26.979699,153.051550,-1.84
-26.979700,153.051780,-1.74
-26.979696,153.052554,-1.06
-26.979698,153.052811,-0.98
-26.979697,153.053040,-0.87
-26.979696,153.053348,-0.72
-26.979925,153.050800,-1.99
-26.979925,153.051030,-1.97
-26.979924,153.051278,-1.94
-26.979924,153.051532,-1.90
-26.979925,153.051776,-1.84
-26.979924,153.052026,-1.76
-26.979924,153.053041,-0.97
-26.979922,153.053326,-0.85
-26.979968,153.053537,-0.64
-26.980151,153.051021,-1.99
-26.980149,153.050766,-1.99
-26.980152,153.051287,-1.96
-26.980151,153.051549,-1.93
-26.980151,153.051796,-1.89
-26.980150,153.052033,-1.84
-26.980150,153.052288,-1.79
-26.980150,153.052530,-1.73
-26.980377,153.051018,-1.99
-26.980571,153.050877,-1.96
-26.980375,153.051293,-1.97
-26.980378,153.051538,-1.95
-26.980376,153.051772,-1.92
-26.980375,153.052030,-1.88
-26.980377,153.052287,-1.86
-26.980375,153.052530,-1.83
-26.980376,153.052793,-1.78
-26.980601,153.051040,-1.93
-26.980603,153.050908,-1.93
-26.980602,153.051277,-1.90
-26.980600,153.051528,-1.89
-26.980600,153.051777,-1.91
-26.980602,153.052027,-1.91
-26.980601,153.052284,-1.89
-26.980601,153.052539,-1.87
-26.980601,153.052781,-1.86
-26.980601,153.053047,-1.85
-26.980600,153.053306,-1.79
-26.980828,153.051532,-1.81
-26.980826,153.051793,-1.86
-26.980826,153.052026,-1.90
-26.980825,153.052283,-1.93
-26.980826,153.052544,-1.92
-26.980828,153.052788,-1.93
-26.980827,153.053036,-1.92
-26.980828,153.053301,-1.89
-26.980826,153.053541,-1.87
-26.981052,153.052026,-1.86
-26.981054,153.052278,-1.92
-26.981051,153.052542,-1.95
-26.981054,153.052799,-1.94
-26.981052,153.053038,-1.95
-26.981054,153.053286,-1.95
-26.981054,153.053540,-1.95
-26.981050,153.053789,-1.92
-26.981172,153.051030,-0.70
-26.981360,153.051025,-1.75
-26.981291,153.051271,-0.79
-26.981280,153.052278,-1.86
-26.981277,153.052533,-1.93
-26.981278,153.052781,-1.96
-26.981279,153.053037,-1.96
-26.981276,153.053301,-1.96
-26.981279,153.053541,-1.97
-26.981279,153.053793,-1.96
-26.981400,153.051528,-0.70
-26.981506,153.051017,-1.89
-26.981502,153.051667,-0.93
-26.981521,153.051774,-0.78
-26.981502,153.052563,-1.93
-26.981502,153.052789,-2.02
-26.981503,153.053051,-2.10
-26.981506,153.053548,-2.21
-26.981506,153.053789,-2.11
-26.981503,153.054058,-2.02
-26.981732,153.051031,-1.87
-26.981729,153.051775,-0.92
-26.981729,153.052029,-0.68
-26.981956,153.051288,-1.87
-26.981958,153.051037,-1.87
-26.981954,153.051797,-1.01
-26.981956,153.052032,-0.74
-26.981955,153.052522,-0.78
-26.982180,153.051270,-1.90
-26.982181,153.051022,-1.87
-26.982179,153.051834,-1.08
-26.982182,153.051535,-1.89
-26.982180,153.052081,-0.79
-26.982358,153.050871,-1.85
-26.982405,153.050686,-0.94
-26.982405,153.050505,-0.98
-26.982013,153.050921,-1.86
-26.982179,153.050733,-0.94
-26.982179,153.050469,-0.99
-26.981911,153.050933,-1.71
-26.981953,153.050723,-0.92
-26.981954,153.050440,-0.98
-26.981509,153.050963,-1.86
-26.981728,153.050672,-0.85
-26.981726,153.050444,-0.98
-26.981381,153.050874,-1.93
-26.981502,153.050723,-0.83
-26.981502,153.050437,-0.93
-26.981275,153.050964,-0.86
-26.981277,153.050639,-0.80
-26.981277,153.050488,-0.89
-26.981051,153.050459,-0.80
-26.980825,153.050493,-0.70
-26.980824,153.050517,-0.56
-26.980385,153.050670,-1.83
-26.980152,153.050567,-1.96
-26.980186,153.050474,-1.66
-26.979925,153.050517,-1.99
-26.979926,153.050447,-1.95
-26.979701,153.050528,-2.00
-26.979698,153.050391,-2.00
-26.979475,153.050525,-1.99
-26.979476,153.050388,-2.00
-26.979248,153.050526,-1.94
-26.979249,153.050423,-1.99
-26.979023,153.050529,-1.90
-26.979023,153.050425,-1.94
-26.978796,153.050520,-1.81
-26.978796,153.050393,-1.88
-26.978571,153.050516,-1.70
-26.978572,153.050389,-1.81
-26.978345,153.050557,-1.68
-26.978345,153.050386,-1.76
-26.987029,153.059839,-2.23
-26.985786,153.060350,-2.20
-26.986013,153.060355,-2.19
-26.986238,153.060362,-2.20
-26.986463,153.058084,-2.23
-26.986463,153.060358,-2.17
-26.986690,153.060093,-2.24
-26.986689,153.060368,-2.13
-26.986916,153.060102,-2.20
-26.986915,153.060360,-2.10
-26.987026,153.060104,-2.15
-26.987027,153.060355,-2.07
-26.986464,153.056580,-2.22
-26.986465,153.056323,-2.22
-26.986239,153.056571,-2.23
-26.986240,153.056348,-2.23
-26.986240,153.056063,-2.23
-26.986013,153.056060,-2.24
-26.985563,153.055826,-2.24
-26.985110,153.055820,-2.24
-26.982408,153.055556,-2.21
-26.981498,153.060370,-1.72
-26.981272,153.060355,-1.65
-26.981273,153.060098,-1.85
-26.981043,153.060118,-1.69
-26.980819,153.060099,-1.47
-26.980820,153.059841,-1.80
-26.980590,153.060462,-0.79
-26.980591,153.060338,-0.74
-26.980596,153.059930,-1.32
-26.979847,153.060461,-0.85
-26.979818,153.060338,-0.78
-26.979742,153.060075,-0.75
-26.979692,153.060314,-1.00
-26.979689,153.060078,-1.01
-26.979362,153.059878,-1.37
-26.979240,153.060349,-1.97
-26.979239,153.060106,-1.95
-26.979239,153.059837,-1.88
-26.979015,153.060379,-2.03
-26.979010,153.060093,-2.07
-26.979014,153.059871,-2.10
-26.979015,153.059600,-2.13
-26.978790,153.060346,-2.09
-26.978790,153.060096,-2.09
-26.978789,153.059863,-2.11
-26.978786,153.059587,-2.12
-26.978564,153.060362,-2.24
-26.978565,153.060103,-2.14
-26.978564,153.059840,-2.17
-26.978565,153.059621,-2.20
-26.978339,153.060108,-2.24
-26.978337,153.059834,-2.23
-26.978338,153.059583,-2.24
-26.978112,153.057088,-1.74
-26.978113,153.057331,-1.85
-26.978113,153.057591,-1.90
-26.978114,153.057835,-1.97
-26.978110,153.058078,-2.05
-26.978112,153.058327,-2.20
-26.978339,153.057176,-1.35
-26.978339,153.057353,-1.68
-26.978336,153.057591,-1.83
-26.978339,153.057837,-1.91
-26.978339,153.058104,-1.98
-26.978339,153.058345,-2.03
-26.978339,153.058588,-2.21
-26.978255,153.057057,-1.33
-26.978408,153.057290,-1.30
-26.978346,153.057058,-1.03
-26.978463,153.057417,-1.32
-26.978562,153.057704,-1.58
-26.978564,153.057844,-1.74
-26.978564,153.058076,-1.88
-26.978562,153.058327,-1.97
-26.978565,153.058597,-2.06
-26.978564,153.058826,-2.15
-26.978564,153.059079,-2.13
-26.978562,153.059338,-2.17
-26.978566,153.057244,-1.07
-26.978566,153.057503,-1.16
-26.978650,153.057815,-1.41
-26.978791,153.057910,-1.51
-26.978791,153.058079,-1.86
-26.978790,153.058356,-1.98
-26.978790,153.058606,-2.01
-26.978790,153.058826,-2.04
-26.978790,153.059088,-2.04
-26.978790,153.059346,-2.08
-26.978792,153.057297,-0.99
-26.978793,153.057317,-1.04
-26.978791,153.057569,-1.15
-26.979014,153.058324,-1.94
-26.979014,153.058574,-2.00
-26.979010,153.058835,-2.00
-26.979014,153.059083,-2.00
-26.979015,153.059363,-2.04
-26.979017,153.057274,-0.89
-26.979017,153.057462,-0.93
-26.979017,153.057632,-1.01
-26.979019,153.057820,-1.10
-26.979181,153.058317,-1.36
-26.979243,153.057234,-0.78
-26.979243,153.057482,-0.77
-26.979243,153.057741,-0.76
-26.979243,153.057974,-0.80
-26.979243,153.058070,-0.88
-26.979470,153.057184,-0.67
-26.979469,153.057415,-0.70
-26.979469,153.057676,-0.65
-26.979469,153.058436,-0.69
-26.979468,153.058691,-0.78
-26.979468,153.058938,-0.82
-26.979468,153.059081,-0.89
-26.979468,153.059340,-0.99
-26.979468,153.059587,-1.03
-26.979696,153.059787,-0.66
-26.980025,153.057075,-0.52
-26.980025,153.057062,-0.63
-26.980114,153.057319,-0.57
-26.980147,153.057256,-0.58
-26.980154,153.057323,-0.58
-26.980372,153.057321,-0.58
-26.980372,153.057311,-0.62
-26.980462,153.059211,-0.90
-26.980478,153.059078,-0.89
-26.980531,153.058826,-0.81
-26.980602,153.058572,-1.01
-26.980821,153.059091,-2.00
-26.980821,153.059347,-2.04
-26.980821,153.059586,-1.88
-26.980687,153.058315,-0.89
-26.980782,153.058066,-0.76
-26.981047,153.058087,-1.60
-26.981048,153.058331,-1.86
-26.981047,153.058578,-2.02
-26.981047,153.058829,-1.91
-26.981044,153.059084,-2.15
-26.981046,153.059855,-2.11
-26.981008,153.057564,-0.77
-26.981273,153.058831,-2.01
-26.982180,153.055853,-2.24
-26.982180,153.055682,-1.73
-26.981952,153.055851,-1.66
-26.981959,153.055789,-1.52
-26.981951,153.056315,-2.05
-26.981950,153.056129,-1.67
-26.981845,153.055973,-1.56
-26.981950,153.055736,-0.97
-26.981720,153.056826,-1.94
-26.981720,153.056586,-1.54
-26.981726,153.056362,-1.55
-26.981726,153.056306,-0.91
-26.981725,153.056053,-0.72
-26.981500,153.057135,-1.66
-26.981500,153.056933,-1.34
-26.981499,153.056808,-0.87
-26.981270,153.057059,-0.67
-26.981305,153.055816,-0.68
-26.981275,153.055921,-0.91
-26.981275,153.055709,-0.86
-26.981229,153.056059,-0.89
-26.981127,153.056309,-0.79
-26.981049,153.056416,-0.90
-26.981049,153.056227,-0.97
-26.981049,153.056037,-1.02
-26.981047,153.055801,-1.03
-26.980993,153.056563,-0.79
-26.980845,153.056821,-0.62
-26.980823,153.056775,-0.83
-26.980821,153.056818,-0.72
-26.980823,153.056462,-0.93
-26.980820,153.056305,-1.00
-26.980823,153.056016,-1.03
-26.980824,153.055799,-1.04
-26.980597,153.057016,-0.74
-26.980597,153.056765,-0.84
-26.980597,153.056518,-0.93
-26.980597,153.056287,-1.01
-26.980598,153.056031,-1.07
-26.980597,153.055803,-1.06
-26.980371,153.057001,-0.70
-26.980371,153.056766,-0.81
-26.980372,153.056521,-0.91
-26.980372,153.056279,-1.00
-26.980371,153.056040,-1.07
-26.980372,153.055799,-1.05
-26.980146,153.056795,-0.75
-26.980144,153.056553,-0.87
-26.980146,153.056222,-0.96
-26.980146,153.056016,-1.03
-26.980143,153.055800,-1.04
-26.979920,153.056725,-0.69
-26.979919,153.056525,-0.81
-26.979917,153.056306,-0.91
-26.979921,153.055980,-0.98
-26.979920,153.055769,-1.01
-26.979694,153.056750,-0.73
-26.979694,153.056513,-0.81
-26.979695,153.056279,-0.89
-26.979695,153.056044,-0.95
-26.979690,153.055799,-0.99
-26.979469,153.056974,-0.79
-26.979468,153.056738,-0.80
-26.979469,153.056476,-0.85
-26.979469,153.056225,-0.91
-26.979469,153.055984,-0.93
-26.979469,153.055799,-0.96
-26.979242,153.056987,-0.83
-26.979243,153.056731,-0.84
-26.979243,153.056491,-0.86
-26.979243,153.056246,-0.89
-26.979243,153.056001,-0.92
-26.979243,153.055761,-0.95
-26.979017,153.057014,-0.91
-26.979017,153.056802,-0.89
-26.979016,153.056510,-0.86
-26.979018,153.056305,-0.87
-26.979017,153.056036,-0.91
-26.979017,153.055776,-0.93
-26.978791,153.057010,-0.94
-26.978791,153.056810,-0.87
-26.978792,153.056512,-0.88
-26.978791,153.056278,-0.87
-26.978791,153.056011,-0.92
-26.978790,153.055788,-0.94
-26.978566,153.056747,-0.91
-26.978566,153.056455,-0.92
-26.978566,153.056293,-0.94
-26.978566,153.055977,-0.92
-26.978563,153.055800,-0.95
-26.978340,153.056681,-1.05
-26.978340,153.056485,-0.91
-26.978340,153.056286,-0.93
-26.978338,153.056054,-0.94
-26.978340,153.055800,-0.96
-26.978115,153.056162,-0.93
-26.978115,153.055935,-0.93
-26.978115,153.055700,-0.96
-26.977889,153.055351,-0.95
-26.977887,153.055282,-0.93
-26.977889,153.054967,-0.91
-26.977889,153.054769,-0.89
-26.977886,153.054540,-0.84
-26.977889,153.054279,-0.79
-26.977883,153.054036,-0.69
-26.977664,153.055422,-1.00
-26.977663,153.055294,-0.96
-26.977663,153.055044,-0.91
-26.977664,153.054777,-0.88
-26.977664,153.054532,-0.84
-26.977660,153.054279,-0.78
-26.977664,153.054031,-0.68
-26.977434,153.055415,-1.02
-26.977438,153.055251,-0.98
-26.977435,153.055044,-0.92
-26.977438,153.054789,-0.88
-26.977438,153.054530,-0.84
-26.977435,153.054283,-0.78
-26.977438,153.054038,-0.69
-26.977209,153.055423,-1.04
-26.977212,153.055278,-0.99
-26.977211,153.055044,-0.95
-26.977272,153.053783,-0.52
-26.977207,153.054794,-0.89
-26.977211,153.054541,-0.85
-26.977213,153.054285,-0.77
-26.977212,153.054038,-0.69
-26.977210,153.053769,-0.54
-26.976986,153.055417,-1.11
-26.976986,153.055288,-1.02
-26.976984,153.055040,-0.97
-26.976986,153.054785,-0.93
-26.976986,153.054523,-0.87
-26.976983,153.054284,-0.78
-26.976984,153.054037,-0.69
-26.976986,153.053784,-0.58
-26.976757,153.055295,-1.06
-26.976761,153.055042,-0.99
-26.976758,153.054788,-0.93
-26.976758,153.054539,-0.88
-26.976758,153.054287,-0.80
-26.976758,153.054031,-0.71
-26.976758,153.053786,-0.63
-26.976535,153.055297,-1.16
-26.976535,153.055042,-1.02
-26.976535,153.054789,-0.96
-26.976534,153.054538,-0.90
-26.976534,153.054283,-0.85
-26.976534,153.054035,-0.76
-26.976534,153.053781,-0.67
-26.976088,153.055316,-1.68
-26.976309,153.055043,-1.12
-26.976307,153.054789,-1.00
-26.976309,153.054538,-0.92
-26.976309,153.054272,-0.87
-26.976310,153.054022,-0.81
-26.976305,153.053780,-0.72
-26.976305,153.053532,-0.61
-26.975860,153.055308,-1.79
-26.975863,153.055060,-1.59
-26.975861,153.054894,-1.48
-26.976082,153.054792,-1.11
-26.976083,153.054540,-0.97
-26.976084,153.054250,-0.91
-26.976083,153.054028,-0.85
-26.976084,153.053778,-0.75
-26.976078,153.053527,-0.67
-26.975637,153.055318,-1.85
-26.975639,153.055049,-1.79
-26.975858,153.054540,-1.05
-26.975856,153.054282,-0.98
-26.975853,153.054036,-0.90
-26.975852,153.053784,-0.80
-26.975852,153.053532,-0.72
-26.975408,153.055312,-1.90
-26.975408,153.055055,-1.86
-26.975408,153.054806,-1.80
-26.975631,153.054286,-1.02
-26.975632,153.054034,-0.96
-26.975633,153.053767,-0.86
-26.975633,153.053528,-0.78
-26.975183,153.055301,-1.96
-26.975181,153.055063,-1.91
-26.975183,153.054824,-1.86
-26.975184,153.054543,-1.70
-26.975406,153.054287,-1.18
-26.975404,153.054036,-1.00
-26.975404,153.053772,-0.92
-26.975405,153.053494,-0.84
-26.974956,153.055307,-1.97
-26.974956,153.055065,-1.95
-26.974957,153.054800,-1.90
-26.974956,153.054561,-1.85
-26.975176,153.054033,-1.13
-26.975180,153.053776,-0.99
-26.975174,153.053532,-0.92
-26.974732,153.055301,-1.98
-26.974730,153.055082,-1.98
-26.974730,153.054808,-1.97
-26.974734,153.054546,-1.91
-26.974733,153.054320,-1.85
-26.974955,153.053785,-1.11
-26.974956,153.053523,-1.00
-26.974504,153.055306,-1.99
-26.974506,153.055050,-1.98
-26.974507,153.054806,-1.99
-26.974505,153.054543,-1.98
-26.974508,153.054290,-1.91
-26.974505,153.054047,-1.83
-26.974726,153.053528,-1.09
-26.974280,153.055308,-2.13
-26.974279,153.055054,-2.00
-26.974281,153.054796,-1.99
-26.974278,153.054542,-1.99
-26.974279,153.054296,-1.98
-26.974280,153.054053,-1.93
-26.974280,153.053788,-1.85
-26.974056,153.054795,-2.10
-26.974056,153.054545,-1.99
-26.974055,153.054297,-1.98
-26.974054,153.054056,-1.96
-26.974054,153.053803,-1.93
-26.974053,153.053551,-1.86
-26.974059,153.053294,-1.75
-26.973832,153.054297,-2.21
-26.973829,153.054040,-1.99
-26.973830,153.053786,-1.96
-26.973829,153.053550,-1.93
-26.973830,153.053301,-1.90
-26.973605,153.053789,-2.12
-26.973605,153.053536,-2.00
-26.973604,153.053283,-1.98
-26.973489,153.050658,-1.10
-26.973495,153.050501,-0.99
-26.973377,153.051269,-1.61
-26.973383,153.051530,-1.80
-26.973378,153.051774,-1.94
-26.973377,153.052042,-1.99
-26.973376,153.052276,-2.01
-26.973379,153.052525,-2.01
-26.973377,153.052782,-2.06
-26.973379,153.053036,-2.23
-26.973603,153.050482,-0.78
-26.973603,153.050744,-0.89
-26.973604,153.050763,-1.00
-26.973604,153.051031,-1.08
-26.973605,153.051266,-1.21
-26.973605,153.052044,-1.59
-26.973603,153.052293,-1.61
-26.973606,153.052527,-1.86
-26.973606,153.052782,-1.91
-26.973603,153.053039,-1.96
-26.973828,153.050679,-0.70
-26.973835,153.050508,-0.61
-26.973828,153.050951,-0.82
-26.973828,153.051025,-0.87
-26.973830,153.051269,-0.97
-26.973831,153.051518,-1.03
-26.973832,153.051770,-1.13
-26.973828,153.052028,-1.25
-26.973832,153.052788,-1.55
-26.973831,153.053038,-1.86
-26.974056,153.050540,-0.58
-26.974058,153.050502,-0.62
-26.974054,153.050863,-0.66
-26.974054,153.051136,-0.72
-26.974054,153.051386,-0.79
-26.974054,153.051660,-0.86
-26.974054,153.051930,-0.92
-26.974055,153.052028,-0.99
-26.974057,153.052275,-1.06
-26.974057,153.052529,-1.16
-26.974280,153.050433,-0.57
-26.974281,153.050640,-0.51
-26.974280,153.050935,-0.54
-26.974280,153.051200,-0.57
-26.974280,153.051269,-0.60
-26.974281,153.051519,-0.70
-26.974282,153.051778,-0.78
-26.974283,153.052023,-0.86
-26.974284,153.052280,-0.92
-26.974279,153.052540,-1.00
-26.974279,153.052805,-1.04
-26.974279,153.053075,-1.17
-26.974509,153.051451,-0.52
-26.974506,153.051531,-0.57
-26.974508,153.051777,-0.68
-26.974505,153.052034,-0.76
-26.974505,153.052329,-0.83
-26.974505,153.052628,-0.89
-26.974506,153.052781,-0.96
-26.974509,153.053033,-1.03
-26.974731,153.052092,-0.63
-26.974731,153.052425,-0.70
-26.974733,153.052538,-0.77
-26.974737,153.052781,-0.85
-26.974730,153.053072,-0.94
-26.974954,153.050705,-0.52
-26.974952,153.050772,-0.51
-26.974957,153.050905,-0.80
-26.974963,153.050759,-0.78
-26.974965,153.051042,-0.81
-26.974986,153.050506,-0.74
-26.974957,153.052515,-0.56
-26.974962,153.052537,-0.66
-26.974956,153.052828,-0.77
-26.975021,153.051268,-0.72
-26.974956,153.053118,-0.85
-26.975118,153.051520,-0.64
-26.975183,153.050854,-0.98
-26.975187,153.050745,-0.99
-26.975182,153.051056,-0.97
-26.975184,153.051270,-0.94
-26.975182,153.051634,-0.77
-26.975185,153.053046,-0.79
-26.975243,153.051771,-0.69
-26.975408,153.050765,-1.01
-26.975409,153.050760,-1.05
-26.975408,153.051142,-1.02
-26.975408,153.051342,-1.01
-26.975408,153.051549,-0.95
-26.975410,153.051770,-0.82
-26.975416,153.052025,-0.69
-26.975408,153.052972,-0.56
-26.975410,153.053048,-0.70
-26.975635,153.050736,-1.04
-26.975636,153.050769,-1.04
-26.975636,153.051020,-1.05
-26.975634,153.051278,-1.04
-26.975634,153.051526,-1.02
-26.975634,153.051787,-0.93
-26.975634,153.052052,-0.80
-26.975649,153.052278,-0.67
-26.975640,153.053089,-0.60
-26.975860,153.050935,-1.12
-26.975867,153.050762,-1.11
-26.975860,153.051210,-1.09
-26.975860,153.051270,-1.07
-26.975861,153.051519,-1.07
-26.975863,153.051774,-0.99
-26.975859,153.052023,-0.89
-26.975860,153.052283,-0.74
-26.975861,153.053279,-0.54
-26.976016,153.052530,-0.59
-26.976086,153.050889,-1.15
-26.976091,153.050762,-1.17
-26.976085,153.051146,-1.12
-26.976085,153.051413,-1.10
-26.976085,153.051670,-1.09
-26.976085,153.051771,-1.02
-26.976086,153.052037,-0.93
-26.976087,153.052277,-0.83
-26.976088,153.052532,-0.68
-26.976312,153.050781,-1.13
-26.976313,153.051021,-1.12
-26.976313,153.051270,-1.16
-26.976313,153.051524,-1.10
-26.976313,153.051771,-1.05
-26.976312,153.052031,-0.97
-26.976312,153.052287,-0.88
-26.976312,153.052536,-0.72
-26.976312,153.053457,-0.55
-26.976537,153.050841,-1.13
-26.976537,153.051046,-1.18
-26.976539,153.051267,-1.16
-26.976537,153.051668,-1.11
-26.976537,153.051877,-1.06
-26.976536,153.052076,-0.99
-26.976541,153.052281,-0.91
-26.976539,153.052530,-0.77
-26.976532,153.052778,-0.51
-26.976536,153.052786,-0.62
-26.976763,153.050871,-1.16
-26.976763,153.051024,-1.16
-26.976763,153.051357,-1.15
-26.976762,153.051524,-1.11
-26.976762,153.051877,-1.08
-26.976762,153.052051,-1.02
-26.976764,153.052277,-0.93
-26.976762,153.052585,-0.82
-26.976762,153.052780,-0.69
-26.976988,153.050859,-1.12
-26.976988,153.051033,-1.12
-26.976989,153.051268,-1.12
-26.976988,153.051577,-1.11
-26.976988,153.051774,-1.09
-26.976989,153.052026,-1.04
-26.976988,153.052325,-0.97
-26.976992,153.052527,-0.86
-26.976989,153.052789,-0.72
-26.977214,153.050881,-1.06
-26.977214,153.051066,-1.07
-26.977215,153.051284,-1.08
-26.977214,153.051626,-1.09
-26.977214,153.051809,-1.09
-26.977216,153.052028,-1.06
-26.977214,153.052348,-1.00
-26.977214,153.052548,-0.90
-26.977216,153.052786,-0.76
-26.977315,153.053032,-0.58
-26.977440,153.050868,-1.00
-26.977440,153.051059,-1.02
-26.977441,153.051269,-1.05
-26.977439,153.051606,-1.06
-26.977440,153.051795,-1.08
-26.977440,153.052034,-1.08
-26.977439,153.052338,-1.04
-26.977443,153.052534,-0.95
-26.977440,153.052787,-0.81
-26.977440,153.053066,-0.66
-26.977666,153.050879,-1.03
-26.977666,153.051043,-1.00
-26.977665,153.051268,-1.00
-26.977666,153.051562,-1.02
-26.977667,153.051775,-1.04
-26.977665,153.052098,-1.05
-26.977665,153.052281,-1.05
-26.977665,153.052535,-0.99
-26.977665,153.052814,-0.86
-26.977665,153.053081,-0.71
-26.977891,153.050575,-1.06
-26.977890,153.050396,-1.16
-26.977665,153.050620,-1.03
-26.977666,153.050395,-1.09
-26.977440,153.050725,-1.05
-26.977440,153.050502,-1.04
-26.976988,153.050569,-1.15
-26.976988,153.050509,-1.08
-26.976762,153.050636,-1.12
-26.976762,153.050394,-1.11
-26.976537,153.050719,-1.14
-26.976537,153.050471,-1.14
-26.976311,153.050392,-1.14
-26.976085,153.050454,-1.09
-26.975858,153.050502,-1.10
-26.975634,153.050421,-1.04
-26.975408,153.050510,-0.93
-26.972474,153.050513,-2.21
-26.972921,153.050404,-1.91
-26.972701,153.050591,-1.96
-26.972702,153.050790,-2.18
-26.972927,153.050516,-1.80
-26.973100,153.050447,-1.56
-26.972926,153.050839,-1.94
-26.972927,153.051034,-2.24
-26.973153,153.050584,-1.50
-26.973155,153.050498,-1.20
-26.973154,153.050812,-1.65
-26.973157,153.051034,-1.85
-26.973152,153.051274,-2.00
-26.973151,153.051525,-2.08
-26.973153,153.051773,-2.19
-26.973151,153.052021,-2.24
-26.973152,153.052287,-2.19
-26.973153,153.052529,-2.23
-26.977434,153.059614,-2.23
-26.977210,153.059602,-2.23
-26.976984,153.059339,-2.22
-26.976759,153.059356,-2.22
-26.976307,153.058334,-2.24
-26.976533,153.058343,-2.23
-26.976533,153.058575,-2.23
-26.976531,153.059079,-2.21
-26.976759,153.058585,-2.23
-26.976759,153.058846,-2.22
-26.976759,153.059098,-2.23
-26.976984,153.056817,-1.99
-26.976984,153.058841,-2.21
-26.976984,153.059079,-2.18
-26.977211,153.056818,-1.92
-26.977209,153.058838,-2.21
-26.977209,153.059086,-2.19
-26.977211,153.059351,-2.23
-26.977437,153.057083,-1.95
-26.977437,153.056817,-1.88
-26.977436,153.059086,-2.23
-26.977436,153.059343,-2.24
-26.977657,153.057069,-1.89
-26.977662,153.057327,-1.96
-26.977662,153.057576,-2.03
-26.977663,153.057829,-2.19
-26.977888,153.057077,-1.84
-26.977882,153.057329,-1.89
-26.977888,153.057578,-1.94
-26.977888,153.057820,-2.00
-26.977888,153.058083,-2.09
-26.977888,153.058328,-2.24
-26.977888,153.056816,-1.79
-26.977889,153.055943,-0.96
-26.977889,153.055751,-0.95
-26.977661,153.056823,-1.86
-26.977663,153.056614,-1.80
-26.977443,153.056342,-1.61
-26.977663,153.056045,-1.02
-26.977663,153.055788,-0.98
-26.977437,153.056602,-1.87
-26.977217,153.056319,-1.80
-26.977438,153.055768,-1.05
-26.977211,153.056569,-1.88
-26.976988,153.056333,-1.87
-26.976991,153.056092,-1.73
-26.976988,153.055836,-1.43
-26.977005,153.055800,-1.34
-26.976984,153.056585,-1.91
-26.976764,153.056349,-1.90
-26.976764,153.056062,-1.85
-26.976762,153.055828,-1.66
-26.976759,153.056564,-2.13
-26.976537,153.056312,-1.92
-26.976537,153.056067,-1.92
-26.976539,153.055803,-1.83
-26.976311,153.056306,-1.96
-26.976313,153.056061,-1.93
-26.976310,153.055809,-1.88
-26.976311,153.055577,-1.79
-26.976088,153.056309,-2.03
-26.976084,153.056059,-1.96
-26.976089,153.055804,-1.91
-26.976085,153.055562,-1.84
-26.976083,153.056602,-2.22
-26.975859,153.056306,-2.01
-26.975862,153.056067,-2.00
-26.975860,153.055810,-1.94
-26.975863,153.055560,-1.87
-26.975856,153.056592,-2.22
-26.975637,153.056305,-2.03
-26.975637,153.056058,-2.01
-26.975637,153.055806,-1.97
-26.975636,153.055562,-1.91
-26.975632,153.056557,-2.22
-26.975409,153.056309,-2.06
-26.975408,153.056073,-2.02
-26.975408,153.055819,-2.00
-26.975409,153.055549,-1.95
-26.975183,153.056314,-2.13
-26.975182,153.056054,-2.03
-26.975181,153.055802,-2.00
-26.975184,153.055553,-1.98
-26.974958,153.056063,-2.22
-26.974957,153.055810,-2.00
-26.974955,153.055554,-1.98
-26.974734,153.055801,-2.03
-26.974732,153.055550,-1.98
-26.974507,153.055551,-2.02
-27.285303,153.065050,-1.58
-27.286428,153.065054,-1.90
-27.286649,153.065056,-1.84
-27.290043,153.065290,-1.48
-27.289822,153.065302,-1.48
-27.285079,153.061015,-2.50
-27.285075,153.061260,-2.49
-27.285075,153.061523,-2.48
-27.285078,153.061766,-2.48
-27.285303,153.061261,-2.50
-27.285290,153.061519,-2.52
-27.285301,153.061015,-2.49
-27.285530,153.061014,-2.50
-27.285529,153.061262,-2.54
-27.285754,153.061011,-2.55
-27.287022,153.065054,-2.16
-27.286882,153.065058,-2.02
-27.286202,153.065054,-1.89
-27.285977,153.065054,-1.78
-27.285752,153.065056,-1.72
-27.285753,153.065304,-0.98
-27.285527,153.065053,-1.67
-27.285520,153.065320,-0.91
-27.285297,153.065303,-0.94
-27.285077,153.065384,-0.84
-27.285074,153.065052,-1.36
-27.285075,153.064799,-2.65
-27.001807,153.063645,-1.35
-26.996057,153.064884,-1.59
-26.996057,153.064639,-1.79
-26.996057,153.065144,-1.25
-26.996168,153.064676,-1.79
-26.996169,153.064888,-1.67
-26.996171,153.065149,-1.26
-26.996396,153.064631,-1.81
-26.996397,153.064892,-1.77
-26.996395,153.065184,-1.62
-26.996622,153.064893,-2.10
-26.996621,153.064634,-2.05
-26.996621,153.065137,-1.79
-26.996620,153.065416,-1.49
-26.996846,153.065419,-1.52
-26.997072,153.065166,-1.94
-26.997075,153.065388,-1.60
-26.997299,153.065139,-1.89
-26.997298,153.065427,-1.61
-26.997525,153.065143,-2.04
-26.997525,153.065400,-1.68
-26.997749,153.065413,-1.87
-26.996395,153.064378,-1.84
-26.996396,153.064130,-2.23
-26.996397,153.063627,-2.01
-26.996395,153.063391,-2.23
-26.996170,153.064387,-1.82
-26.996170,153.064149,-1.87
-26.996171,153.063882,-1.90
-26.996171,153.063626,-1.98
-26.996172,153.063373,-2.12
-26.996061,153.064381,-1.86
-26.996056,153.064136,-1.87
-26.996056,153.063877,-1.89
-26.996060,153.063623,-1.96
-26.996060,153.063371,-2.12
-26.996059,153.063127,-2.17
-26.999544,153.070480,-1.29
-26.999399,153.070424,-2.02
-26.999326,153.070548,-1.11
-26.999322,153.070427,-1.23
-26.999096,153.070173,-1.24
-26.998870,153.069920,-1.31
-26.998855,153.069668,-1.84
-26.998875,153.067897,-1.91
-26.998645,153.069920,-1.20
-26.998643,153.069667,-1.26
-26.998641,153.069418,-1.66
-26.998650,153.068157,-1.90
-26.998629,153.067897,-1.78
-26.998423,153.069665,-1.19
-26.998423,153.069414,-1.26
-26.998404,153.069166,-1.43
-26.998400,153.068898,-1.60
-26.998415,153.068662,-2.04
-26.998422,153.068411,-1.98
-26.998423,153.068115,-1.81
-26.998424,153.067876,-1.75
-26.998192,153.069665,-1.13
-26.998195,153.069417,-1.17
-26.998191,153.069165,-1.23
-26.998183,153.068912,-1.30
-26.998170,153.068618,-1.37
-26.998186,153.068405,-1.46
-26.998186,153.068151,-1.61
-26.998197,153.067902,-1.66
-26.997969,153.069669,-1.02
-26.997971,153.069413,-1.08
-26.997971,153.069166,-1.14
-26.997971,153.068908,-1.17
-26.997971,153.068657,-1.21
-26.997965,153.068407,-1.23
-26.997963,153.068158,-1.29
-26.997957,153.067895,-1.28
-26.997745,153.070001,-0.72
-26.997742,153.069418,-0.99
-26.997743,153.069161,-1.04
-26.997742,153.068914,-1.10
-26.997745,153.068647,-1.14
-26.997746,153.068410,-1.13
-26.997746,153.068153,-1.18
-26.997740,153.067905,-1.19
-26.997520,153.069985,-0.70
-26.997520,153.069895,-0.88
-26.997517,153.069165,-0.98
-26.997519,153.068913,-1.00
-26.997516,153.068658,-1.04
-26.997520,153.068408,-1.10
-26.997514,153.068157,-1.12
-26.997519,153.067906,-1.13
-26.997294,153.069995,-0.71
-26.997294,153.069827,-0.86
-26.997294,153.069655,-0.95
-26.997293,153.069417,-0.98
-26.997294,153.068659,-0.97
-26.997292,153.068399,-1.03
-26.997295,153.068156,-1.04
-26.997283,153.067891,-1.07
-26.997066,153.070103,-0.70
-26.997068,153.069887,-0.86
-26.997069,153.069645,-0.94
-26.997069,153.069398,-0.99
-26.997069,153.069163,-1.06
-26.997069,153.068911,-1.07
-26.997062,153.068658,-1.04
-26.997063,153.067653,-1.05
-26.996875,153.070181,-0.59
-26.996842,153.070160,-0.77
-26.996834,153.070175,-0.70
-26.996843,153.069811,-0.84
-26.996843,153.069624,-0.90
-26.996840,153.069397,-0.96
-26.996841,153.069161,-1.03
-26.996843,153.068839,-1.07
-26.996844,153.068650,-1.08
-26.996841,153.068406,-1.07
-26.996844,153.068154,-1.06
-26.996837,153.067905,-1.00
-26.996841,153.067646,-1.01
-26.996616,153.070266,-0.73
-26.996617,153.070082,-0.86
-26.996617,153.069912,-0.90
-26.996617,153.069663,-0.95
-26.996618,153.069378,-0.96
-26.996616,153.069159,-0.99
-26.996617,153.068879,-1.03
-26.996615,153.068649,-1.05
-26.996618,153.068355,-1.05
-26.996614,153.068145,-1.02
-26.996618,153.067875,-0.96
-26.996618,153.067622,-0.96
-26.996391,153.070071,-0.83
-26.996391,153.069898,-0.85
-26.996390,153.069669,-0.87
-26.996391,153.069331,-0.88
-26.996392,153.069133,-0.87
-26.996389,153.068901,-0.93
-26.996390,153.068660,-0.93
-26.996392,153.068406,-0.90
-26.996392,153.068115,-0.90
-26.996392,153.067893,-0.94
-26.996386,153.067652,-0.99
-26.996165,153.070471,-0.75
-26.996165,153.070423,-0.87
-26.996166,153.070048,-0.99
-26.996166,153.069835,-1.02
-26.996166,153.069602,-0.97
-26.996166,153.069384,-0.98
-26.996166,153.069150,-1.03
-26.996163,153.068896,-0.88
-26.996163,153.068661,-0.95
-26.996164,153.068407,-0.98
-26.996164,153.068156,-1.01
-26.996165,153.067894,-1.01
-26.996164,153.067653,-1.03
-26.996055,153.065644,-1.14
-26.996059,153.065897,-1.10
-26.996055,153.066153,-1.07
-26.996055,153.066401,-1.10
-26.996055,153.066654,-1.10
-26.996055,153.066917,-1.10
-26.996055,153.067171,-1.08
-26.996168,153.065735,-1.16
-26.996168,153.065993,-1.11
-26.996168,153.066283,-1.09
-26.996168,153.066401,-1.02
-26.996169,153.066650,-1.03
-26.996171,153.066900,-1.03
-26.996172,153.067153,-1.01
-26.996394,153.065639,-1.20
-26.996394,153.065912,-1.15
-26.996393,153.066196,-1.11
-26.996394,153.066475,-1.07
-26.996394,153.066747,-1.06
-26.996394,153.066909,-1.02
-26.996396,153.067152,-1.00
-26.996619,153.065997,-1.18
-26.996619,153.066258,-1.15
-26.996619,153.066513,-1.13
-26.996619,153.066647,-1.10
-26.996620,153.066907,-1.10
-26.996620,153.067155,-1.06
-26.996845,153.065998,-1.22
-26.996845,153.066207,-1.19
-26.996845,153.066442,-1.16
-26.996845,153.066668,-1.12
-26.996850,153.066898,-1.13
-26.996848,153.067151,-1.07
-26.997071,153.065908,-1.25
-26.997071,153.066205,-1.22
-26.997071,153.066402,-1.17
-26.997072,153.066650,-1.14
-26.997070,153.066919,-1.14
-26.997293,153.067646,-1.08
-26.997296,153.066000,-1.28
-26.997296,153.066236,-1.23
-26.997516,153.067151,-1.12
-26.997521,153.067401,-1.13
-26.997513,153.067654,-1.13
-26.997523,153.065702,-1.61
-26.997743,153.066896,-1.23
-26.997745,153.067147,-1.19
-26.997742,153.067402,-1.18
-26.997747,153.067651,-1.19
-26.997751,153.065647,-1.74
-26.997749,153.065972,-1.54
-26.997957,153.066388,-1.41
-26.997872,153.066610,-1.58
-26.997972,153.066750,-1.49
-26.997940,153.067122,-1.28
-26.997969,153.067403,-1.27
-26.997914,153.067621,-1.26
-26.997974,153.065643,-1.87
-26.998171,153.066087,-1.60
-26.998193,153.066330,-1.71
-26.998151,153.066627,-1.72
-26.998098,153.066696,-1.73
-26.998167,153.067150,-1.67
-26.998195,153.067397,-1.42
-26.998196,153.067647,-1.63
-26.998416,153.065886,-1.97
-26.998420,153.066143,-1.86
-26.998415,153.066250,-1.86
-26.998304,153.066412,-1.84
-26.998424,153.066881,-1.78
-26.998424,153.067130,-1.77
-26.998416,153.067394,-1.69
-26.998407,153.067653,-1.72
-26.998428,153.066238,-1.92
-26.998600,153.066643,-1.93
-26.998647,153.066895,-1.91
-26.998649,153.067125,-1.87
-26.998645,153.067395,-1.80
-26.998640,153.067648,-1.81
-26.998654,153.066398,-2.06
-26.998876,153.066897,-1.97
-26.998874,153.067139,-1.93
-26.998872,153.067400,-1.92
-26.998874,153.067632,-1.92
-26.999093,153.067146,-2.21
-26.999096,153.067396,-2.21
-26.999098,153.067636,-2.04
-26.991429,153.064387,-2.15
-26.991431,153.064134,-2.14
-26.991431,153.064650,-2.16
-26.991430,153.064882,-2.16
-26.991433,153.065132,-2.20
-26.991656,153.064126,-2.13
-26.991656,153.064383,-2.14
-26.991656,153.064634,-2.14
-26.991656,153.064880,-2.14
-26.991654,153.065144,-2.17
-26.991657,153.065384,-2.24
-26.991882,153.064379,-2.12
-26.991881,153.064639,-2.12
-26.991881,153.064883,-2.11
-26.991880,153.065139,-2.12
-26.991883,153.065384,-2.19
-26.991882,153.064126,-2.12
-26.992109,153.064382,-2.11
-26.992107,153.064631,-2.11
-26.992107,153.064889,-2.10
-26.992105,153.065132,-2.09
-26.992105,153.065391,-2.11
-26.992331,153.064415,-2.09
-26.992334,153.064634,-2.09
-26.992333,153.064894,-2.07
-26.992333,153.065141,-2.07
-26.992334,153.065390,-2.08
-26.992559,153.064379,-2.05
-26.992559,153.064633,-2.04
-26.992558,153.064887,-2.02
-26.992558,153.065132,-2.03
-26.992557,153.065395,-2.05
-26.992562,153.064128,-2.01
-26.992787,153.064390,-2.00
-26.992783,153.064160,-1.99
-26.992785,153.064636,-2.00
-26.992784,153.064885,-1.99
-26.992784,153.065138,-2.00
-26.992785,153.065386,-2.02
-26.993010,153.064396,-1.98
-26.993011,153.064138,-1.99
-26.993011,153.064640,-1.96
-26.993011,153.064901,-1.95
-26.993009,153.065134,-1.96
-26.993010,153.065387,-1.98
-26.993236,153.064386,-1.94
-26.993236,153.064630,-1.94
-26.993237,153.064884,-1.92
-26.993235,153.065137,-1.94
-26.993235,153.065392,-1.95
-26.993461,153.064396,-1.91
-26.993461,153.064643,-1.90
-26.993461,153.064882,-1.90
-26.993460,153.065135,-1.91
-26.993462,153.065385,-1.94
-26.993688,153.064632,-1.82
-26.993687,153.064391,-1.85
-26.993688,153.064882,-1.81
-26.993687,153.065141,-1.87
-26.993687,153.065393,-1.92
-26.993912,153.064642,-1.32
-26.993912,153.064412,-1.36
-26.993916,153.064974,-1.57
-26.993913,153.065156,-1.82
-26.993913,153.065392,-1.88
-26.994137,153.064636,-1.26
-26.994139,153.064485,-1.26
-26.994140,153.064896,-1.43
-26.994138,153.065151,-1.67
-26.994137,153.065394,-1.83
-26.994365,153.064476,-1.32
-26.994366,153.064651,-1.26
-26.994363,153.064925,-1.31
-26.994366,153.065152,-1.43
-26.994364,153.065385,-1.70
-26.994589,153.064641,-1.27
-26.994591,153.064379,-1.62
-26.994588,153.064884,-1.29
-26.994591,153.065137,-1.26
-26.994594,153.065395,-1.36
-26.994819,153.064390,-1.59
-26.994815,153.064632,-1.36
-26.994815,153.064892,-1.23
-26.995043,153.064646,-1.39
-26.995041,153.064382,-1.38
-26.995040,153.064888,-1.28
-26.995269,153.064676,-1.56
-26.995267,153.064413,-1.69
-26.995267,153.064909,-1.51
-26.995265,153.065454,-1.13
-26.995492,153.064644,-1.73
-26.995493,153.064899,-1.56
-26.995491,153.065439,-1.18
-26.995717,153.064899,-1.58
-26.995718,153.064632,-1.78
-26.995718,153.065512,-1.18
-26.995718,153.064386,-1.85
-26.995717,153.064136,-1.87
-26.995723,153.063874,-1.88
-26.995718,153.063630,-1.91
-26.995719,153.063372,-2.08
-26.995718,153.063122,-2.12
-26.995492,153.064404,-1.82
-26.995492,153.064150,-1.86
-26.995493,153.063883,-1.87
-26.995492,153.063623,-1.89
-26.995493,153.063371,-1.95
-26.995495,153.063122,-2.07
-26.995492,153.062892,-2.10
-26.995495,153.062616,-2.17
-26.995268,153.064135,-1.82
-26.995271,153.063876,-1.86
-26.995267,153.063640,-1.87
-26.995269,153.063384,-1.90
-26.995268,153.063123,-1.97
-26.995269,153.062867,-2.05
-26.995268,153.062614,-2.10
-26.995042,153.064129,-1.72
-26.995041,153.063901,-1.83
-26.995043,153.063667,-1.86
-26.995041,153.063385,-1.88
-26.995041,153.063127,-1.93
-26.995041,153.062872,-1.98
-26.995044,153.062625,-2.05
-26.995044,153.062363,-2.11
-26.995044,153.062111,-2.14
-26.995043,153.061875,-2.20
-26.994819,153.064135,-1.72
-26.994815,153.063876,-1.83
-26.994817,153.063650,-1.87
-26.994817,153.063387,-1.88
-26.994818,153.063118,-1.91
-26.994818,153.062869,-1.95
-26.994818,153.062617,-2.01
-26.994816,153.062384,-2.09
-26.994818,153.062120,-2.12
-26.994818,153.061861,-2.12
-26.994590,153.064145,-1.75
-26.994590,153.063888,-1.83
-26.994590,153.063642,-1.87
-26.994589,153.063370,-1.89
-26.994590,153.063121,-1.91
-26.994591,153.062874,-1.93
-26.994591,153.062642,-1.95
-26.994593,153.062362,-2.01
-26.994590,153.062115,-2.07
-26.994593,153.061859,-2.09
-26.994593,153.061608,-2.10
-26.994363,153.064188,-1.68
-26.994366,153.063897,-1.79
-26.994368,153.063629,-1.88
-26.994365,153.063373,-1.89
-26.994364,153.063136,-1.91
-26.994367,153.062866,-1.93
-26.994368,153.062619,-1.94
-26.994364,153.062366,-1.95
-26.994365,153.062126,-1.99
-26.994368,153.061860,-2.05
-26.994364,153.061612,-2.10
-26.994366,153.061357,-2.19
-26.994140,153.064152,-1.36
-26.994137,153.063887,-1.80
-26.994140,153.063630,-1.88
-26.994141,153.063380,-1.89
-26.994139,153.063119,-1.92
-26.994141,153.062869,-1.94
-26.994142,153.062616,-1.96
-26.994140,153.062363,-1.96
-26.994141,153.062112,-1.99
-26.994139,153.061860,-2.03
-26.994140,153.061611,-2.10
-26.993913,153.064156,-1.79
-26.993915,153.063895,-1.84
-26.993912,153.063652,-1.88
-26.993915,153.063370,-1.90
-26.993913,153.063124,-1.92
-26.993915,153.062868,-1.96
-26.993913,153.062617,-1.96
-26.993915,153.062373,-1.97
-26.993913,153.062111,-1.98
-26.993916,153.061860,-2.01
-26.993914,153.061609,-2.11
-26.993687,153.064128,-1.87
-26.993690,153.063895,-1.87
-26.993687,153.063626,-1.89
-26.993688,153.063373,-1.92
-26.993688,153.063121,-1.93
-26.993689,153.062867,-1.94
-26.993689,153.062615,-1.97
-26.993688,153.062368,-1.98
-26.993689,153.062118,-1.97
-26.993688,153.061858,-2.00
-26.993688,153.061610,-2.15
-26.993463,153.064127,-1.91
-26.993462,153.063883,-1.92
-26.993462,153.063633,-1.92
-26.993462,153.063377,-1.94
-26.993463,153.063123,-1.95
-26.993462,153.062875,-1.96
-26.993463,153.062619,-1.97
-26.993463,153.062393,-1.99
-26.993462,153.062110,-1.99
-26.993462,153.061858,-2.02
-26.993462,153.061640,-2.24
-26.993237,153.064127,-1.96
-26.993240,153.063878,-1.97
-26.993235,153.063621,-1.96
-26.993236,153.063383,-1.96
-26.993237,153.063125,-1.96
-26.993237,153.062868,-1.97
-26.993235,153.062621,-1.98
-26.993237,153.062362,-2.00
-26.993238,153.062109,-2.01
-26.993238,153.061871,-2.01
-26.993011,153.063876,-1.99
-26.993012,153.063621,-1.99
-26.993011,153.063382,-1.99
-26.993012,153.063132,-1.99
-26.993012,153.062884,-1.99
-26.993013,153.062619,-2.00
-26.993011,153.062361,-2.01
-26.993011,153.062115,-2.03
-26.993013,153.061857,-2.03
-26.992784,153.063880,-2.00
-26.992784,153.063621,-2.00
-26.992784,153.063369,-2.01
-26.992786,153.063121,-2.01
-26.992785,153.062882,-2.01
-26.992785,153.062616,-2.00
-26.992786,153.062366,-2.01
-26.992785,153.062140,-2.04
-26.992785,153.061896,-2.04
-26.992562,153.063873,-2.00
-26.992558,153.063660,-2.01
-26.992558,153.063370,-2.02
-26.992560,153.063126,-2.04
-26.992559,153.062867,-2.05
-26.992560,153.062617,-2.04
-26.992558,153.062362,-2.02
-26.992561,153.062110,-2.05
-26.992560,153.061857,-2.06
-26.992561,153.061609,-2.16
-26.992332,153.064144,-2.06
-26.992332,153.063877,-2.03
-26.992333,153.063623,-2.04
-26.992332,153.063384,-2.04
-26.992332,153.063117,-2.06
-26.992334,153.062875,-2.08
-26.992334,153.062625,-2.07
-26.992333,153.062375,-2.05
-26.992333,153.062116,-2.07
-26.992335,153.061864,-2.09
-26.992333,153.061615,-2.10
-26.992558,153.061353,-2.14
-26.992108,153.064141,-2.10
-26.992108,153.063872,-2.09
-26.992107,153.063628,-2.08
-26.992107,153.063370,-2.08
-26.992109,153.063119,-2.07
-26.992107,153.062886,-2.09
-26.992110,153.062615,-2.10
-26.992107,153.062376,-2.10
-26.992109,153.062110,-2.10
-26.992110,153.061859,-2.12
-26.992110,153.061609,-2.12
-26.992331,153.061377,-2.13
-26.992332,153.061128,-2.16
-26.991882,153.063873,-2.11
-26.991882,153.063622,-2.12
-26.991883,153.063369,-2.10
-26.991882,153.063127,-2.10
-26.991884,153.062868,-2.11
-26.991884,153.062615,-2.11
-26.991881,153.062361,-2.11
-26.991882,153.062119,-2.11
-26.991883,153.061862,-2.12
-26.991884,153.061610,-2.13
-26.992107,153.061352,-2.14
-26.992107,153.061124,-2.16
-26.991655,153.063873,-2.13
-26.991658,153.063622,-2.12
-26.991656,153.063378,-2.13
-26.991655,153.063128,-2.12
-26.991658,153.062865,-2.12
-26.991656,153.062619,-2.12
-26.991659,153.062372,-2.12
-26.991657,153.062128,-2.11
-26.991655,153.061857,-2.12
-26.991658,153.061626,-2.13
-26.991880,153.061354,-2.14
-26.991881,153.061118,-2.15
-26.991434,153.063875,-2.14
-26.991431,153.063625,-2.14
-26.991433,153.063372,-2.14
-26.991431,153.063117,-2.13
-26.991432,153.062876,-2.13
-26.991430,153.062619,-2.13
-26.991432,153.062362,-2.13
-26.991433,153.062110,-2.12
-26.991431,153.061864,-2.12
-26.991433,153.061608,-2.12
-26.991652,153.061356,-2.15
-26.991654,153.061104,-2.15
-26.991656,153.060850,-2.15
-26.991656,153.060500,-2.14
-26.991655,153.060623,-2.14
-26.991881,153.060491,-2.16
-26.991881,153.060598,-2.15
-26.991880,153.060880,-2.16
-26.992106,153.060495,-2.16
-26.992107,153.060630,-2.17
-26.992107,153.060854,-2.16
-26.992328,153.060612,-2.19
-26.992331,153.060871,-2.17
-26.989401,153.063872,-2.21
-26.989623,153.064125,-2.15
-26.989624,153.063876,-2.15
-26.989625,153.064387,-2.16
-26.989624,153.064633,-2.16
-26.989625,153.064891,-2.19
-26.989623,153.065132,-2.17
-26.989624,153.065386,-2.15
-26.989850,153.063871,-2.16
-26.989851,153.064135,-2.15
-26.989849,153.064387,-2.16
-26.989850,153.064641,-2.16
-26.989851,153.064894,-2.18
-26.989849,153.065131,-2.16
-26.989851,153.065409,-2.15
-26.990076,153.064128,-2.15
-26.990075,153.064375,-2.15
-26.990076,153.064639,-2.16
-26.990076,153.064880,-2.17
-26.990074,153.065145,-2.15
-26.990077,153.065389,-2.15
-26.990302,153.064129,-2.15
-26.990304,153.064377,-2.16
-26.990300,153.064645,-2.17
-26.990303,153.064879,-2.19
-26.990300,153.065146,-2.18
-26.990302,153.065396,-2.17
-26.990528,153.064126,-2.16
-26.990528,153.064389,-2.17
-26.990526,153.064648,-2.18
-26.990525,153.064906,-2.20
-26.990526,153.065143,-2.20
-26.990526,153.065386,-2.18
-26.990755,153.064131,-2.16
-26.990755,153.064375,-2.17
-26.990756,153.064631,-2.18
-26.990755,153.064903,-2.19
-26.990757,153.065133,-2.20
-26.990756,153.065385,-2.21
-26.990977,153.064392,-2.16
-26.990978,153.064140,-2.16
-26.990982,153.064629,-2.18
-26.990980,153.064885,-2.18
-26.990980,153.065137,-2.20
-26.990979,153.065395,-2.23
-26.991203,153.064379,-2.16
-26.991206,153.064133,-2.16
-26.991206,153.064627,-2.17
-26.991207,153.064887,-2.17
-26.991205,153.065137,-2.22
-26.991205,153.063872,-2.15
-26.991204,153.063621,-2.14
-26.991206,153.063376,-2.14
-26.991208,153.063128,-2.14
-26.991206,153.062867,-2.14
-26.991408,153.062644,-2.13
-26.991204,153.062363,-2.14
-26.991207,153.062115,-2.12
-26.991207,153.061897,-2.11
-26.991205,153.061614,-2.11
-26.991429,153.061377,-2.13
-26.991429,153.061107,-2.13
-26.991428,153.060860,-2.12
-26.990981,153.063874,-2.16
-26.990982,153.063628,-2.15
-26.990980,153.063374,-2.15
-26.990978,153.063121,-2.15
-26.990980,153.062876,-2.14
-26.990979,153.062614,-2.14
-26.990980,153.062371,-2.13
-26.990982,153.062115,-2.11
-26.990980,153.061858,-2.11
-26.990980,153.061623,-2.10
-26.991204,153.061363,-2.12
-26.991204,153.061133,-2.11
-26.991203,153.060863,-2.10
-26.990755,153.063883,-2.16
-26.990754,153.063632,-2.15
-26.990755,153.063367,-2.15
-26.990756,153.063122,-2.14
-26.990757,153.062870,-2.14
-26.990753,153.062612,-2.13
-26.990755,153.062367,-2.11
-26.990756,153.062132,-2.11
-26.990755,153.061864,-2.10
-26.990755,153.061616,-2.10
-26.990976,153.061376,-2.11
-26.990978,153.061116,-2.10
-26.990976,153.060870,-2.08
-26.990529,153.063882,-2.15
-26.990526,153.063630,-2.14
-26.990527,153.063378,-2.13
-26.990529,153.063118,-2.13
-26.990527,153.062868,-2.13
-26.990528,153.062612,-2.12
-26.990529,153.062376,-2.10
-26.990527,153.062122,-2.10
-26.990527,153.061873,-2.09
-26.990528,153.061614,-2.09
-26.990753,153.061352,-2.11
-26.990752,153.061130,-2.09
-26.990753,153.060873,-2.06
-26.990302,153.063872,-2.14
-26.990301,153.063629,-2.13
-26.990302,153.063367,-2.12
-26.990304,153.063119,-2.11
-26.990302,153.062868,-2.11
-26.990301,153.062616,-2.11
-26.990302,153.062370,-2.10
-26.990305,153.062109,-2.09
-26.990302,153.061861,-2.08
-26.990308,153.061606,-2.07
-26.990526,153.061352,-2.11
-26.990524,153.061101,-2.10
-26.990527,153.060902,-2.06
-26.990075,153.063872,-2.14
-26.990077,153.063636,-2.13
-26.990077,153.063373,-2.11
-26.990078,153.063128,-2.10
-26.990076,153.062863,-2.11
-26.990076,153.062613,-2.12
-26.990078,153.062366,-2.12
-26.990077,153.062116,-2.11
-26.990079,153.061856,-2.10
-26.990293,153.061605,-2.09
-26.990300,153.061381,-2.09
-26.990297,153.061176,-2.06
-26.990299,153.060849,-2.07
-26.989850,153.063622,-2.13
-26.989850,153.063384,-2.11
-26.989851,153.063122,-2.10
-26.989852,153.062866,-2.10
-26.989851,153.062637,-2.11
-26.989851,153.062378,-2.12
-26.989851,153.062110,-2.11
-26.989851,153.061892,-2.10
-26.990069,153.061603,-2.06
-26.990075,153.061390,-2.05
-26.990075,153.061113,-2.05
-26.990074,153.060848,-2.07
-26.989625,153.063620,-2.12
-26.989624,153.063402,-2.09
-26.989625,153.063143,-2.08
-26.989626,153.062865,-2.10
-26.989625,153.062617,-2.12
-26.989624,153.062368,-2.12
-26.989627,153.062110,-2.11
-26.989626,153.061858,-2.08
-26.989849,153.061634,-2.07
-26.989850,153.061386,-2.06
-26.989850,153.061109,-2.06
-26.989849,153.060855,-2.07
-26.989400,153.063625,-2.14
-26.989398,153.063377,-2.09
-26.989398,153.063125,-2.08
-26.989400,153.062864,-2.10
-26.989398,153.062615,-2.13
-26.989400,153.062369,-2.12
-26.989401,153.062109,-2.11
-26.989399,153.061865,-2.09
-26.989624,153.061632,-2.08
-26.989623,153.061362,-2.08
-26.989621,153.061122,-2.07
-26.989624,153.060848,-2.07
-26.989174,153.063621,-2.23
-26.989175,153.063368,-2.11
-26.989176,153.063116,-2.09
-26.989175,153.062890,-2.13
-26.989173,153.062622,-2.13
-26.989173,153.062360,-2.12
-26.989174,153.062108,-2.12
-26.989173,153.061869,-2.10
-26.989398,153.061608,-2.09
-26.989398,153.061363,-2.12
-26.989398,153.061116,-2.10
-26.989398,153.060848,-2.10
-26.988949,153.063368,-2.22
-26.988949,153.063119,-2.12
-26.988949,153.062890,-2.14
-26.988950,153.062625,-2.12
-26.988950,153.062361,-2.10
-26.988947,153.062107,-2.10
-26.988951,153.061859,-2.09
-26.989172,153.061630,-2.08
-26.989172,153.061359,-2.12
-26.989172,153.061111,-2.13
-26.989172,153.060863,-2.12
-26.988722,153.063132,-2.18
-26.988721,153.062898,-2.13
-26.988721,153.062623,-2.09
-26.988722,153.062364,-2.10
-26.988722,153.062119,-2.10
-26.988723,153.061990,-2.08
-26.988943,153.061608,-2.09
-26.988946,153.061369,-2.11
-26.988947,153.061114,-2.12
-26.988947,153.060859,-2.13
-26.988496,153.062616,-2.12
-26.988498,153.062361,-2.10
-26.988501,153.062125,-2.10
-26.988495,153.061855,-2.11
-26.988721,153.061631,-2.08
-26.988721,153.061369,-2.10
-26.988720,153.061099,-2.14
-26.988720,153.060873,-2.13
-26.988269,153.062369,-2.17
-26.988270,153.062125,-2.11
-26.988271,153.061867,-2.11
-26.988487,153.061647,-2.12
-26.988494,153.061375,-2.08
-26.988495,153.061123,-2.11
-26.988495,153.060857,-2.14
-26.988050,153.062360,-2.23
-26.988048,153.062115,-2.13
-26.988046,153.061870,-2.11
-26.988269,153.061621,-2.13
-26.988268,153.061391,-2.14
-26.988270,153.061102,-2.09
-26.988269,153.060852,-2.10
-26.987819,153.062373,-2.22
-26.987818,153.062149,-2.12
-26.987823,153.061860,-2.10
-26.988038,153.061609,-2.12
-26.988040,153.061368,-2.12
-26.988043,153.061121,-2.11
-26.988044,153.060846,-2.05
-26.987595,153.062366,-2.17
-26.987593,153.062113,-2.10
-26.987595,153.061887,-2.09
-26.987817,153.061613,-2.09
-26.987810,153.061365,-2.13
-26.987805,153.061150,-2.09
-26.987818,153.060846,-2.12
-26.987368,153.062366,-2.11
-26.987374,153.062136,-2.08
-26.987443,153.061935,-2.09
-26.987585,153.061631,-2.10
-26.987575,153.061352,-2.13
-26.987581,153.061105,-2.15
-26.987593,153.060906,-2.12
-26.987142,153.062611,-2.16
-26.987141,153.062366,-2.08
-26.987145,153.062106,-2.09
-26.987242,153.061910,-2.09
-26.987366,153.061634,-2.13
-26.987366,153.061405,-2.13
-26.987366,153.061105,-2.16
-26.987361,153.060937,-2.16
-26.987028,153.062615,-2.12
-26.987029,153.062381,-2.04
-26.987030,153.062112,-2.03
-26.987051,153.061854,-2.06
-26.987140,153.061612,-2.11
-26.987127,153.061352,-2.16
-26.987141,153.061157,-2.19
-26.987136,153.060848,-2.15
-26.987132,153.060627,-2.12
-26.987364,153.060484,-2.10
-26.987364,153.060613,-2.13
-26.987591,153.060481,-2.06
-26.987590,153.060595,-2.10
-26.987818,153.060469,-2.07
-26.987814,153.060607,-2.11
-26.988044,153.060491,-2.06
-26.988042,153.060600,-2.06
-26.988270,153.060490,-2.12
-26.988270,153.060598,-2.12
-26.988495,153.060482,-2.15
-26.988495,153.060608,-2.14
-26.988721,153.060498,-2.15
-26.988719,153.060599,-2.14
-26.988947,153.060470,-2.16
-26.988947,153.060619,-2.14
-26.989173,153.060478,-2.16
-26.989173,153.060598,-2.14
-26.989398,153.060498,-2.17
-26.989398,153.060614,-2.14
-26.989624,153.060480,-2.21
-26.989623,153.060619,-2.13
-26.989849,153.060609,-2.14
-26.990076,153.060627,-2.14
-26.990301,153.060606,-2.13
-26.990527,153.060600,-2.13
-26.990752,153.060631,-2.18
-26.990978,153.060616,-2.13
-26.991204,153.060535,-2.15
-26.991204,153.060600,-2.10
-26.991430,153.060498,-2.13
-26.991430,153.060632,-2.11
-26.991878,153.070495,-1.28
-26.992107,153.070548,-1.29
-26.992331,153.070511,-1.25
-26.995940,153.070529,-0.86
-26.995940,153.070281,-0.98
-26.995940,153.070036,-1.08
-26.995940,153.069774,-1.12
-26.995940,153.069519,-1.14
-26.995940,153.069412,-1.09
-26.995940,153.069165,-1.07
-26.995940,153.068893,-1.12
-26.995939,153.068658,-1.16
-26.995939,153.068405,-1.15
-26.995940,153.068095,-1.11
-26.995938,153.067905,-1.11
-26.995714,153.070433,-0.93
-26.995713,153.070422,-1.04
-26.995714,153.070167,-1.14
-26.995712,153.069918,-1.18
-26.995712,153.069666,-1.20
-26.995712,153.069410,-1.18
-26.995711,153.069155,-1.11
-26.995711,153.068906,-1.16
-26.995598,153.068411,-1.13
-26.995604,153.068203,-1.15
-26.995559,153.067931,-1.13
-26.995703,153.067671,-1.16
-26.995495,153.067404,-1.20
-26.995488,153.070459,-0.98
-26.995488,153.070424,-1.07
-26.995488,153.070162,-1.15
-26.995488,153.069918,-1.20
-26.995488,153.069667,-1.24
-26.995489,153.069294,-1.23
-26.995489,153.069075,-1.16
-26.995487,153.068434,-1.15
-26.995489,153.068193,-1.18
-26.995487,153.067909,-1.17
-26.995490,153.067683,-1.18
-26.995267,153.067404,-1.23
-26.995263,153.070426,-1.03
-26.995261,153.070413,-1.09
-26.995262,153.070166,-1.16
-26.995263,153.069785,-1.21
-26.995263,153.069578,-1.25
-26.995263,153.069351,-1.25
-26.995263,153.069150,-1.20
-26.995263,153.068428,-1.16
-26.995264,153.068179,-1.18
-26.995263,153.067911,-1.19
-26.995263,153.067665,-1.19
-26.995039,153.067451,-1.22
-26.995037,153.070468,-1.07
-26.995037,153.070253,-1.12
-26.995037,153.070045,-1.18
-26.995037,153.069847,-1.22
-26.995037,153.069640,-1.25
-26.995034,153.069415,-1.26
-26.995036,153.069152,-1.24
-26.994833,153.068428,-1.15
-26.995036,153.068174,-1.18
-26.995035,153.067910,-1.20
-26.995038,153.067687,-1.22
-26.994815,153.067401,-1.22
-26.994811,153.070525,-1.08
-26.994811,153.070311,-1.11
-26.994811,153.070097,-1.19
-26.994812,153.069864,-1.23
-26.994812,153.069644,-1.26
-26.994808,153.069412,-1.26
-26.994809,153.069158,-1.27
-26.994597,153.068448,-1.16
-26.994774,153.068383,-1.19
-26.994810,153.067913,-1.22
-26.994811,153.067656,-1.25
-26.994589,153.067413,-1.26
-26.994585,153.070458,-1.07
-26.994585,153.070424,-1.12
-26.994586,153.070046,-1.16
-26.994585,153.069841,-1.23
-26.994585,153.069641,-1.27
-26.994582,153.069403,-1.28
-26.994584,153.069160,-1.28
-26.994575,153.068412,-1.24
-26.994575,153.068387,-1.25
-26.994586,153.067908,-1.27
-26.994489,153.067734,-1.32
-26.994366,153.067446,-1.38
-26.994359,153.070515,-1.05
-26.994360,153.070313,-1.11
-26.994360,153.070115,-1.15
-26.994360,153.069906,-1.22
-26.994359,153.069663,-1.30
-26.994360,153.069338,-1.32
-26.994360,153.069143,-1.29
-26.994360,153.068669,-1.21
-26.994360,153.068415,-1.25
-26.994359,153.068172,-1.29
-26.994318,153.067920,-1.34
-26.994360,153.067673,-1.42
-26.994142,153.067438,-1.57
-26.994134,153.070546,-1.04
-26.994134,153.070409,-1.09
-26.994134,153.070145,-1.16
-26.994134,153.069875,-1.22
-26.994134,153.069608,-1.28
-26.994135,153.069331,-1.33
-26.994134,153.069163,-1.30
-26.994135,153.068410,-1.29
-26.993965,153.068306,-1.38
-26.994134,153.068121,-1.47
-26.993920,153.067662,-1.80
-26.993914,153.067406,-1.89
-26.993908,153.070452,-1.09
-26.993908,153.070345,-1.11
-26.993908,153.070108,-1.16
-26.993909,153.069867,-1.20
-26.993908,153.069660,-1.25
-26.993911,153.067156,-1.90
-26.993907,153.069409,-1.28
-26.993909,153.068670,-1.28
-26.993869,153.068411,-1.37
-26.993907,153.068369,-1.65
-26.993907,153.067910,-1.95
-26.993687,153.067654,-1.98
-26.993684,153.067422,-1.99
-26.993687,153.067173,-1.98
-26.993682,153.070478,-1.10
-26.993682,153.070359,-1.12
-26.993682,153.070114,-1.16
-26.993683,153.069862,-1.20
-26.993683,153.069600,-1.23
-26.993488,153.068826,-1.36
-26.993680,153.068477,-1.99
-26.993678,153.067905,-2.09
-26.993459,153.067653,-2.07
-26.993461,153.067407,-2.11
-26.993459,153.067154,-2.04
-26.993457,153.070491,-1.11
-26.993456,153.070364,-1.14
-26.993457,153.070079,-1.16
-26.993456,153.069913,-1.21
-26.993370,153.068955,-1.33
-26.993233,153.067674,-2.19
-26.993233,153.067415,-2.13
-26.993236,153.067171,-2.08
-26.993230,153.070545,-1.16
-26.993231,153.070388,-1.16
-26.993176,153.069166,-1.30
-26.993231,153.068936,-1.98
-26.993010,153.067657,-2.24
-26.993007,153.067407,-2.12
-26.993008,153.067149,-2.09
-26.993006,153.070486,-1.16
-26.993005,153.070370,-1.16
-26.993005,153.069926,-1.25
-26.992939,153.069425,-1.27
-26.993000,153.069359,-1.46
-26.993007,153.067909,-2.19
-26.992785,153.067664,-2.14
-26.992782,153.067403,-2.11
-26.992782,153.067168,-2.10
-26.992779,153.070523,-1.21
-26.992780,153.070361,-1.17
-26.992778,153.069933,-1.26
-26.992714,153.069670,-1.29
-26.992777,153.069602,-1.38
-26.992780,153.068187,-2.24
-26.992781,153.067960,-2.19
-26.992557,153.067660,-2.16
-26.992557,153.067402,-2.12
-26.992556,153.067158,-2.10
-26.992554,153.070416,-1.25
-26.992484,153.069921,-1.27
-26.992541,153.069860,-1.38
-26.992552,153.069477,-1.62
-26.992555,153.067925,-2.20
-26.992332,153.067665,-2.17
-26.992330,153.067401,-2.15
-26.992331,153.067155,-2.14
-26.992328,153.069934,-1.30
-26.992326,153.069676,-1.51
-26.992099,153.069923,-1.36
-26.992100,153.069677,-1.75
-26.991874,153.069961,-1.38
-26.991875,153.069677,-1.94
-26.991651,153.070179,-1.32
-26.991651,153.069948,-1.44
-26.991881,153.065638,-2.22
-26.992108,153.065640,-2.14
-26.992331,153.065637,-2.09
-26.992331,153.065892,-2.10
-26.992334,153.066148,-2.11
-26.992332,153.066393,-2.13
-26.992334,153.066647,-2.14
-26.992333,153.066899,-2.15
-26.992557,153.065637,-2.05
-26.992557,153.065894,-2.07
-26.992557,153.066149,-2.08
-26.992557,153.066392,-2.10
-26.992556,153.066653,-2.10
-26.992560,153.066901,-2.10
-26.992784,153.065647,-2.03
-26.992782,153.065891,-2.05
-26.992783,153.066162,-2.06
-26.992782,153.066393,-2.07
-26.992784,153.066648,-2.08
-26.992782,153.066927,-2.08
-26.993012,153.065637,-2.00
-26.993009,153.065910,-2.02
-26.993012,153.066143,-2.04
-26.993009,153.066393,-2.05
-26.993010,153.066649,-2.06
-26.993011,153.066899,-2.08
-26.993236,153.065636,-1.97
-26.993236,153.065891,-1.99
-26.993236,153.066143,-2.00
-26.993236,153.066397,-2.02
-26.993234,153.066645,-2.04
-26.993236,153.066898,-2.06
-26.993460,153.065670,-1.95
-26.993460,153.065900,-1.96
-26.993462,153.066142,-1.97
-26.993462,153.066394,-1.99
-26.993461,153.066649,-2.03
-26.993459,153.066925,-2.05
-26.993687,153.065637,-1.94
-26.993685,153.065889,-1.95
-26.993687,153.066152,-1.97
-26.993687,153.066406,-1.98
-26.993685,153.066680,-1.99
-26.993686,153.066913,-1.98
-26.993912,153.065646,-1.95
-26.993915,153.065891,-1.95
-26.993915,153.066146,-1.97
-26.993913,153.066421,-1.97
-26.993913,153.066646,-1.91
-26.993912,153.066910,-1.89
-26.994139,153.065670,-1.89
-26.994139,153.065891,-1.93
-26.994136,153.066166,-1.95
-26.994139,153.066414,-1.91
-26.994139,153.066660,-1.84
-26.994142,153.066913,-1.78
-26.994138,153.067223,-1.69
-26.994366,153.065640,-1.83
-26.994363,153.065889,-1.88
-26.994363,153.066141,-1.89
-26.994363,153.066395,-1.87
-26.994362,153.066658,-1.79
-26.994362,153.066905,-1.65
-26.994365,153.067189,-1.49
-26.994589,153.065655,-1.73
-26.994588,153.065921,-1.81
-26.994588,153.066150,-1.83
-26.994592,153.066398,-1.83
-26.994591,153.066647,-1.74
-26.994589,153.066945,-1.59
-26.994590,153.067242,-1.37
-26.994817,153.065641,-1.32
-26.994817,153.065939,-1.48
-26.994816,153.066162,-1.52
-26.994814,153.066396,-1.59
-26.994814,153.066660,-1.56
-26.994816,153.066945,-1.45
-26.994815,153.067218,-1.30
-26.995042,153.065899,-1.29
-26.995042,153.066143,-1.31
-26.995044,153.066406,-1.32
-26.995040,153.066658,-1.34
-26.995041,153.066899,-1.32
-26.995039,153.067150,-1.27
-26.995265,153.065668,-1.19
-26.995265,153.066397,-1.21
-26.995267,153.066647,-1.22
-26.995269,153.066906,-1.25
-26.995265,153.067151,-1.26
-26.995491,153.065663,-1.08
-26.995495,153.065892,-1.17
-26.995494,153.066147,-1.19
-26.995496,153.067150,-1.18
-26.995717,153.065760,-1.12
-26.995717,153.065989,-1.09
-26.995717,153.066225,-1.15
-26.995716,153.066463,-1.14
-26.995717,153.066672,-1.16
-26.995716,153.066910,-1.18
-26.987025,153.070173,-1.18
-26.987026,153.070541,-1.13
-26.987363,153.069934,-1.20
-26.987137,153.070205,-1.17
-26.987139,153.070427,-1.14
-26.987588,153.069938,-1.20
-26.987363,153.070307,-1.18
-26.987363,153.070529,-1.16
-26.987814,153.069928,-1.24
-26.987589,153.070421,-1.16
-26.988038,153.069953,-1.28
-26.987815,153.070424,-1.17
-26.988265,153.069935,-1.30
-26.988040,153.070444,-1.16
-26.988488,153.069931,-1.40
-26.988491,153.070209,-1.24
-26.988266,153.070536,-1.18
-26.988713,153.070199,-1.26
-26.988942,153.070200,-1.28
-26.989166,153.070205,-1.32
-26.989393,153.070195,-1.32
-26.989615,153.070175,-1.31
-26.989844,153.070193,-1.32
-26.989845,153.070428,-1.26
-26.990066,153.070196,-1.33
-26.990295,153.070175,-1.36
-26.990519,153.070203,-1.36
-26.990746,153.070186,-1.34
-26.990970,153.070173,-1.35
-26.991198,153.070171,-1.35
-26.991425,153.070178,-1.33
-26.991426,153.069920,-1.56
-26.991198,153.069936,-1.75
-26.990972,153.069935,-2.13
-26.990749,153.069425,-2.18
-26.990746,153.069182,-2.20
-26.990527,153.066896,-2.24
-26.990522,153.069419,-2.22
-26.990523,153.069180,-2.14
-26.990522,153.068919,-2.22
-26.990299,153.067150,-2.21
-26.990296,153.069942,-2.01
-26.990295,153.069435,-2.24
-26.990296,153.069191,-2.20
-26.990297,153.068914,-2.22
-26.990074,153.067400,-2.21
-26.990073,153.067156,-2.17
-26.989848,153.067906,-2.24
-26.989849,153.067678,-2.19
-26.989848,153.067400,-2.16
-26.989848,153.067164,-2.16
-26.989624,153.067912,-2.19
-26.989624,153.067653,-2.16
-26.989623,153.067404,-2.16
-26.989624,153.067172,-2.17
-26.989621,153.068163,-2.23
-26.989396,153.067910,-2.19
-26.989398,153.067654,-2.18
-26.989399,153.067402,-2.19
-26.989397,153.067151,-2.19
-26.989394,153.068181,-2.21
-26.989170,153.067914,-2.20
-26.989398,153.066897,-2.19
-26.989171,153.067654,-2.19
-26.989173,153.067414,-2.19
-26.989173,153.067157,-2.18
-26.989172,153.066903,-2.19
-26.989169,153.069180,-2.22
-26.989169,153.068919,-2.19
-26.989169,153.068673,-2.20
-26.989169,153.068415,-2.22
-26.989169,153.068175,-2.18
-26.988947,153.067902,-2.18
-26.988948,153.067656,-2.18
-26.988946,153.067400,-2.19
-26.988948,153.067162,-2.19
-26.988945,153.066896,-2.19
-26.988943,153.069194,-2.10
-26.988943,153.068928,-2.08
-26.988943,153.068662,-2.08
-26.988943,153.068430,-2.10
-26.988943,153.068160,-2.12
-26.988721,153.067912,-2.15
-26.988719,153.067664,-2.17
-26.988719,153.067401,-2.18
-26.988719,153.067147,-2.17
-26.988719,153.066901,-2.18
-26.988716,153.069163,-2.11
-26.988717,153.068921,-2.08
-26.988717,153.068688,-2.05
-26.988718,153.068411,-2.05
-26.988717,153.068170,-2.09
-26.988494,153.067906,-2.11
-26.988496,153.067654,-2.13
-26.988494,153.067400,-2.13
-26.988495,153.067151,-2.12
-26.988495,153.066897,-2.17
-26.988490,153.069431,-2.13
-26.988491,153.069161,-2.08
-26.988492,153.068918,-2.08
-26.988491,153.068657,-2.07
-26.988487,153.068408,-2.05
-26.988491,153.068154,-2.05
-26.988271,153.067902,-2.08
-26.988271,153.067652,-2.09
-26.988271,153.067401,-2.09
-26.988271,153.067153,-2.10
-26.988271,153.066901,-2.15
-26.988266,153.069674,-2.16
-26.988263,153.069426,-2.13
-26.988264,153.069163,-2.12
-26.988264,153.068925,-2.10
-26.988264,153.068676,-2.09
-26.988266,153.068420,-2.08
-26.988048,153.068158,-2.06
-26.988045,153.067909,-2.10
-26.988043,153.067649,-2.08
-26.988045,153.067411,-2.08
-26.988043,153.067155,-2.11
-26.988047,153.066897,-2.19
-26.988038,153.069695,-1.42
-26.988040,153.069414,-2.22
-26.988039,153.068922,-2.11
-26.988034,153.068670,-2.09
-26.988040,153.068420,-2.08
-26.987833,153.068170,-2.06
-26.987817,153.067935,-2.08
-26.987816,153.067658,-2.07
-26.987819,153.067402,-2.06
-26.987816,153.067147,-2.10
-26.987819,153.066893,-2.19
-26.987812,153.069674,-1.34
-26.987811,153.069421,-1.63
-26.987814,153.069175,-2.04
-26.987810,153.068928,-1.99
-26.987813,153.068659,-2.04
-26.987815,153.068408,-2.04
-26.987591,153.068163,-2.03
-26.987592,153.067939,-2.06
-26.987597,153.067659,-2.07
-26.987593,153.067420,-2.05
-26.987592,153.067145,-2.09
-26.987596,153.066896,-2.21
-26.987587,153.069694,-1.30
-26.987585,153.069431,-1.54
-26.987584,153.069166,-1.79
-26.987587,153.068916,-1.92
-26.987585,153.068660,-1.99
-26.987588,153.068427,-1.99
-26.987364,153.068160,-2.00
-26.987364,153.067911,-2.03
-26.987367,153.067654,-2.05
-26.987370,153.067397,-2.04
-26.987367,153.067148,-2.09
-26.987365,153.066895,-2.23
-26.987363,153.069674,-1.26
-26.987360,153.069441,-1.38
-26.987360,153.069220,-1.70
-26.987361,153.068973,-1.94
-26.987363,153.068690,-1.97
-26.987364,153.068410,-1.98
-26.987140,153.068153,-1.97
-26.987142,153.067925,-2.00
-26.987141,153.067652,-2.03
-26.987142,153.067421,-2.07
-26.987141,153.067148,-2.08
-26.987139,153.066897,-2.20
-26.987136,153.069681,-1.22
-26.987135,153.069418,-1.36
-26.987134,153.069233,-1.63
-26.987134,153.068910,-1.92
-26.987137,153.068681,-1.98
-26.987138,153.068405,-1.99
-26.987027,153.068162,-1.96
-26.987030,153.067903,-1.96
-26.987029,153.067654,-1.97
-26.987027,153.067411,-2.08
-26.987027,153.067148,-2.06
-26.987027,153.066893,-2.15
-26.988496,153.066645,-2.21
-26.988719,153.066393,-2.23
-26.988719,153.066646,-2.20
-26.988948,153.066141,-2.21
-26.988946,153.066395,-2.19
-26.988948,153.066646,-2.20
-26.989173,153.065891,-2.21
-26.989174,153.066161,-2.17
-26.989173,153.066390,-2.19
-26.989170,153.066644,-2.19
-26.989398,153.065640,-2.17
-26.989398,153.065897,-2.15
-26.989397,153.066157,-2.16
-26.989397,153.066423,-2.18
-26.989399,153.066643,-2.18
-26.989625,153.065640,-2.14
-26.989624,153.065921,-2.15
-26.989624,153.066156,-2.15
-26.989623,153.066408,-2.16
-26.989623,153.066644,-2.18
-26.989624,153.066903,-2.17
-26.989848,153.065661,-2.15
-26.989849,153.065922,-2.15
-26.989851,153.066149,-2.15
-26.989848,153.066393,-2.16
-26.989852,153.066645,-2.16
-26.989849,153.066898,-2.17
-26.990075,153.065645,-2.14
-26.990075,153.065898,-2.16
-26.990076,153.066153,-2.19
-26.990074,153.066650,-2.20
-26.990074,153.066912,-2.16
-26.990301,153.065643,-2.16
-26.990299,153.065896,-2.18
-26.990300,153.066644,-2.20
-26.990301,153.066904,-2.18
-26.990526,153.065664,-2.18
-26.990529,153.065895,-2.22
-26.990528,153.066412,-2.22
-26.990527,153.066651,-2.21
-26.990756,153.065638,-2.23
-26.990754,153.065916,-2.23
-26.990755,153.066141,-2.22
-26.990979,153.065637,-2.23
-26.990978,153.065889,-2.22
-26.982512,153.064637,-0.88
-26.982514,153.064613,-0.77
-26.982513,153.064909,-0.93
-26.982513,153.065183,-1.01
-26.982512,153.065463,-1.06
-26.982626,153.064688,-0.83
-26.982631,153.064879,-0.89
-26.982626,153.065142,-0.90
-26.982625,153.065429,-0.96
-26.982854,153.065005,-0.78
-26.982851,153.065209,-0.80
-26.982851,153.065490,-0.86
-26.983077,153.065302,-0.73
-26.983079,153.065379,-0.75
-26.983414,153.063872,-0.88
-26.983539,153.063628,-1.91
-26.983756,153.063630,-2.21
-26.983757,153.063890,-1.96
-26.983861,153.064624,-1.49
-26.983984,153.063888,-2.02
-26.983983,153.064120,-1.90
-26.983982,153.064441,-2.05
-26.983982,153.064635,-2.16
-26.984208,153.063881,-2.13
-26.984211,153.064132,-1.86
-26.984206,153.064381,-1.98
-26.984435,153.064129,-1.83
-26.984432,153.064387,-1.88
-26.984435,153.064637,-2.04
-26.984661,153.064138,-1.90
-26.984662,153.064419,-1.70
-26.984659,153.064627,-1.91
-26.984662,153.064877,-2.10
-26.984885,153.064121,-1.95
-26.984886,153.064372,-1.81
-26.984887,153.064627,-1.69
-26.984883,153.064876,-2.08
-26.985114,153.064128,-1.95
-26.985112,153.064420,-1.81
-26.985114,153.064647,-1.83
-26.985109,153.064891,-2.09
-26.985337,153.063868,-2.05
-26.985335,153.063625,-2.15
-26.985336,153.064122,-1.73
-26.985341,153.064416,-1.81
-26.985337,153.064625,-1.93
-26.985338,153.064879,-2.02
-26.985561,153.063886,-1.87
-26.985565,153.064128,-1.91
-26.985562,153.064391,-1.93
-26.985754,153.063694,-1.75
-26.985560,153.064629,-1.96
-26.985562,153.064892,-2.02
-26.985789,153.063871,-1.94
-26.985871,153.063617,-1.85
-26.985786,153.064125,-1.95
-26.985789,153.064372,-1.96
-26.985787,153.064636,-1.98
-26.985789,153.064884,-2.00
-26.985786,153.065129,-2.06
-26.986012,153.063884,-2.04
-26.986012,153.063617,-2.03
-26.986013,153.064127,-2.04
-26.986012,153.064376,-2.01
-26.986015,153.064626,-2.02
-26.986691,153.062872,-2.16
-26.986690,153.062636,-1.99
-26.986690,153.062400,-1.89
-26.986693,153.062107,-1.90
-26.986914,153.061876,-2.00
-26.986913,153.061620,-2.17
-26.986908,153.061375,-2.11
-26.986911,153.061098,-2.07
-26.986913,153.060864,-2.09
-26.986914,153.060622,-2.08
-26.986470,153.063120,-2.22
-26.986464,153.062915,-1.99
-26.986533,153.062774,-1.61
-26.986466,153.062385,-1.55
-26.986464,153.062109,-1.82
-26.986675,153.061860,-1.97
-26.986687,153.061639,-2.04
-26.986688,153.061358,-2.10
-26.986689,153.061112,-2.14
-26.986687,153.060858,-2.14
-26.986688,153.060596,-2.11
-26.986239,153.063379,-2.20
-26.986240,153.063121,-2.02
-26.986345,153.062992,-1.52
-26.986373,153.062854,-1.48
-26.986238,153.062363,-1.61
-26.986241,153.062109,-1.92
-26.986463,153.061907,-2.01
-26.986464,153.061626,-2.06
-26.986463,153.061397,-2.12
-26.986464,153.061111,-2.15
-26.986464,153.060856,-2.18
-26.986464,153.060610,-2.16
-26.986017,153.063409,-1.93
-26.986166,153.063135,-1.63
-26.986016,153.062867,-1.84
-26.986016,153.062611,-2.06
-26.986015,153.062359,-2.06
-26.986015,153.062112,-2.11
-26.986237,153.061870,-2.12
-26.986238,153.061654,-2.11
-26.986238,153.061368,-2.09
-26.986238,153.061108,-2.11
-26.986238,153.060847,-2.17
-26.986237,153.060614,-2.18
-26.985992,153.063444,-1.79
-26.985791,153.063120,-1.96
-26.985790,153.062863,-2.18
-26.985788,153.062617,-2.22
-26.985790,153.062360,-2.24
-26.985789,153.062123,-2.23
-26.986012,153.061871,-2.22
-26.986008,153.061606,-2.17
-26.986012,153.061369,-2.12
-26.986013,153.061128,-2.16
-26.986011,153.060869,-2.18
-26.986012,153.060598,-2.19
-26.985561,153.063368,-2.03
-26.985786,153.061352,-2.19
-26.985786,153.061110,-2.18
-26.985784,153.060857,-2.19
-26.985787,153.060604,-2.19
-26.985561,153.061371,-2.24
-26.985561,153.061107,-2.20
-26.985561,153.060858,-2.19
-26.985561,153.060614,-2.21
-26.983079,153.062900,-2.07
-26.983077,153.063324,-0.90
-26.982972,153.062860,-1.48
-26.982854,153.062612,-1.67
-26.982853,153.062394,-2.12
-26.982852,153.062991,-0.83
-26.982798,153.062608,-1.35
-26.982627,153.062361,-1.65
-26.982852,153.062146,-1.94
-26.982623,153.062649,-0.69
-26.982626,153.062606,-0.82
-26.982625,153.062116,-1.54
-26.982626,153.061877,-1.76
-26.978001,153.064393,-2.24
-26.978001,153.064872,-2.24
-26.977998,153.065127,-2.24
-26.978115,153.064117,-2.24
-26.978117,153.064372,-2.24
-26.978112,153.064888,-2.24
-26.978114,153.065131,-2.24
-26.978115,153.065379,-2.23
-26.978340,153.064628,-2.24
-26.978338,153.064876,-2.24
-26.978340,153.065129,-2.23
-26.978339,153.065379,-2.23
-26.978568,153.064392,-2.24
-26.978566,153.064629,-2.24
-26.978564,153.064911,-2.24
-26.979244,153.063113,-2.23
-26.979242,153.065379,-2.24
-26.979466,153.063114,-2.23
-26.979467,153.064622,-2.24
-26.979467,153.064879,-2.23
-26.979466,153.065133,-2.22
-26.979470,153.065378,-2.21
-26.979694,153.063362,-2.24
-26.979696,153.063116,-2.23
-26.979694,153.064120,-2.24
-26.979692,153.064373,-2.21
-26.979691,153.064624,-2.18
-26.979694,153.064875,-2.17
-26.979691,153.065130,-2.15
-26.979693,153.065387,-2.15
-26.979921,153.063366,-2.21
-26.979919,153.063125,-2.18
-26.979921,153.063621,-2.23
-26.979922,153.063868,-2.23
-26.979918,153.064128,-2.22
-26.979920,153.064371,-2.14
-26.979922,153.064625,-2.12
-26.979919,153.064890,-2.13
-26.979917,153.065133,-2.13
-26.979919,153.065379,-2.13
-26.980143,153.063365,-2.13
-26.980145,153.063123,-2.10
-26.980146,153.063620,-2.10
-26.980148,153.063867,-2.09
-26.980146,153.064119,-2.12
-26.980147,153.064385,-2.10
-26.980144,153.064626,-2.12
-26.980143,153.064897,-2.13
-26.980146,153.065132,-2.13
-26.980144,153.065404,-2.13
-26.980370,153.063373,-1.99
-26.980369,153.063121,-2.04
-26.980374,153.063614,-1.98
-26.980371,153.063895,-2.03
-26.980374,153.064117,-2.06
-26.980372,153.064387,-2.10
-26.980369,153.064628,-2.12
-26.980372,153.064890,-2.12
-26.980372,153.065136,-2.13
-26.980369,153.065378,-2.12
-26.980595,153.063363,-1.92
-26.980598,153.063115,-2.02
-26.980597,153.063617,-2.00
-26.980595,153.063869,-2.01
-26.980595,153.064126,-2.06
-26.980599,153.064377,-2.10
-26.980596,153.064634,-2.12
-26.980594,153.064880,-2.12
-26.980597,153.065130,-2.12
-26.980600,153.065380,-2.12
-26.980823,153.063369,-2.14
-26.980822,153.063117,-1.77
-26.980822,153.063633,-2.22
-26.980824,153.063878,-2.20
-26.980821,153.064120,-2.18
-26.980823,153.064373,-2.11
-26.980825,153.064627,-2.10
-26.980822,153.064875,-2.10
-26.980823,153.065127,-2.09
-26.980821,153.065382,-2.03
-26.981053,153.063377,-1.64
-26.981048,153.063641,-1.86
-26.981046,153.063869,-2.03
-26.981050,153.064127,-2.24
-26.981046,153.064371,-2.20
-26.981047,153.064622,-2.10
-26.981046,153.064888,-2.07
-26.981047,153.065128,-2.04
-26.981045,153.065382,-2.00
-26.981274,153.063877,-1.42
-26.981276,153.064142,-1.58
-26.981276,153.064370,-1.68
-26.981276,153.064630,-1.94
-26.981274,153.064876,-1.98
-26.981275,153.065163,-1.91
-26.981274,153.065380,-1.91
-26.981497,153.063468,-0.80
-26.981502,153.064378,-1.37
-26.981499,153.064672,-1.40
-26.981497,153.065133,-1.59
-26.981499,153.064898,-1.49
-26.981499,153.065382,-1.56
-26.981724,153.063639,-0.76
-26.981723,153.063883,-0.93
-26.981723,153.064202,-1.08
-26.981724,153.065131,-1.35
-26.981725,153.065381,-1.38
-26.981949,153.063996,-0.79
-26.981949,153.064247,-0.91
-26.981948,153.064531,-1.02
-26.981948,153.064643,-1.10
-26.981949,153.064877,-1.13
-26.982175,153.064182,-0.80
-26.982175,153.064417,-0.89
-26.982174,153.064680,-1.00
-26.982174,153.064946,-1.02
-26.982174,153.065198,-1.11
-26.982175,153.065426,-1.15
-26.982401,153.062302,-0.76
-26.982397,153.061881,-1.54
-26.982401,153.061605,-1.63
-26.982170,153.062041,-0.65
-26.982170,153.061351,-1.63
-26.981949,153.061923,-0.65
-26.981948,153.061850,-0.71
-26.981949,153.061104,-1.65
-26.981948,153.060864,-2.21
-26.981723,153.061768,-0.65
-26.981723,153.061590,-0.76
-26.981723,153.060898,-1.58
-26.981724,153.060610,-1.72
-26.981511,153.063351,-0.63
-26.981492,153.063328,-0.92
-26.981497,153.061803,-0.69
-26.981498,153.061596,-0.73
-26.981498,153.061344,-0.79
-26.981340,153.063102,-0.76
-26.981498,153.061087,-0.90
-26.981492,153.060623,-1.55
-26.981181,153.062858,-0.82
-26.981273,153.061576,-0.74
-26.981270,153.061340,-0.76
-26.981273,153.061053,-0.83
-26.981267,153.060841,-0.94
-26.980821,153.062894,-1.49
-26.980862,153.062756,-1.39
-26.981014,153.062596,-0.98
-26.981047,153.061278,-0.73
-26.981043,153.061089,-0.78
-26.981047,153.060820,-0.87
-26.980597,153.062873,-2.07
-26.980859,153.062348,-0.74
-26.980598,153.062651,-2.03
-26.980821,153.060982,-0.78
-26.980821,153.060836,-0.84
-26.980708,153.062101,-0.95
-26.980370,153.062869,-2.08
-26.980371,153.062608,-2.08
-26.980588,153.062173,-1.99
-26.980551,153.062089,-1.58
-26.980392,153.061847,-1.44
-26.980592,153.060677,-0.78
-26.980144,153.062864,-2.10
-26.980147,153.062608,-2.10
-26.980369,153.062397,-2.11
-26.980369,153.062158,-2.11
-26.980369,153.061879,-2.11
-26.980368,153.061835,-1.46
-26.980362,153.061594,-1.05
-26.979920,153.062872,-2.17
-26.979919,153.062624,-2.15
-26.980141,153.062366,-2.12
-26.980221,153.061341,-0.83
-26.980143,153.062130,-2.09
-26.980139,153.061861,-2.04
-26.980144,153.061343,-0.94
-26.980089,153.061092,-0.80
-26.979697,153.062863,-2.20
-26.979697,153.062613,-2.16
-26.979918,153.062355,-2.10
-26.979917,153.062107,-2.03
-26.979916,153.061853,-1.98
-26.979913,153.061641,-1.93
-26.979979,153.060841,-0.71
-26.979911,153.061482,-1.48
-26.979834,153.061337,-1.42
-26.979919,153.060821,-0.99
-26.979470,153.062857,-2.20
-26.979468,153.062624,-2.10
-26.979692,153.062368,-2.04
-26.979691,153.062114,-2.01
-26.979690,153.061851,-1.91
-26.979691,153.061600,-1.57
-26.979685,153.061375,-1.83
-26.979241,153.062861,-2.15
-26.979242,153.062620,-2.08
-26.979466,153.062360,-2.04
-26.979460,153.062115,-2.00
-26.979466,153.061871,-1.69
-26.979459,153.061601,-1.89
-26.979464,153.061357,-1.95
-26.979467,153.061094,-1.94
-26.979465,153.060843,-1.90
-26.979018,153.062857,-2.17
-26.979020,153.062617,-2.10
-26.979240,153.062355,-2.05
-26.979240,153.062115,-2.01
-26.979240,153.061855,-1.99
-26.979240,153.061612,-1.99
-26.979241,153.061356,-2.02
-26.979241,153.061096,-2.00
-26.979241,153.060878,-1.96
-26.979239,153.060597,-1.95
-26.978790,153.062870,-2.20
-26.978792,153.062628,-2.13
-26.979014,153.062389,-2.07
-26.979014,153.062125,-2.04
-26.979015,153.061899,-2.03
-26.979014,153.061622,-2.03
-26.979015,153.061367,-2.09
-26.979016,153.061112,-2.08
-26.979015,153.060872,-2.04
-26.979015,153.060608,-2.02
-26.978564,153.062870,-2.24
-26.978565,153.062623,-2.15
-26.978789,153.062371,-2.09
-26.978789,153.062112,-2.08
-26.978789,153.061853,-2.08
-26.978789,153.061618,-2.22
-26.978790,153.060599,-2.23
-26.978339,153.062605,-2.21
-26.978564,153.062369,-2.20
-26.978563,153.062125,-2.19
-26.982510,153.069601,-1.09
-26.982510,153.069754,-1.05
-26.982512,153.069915,-1.02
-26.982510,153.070255,-0.99
-26.982510,153.070436,-1.03
-26.982623,153.069619,-1.07
-26.982623,153.069786,-1.03
-26.982623,153.069951,-1.00
-26.982623,153.070175,-1.02
-26.982623,153.070469,-1.02
-26.982849,153.069715,-1.01
-26.982851,153.069660,-1.07
-26.982849,153.069923,-0.99
-26.982849,153.070237,-1.01
-26.982848,153.070419,-0.99
-26.983075,153.069700,-0.99
-26.983078,153.069628,-1.05
-26.983076,153.069917,-1.00
-26.983074,153.070279,-1.00
-26.983075,153.070464,-0.96
-26.983301,153.069711,-0.97
-26.983303,153.069660,-1.02
-26.983300,153.069931,-1.00
-26.983300,153.070173,-0.97
-26.983300,153.070529,-0.92
-26.983527,153.069818,-0.88
-26.983526,153.070035,-0.90
-26.983526,153.070242,-0.87
-26.983526,153.070453,-0.83
-26.983752,153.069755,-0.75
-26.983752,153.069956,-0.76
-26.983752,153.070189,-0.74
-26.983752,153.070536,-0.68
-26.984851,153.070195,-0.63
-26.984839,153.070537,-0.82
-26.984881,153.070066,-0.80
-26.984880,153.070265,-0.77
-26.984882,153.070462,-0.72
-26.985106,153.069824,-0.80
-26.985106,153.070031,-0.84
-26.985107,153.070218,-0.84
-26.985106,153.070454,-0.82
-26.985332,153.069890,-0.92
-26.985332,153.069915,-0.90
-26.985332,153.070340,-0.88
-26.985332,153.070543,-0.85
-26.985557,153.069771,-1.04
-26.985557,153.070004,-1.00
-26.985557,153.070252,-0.95
-26.985557,153.070506,-0.93
-26.986234,153.069924,-1.20
-26.986234,153.069664,-1.20
-26.986460,153.069935,-1.20
-26.986462,153.070430,-1.08
-26.986684,153.069677,-1.22
-26.986686,153.070228,-1.17
-26.986911,153.069670,-1.22
-26.986686,153.070471,-1.11
-26.986907,153.069422,-1.29
-26.986911,153.069180,-1.44
-26.986910,153.068922,-2.07
-26.986910,153.068683,-2.02
-26.986912,153.068410,-1.99
-26.986688,153.068161,-1.94
-26.986695,153.067929,-1.88
-26.986689,153.067652,-1.91
-26.986688,153.067401,-2.06
-26.986689,153.067148,-2.06
-26.986687,153.066905,-2.17
-26.986683,153.069412,-1.26
-26.986686,153.069234,-1.33
-26.986685,153.068910,-1.67
-26.986684,153.068664,-2.03
-26.986686,153.068409,-1.96
-26.986461,153.068153,-1.88
-26.986464,153.067904,-1.87
-26.986464,153.067651,-1.90
-26.986461,153.067403,-2.08
-26.986462,153.067151,-2.06
-26.986462,153.066900,-2.19
-26.986460,153.069668,-1.23
-26.986460,153.069424,-1.26
-26.986460,153.069204,-1.27
-26.986454,153.068922,-1.51
-26.986460,153.068666,-2.05
-26.986460,153.068410,-1.95
-26.986238,153.068156,-1.91
-26.986236,153.067902,-1.95
-26.986238,153.067653,-1.97
-26.986239,153.067404,-2.03
-26.986237,153.067158,-2.06
-26.986239,153.066893,-2.15
-26.986234,153.069412,-1.25
-26.986232,153.069170,-1.27
-26.986233,153.068912,-1.28
-26.986230,153.068663,-1.69
-26.986235,153.068414,-1.86
-26.986011,153.068169,-1.96
-26.986011,153.067902,-1.96
-26.986011,153.067654,-1.98
-26.986010,153.067396,-2.05
-26.986010,153.067152,-2.05
-26.986011,153.066898,-2.14
-26.986009,153.069171,-1.22
-26.986008,153.068923,-1.26
-26.986008,153.068681,-1.47
-26.986008,153.068415,-1.91
-26.985787,153.068158,-2.01
-26.985787,153.067917,-2.03
-26.985786,153.067676,-2.04
-26.985787,153.067397,-2.05
-26.985789,153.067184,-2.06
-26.985786,153.066895,-2.16
-26.985783,153.069527,-1.07
-26.985783,153.069252,-1.10
-26.985779,153.068722,-1.28
-26.985783,153.068431,-1.69
-26.985559,153.068156,-2.06
-26.985561,153.067903,-2.07
-26.985559,153.067649,-2.06
-26.985562,153.067402,-2.06
-26.985559,153.067169,-2.07
-26.985563,153.066894,-2.08
-26.985557,153.069646,-0.98
-26.985557,153.069369,-1.02
-26.985558,153.069071,-1.05
-26.985555,153.068675,-1.23
-26.985556,153.068426,-1.30
-26.985333,153.068171,-1.48
-26.985333,153.067954,-2.16
-26.985337,153.067650,-2.11
-26.985333,153.067397,-2.11
-26.985334,153.067146,-2.08
-26.985335,153.066893,-2.09
-26.985332,153.069627,-0.87
-26.985332,153.069349,-0.92
-26.985332,153.069067,-0.96
-26.985332,153.068788,-1.00
-26.985332,153.068512,-1.05
-26.985264,153.068165,-1.28
-26.985204,153.067902,-1.33
-26.985109,153.067162,-2.15
-26.985109,153.066899,-2.23
-26.985108,153.066664,-2.23
-26.985106,153.069505,-0.79
-26.985106,153.069308,-0.77
-26.985106,153.069115,-0.80
-26.985103,153.068903,-0.85
-26.985106,153.068648,-0.90
-26.985106,153.068319,-0.97
-26.985106,153.068133,-1.03
-26.984887,153.066680,-2.24
-26.984880,153.068894,-0.76
-26.984880,153.068568,-0.78
-26.984880,153.068396,-0.84
-26.984880,153.068142,-0.86
-26.984881,153.067871,-0.88
-26.984879,153.067643,-0.92
-26.984881,153.067347,-1.01
-26.984650,153.066946,-0.65
-26.984653,153.066890,-0.85
-26.983838,153.069609,-0.77
-26.983750,153.069629,-0.91
-26.983742,153.068905,-0.79
-26.983690,153.068652,-0.77
-26.983668,153.068379,-0.76
-26.983526,153.069393,-1.08
-26.983524,153.069156,-1.06
-26.983525,153.068905,-0.98
-26.983526,153.068653,-0.98
-26.983565,153.067646,-0.63
-26.983526,153.068289,-0.95
-26.983591,153.066913,-0.63
-26.983597,153.066780,-0.63
-26.983555,153.067388,-0.62
-26.983590,153.066632,-0.65
-26.983527,153.067605,-0.85
-26.983527,153.067353,-0.84
-26.983527,153.067134,-0.83
-26.983519,153.066888,-0.82
-26.983519,153.066637,-0.84
-26.983532,153.066378,-0.59
-26.983519,153.066386,-0.81
-26.983300,153.069335,-1.08
-26.983300,153.069105,-1.13
-26.983300,153.068863,-1.10
-26.983301,153.068623,-1.10
-26.983301,153.068392,-1.10
-26.983296,153.068137,-1.08
-26.983296,153.067887,-1.08
-26.983297,153.067638,-1.05
-26.983297,153.067391,-1.02
-26.983297,153.067136,-1.00
-26.983297,153.066884,-0.97
-26.983297,153.066636,-0.96
-26.983298,153.066378,-0.95
-26.983074,153.069310,-1.12
-26.983074,153.069089,-1.14
-26.983075,153.068851,-1.15
-26.983075,153.068619,-1.17
-26.983075,153.068399,-1.16
-26.983071,153.068143,-1.20
-26.983072,153.067894,-1.19
-26.983073,153.067638,-1.17
-26.983074,153.067390,-1.16
-26.983075,153.067135,-1.14
-26.983076,153.066820,-1.11
-26.983075,153.066612,-1.10
-26.982849,153.069267,-1.14
-26.982849,153.069076,-1.17
-26.982849,153.068861,-1.19
-26.982846,153.068653,-1.21
-26.982848,153.068392,-1.21
-26.982849,153.068055,-1.24
-26.982849,153.067857,-1.26
-26.982844,153.067645,-1.26
-26.982847,153.067390,-1.25
-26.982849,153.067141,-1.21
-26.982850,153.066885,-1.17
-26.982846,153.066626,-1.16
-26.982841,153.066326,-1.13
-26.982622,153.069403,-1.15
-26.982623,153.069047,-1.19
-26.982623,153.068885,-1.21
-26.982751,153.066134,-1.11
-26.982624,153.068568,-1.24
-26.982621,153.068400,-1.24
-26.982624,153.068121,-1.27
-26.982624,153.067895,-1.28
-26.982622,153.067638,-1.30
-26.982621,153.067391,-1.31
-26.982624,153.067127,-1.31
-26.982624,153.066857,-1.28
-26.982624,153.066632,-1.24
-26.982611,153.066377,-1.21
-26.982622,153.066134,-1.19
-26.982512,153.065740,-1.14
-26.982625,153.065716,-1.05
-26.982851,153.065632,-0.94
-26.982854,153.065882,-1.02
-26.982855,153.066135,-1.06
-26.983078,153.065659,-0.82
-26.983080,153.065887,-0.91
-26.983302,153.065572,-0.62
-26.983304,153.065668,-0.68
-26.983304,153.065883,-0.76
-26.984357,153.065656,-1.47
-26.984567,153.066136,-1.53
-26.978106,153.069445,-1.44
-26.978108,153.069698,-1.26
-26.978107,153.069926,-1.20
-26.978102,153.070171,-1.19
-26.978332,153.069173,-2.07
-26.978333,153.069417,-1.39
-26.978331,153.069687,-1.25
-26.978334,153.069958,-1.26
-26.978334,153.070184,-1.22
-26.978558,153.069173,-1.50
-26.978560,153.069426,-1.29
-26.978558,153.069686,-1.25
-26.978560,153.069931,-1.30
-26.978559,153.070165,-1.30
-26.978786,153.069166,-1.44
-26.978785,153.069424,-1.29
-26.978785,153.069683,-1.29
-26.978785,153.069927,-1.27
-26.978784,153.070182,-1.26
-26.979010,153.069165,-1.28
-26.979010,153.069412,-1.25
-26.979009,153.069668,-1.26
-26.979010,153.069940,-1.25
-26.979011,153.070168,-1.22
-26.979236,153.069416,-1.26
-26.979237,153.069159,-1.27
-26.979236,153.069672,-1.24
-26.979237,153.069919,-1.21
-26.979236,153.070181,-1.18
-26.979463,153.069417,-1.28
-26.979463,153.069162,-1.31
-26.979460,153.069685,-1.25
-26.979461,153.069926,-1.22
-26.979689,153.069424,-1.26
-26.979688,153.069160,-1.30
-26.979686,153.069664,-1.25
-26.979688,153.069929,-1.22
-26.979463,153.070448,-1.22
-26.979914,153.069416,-1.26
-26.979913,153.069677,-1.22
-26.979905,153.069915,-1.20
-26.979689,153.070426,-1.17
-26.980140,153.069408,-1.26
-26.980140,153.069685,-1.25
-26.980139,153.069926,-1.21
-26.979914,153.070438,-1.13
-26.980364,153.069424,-1.26
-26.980364,153.069667,-1.26
-26.980186,153.069397,-1.26
-26.980365,153.069924,-1.21
-26.980143,153.070423,-1.09
-26.980592,153.069411,-1.25
-26.980590,153.069680,-1.25
-26.980589,153.069923,-1.21
-26.980366,153.070422,-1.09
-26.980814,153.069426,-1.22
-26.980813,153.069667,-1.21
-26.980591,153.070486,-1.11
-26.980817,153.070288,-1.16
-26.980817,153.070532,-1.10
-26.981043,153.069978,-1.17
-26.981043,153.070212,-1.13
-26.981043,153.070447,-1.09
-26.981269,153.069709,-1.17
-26.981271,153.069658,-1.20
-26.981269,153.069951,-1.15
-26.981269,153.070196,-1.13
-26.981269,153.070442,-1.12
-26.981495,153.069706,-1.16
-26.981497,153.069644,-1.18
-26.981495,153.069948,-1.14
-26.981494,153.070195,-1.12
-26.981498,153.070425,-1.11
-26.981720,153.069671,-1.13
-26.981721,153.069660,-1.16
-26.981722,153.069918,-1.11
-26.981722,153.070167,-1.08
-26.981721,153.070420,-1.08
-26.981946,153.069771,-1.10
-26.981951,153.069660,-1.14
-26.981946,153.069955,-1.08
-26.981946,153.070176,-1.05
-26.981947,153.070419,-1.06
-26.982172,153.069718,-1.07
-26.982175,153.069660,-1.11
-26.982173,153.069918,-1.04
-26.982172,153.070255,-1.02
-26.982171,153.070437,-1.05
-26.982397,153.069344,-1.17
-26.982397,153.069086,-1.22
-26.982398,153.068826,-1.29
-26.982397,153.068652,-1.29
-26.982397,153.068398,-1.30
-26.982396,153.068143,-1.31
-26.982394,153.067895,-1.32
-26.982398,153.067604,-1.32
-26.982397,153.067393,-1.34
-26.982394,153.067137,-1.34
-26.982398,153.066862,-1.33
-26.982398,153.066600,-1.32
-26.982393,153.066385,-1.31
-26.982170,153.069407,-1.19
-26.982172,153.069076,-1.24
-26.982170,153.068902,-1.29
-26.982172,153.068595,-1.32
-26.982171,153.068375,-1.32
-26.982172,153.068084,-1.33
-26.982169,153.067895,-1.35
-26.982173,153.067591,-1.35
-26.981946,153.069376,-1.21
-26.981946,153.069025,-1.25
-26.981946,153.068848,-1.30
-26.981944,153.068647,-1.32
-26.981946,153.068312,-1.35
-26.981946,153.068147,-1.37
-26.981731,153.067396,-1.34
-26.981723,153.067153,-1.34
-26.981725,153.066898,-1.35
-26.981727,153.066638,-1.37
-26.981725,153.066399,-1.37
-26.981724,153.066135,-1.38
-26.981720,153.069387,-1.22
-26.981719,153.069046,-1.26
-26.981721,153.068852,-1.30
-26.981718,153.068651,-1.33
-26.981721,153.068316,-1.35
-26.981497,153.067661,-1.37
-26.981498,153.067395,-1.42
-26.981498,153.067183,-1.68
-26.981502,153.066892,-1.79
-26.981496,153.066645,-1.59
-26.981496,153.066386,-1.61
-26.981501,153.066152,-1.55
-26.981495,153.069268,-1.23
-26.981495,153.069104,-1.27
-26.981493,153.068901,-1.30
-26.981495,153.068567,-1.33
-26.981272,153.067897,-1.35
-26.981273,153.067698,-1.42
-26.981274,153.067403,-1.63
-26.981271,153.067167,-1.80
-26.981272,153.066900,-1.89
-26.981270,153.066653,-1.96
-26.981271,153.066387,-1.96
-26.981275,153.066177,-1.94
-26.981067,153.068690,-1.33
-26.981044,153.068401,-1.33
-26.981045,153.068217,-1.32
-26.981050,153.067903,-1.40
-26.981045,153.067659,-1.53
-26.981050,153.067414,-1.89
-26.981046,153.067144,-1.96
-26.981045,153.066892,-1.96
-26.981045,153.066686,-2.00
-26.981047,153.066387,-2.03
-26.981045,153.066134,-2.04
-26.981041,153.069162,-1.22
-26.981040,153.068918,-1.24
-26.980820,153.068656,-1.29
-26.980822,153.068472,-1.37
-26.980819,153.068162,-1.46
-26.980824,153.067900,-1.60
-26.980819,153.067653,-1.72
-26.980819,153.067476,-2.05
-26.980822,153.066918,-2.04
-26.980824,153.067145,-2.06
-26.980819,153.066644,-2.04
-26.980819,153.066385,-2.06
-26.980822,153.066162,-2.05
-26.980817,153.069157,-1.25
-26.980815,153.068916,-1.26
-26.980595,153.068666,-1.33
-26.980593,153.068401,-1.45
-26.980593,153.068191,-1.80
-26.980594,153.067898,-1.95
-26.980593,153.067773,-1.98
-26.980594,153.067402,-2.06
-26.980597,153.067145,-2.04
-26.980596,153.066889,-2.04
-26.980594,153.066653,-2.04
-26.980594,153.066389,-2.07
-26.980597,153.066149,-2.09
-26.980591,153.069180,-1.26
-26.980591,153.068934,-1.27
-26.980367,153.068755,-1.37
-26.980367,153.068406,-1.87
-26.980367,153.068162,-2.09
-26.980370,153.067901,-2.03
-26.980370,153.067648,-2.05
-26.980370,153.067395,-2.04
-26.980370,153.067144,-2.02
-26.980369,153.066897,-2.06
-26.980368,153.066638,-2.07
-26.980369,153.066404,-2.09
-26.980370,153.066133,-2.11
-26.980366,153.068917,-1.27
-26.980141,153.068674,-1.41
-26.980144,153.068402,-1.90
-26.980144,153.068149,-2.07
-26.980143,153.067919,-2.05
-26.980143,153.067648,-2.04
-26.980143,153.067394,-2.05
-26.980142,153.067144,-2.07
-26.980144,153.066906,-2.08
-26.980144,153.066639,-2.10
-26.980142,153.066394,-2.11
-26.980142,153.066136,-2.12
-26.980137,153.069402,-1.26
-26.980140,153.068921,-1.30
-26.979917,153.068664,-1.49
-26.979919,153.068405,-2.04
-26.979916,153.068172,-2.05
-26.979919,153.067899,-2.06
-26.979916,153.067654,-2.05
-26.979918,153.067395,-2.07
-26.979918,153.067147,-2.09
-26.979919,153.066894,-2.11
-26.979920,153.066639,-2.11
-26.979920,153.066391,-2.11
-26.979914,153.069166,-1.26
-26.979920,153.066144,-2.12
-26.979915,153.068921,-1.32
-26.979694,153.068653,-1.51
-26.979694,153.068404,-1.87
-26.979690,153.068152,-2.05
-26.979693,153.067931,-2.10
-26.979691,153.067648,-2.07
-26.979692,153.067403,-2.09
-26.979694,153.067147,-2.11
-26.979691,153.066896,-2.13
-26.979693,153.066640,-2.13
-26.979695,153.066397,-2.13
-26.979694,153.066138,-2.14
-26.979688,153.068914,-1.38
-26.979468,153.068657,-1.61
-26.979464,153.068415,-1.84
-26.979467,153.068161,-2.15
-26.979464,153.067902,-2.09
-26.979465,153.067655,-2.09
-26.979468,153.067392,-2.10
-26.979468,153.067160,-2.11
-26.979465,153.066895,-2.12
-26.979465,153.066666,-2.13
-26.979465,153.066396,-2.14
-26.979468,153.066136,-2.16
-26.979463,153.068942,-1.45
-26.979244,153.068653,-1.63
-26.979242,153.068152,-2.13
-26.979239,153.067920,-2.10
-26.979243,153.067647,-2.09
-26.979239,153.067395,-2.11
-26.979240,153.067150,-2.12
-26.979241,153.066902,-2.12
-26.979241,153.066656,-2.13
-26.979239,153.066385,-2.16
-26.979240,153.066134,-2.19
-26.979237,153.068921,-1.39
-26.979014,153.068655,-1.64
-26.979241,153.065883,-2.23
-26.979014,153.068152,-2.18
-26.979014,153.067904,-2.21
-26.979014,153.067646,-2.22
-26.979013,153.067396,-2.23
-26.979017,153.067146,-2.19
-26.979017,153.066891,-2.16
-26.979017,153.066639,-2.19
-26.979014,153.066386,-2.24
-26.979015,153.066135,-2.23
-26.979014,153.065902,-2.24
-26.979009,153.068911,-1.40
-26.978561,153.068913,-1.82
-26.979242,153.065633,-2.23
-26.979468,153.065631,-2.21
-26.979465,153.065891,-2.20
-26.979695,153.065631,-2.15
-26.979695,153.065901,-2.15
-26.979918,153.065634,-2.13
-26.979917,153.065881,-2.13
-26.980143,153.065635,-2.13
-26.980144,153.065888,-2.13
-26.980371,153.065632,-2.13
-26.980370,153.065886,-2.13
-26.980595,153.065637,-2.10
-26.980594,153.065881,-2.08
-26.980823,153.065654,-2.02
-26.980822,153.065884,-2.02
-26.981048,153.065667,-2.02
-26.981047,153.065883,-1.99
-26.981274,153.065630,-1.89
-26.981271,153.065884,-1.84
-26.981499,153.065630,-1.56
-26.981497,153.065893,-1.52
-26.981726,153.065641,-1.37
-26.981724,153.065912,-1.35
-26.982174,153.065696,-1.24
-26.982174,153.065942,-1.30
-26.975406,153.065383,-2.24
-26.975630,153.065125,-2.24
-26.975631,153.065393,-2.21
-26.975855,153.065139,-2.24
-26.975858,153.065384,-2.23
-26.976080,153.064873,-2.24
-26.976080,153.065127,-2.23
-26.976080,153.065392,-2.23
-26.976310,153.064874,-2.24
-26.976307,153.065125,-2.23
-26.976534,153.065129,-2.24
-26.976757,153.065124,-2.24
-26.976983,153.064622,-2.24
-26.976986,153.064872,-2.24
-26.976983,153.065146,-2.23
-26.976983,153.065380,-2.24
-26.977210,153.064372,-2.24
-26.977213,153.064622,-2.23
-26.977210,153.064896,-2.23
-26.977209,153.065126,-2.23
-26.977210,153.065397,-2.24
-26.977437,153.064119,-2.24
-26.977436,153.064645,-2.24
-26.977437,153.064876,-2.24
-26.977437,153.065136,-2.24
-26.977434,153.065378,-2.24
-26.977662,153.064119,-2.24
-26.977662,153.064386,-2.24
-26.977662,153.064620,-2.24
-26.977662,153.064875,-2.23
-26.977663,153.065124,-2.24
-26.973369,153.068909,-2.23
-26.973593,153.069673,-1.62
-26.973481,153.069914,-0.81
-26.973820,153.069666,-1.73
-26.974722,153.069950,-1.50
-26.974948,153.069938,-1.73
-26.974755,153.070163,-0.72
-26.975174,153.069928,-1.73
-26.975400,153.069935,-1.67
-26.975625,153.069936,-1.79
-26.975626,153.070247,-0.91
-26.976077,153.069662,-1.67
-26.975852,153.070236,-1.01
-26.976300,153.069661,-1.33
-26.976077,153.070285,-1.01
-26.976528,153.069698,-1.30
-26.976528,153.069933,-1.22
-26.976303,153.070230,-1.04
-26.976754,153.069676,-1.29
-26.976753,153.069947,-1.26
-26.976528,153.070499,-0.88
-26.976979,153.069418,-2.05
-26.976979,153.069704,-1.27
-26.976979,153.069943,-1.27
-26.976979,153.070192,-1.23
-26.976758,153.070421,-0.98
-26.977205,153.069412,-2.06
-26.977206,153.069717,-1.26
-26.977205,153.069919,-1.26
-26.977205,153.070182,-1.28
-26.977431,153.069468,-1.91
-26.977431,153.069679,-1.29
-26.977431,153.069917,-1.26
-26.977431,153.070200,-1.33
-26.977431,153.070450,-1.21
-26.977657,153.069423,-1.91
-26.977656,153.069690,-1.33
-26.977648,153.069946,-1.22
-26.977657,153.070170,-1.27
-26.977657,153.070451,-1.25
-26.977883,153.069421,-1.68
-26.977881,153.069660,-1.28
-26.977878,153.069922,-1.21
-26.977882,153.070262,-1.25
-26.976308,153.065882,-2.24
-26.976080,153.065962,-2.24
-26.975628,153.065627,-2.24
-26.974725,153.066405,-2.23
-26.974275,153.066640,-2.23
-26.974276,153.065889,-2.24
-26.974050,153.066898,-2.23
-26.974047,153.066641,-2.24
-26.974048,153.066409,-2.24
-26.974050,153.066130,-2.24
-26.974052,153.065882,-2.22
-26.973822,153.067647,-2.23
-26.973822,153.067399,-2.23
-26.973823,153.067143,-2.24
-26.973824,153.066890,-2.23
-26.973825,153.066639,-2.23
-26.973822,153.066408,-2.23
-26.973823,153.066140,-2.22
-26.973824,153.065882,-2.21
-26.973598,153.067894,-2.24
-26.973598,153.067648,-2.24
-26.973597,153.067416,-2.22
-26.973597,153.067151,-2.23
-26.973596,153.066897,-2.24
-26.973598,153.066643,-2.23
-26.973597,153.066404,-2.21
-26.973599,153.066164,-2.22
-26.973598,153.065879,-2.23
-26.973372,153.068412,-2.24
-26.973371,153.068145,-2.24
-26.973372,153.067393,-2.24
-26.973370,153.067137,-2.23
-26.973371,153.066904,-2.23
-26.973371,153.066679,-2.23
-26.973373,153.066383,-2.23
-26.973373,153.066165,-2.23
-26.973371,153.065883,-2.23
-26.969955,153.069658,-0.97
-26.969986,153.069290,-0.87
-26.969983,153.069465,-0.89
-26.969985,153.069660,-0.99
-26.970080,153.069907,-1.01
-26.970209,153.069749,-1.00
-26.970199,153.070159,-0.74
-26.970209,153.069992,-0.92
-26.970211,153.070171,-0.88
-26.970435,153.069907,-0.80
-26.970626,153.069112,-0.95
-26.970665,153.069148,-0.97
-26.970668,153.069151,-0.86
-26.970660,153.069557,-0.82
-26.970661,153.069660,-0.78
-26.970799,153.068891,-1.06
-26.970886,153.068942,-0.88
-26.970888,153.068894,-1.27
-26.970886,153.069207,-0.80
-26.970886,153.069494,-0.76
-26.970888,153.069701,-0.72
-26.970957,153.068644,-1.35
-26.971112,153.068650,-1.26
-26.971112,153.068646,-1.29
-26.971112,153.068915,-0.95
-26.971112,153.069162,-0.71
-26.971112,153.069408,-0.62
-26.971113,153.069735,-0.65
-26.971338,153.068834,-1.19
-26.971338,153.069091,-0.98
-26.971338,153.069154,-0.74
-26.971339,153.070142,-0.74
-26.971339,153.070161,-0.94
-26.971338,153.070412,-1.01
-26.971563,153.068960,-0.97
-26.971563,153.069201,-0.75
-26.971563,153.070429,-1.04
-26.971795,153.068417,-1.59
-26.971789,153.069060,-0.95
-26.971794,153.069246,-0.77
-26.971789,153.070416,-0.98
-26.972057,153.068904,-2.21
-26.972015,153.069300,-0.82
-26.972015,153.070413,-0.88
-26.972245,153.069161,-1.66
-26.972245,153.069405,-0.80
-26.972244,153.070292,-0.77
-26.972240,153.070413,-0.82
-26.972606,153.069406,-1.37
-26.972468,153.070337,-0.70
-26.972466,153.070415,-0.70
-26.972693,153.069408,-1.46
-26.972692,153.070457,-0.66
-26.972746,153.069668,-0.75
-26.973143,153.069677,-1.31
-26.972930,153.069407,-1.79
-26.972920,153.070526,-0.74
-26.973148,153.068652,-2.22
-26.973168,153.069405,-2.23
-26.973368,153.069674,-1.54
-26.973147,153.068399,-2.21
-26.973144,153.068145,-2.21
-26.973148,153.067899,-2.24
-26.973147,153.067401,-2.23
-26.973147,153.067145,-2.24
-26.973147,153.066898,-2.24
-26.973147,153.066653,-2.23
-26.973148,153.065877,-2.24
-26.972468,153.067143,-2.23
-26.972468,153.066887,-2.20
-26.972468,153.066632,-2.15
-26.972468,153.066387,-2.21
-26.972245,153.067391,-2.21
-26.972245,153.067151,-2.15
-26.972244,153.066916,-2.13
-26.972245,153.066635,-2.10
-26.972244,153.066385,-2.14
-26.972244,153.066152,-2.24
-26.972017,153.068399,-2.21
-26.972017,153.067388,-2.21
-26.972017,153.067165,-2.11
-26.972018,153.066891,-2.08
-26.972018,153.066636,-2.09
-26.971794,153.067391,-2.13
-26.971795,153.067138,-2.03
-26.971790,153.066884,-2.06
-26.971572,153.068167,-1.55
-26.971566,153.067643,-2.23
-26.971566,153.067393,-2.01
-26.971566,153.067143,-2.00
-26.971338,153.068174,-1.41
-26.971341,153.067891,-1.72
-26.971342,153.067656,-2.00
-26.971117,153.067915,-1.47
-26.962494,153.070530,-1.35
-26.962083,153.069280,-0.90
-26.962084,153.069400,-0.93
-26.962309,153.069352,-0.89
-26.962311,153.069399,-0.90
-26.962310,153.069676,-0.86
-26.962311,153.069970,-0.75
-26.962308,153.070235,-1.26
-26.962535,153.069332,-0.88
-26.962536,153.069403,-0.85
-26.962535,153.069788,-0.85
-26.962534,153.070416,-1.22
-26.962619,153.069903,-0.82
-26.962760,153.069492,-0.84
-26.962764,153.069376,-0.83
-26.962760,153.069816,-0.79
-26.962760,153.070460,-1.01
-26.962780,153.069984,-0.83
-26.962991,153.070194,-0.87
-26.962986,153.070409,-1.00
-26.963012,153.069918,-0.87
-26.963211,153.070366,-0.76
-26.963217,153.070406,-0.98
-26.963442,153.070390,-0.72
-26.963441,153.070464,-0.93
-26.963664,153.070524,-0.91
-26.959184,153.070521,-1.18
-26.959025,153.070628,-1.38
-26.958874,153.070519,-1.38
-26.958247,153.070413,-1.98
-26.958020,153.070424,-2.06
-26.957797,153.070407,-2.10
-26.957795,153.070164,-2.06
-26.957569,153.070418,-2.13
-26.957572,153.070157,-2.07
-26.957346,153.070410,-2.18
-26.957345,153.070157,-2.15
-26.957120,153.070154,-2.23
-26.956893,153.069928,-2.23
-26.956215,153.070160,-2.24
-26.957118,153.069957,-2.12
-26.957117,153.069701,-2.07
-26.957347,153.069662,-1.98
-26.957344,153.069909,-2.05
-26.957572,153.069665,-1.57
-26.957572,153.069913,-1.97
-26.957797,153.069734,-1.45
-26.957799,153.069899,-1.68
-26.957906,153.069642,-1.23
-26.958050,153.069892,-1.34
-26.958023,153.069633,-1.13
-26.958021,153.069948,-1.49
-26.958024,153.070189,-1.89
-26.958250,153.069556,-1.05
-26.958247,153.069713,-1.16
-26.958250,153.070119,-1.34
-26.958247,153.070162,-1.49
-26.958472,153.069501,-0.92
-26.958472,153.069720,-1.06
-26.958472,153.069951,-1.22
-26.958697,153.069536,-0.88
-26.958698,153.069655,-0.94
-26.958699,153.069902,-1.09
-26.958700,153.070156,-1.27
-26.958923,153.069676,-0.91
-26.958923,153.069911,-1.01
-26.958923,153.070159,-1.14
-26.959149,153.069900,-0.96
-26.959150,153.070156,-1.05
-26.959376,153.070182,-1.00
-26.959374,153.070422,-1.11
-26.959600,153.070203,-0.94
-26.959600,153.070431,-1.07
-27.021729,153.070567,-0.73
-27.021646,153.070567,-0.81
-27.020768,153.070587,-1.88
-27.020542,153.070572,-1.96
-27.020316,153.070578,-2.18
-27.018514,153.072719,-2.09
-27.018512,153.072971,-2.06
-27.018512,153.073219,-1.65
-27.018511,153.073469,-1.19
-27.018510,153.073716,-1.10
-27.018624,153.073973,-0.96
-27.018622,153.074279,-0.88
-27.018625,153.074472,-0.76
-27.018738,153.072460,-2.04
-27.018736,153.072712,-2.01
-27.018739,153.072978,-1.75
-27.018737,153.073244,-1.22
-27.018736,153.073980,-0.83
-27.018735,153.074310,-0.73
-27.018739,153.074475,-0.68
-27.018962,153.072467,-1.97
-27.018962,153.072731,-1.90
-27.018962,153.072960,-1.22
-27.018961,153.073213,-1.14
-27.018962,153.073774,-0.79
-27.018962,153.073976,-0.67
-27.018964,153.074222,-0.62
-27.018961,153.074496,-0.62
-27.019188,153.072482,-1.84
-27.019191,153.072800,-1.19
-27.019188,153.073465,-0.75
-27.019187,153.073758,-0.64
-27.019187,153.073975,-0.61
-27.019414,153.072746,-1.10
-27.019413,153.073219,-0.73
-27.019413,153.073582,-0.61
-27.019414,153.073739,-0.59
-27.019639,153.073019,-0.73
-27.019639,153.073247,-0.64
-27.019677,153.074442,-0.74
-27.019638,153.075242,-1.82
-27.019637,153.075693,-2.02
-27.019864,153.072955,-0.72
-27.019866,153.072965,-0.64
-27.019842,153.074211,-0.64
-27.020045,153.074467,-1.12
-27.019864,153.074941,-1.44
-27.019864,153.074980,-1.70
-27.019863,153.075272,-1.91
-27.019863,153.075494,-2.06
-27.019957,153.073963,-0.75
-27.020109,153.073967,-1.14
-27.020270,153.073715,-1.12
-27.020090,153.074377,-1.61
-27.020089,153.074620,-1.58
-27.020089,153.074932,-1.32
-27.020089,153.075182,-1.37
-27.020089,153.075421,-1.78
-27.020089,153.075664,-1.94
-27.020256,153.073464,-0.72
-27.020471,153.073461,-1.16
-27.020316,153.073669,-1.23
-27.020317,153.073758,-1.68
-27.020315,153.074127,-1.76
-27.020316,153.074272,-1.82
-27.020316,153.074504,-1.80
-27.020315,153.074826,-1.66
-27.020315,153.074983,-1.45
-27.020417,153.073208,-0.82
-27.020315,153.075431,-1.65
-27.020315,153.075488,-1.91
-27.020545,153.073386,-1.35
-27.020544,153.073560,-1.79
-27.020752,153.072878,-1.30
-27.020543,153.073733,-1.89
-27.020541,153.073988,-1.93
-27.020544,153.074233,-1.95
-27.020542,153.074508,-1.95
-27.020544,153.074738,-1.91
-27.020542,153.074981,-1.83
-27.020545,153.075233,-1.79
-27.020543,153.075486,-1.91
-27.020769,153.072962,-2.05
-27.020791,153.072832,-1.76
-27.020771,153.073224,-2.14
-27.020768,153.074476,-2.17
-27.020769,153.074728,-1.98
-27.020771,153.074979,-1.94
-27.020766,153.075261,-1.93
-27.020768,153.075483,-1.94
-27.020995,153.074979,-2.09
-27.020995,153.075230,-1.98
-27.020995,153.075507,-1.96
-27.021219,153.075232,-2.22
-27.021218,153.075488,-1.99
-27.021445,153.075484,-2.10
-27.022572,153.070569,-1.64
-27.022348,153.070978,-2.16
-27.022121,153.071233,-1.55
-27.022122,153.071108,-1.26
-27.022122,153.070937,-0.76
-27.021894,153.071450,-1.57
-27.021894,153.071427,-1.21
-27.021446,153.071885,-1.39
-27.021721,153.070694,-0.67
-27.021670,153.071635,-1.16
-27.021666,153.070778,-0.76
-27.021560,153.070947,-0.71
-27.021419,153.071955,-1.82
-27.021427,153.071927,-1.15
-27.021445,153.071012,-0.82
-27.021380,153.071199,-0.77
-27.021017,153.072520,-2.12
-27.021118,153.072370,-1.33
-27.021218,153.072107,-0.82
-27.021219,153.071416,-0.86
-27.021217,153.071194,-0.97
-27.021196,153.071450,-0.77
-27.020976,153.072559,-1.35
-27.020991,153.072455,-0.74
-27.020993,153.071682,-0.87
-27.020988,153.071709,-0.77
-27.020987,153.070703,-1.67
-27.020994,153.070600,-1.81
-27.020760,153.072667,-0.69
-27.020770,153.071966,-0.62
-27.020767,153.071893,-0.85
-27.020763,153.071953,-0.76
-27.020765,153.071017,-1.69
-27.020766,153.070727,-1.81
-27.020569,153.072209,-0.64
-27.020538,153.072244,-0.75
-27.020542,153.072191,-0.84
-27.020542,153.071197,-1.78
-27.020541,153.070948,-1.87
-27.020542,153.070729,-1.92
-27.020369,153.072458,-0.66
-27.020316,153.072527,-0.74
-27.020316,153.072361,-0.84
-27.020316,153.071737,-1.24
-27.020309,153.071486,-1.80
-27.020316,153.071218,-1.91
-27.020317,153.070972,-1.95
-27.020317,153.070705,-2.02
-27.020083,153.071716,-1.65
-27.020089,153.071482,-1.85
-27.020087,153.071227,-1.94
-27.020091,153.070965,-2.02
-27.019639,153.072462,-1.06
-27.019640,153.072228,-1.12
-27.019641,153.071954,-1.52
-27.019863,153.071708,-1.81
-27.019863,153.071464,-1.91
-27.019865,153.071220,-1.98
-27.019414,153.072469,-1.13
-27.019413,153.072221,-1.57
-27.019415,153.071967,-1.81
-27.019639,153.071706,-1.89
-27.019639,153.071451,-1.97
-27.019188,153.072255,-1.88
-27.019189,153.071953,-1.90
-27.019413,153.071715,-1.96
-27.018964,153.072206,-1.97
-27.018964,153.071957,-1.99
-27.018739,153.072209,-2.15
-27.018052,153.075602,-0.79
-27.017828,153.075603,-0.83
-27.017605,153.075594,-0.90
-27.017373,153.075593,-1.00
-27.016703,153.075480,-1.11
-27.016708,153.075247,-1.24
-27.016477,153.075486,-1.20
-27.016482,153.075288,-1.34
-27.016253,153.075499,-1.43
-27.016256,153.075240,-1.72
-27.016029,153.075500,-1.88
-27.016027,153.075231,-1.94
-27.015804,153.075479,-1.98
-27.015803,153.075226,-2.00
-27.015575,153.075482,-1.99
-27.015577,153.075235,-2.01
-27.015351,153.075483,-1.98
-27.015353,153.075237,-2.00
-27.015125,153.075481,-1.98
-27.015126,153.075229,-2.02
-27.014902,153.075479,-1.99
-27.014903,153.075227,-2.02
-27.014706,153.075724,-2.00
-27.014672,153.075236,-2.04
-27.014671,153.075728,-2.03
-27.014447,153.075226,-2.05
-27.014441,153.075729,-2.06
-27.014312,153.075327,-2.07
-27.014212,153.075729,-2.07
-27.014218,153.075341,-2.11
-27.014212,153.072703,-2.15
-27.014221,153.072451,-2.13
-27.014220,153.072952,-2.16
-27.014218,153.073203,-2.15
-27.014220,153.073454,-2.15
-27.014211,153.073710,-2.14
-27.014186,153.073963,-2.13
-27.014154,153.074206,-2.11
-27.014135,153.074460,-2.10
-27.014127,153.074720,-2.09
-27.014164,153.074967,-2.10
-27.014438,153.072452,-2.14
-27.014217,153.075224,-2.12
-27.014447,153.072705,-2.15
-27.014367,153.073205,-2.15
-27.014311,153.073459,-2.14
-27.014252,153.073705,-2.13
-27.014224,153.073812,-2.11
-27.014223,153.073975,-2.11
-27.014223,153.074220,-2.10
-27.014223,153.074472,-2.10
-27.014223,153.074726,-2.10
-27.014253,153.075222,-2.10
-27.014516,153.072704,-2.13
-27.014448,153.073216,-2.14
-27.014448,153.073469,-2.13
-27.014449,153.073714,-2.12
-27.014450,153.073966,-2.12
-27.014450,153.074247,-2.12
-27.014450,153.074489,-2.10
-27.014452,153.074727,-2.09
-27.014447,153.074973,-2.09
-27.014896,153.072210,-2.11
-27.014674,153.073713,-2.13
-27.014674,153.073974,-2.13
-27.014674,153.074222,-2.12
-27.014673,153.074478,-2.11
-27.014673,153.074723,-2.10
-27.014673,153.074976,-2.06
-27.015006,153.072202,-2.11
-27.014901,153.072461,-2.12
-27.014902,153.073715,-2.12
-27.014901,153.073970,-2.11
-27.014901,153.074217,-2.12
-27.014900,153.074473,-2.12
-27.014899,153.074731,-2.09
-27.014903,153.074989,-2.06
-27.015125,153.072459,-2.11
-27.015125,153.072215,-2.14
-27.015129,153.072706,-2.11
-27.015290,153.073458,-2.08
-27.015127,153.073966,-2.12
-27.015127,153.074223,-2.12
-27.015127,153.074472,-2.11
-27.015126,153.074731,-2.08
-27.015126,153.074978,-2.05
-27.015354,153.072453,-2.14
-27.015351,153.072203,-2.16
-27.015352,153.072707,-2.12
-27.015353,153.073973,-2.13
-27.015351,153.074224,-2.13
-27.015350,153.074474,-2.11
-27.015352,153.074733,-2.08
-27.015351,153.074976,-2.06
-27.015577,153.072456,-2.16
-27.015579,153.072706,-2.13
-27.015577,153.072959,-2.12
-27.015579,153.073966,-2.12
-27.015576,153.074222,-2.12
-27.015579,153.074473,-2.09
-27.015577,153.074726,-2.06
-27.015578,153.075013,-2.03
-27.015806,153.072455,-2.18
-27.015803,153.072708,-2.15
-27.015805,153.072962,-2.12
-27.015804,153.073467,-2.10
-27.015805,153.073741,-2.10
-27.015803,153.073968,-2.10
-27.015804,153.074225,-2.08
-27.015802,153.074474,-2.06
-27.015804,153.074723,-2.04
-27.015800,153.074974,-2.02
-27.016030,153.072709,-2.17
-27.016027,153.072962,-2.14
-27.016029,153.073217,-2.13
-27.016030,153.073473,-2.12
-27.016028,153.073716,-2.09
-27.016029,153.073975,-2.09
-27.016031,153.074228,-2.06
-27.016027,153.074504,-2.04
-27.016029,153.074731,-2.01
-27.016026,153.074974,-1.98
-27.016256,153.072707,-2.18
-27.016257,153.072960,-2.16
-27.016254,153.073214,-2.15
-27.016255,153.073468,-2.14
-27.016256,153.073716,-2.12
-27.016253,153.073973,-2.08
-27.016254,153.074224,-2.05
-27.016256,153.074482,-1.99
-27.016253,153.074738,-1.97
-27.016255,153.074981,-1.93
-27.016480,153.072707,-2.21
-27.016482,153.072965,-2.20
-27.016480,153.073213,-2.18
-27.016483,153.073481,-2.17
-27.016481,153.073715,-2.15
-27.016478,153.073976,-2.11
-27.016482,153.074219,-2.00
-27.016480,153.074486,-1.96
-27.016478,153.074737,-1.93
-27.016481,153.074976,-1.74
-27.016706,153.072961,-2.23
-27.016705,153.073223,-2.20
-27.016705,153.073468,-2.21
-27.016705,153.073718,-2.24
-27.016704,153.073971,-2.20
-27.016709,153.074219,-2.02
-27.016704,153.074470,-1.93
-27.016704,153.074727,-1.74
-27.016707,153.075022,-1.37
-27.016932,153.073211,-2.24
-27.016932,153.073464,-2.24
-27.016931,153.074230,-2.06
-27.016932,153.074483,-1.92
-27.016932,153.074735,-1.58
-27.016935,153.075000,-1.28
-27.016931,153.075232,-1.11
-27.017160,153.074220,-2.07
-27.017159,153.074507,-1.77
-27.017160,153.074779,-1.32
-27.017156,153.074976,-1.17
-27.017156,153.075239,-1.09
-27.017383,153.073470,-2.22
-27.017383,153.073719,-2.18
-27.017382,153.073979,-2.12
-27.017382,153.074219,-2.08
-27.017382,153.074479,-1.49
-27.017382,153.074755,-1.25
-27.017382,153.074975,-1.09
-27.017609,153.073220,-2.19
-27.017610,153.073470,-2.10
-27.017610,153.073718,-2.08
-27.017611,153.073973,-2.00
-27.017607,153.074234,-1.47
-27.017607,153.074493,-1.21
-27.017609,153.074725,-1.09
-27.017612,153.075233,-0.90
-27.017836,153.073218,-2.07
-27.017837,153.073465,-2.00
-27.017834,153.073717,-1.86
-27.017835,153.073986,-1.48
-27.017836,153.074239,-1.21
-27.017833,153.074472,-1.09
-27.017836,153.074985,-0.93
-27.017834,153.075235,-0.86
-27.018062,153.072959,-2.16
-27.018061,153.073222,-2.07
-27.018061,153.073480,-1.88
-27.018059,153.073886,-1.49
-27.018058,153.073973,-1.22
-27.018061,153.074226,-1.09
-27.018061,153.074728,-0.93
-27.018059,153.074993,-0.85
-27.018058,153.075229,-0.79
-27.018285,153.073031,-2.06
-27.018286,153.073212,-1.96
-27.018285,153.073476,-1.51
-27.018290,153.073720,-1.25
-27.018285,153.073974,-1.11
-27.018284,153.074503,-0.92
-27.018288,153.074728,-0.81
-27.018287,153.074978,-0.76
-27.018284,153.075230,-0.73
-27.015578,153.072232,-2.22
-27.015349,153.071957,-2.19
-27.015350,153.071706,-2.24
-27.015124,153.071964,-2.14
-27.015123,153.071712,-2.18
-27.014899,153.071978,-2.11
-27.014899,153.071715,-2.14
-27.014897,153.071448,-2.18
-27.014673,153.071715,-2.13
-27.014673,153.071477,-2.15
-27.014669,153.071193,-2.21
-27.014448,153.071707,-2.16
-27.014448,153.071468,-2.14
-27.014448,153.071232,-2.16
-27.014222,153.071489,-2.13
-27.014222,153.071213,-2.15
-27.014219,153.071006,-2.20
-27.023030,153.079463,-2.06
-27.023023,153.080301,-2.15
-27.023026,153.080548,-2.10
-27.018508,153.078880,-1.82
-27.018511,153.079055,-1.94
-27.018515,153.079303,-1.96
-27.018515,153.079523,-2.09
-27.018510,153.079805,-2.02
-27.018508,153.080036,-2.00
-27.018726,153.080520,-2.03
-27.018722,153.080643,-2.06
-27.018954,153.080644,-2.04
-27.018882,153.080283,-2.02
-27.018738,153.080057,-2.00
-27.018734,153.079767,-2.17
-27.018735,153.079548,-1.93
-27.018744,153.079385,-1.73
-27.018733,153.079131,-1.63
-27.018739,153.078868,-1.48
-27.019142,153.080540,-2.01
-27.018961,153.080284,-2.02
-27.018976,153.080095,-2.06
-27.018998,153.079513,-1.83
-27.018961,153.079803,-2.07
-27.018970,153.079457,-1.64
-27.019177,153.079200,-1.39
-27.019180,153.079007,-1.22
-27.019184,153.080556,-2.00
-27.019194,153.080335,-2.12
-27.019206,153.080032,-1.95
-27.019405,153.079205,-1.20
-27.019393,153.079509,-1.30
-27.019406,153.079732,-1.52
-27.019202,153.079847,-1.83
-27.019408,153.078780,-1.41
-27.019438,153.080559,-2.08
-27.019417,153.080300,-2.05
-27.019626,153.079762,-1.54
-27.019466,153.079951,-1.85
-27.019474,153.080025,-1.91
-27.019630,153.079356,-1.50
-27.019522,153.079014,-1.53
-27.019413,153.078778,-2.10
-27.019638,153.080565,-2.12
-27.019639,153.080279,-1.96
-27.019657,153.080030,-2.07
-27.019663,153.079527,-1.75
-27.019649,153.079901,-1.88
-27.019653,153.079439,-1.66
-27.019639,153.079018,-2.13
-27.019636,153.078790,-2.11
-27.019867,153.080532,-2.19
-27.019867,153.080282,-2.24
-27.019873,153.080071,-2.17
-27.019870,153.079758,-2.12
-27.019912,153.079774,-2.21
-27.019888,153.079282,-2.10
-27.019868,153.079034,-1.95
-27.019871,153.078770,-1.97
-27.020089,153.080541,-2.19
-27.020113,153.080271,-2.24
-27.020100,153.080042,-2.17
-27.020088,153.079925,-2.18
-27.020098,153.079271,-1.99
-27.020093,153.079520,-2.07
-27.020091,153.079015,-2.09
-27.020088,153.078759,-2.14
-27.020327,153.080634,-2.18
-27.020322,153.079785,-2.17
-27.020317,153.080051,-2.21
-27.020331,153.079523,-2.03
-27.020314,153.079263,-2.12
-27.020317,153.079011,-2.16
-27.020314,153.078772,-2.21
-27.020554,153.080531,-2.19
-27.020548,153.080058,-2.17
-27.020541,153.079788,-2.01
-27.020539,153.079524,-2.11
-27.020538,153.079263,-2.15
-27.020544,153.079011,-2.21
-27.020771,153.080041,-2.17
-27.020765,153.080279,-2.18
-27.020770,153.080537,-2.09
-27.020765,153.079766,-2.02
-27.020764,153.079518,-2.14
-27.020767,153.079262,-2.22
-27.021002,153.080297,-2.09
-27.021000,153.080527,-2.08
-27.020992,153.080021,-2.08
-27.020993,153.079775,-2.07
-27.020990,153.079516,-2.15
-27.021216,153.080279,-2.08
-27.021222,153.080530,-2.08
-27.021220,153.080031,-2.08
-27.021217,153.079770,-2.09
-27.021216,153.079517,-2.16
-27.021446,153.080271,-2.09
-27.021444,153.080529,-2.08
-27.021446,153.080018,-2.08
-27.021443,153.079777,-2.12
-27.021443,153.079524,-2.16
-27.021669,153.080530,-2.08
-27.021670,153.080282,-2.09
-27.021673,153.080025,-2.09
-27.021670,153.079767,-2.13
-27.021670,153.079517,-2.17
-27.021895,153.079515,-2.16
-27.021893,153.079769,-2.11
-27.021897,153.080018,-2.09
-27.021894,153.080275,-2.10
-27.021895,153.080526,-2.09
-27.022120,153.080523,-2.10
-27.022119,153.080280,-2.11
-27.022127,153.080026,-2.09
-27.022121,153.079771,-2.10
-27.022121,153.079525,-2.14
-27.022119,153.079265,-2.23
-27.022119,153.079022,-2.23
-27.022122,153.078761,-2.22
-27.022357,153.080281,-2.11
-27.022344,153.080020,-2.12
-27.022348,153.079777,-2.11
-27.022350,153.079519,-2.11
-27.022352,153.079264,-2.19
-27.022349,153.079012,-2.19
-27.022347,153.078767,-2.17
-27.022343,153.080525,-2.09
-27.022572,153.079021,-2.22
-27.022572,153.079272,-2.12
-27.022572,153.079516,-2.08
-27.022575,153.080284,-2.12
-27.022575,153.080039,-2.13
-27.022578,153.079794,-2.11
-27.022571,153.080525,-2.09
-27.022804,153.079011,-2.13
-27.022798,153.079264,-2.07
-27.022816,153.080534,-2.11
-27.022798,153.080288,-2.13
-27.022801,153.080030,-2.12
-27.022806,153.079810,-2.13
-27.022862,153.079641,-2.09
-27.023022,153.080020,-2.21
-27.023027,153.079771,-2.14
-27.023027,153.079528,-2.12
-27.023133,153.079022,-2.10
-27.023134,153.078781,-2.22
-27.023134,153.078540,-2.20
-27.023034,153.078260,-2.23
-27.023022,153.078035,-2.16
-27.023022,153.077753,-2.19
-27.022804,153.078792,-2.21
-27.022798,153.078509,-2.22
-27.023022,153.076943,-2.24
-27.022798,153.078281,-2.24
-27.023022,153.076684,-2.22
-27.022802,153.078017,-2.15
-27.023023,153.076412,-2.23
-27.022797,153.077917,-2.17
-27.022796,153.077621,-2.23
-27.022798,153.076996,-2.24
-27.022797,153.076899,-2.24
-27.022800,153.076498,-2.22
-27.022797,153.076248,-2.23
-27.022586,153.078992,-2.16
-27.022572,153.078519,-2.16
-27.022574,153.078290,-2.18
-27.022575,153.078006,-2.23
-27.022571,153.077857,-2.20
-27.022574,153.077503,-2.19
-27.022573,153.077249,-2.21
-27.022572,153.076997,-2.24
-27.022571,153.076759,-2.23
-27.022576,153.076493,-2.22
-27.022575,153.076239,-2.19
-27.022574,153.075992,-2.24
-27.022346,153.078514,-2.19
-27.022349,153.078258,-2.20
-27.022345,153.078004,-2.21
-27.022347,153.077818,-2.22
-27.022345,153.077499,-2.19
-27.022346,153.077248,-2.20
-27.022346,153.076998,-2.19
-27.022347,153.076750,-2.20
-27.022347,153.076493,-2.17
-27.022348,153.076243,-2.16
-27.022349,153.075995,-2.15
-27.022127,153.077500,-2.20
-27.022121,153.077250,-2.19
-27.022124,153.076999,-2.20
-27.022126,153.076747,-2.19
-27.022121,153.076494,-2.11
-27.022123,153.076243,-2.13
-27.022126,153.075995,-2.14
-27.021901,153.077246,-2.21
-27.021898,153.076995,-2.19
-27.021894,153.076742,-2.16
-27.021898,153.076494,-2.10
-27.021895,153.076243,-2.09
-27.021899,153.075990,-2.10
-27.021674,153.076997,-2.21
-27.021673,153.076745,-2.18
-27.021673,153.076495,-2.09
-27.021673,153.076239,-2.08
-27.021673,153.075986,-2.05
-27.021672,153.075748,-2.09
-27.021446,153.076747,-2.19
-27.021446,153.076494,-2.12
-27.021446,153.076271,-2.06
-27.021443,153.076005,-2.04
-27.021444,153.075737,-2.02
-27.021219,153.076747,-2.21
-27.021220,153.076493,-2.16
-27.021220,153.076247,-2.07
-27.021222,153.075999,-2.03
-27.021222,153.075750,-1.99
-27.020997,153.076490,-2.20
-27.020996,153.076239,-2.13
-27.020996,153.075988,-2.01
-27.020995,153.075777,-1.97
-27.020768,153.076491,-2.24
-27.020767,153.076240,-2.19
-27.020771,153.075987,-2.08
-27.020769,153.075737,-1.96
-27.020542,153.076245,-2.24
-27.020544,153.075992,-2.20
-27.020541,153.075736,-2.02
-27.020315,153.075999,-2.21
-27.020314,153.075849,-2.02
-27.020088,153.078506,-2.22
-27.020089,153.075917,-2.15
-27.019861,153.078518,-2.02
-27.019864,153.078255,-2.16
-27.019637,153.078532,-1.95
-27.019640,153.078257,-2.01
-27.019639,153.078002,-2.19
-27.019637,153.075741,-2.12
-27.019411,153.078511,-2.16
-27.019425,153.078288,-1.96
-27.019417,153.078004,-2.07
-27.019411,153.077750,-2.20
-27.019411,153.076767,-2.24
-27.019412,153.076510,-2.23
-27.019414,153.076257,-2.13
-27.019281,153.078506,-1.58
-27.019281,153.078465,-1.48
-27.019307,153.078012,-1.54
-27.019209,153.077765,-2.08
-27.019189,153.077555,-2.13
-27.019187,153.077251,-2.11
-27.019186,153.077027,-1.80
-27.019174,153.078711,-1.32
-27.019184,153.078040,-0.86
-27.019184,153.077998,-0.99
-27.019128,153.077612,-1.27
-27.019103,153.077238,-1.17
-27.019127,153.076984,-1.08
-27.014109,153.080034,-0.77
-27.014107,153.080265,-0.79
-27.014105,153.080520,-0.80
-27.014115,153.080010,-0.67
-27.014219,153.079753,-0.66
-27.014219,153.079767,-0.66
-27.014218,153.080466,-0.79
-27.014220,153.080262,-0.75
-27.014224,153.080517,-0.77
-27.014351,153.079459,-0.69
-27.014423,153.079249,-0.67
-27.014447,153.079214,-0.75
-27.014446,153.079257,-0.72
-27.014444,153.079513,-0.68
-27.014443,153.080325,-0.73
-27.014444,153.080258,-0.73
-27.014446,153.080012,-0.68
-27.014448,153.080526,-0.72
-27.014536,153.079004,-0.75
-27.014670,153.079161,-0.76
-27.014671,153.079004,-0.79
-27.014676,153.078744,-0.76
-27.014673,153.079271,-0.68
-27.014671,153.079533,-0.70
-27.014669,153.080420,-0.67
-27.014670,153.080263,-0.70
-27.014672,153.080013,-0.69
-27.014674,153.080526,-0.66
-27.014895,153.079356,-0.66
-27.014896,153.079255,-0.70
-27.014897,153.078998,-0.76
-27.014899,153.078751,-0.78
-27.014898,153.079514,-0.66
-27.014896,153.079763,-0.64
-27.014895,153.080024,-0.65
-27.014895,153.080604,-0.65
-27.014896,153.080397,-0.65
-27.015121,153.079156,-0.65
-27.015122,153.078992,-0.64
-27.015123,153.078746,-0.72
-27.015124,153.079263,-0.63
-27.015123,153.079512,-0.63
-27.015122,153.079780,-0.63
-27.015156,153.080619,-0.65
-27.015348,153.078688,-0.64
-27.015348,153.078764,-0.63
-27.015347,153.079026,-0.61
-27.015380,153.080623,-0.71
-27.015561,153.080509,-0.66
-27.015573,153.078951,-0.64
-27.015794,153.080515,-0.85
-27.015783,153.080642,-0.88
-27.015862,153.080370,-1.91
-27.015882,153.080559,-1.10
-27.016026,153.080528,-1.55
-27.016471,153.080525,-1.81
-27.016252,153.080275,-1.77
-27.016362,153.079441,-0.68
-27.016700,153.080541,-1.92
-27.016480,153.080027,-1.94
-27.016605,153.080350,-1.88
-27.016712,153.080043,-1.97
-27.016708,153.080343,-1.98
-27.016911,153.080520,-1.97
-27.016706,153.079764,-1.94
-27.016704,153.079546,-1.94
-27.016938,153.080519,-2.00
-27.016931,153.079513,-1.98
-27.016934,153.079793,-2.00
-27.016935,153.080017,-2.00
-27.016943,153.080271,-2.02
-27.016928,153.079274,-1.94
-27.017152,153.079248,-1.41
-27.016966,153.078484,-0.72
-27.017375,153.080644,-2.04
-27.017370,153.080519,-2.03
-27.017160,153.080019,-2.01
-27.017164,153.079774,-2.01
-27.017159,153.079517,-2.01
-27.017152,153.079407,-1.97
-27.017376,153.079251,-1.85
-27.017368,153.078964,-1.20
-27.017601,153.080636,-2.08
-27.017602,153.080514,-2.06
-27.017603,153.080265,-2.04
-27.017382,153.079413,-2.01
-27.017380,153.079532,-2.02
-27.017592,153.079768,-2.02
-27.017590,153.079256,-1.99
-27.017602,153.078996,-1.46
-27.017828,153.080645,-2.10
-27.017819,153.080518,-2.08
-27.017616,153.079513,-2.02
-27.017611,153.079765,-2.04
-27.017822,153.080266,-2.06
-27.017612,153.079482,-2.03
-27.017828,153.079254,-2.01
-27.017827,153.079003,-1.54
-27.018052,153.080511,-2.09
-27.018051,153.080643,-2.10
-27.018054,153.080263,-2.07
-27.017833,153.079778,-2.06
-27.017831,153.079551,-2.03
-27.017980,153.079269,-2.03
-27.018032,153.078976,-1.83
-27.018003,153.079083,-2.03
-27.018273,153.080645,-2.09
-27.018273,153.080514,-2.07
-27.018277,153.080267,-2.05
-27.018058,153.078907,-1.96
-27.018062,153.079010,-2.01
-27.018057,153.079264,-2.00
-27.018058,153.079531,-2.04
-27.018057,153.079771,-2.05
-27.018502,153.080629,-2.08
-27.018502,153.080518,-2.05
-27.018377,153.080017,-2.03
-27.018284,153.079771,-2.03
-27.018283,153.079517,-2.03
-27.018286,153.079263,-2.04
-27.018286,153.079011,-1.99
-27.018284,153.078919,-1.51
-27.018567,153.077793,-0.60
-27.018556,153.077714,-0.66
-27.018563,153.076970,-0.62
-27.018558,153.076996,-0.73
-27.018503,153.077926,-0.73
-27.018507,153.077739,-0.79
-27.018518,153.077491,-0.66
-27.018507,153.077452,-0.80
-27.018508,153.077180,-0.78
-27.018507,153.076978,-0.66
-27.018424,153.078021,-0.61
-27.018334,153.078403,-0.62
-27.018279,153.078439,-0.60
-27.018281,153.077916,-0.82
-27.018280,153.077738,-0.80
-27.018280,153.077478,-0.76
-27.018282,153.077227,-0.74
-27.018166,153.076744,-0.64
-27.018167,153.076739,-0.63
-27.018056,153.077910,-0.79
-27.018173,153.075745,-0.71
-27.018054,153.077742,-0.76
-27.018056,153.077467,-0.65
-27.017830,153.077946,-0.70
-27.017830,153.077395,-0.59
-27.017787,153.077503,-0.60
-27.017829,153.075978,-0.81
-27.017604,153.078227,-0.58
-27.017602,153.078258,-0.60
-27.017601,153.077784,-0.69
-27.017603,153.077740,-0.63
-27.017597,153.076231,-0.81
-27.017598,153.075981,-0.86
-27.017379,153.077838,-0.68
-27.017379,153.077177,-0.76
-27.017379,153.076948,-0.78
-27.017379,153.076726,-0.82
-27.017374,153.076483,-0.79
-27.017375,153.076230,-0.85
-27.017376,153.075979,-0.89
-27.017215,153.078251,-0.60
-27.017153,153.078124,-0.73
-27.017153,153.077917,-0.72
-27.017153,153.077729,-0.72
-27.017151,153.077490,-0.78
-27.017153,153.077153,-0.80
-27.017153,153.076956,-0.82
-27.017150,153.076735,-0.83
-27.017153,153.076472,-0.87
-27.017154,153.076212,-0.89
-27.017150,153.075982,-1.01
-27.016943,153.078505,-0.59
-27.016927,153.078515,-0.60
-27.016927,153.078389,-0.70
-27.016927,153.078224,-0.67
-27.016927,153.077996,-0.72
-27.016927,153.077693,-0.68
-27.016926,153.077490,-0.76
-27.016928,153.077158,-0.81
-27.016924,153.076986,-0.86
-27.016928,153.076728,-0.85
-27.016928,153.076460,-0.86
-27.016926,153.076232,-0.96
-27.016700,153.078494,-0.63
-27.016699,153.078514,-0.56
-27.016701,153.078121,-0.63
-27.016701,153.077937,-0.67
-27.016700,153.077733,-0.74
-27.016702,153.077392,-0.78
-27.016701,153.077213,-0.77
-27.016699,153.076984,-0.79
-27.016702,153.076738,-0.83
-27.016702,153.076432,-0.90
-27.016481,153.075734,-1.09
-27.016474,153.078503,-0.54
-27.016474,153.078486,-0.57
-27.016476,153.078041,-0.63
-27.016475,153.077989,-0.63
-27.016476,153.077602,-0.68
-27.016476,153.077374,-0.75
-27.016476,153.077152,-0.80
-27.016476,153.076917,-0.81
-27.016476,153.076678,-0.87
-27.016252,153.075985,-1.12
-27.016254,153.075754,-1.22
-27.016248,153.078432,-0.56
-27.016248,153.077971,-0.69
-27.016243,153.077999,-0.59
-27.016250,153.077668,-0.73
-27.016250,153.077413,-0.77
-27.016251,153.077149,-0.79
-27.016251,153.076893,-0.83
-27.016027,153.076004,-1.23
-27.016026,153.075730,-1.56
-27.016024,153.077822,-0.60
-27.016024,153.077745,-0.63
-27.016024,153.077492,-0.72
-27.016023,153.077240,-0.82
-27.015801,153.076048,-1.70
-27.015801,153.075751,-1.99
-27.015795,153.077741,-0.71
-27.015799,153.077491,-0.77
-27.015784,153.077751,-0.60
-27.015796,153.076734,-1.06
-27.015790,153.076483,-1.43
-27.015787,153.076232,-1.90
-27.015577,153.075734,-1.97
-27.015573,153.077722,-0.73
-27.015556,153.076984,-0.91
-27.015573,153.076736,-1.13
-27.015572,153.076485,-1.46
-27.015477,153.078481,-0.68
-27.015570,153.076231,-1.90
-27.015349,153.075735,-1.96
-27.015347,153.078405,-0.71
-27.015336,153.076987,-1.01
-27.015347,153.076735,-1.20
-27.015346,153.076483,-1.50
-27.015348,153.076228,-1.94
-27.015185,153.075979,-1.96
-27.015121,153.078427,-0.72
-27.015117,153.077241,-0.98
-27.015120,153.076987,-1.15
-27.015122,153.076736,-1.28
-27.015116,153.076480,-1.72
-27.015121,153.076203,-1.97
-27.015116,153.075963,-1.98
-27.014893,153.078501,-0.61
-27.014896,153.077492,-1.12
-27.014894,153.077240,-1.25
-27.014896,153.076984,-1.30
-27.014875,153.076737,-1.83
-27.014866,153.076412,-1.94
-27.014894,153.076233,-1.98
-27.014891,153.075979,-2.00
-27.014447,153.077770,-1.06
-27.014447,153.077739,-1.28
-27.014670,153.077491,-2.09
-27.014651,153.077223,-1.98
-27.014668,153.076977,-1.92
-27.014662,153.076728,-1.93
-27.014666,153.076485,-1.98
-27.014656,153.076226,-2.00
-27.014667,153.075968,-2.02
-27.014224,153.077746,-1.94
-27.014444,153.077491,-2.09
-27.014441,153.077239,-2.05
-27.014444,153.076987,-2.01
-27.014440,153.076734,-2.01
-27.014445,153.076475,-2.00
-27.014445,153.076221,-2.01
-27.014439,153.075978,-2.04
-27.014107,153.077753,-1.94
-27.014107,153.077489,-2.09
-27.014213,153.077240,-2.07
-27.014215,153.076988,-2.04
-27.014133,153.078255,-0.71
-27.014214,153.076735,-2.03
-27.014216,153.076470,-2.03
-27.014216,153.076215,-2.05
-27.014217,153.075970,-2.07
-27.013994,153.075722,-2.07
-27.013979,153.075354,-2.08
-27.013767,153.075724,-2.04
-27.013720,153.075468,-2.04
-27.013541,153.075726,-2.00
-27.013518,153.075474,-2.02
-27.013315,153.075727,-2.00
-27.013311,153.075423,-2.03
-27.012868,153.075490,-1.97
-27.013079,153.075435,-1.97
-27.013085,153.075199,-1.95
-27.012641,153.075482,-1.87
-27.012862,153.075333,-1.85
-27.012418,153.075488,-1.80
-27.012418,153.075236,-1.78
-27.012193,153.075485,-1.56
-27.012191,153.075234,-1.74
-27.012411,153.075037,-1.64
-27.011964,153.075301,-1.52
-27.011964,153.075092,-1.56
-27.011285,153.075222,-0.98
-27.010835,153.075073,-0.72
-27.010606,153.074986,-0.63
-27.010587,153.074967,-0.78
-27.009705,153.072197,-1.75
-27.009692,153.072449,-1.61
-27.009704,153.072696,-1.36
-27.009706,153.072951,-1.19
-27.009705,153.073204,-1.08
-27.009707,153.073455,-0.96
-27.009704,153.073699,-0.93
-27.009705,153.073951,-0.96
-27.009933,153.072196,-1.75
-27.009925,153.072444,-1.67
-27.009926,153.072700,-1.35
-27.009919,153.072953,-1.13
-27.009931,153.073205,-0.99
-27.009930,153.073453,-1.08
-27.009926,153.073707,-1.08
-27.009932,153.073957,-1.04
-27.010125,153.072193,-1.75
-27.010157,153.072446,-1.59
-27.010153,153.072664,-1.22
-27.010137,153.072941,-1.14
-27.010154,153.073198,-1.21
-27.010157,153.073456,-1.25
-27.010158,153.073710,-1.25
-27.010158,153.073957,-1.10
-27.010376,153.072198,-1.74
-27.010358,153.072424,-1.30
-27.010376,153.072687,-1.27
-27.010380,153.072954,-1.45
-27.010374,153.073178,-1.51
-27.010370,153.073399,-1.37
-27.010376,153.073709,-1.31
-27.010381,153.073959,-1.20
-27.010382,153.074208,-1.06
-27.010377,153.074278,-1.03
-27.010158,153.074483,-0.92
-27.010608,153.072185,-1.27
-27.010597,153.072445,-1.23
-27.010597,153.072695,-1.71
-27.010608,153.072946,-1.71
-27.010608,153.073195,-1.63
-27.010600,153.073450,-1.54
-27.010596,153.073686,-1.52
-27.010604,153.073947,-1.34
-27.010609,153.074214,-1.21
-27.010836,153.072195,-1.49
-27.010826,153.072437,-1.71
-27.010828,153.072697,-1.79
-27.010815,153.072954,-1.79
-27.010810,153.073203,-1.77
-27.010816,153.073451,-1.67
-27.010811,153.073702,-1.60
-27.010823,153.073950,-1.51
-27.010833,153.074214,-1.32
-27.010830,153.074436,-1.18
-27.010616,153.074726,-0.92
-27.011055,153.072437,-1.81
-27.011061,153.072194,-1.77
-27.011061,153.072702,-1.85
-27.011059,153.072935,-1.84
-27.011057,153.073200,-1.81
-27.011058,153.073450,-1.77
-27.011061,153.073707,-1.72
-27.011051,153.073927,-1.60
-27.011049,153.074199,-1.51
-27.011059,153.074465,-1.31
-27.011058,153.074510,-1.15
-27.011282,153.072191,-1.87
-27.011287,153.072439,-1.89
-27.011273,153.072700,-1.90
-27.011287,153.072946,-1.88
-27.011280,153.073201,-1.85
-27.011285,153.073458,-1.82
-27.011286,153.073710,-1.76
-27.011283,153.073960,-1.70
-27.011278,153.074194,-1.60
-27.011284,153.074451,-1.51
-27.011275,153.074591,-1.30
-27.011507,153.072193,-1.92
-27.011508,153.072449,-1.94
-27.011506,153.072700,-1.94
-27.011502,153.072954,-1.92
-27.011512,153.073205,-1.90
-27.011512,153.073453,-1.87
-27.011509,153.073701,-1.83
-27.011494,153.073959,-1.75
-27.011504,153.074213,-1.71
-27.011490,153.074465,-1.62
-27.011510,153.074644,-1.38
-27.011288,153.074726,-1.20
-27.011728,153.072449,-1.97
-27.011736,153.072699,-1.96
-27.011732,153.072951,-1.95
-27.011735,153.072198,-1.96
-27.011738,153.073199,-1.94
-27.011731,153.073457,-1.91
-27.011738,153.073707,-1.88
-27.011737,153.073952,-1.81
-27.011734,153.074454,-1.71
-27.011735,153.074212,-1.77
-27.011726,153.074685,-1.60
-27.011962,153.072448,-1.99
-27.011961,153.072693,-1.98
-27.011958,153.072953,-1.97
-27.011958,153.072196,-2.00
-27.011958,153.073195,-1.96
-27.011954,153.073457,-1.94
-27.011951,153.073707,-1.91
-27.011961,153.073962,-1.86
-27.011963,153.074213,-1.82
-27.011964,153.074465,-1.75
-27.011955,153.074682,-1.67
-27.011957,153.074844,-1.26
-27.012188,153.072445,-2.02
-27.012188,153.072700,-2.00
-27.012184,153.072953,-1.99
-27.012185,153.073205,-1.98
-27.012186,153.073459,-1.97
-27.012184,153.073711,-1.94
-27.012181,153.073959,-1.90
-27.012176,153.074212,-1.83
-27.012170,153.074455,-1.76
-27.012183,153.074717,-1.53
-27.012182,153.074953,-1.37
-27.012415,153.072451,-2.06
-27.012407,153.072702,-2.03
-27.012406,153.072955,-2.01
-27.012413,153.073207,-2.00
-27.012415,153.073443,-1.98
-27.012412,153.073707,-1.97
-27.012411,153.073960,-1.94
-27.012413,153.074202,-1.87
-27.012406,153.074462,-1.76
-27.012408,153.074718,-1.56
-27.012407,153.074968,-1.44
-27.012634,153.072447,-2.06
-27.012640,153.072702,-2.05
-27.012633,153.072953,-2.03
-27.012637,153.073205,-2.01
-27.012632,153.073457,-2.00
-27.012628,153.073709,-1.99
-27.012638,153.073962,-1.97
-27.012628,153.074208,-1.92
-27.012639,153.074461,-1.86
-27.012634,153.074716,-1.80
-27.012638,153.074971,-1.70
-27.012637,153.075187,-1.76
-27.012867,153.072447,-2.07
-27.012867,153.072701,-2.06
-27.012867,153.072952,-2.05
-27.012864,153.073207,-2.05
-27.012866,153.073455,-2.03
-27.012856,153.073704,-2.01
-27.012866,153.073962,-1.99
-27.012864,153.074204,-1.97
-27.012862,153.074468,-1.94
-27.012865,153.074719,-1.90
-27.012862,153.074969,-1.86
-27.012866,153.075217,-1.86
-27.013089,153.072451,-2.09
-27.013084,153.072696,-2.08
-27.013088,153.072956,-2.09
-27.013086,153.073204,-2.09
-27.013087,153.073459,-2.05
-27.013085,153.073711,-2.03
-27.013089,153.073959,-2.01
-27.013088,153.074209,-1.99
-27.013089,153.074467,-1.98
-27.013085,153.074716,-1.96
-27.013080,153.074969,-1.96
-27.013315,153.072451,-2.11
-27.013314,153.072700,-2.11
-27.013315,153.072954,-2.11
-27.013314,153.073206,-2.10
-27.013311,153.073458,-2.08
-27.013318,153.073706,-2.05
-27.013314,153.073964,-2.04
-27.013308,153.074214,-2.03
-27.013312,153.074465,-2.02
-27.013309,153.074717,-2.01
-27.013309,153.074971,-2.02
-27.013317,153.075216,-2.03
-27.013540,153.072449,-2.13
-27.013543,153.072695,-2.13
-27.013543,153.072945,-2.13
-27.013543,153.073205,-2.13
-27.013541,153.073457,-2.11
-27.013534,153.073709,-2.09
-27.013536,153.073961,-2.07
-27.013536,153.074210,-2.06
-27.013531,153.074468,-2.04
-27.013539,153.074718,-2.04
-27.013536,153.074967,-2.03
-27.013539,153.075217,-2.03
-27.013766,153.072452,-2.15
-27.013762,153.072704,-2.15
-27.013766,153.072954,-2.15
-27.013769,153.073203,-2.14
-27.013763,153.073451,-2.13
-27.013760,153.073709,-2.12
-27.013765,153.073958,-2.11
-27.013763,153.074216,-2.08
-27.013762,153.074468,-2.06
-27.013747,153.074667,-2.05
-27.013769,153.074970,-2.04
-27.013766,153.075224,-2.04
-27.013996,153.072702,-2.14
-27.013991,153.072449,-2.13
-27.013990,153.072948,-2.15
-27.013990,153.073206,-2.15
-27.013994,153.073452,-2.14
-27.013988,153.073706,-2.13
-27.013985,153.073727,-2.12
-27.013991,153.074213,-2.10
-27.013991,153.074465,-2.09
-27.013791,153.074494,-2.08
-27.013992,153.074969,-2.07
-27.013980,153.075223,-2.08
-27.013995,153.072180,-2.13
-27.013778,153.071946,-2.16
-27.013996,153.071206,-2.12
-27.013997,153.070978,-2.17
-27.013769,153.072193,-2.15
-27.013768,153.071943,-2.16
-27.013771,153.071195,-2.11
-27.013771,153.070941,-2.15
-27.013771,153.070730,-2.20
-27.013543,153.072199,-2.12
-27.013542,153.071944,-2.14
-27.013543,153.071483,-2.14
-27.013545,153.071201,-2.12
-27.013545,153.070954,-2.12
-27.013541,153.070713,-2.18
-27.013313,153.072193,-2.11
-27.013318,153.071938,-2.11
-27.013319,153.071470,-2.13
-27.013319,153.071229,-2.12
-27.013319,153.070947,-2.12
-27.013319,153.070739,-2.16
-27.013086,153.072197,-2.09
-27.013080,153.071947,-2.08
-27.013085,153.071696,-2.10
-27.013091,153.071206,-2.11
-27.013094,153.070952,-2.11
-27.013093,153.070716,-2.15
-27.013094,153.070564,-2.18
-27.012868,153.072193,-2.07
-27.012864,153.071945,-2.06
-27.012866,153.071688,-2.07
-27.012868,153.071201,-2.08
-27.012868,153.070950,-2.11
-27.012868,153.070716,-2.15
-27.012867,153.070575,-2.20
-27.012639,153.072194,-2.07
-27.012641,153.071945,-2.06
-27.012640,153.071695,-2.06
-27.012429,153.071438,-2.08
-27.012641,153.070949,-2.09
-27.012642,153.070698,-2.14
-27.012643,153.070589,-2.24
-27.012414,153.072190,-2.07
-27.012401,153.071947,-2.07
-27.012416,153.071682,-2.07
-27.012413,153.071443,-2.07
-27.012416,153.070945,-2.07
-27.012417,153.070721,-2.10
-27.012416,153.070563,-2.17
-27.012186,153.072192,-2.06
-27.012190,153.071944,-2.07
-27.012185,153.071693,-2.07
-27.012190,153.071429,-2.07
-27.012190,153.070941,-2.07
-27.012189,153.070703,-2.09
-27.012191,153.070581,-2.13
-27.011963,153.071946,-2.04
-27.011960,153.071691,-2.04
-27.011958,153.071443,-2.06
-27.011804,153.071189,-2.06
-27.011965,153.070701,-2.08
-27.011965,153.070578,-2.11
-27.011737,153.071942,-1.95
-27.011739,153.071688,-1.97
-27.011733,153.071432,-2.01
-27.011734,153.071189,-2.04
-27.011738,153.070708,-2.07
-27.011739,153.070563,-2.13
-27.011509,153.071947,-1.91
-27.011509,153.071689,-1.92
-27.011511,153.071435,-1.94
-27.011505,153.071189,-2.00
-27.011513,153.070700,-2.08
-27.011513,153.070575,-2.20
-27.011285,153.071946,-1.85
-27.011280,153.071690,-1.86
-27.011283,153.071436,-1.88
-27.011280,153.071187,-1.94
-27.011155,153.070936,-2.07
-27.011287,153.070583,-2.18
-27.011056,153.071943,-1.70
-27.011059,153.071692,-1.71
-27.011061,153.071440,-1.80
-27.011061,153.071183,-1.91
-27.011058,153.070936,-2.03
-27.011062,153.070570,-2.18
-27.010831,153.071943,-1.44
-27.010833,153.071666,-1.60
-27.010830,153.071441,-1.77
-27.010827,153.071190,-1.92
-27.010820,153.070937,-2.06
-27.010836,153.070570,-2.19
-27.010605,153.071937,-1.66
-27.010609,153.071694,-1.75
-27.010603,153.071441,-1.84
-27.010608,153.071186,-1.94
-27.010607,153.070938,-2.06
-27.010470,153.070685,-2.14
-27.010379,153.071942,-1.79
-27.010378,153.071691,-1.84
-27.010378,153.071442,-1.90
-27.010378,153.071186,-1.93
-27.010378,153.070936,-2.04
-27.010378,153.070685,-2.09
-27.010153,153.071923,-1.83
-27.010159,153.071681,-1.87
-27.010158,153.071435,-1.90
-27.010155,153.071190,-1.95
-27.010156,153.070933,-2.01
-27.010157,153.070677,-2.08
-27.009931,153.071945,-1.85
-27.009933,153.071691,-1.88
-27.009919,153.071440,-1.90
-27.009932,153.071184,-1.94
-27.009933,153.070936,-2.00
-27.009931,153.070682,-2.13
-27.009699,153.071942,-1.84
-27.009699,153.071691,-1.88
-27.009704,153.071440,-1.89
-27.009704,153.071187,-1.93
-27.009704,153.070927,-2.00
-27.009706,153.070681,-2.18
-27.005331,153.075595,-0.77
-27.005193,153.072215,-1.43
-27.005183,153.072698,-1.22
-27.005186,153.072948,-1.04
-27.005081,153.073539,-0.68
-27.005412,153.072213,-1.56
-27.005411,153.072696,-1.27
-27.005416,153.072946,-1.07
-27.005410,153.073200,-0.89
-27.005417,153.073254,-0.77
-27.005193,153.073523,-0.69
-27.005442,153.072698,-1.32
-27.005640,153.072950,-1.11
-27.005625,153.073201,-0.90
-27.005642,153.073268,-0.77
-27.005868,153.072454,-1.52
-27.005780,153.072910,-1.20
-27.005801,153.073052,-0.89
-27.005863,153.073248,-0.76
-27.005984,153.072693,-1.55
-27.005890,153.072919,-1.18
-27.005873,153.073033,-0.88
-27.006085,153.073211,-0.77
-27.006320,153.072506,-1.62
-27.006319,153.072948,-1.17
-27.006312,153.073202,-0.86
-27.006320,153.073247,-0.78
-27.006542,153.072482,-1.34
-27.006545,153.072945,-1.16
-27.006533,153.073086,-0.87
-27.006543,153.073335,-0.79
-27.006763,153.072442,-2.20
-27.006764,153.072698,-1.30
-27.006773,153.072951,-1.11
-27.006754,153.073204,-0.87
-27.006773,153.073284,-0.80
-27.006551,153.073457,-0.77
-27.006990,153.072437,-1.93
-27.006999,153.072698,-1.28
-27.006994,153.072951,-1.12
-27.006995,153.073202,-0.89
-27.006777,153.073463,-0.80
-27.007221,153.072189,-1.97
-27.007197,153.072389,-1.79
-27.007215,153.072697,-1.34
-27.007221,153.072948,-1.16
-27.007219,153.073202,-0.94
-27.007219,153.073446,-0.82
-27.007216,153.073492,-0.80
-27.007435,153.072187,-1.84
-27.007449,153.071934,-1.99
-27.007445,153.072446,-1.69
-27.007439,153.072698,-1.47
-27.007441,153.072945,-1.26
-27.007440,153.073196,-0.96
-27.007445,153.073451,-0.85
-27.007667,153.071944,-1.89
-27.007668,153.072445,-1.65
-27.007675,153.072192,-1.79
-27.007674,153.072698,-1.45
-27.007668,153.072946,-1.26
-27.007671,153.073192,-0.98
-27.007668,153.073452,-0.88
-27.007890,153.071942,-1.85
-27.007894,153.072196,-1.73
-27.007863,153.072439,-1.61
-27.007900,153.072694,-1.40
-27.007902,153.072949,-1.22
-27.007898,153.073201,-0.99
-27.007898,153.073442,-0.92
-27.007898,153.073704,-0.87
-27.008127,153.072189,-1.71
-27.008123,153.071917,-1.80
-27.008123,153.072447,-1.49
-27.008123,153.072699,-1.33
-27.008119,153.072951,-1.14
-27.008124,153.073197,-1.01
-27.008121,153.073453,-0.96
-27.008126,153.073696,-0.91
-27.008345,153.071937,-1.77
-27.008347,153.072196,-1.68
-27.008351,153.072443,-1.55
-27.008349,153.072695,-1.31
-27.008347,153.072945,-1.14
-27.008349,153.073205,-1.03
-27.008353,153.073453,-0.97
-27.008343,153.073703,-0.93
-27.008350,153.073954,-0.87
-27.008338,153.074054,-0.81
-27.008573,153.071944,-1.74
-27.008569,153.072187,-1.67
-27.008574,153.072447,-1.47
-27.008575,153.072701,-1.31
-27.008570,153.072950,-1.14
-27.008569,153.073201,-1.05
-27.008574,153.073452,-1.00
-27.008572,153.073700,-0.95
-27.008574,153.073954,-0.89
-27.008353,153.074216,-0.79
-27.008792,153.072189,-1.67
-27.008800,153.072446,-1.58
-27.008803,153.072693,-1.32
-27.008800,153.072946,-1.16
-27.008794,153.071936,-1.74
-27.008795,153.073203,-1.08
-27.008796,153.073454,-1.02
-27.008803,153.073707,-0.98
-27.008798,153.073945,-0.92
-27.008802,153.074108,-0.83
-27.009013,153.072194,-1.69
-27.009028,153.072445,-1.59
-27.009026,153.072698,-1.35
-27.009028,153.072946,-1.17
-27.009022,153.073201,-1.10
-27.009026,153.073449,-1.06
-27.009028,153.073707,-1.00
-27.009029,153.073957,-0.96
-27.009020,153.074071,-0.88
-27.008804,153.074215,-0.85
-27.008804,153.074533,-0.79
-27.009254,153.072182,-1.71
-27.009253,153.072446,-1.63
-27.009248,153.072697,-1.39
-27.009253,153.072950,-1.24
-27.009254,153.073200,-1.13
-27.009248,153.073455,-1.09
-27.009252,153.073706,-1.03
-27.009245,153.073959,-0.96
-27.009249,153.073963,-1.05
-27.009034,153.074219,-0.86
-27.009030,153.074472,-0.76
-27.009473,153.072183,-1.73
-27.009476,153.072445,-1.61
-27.009476,153.072700,-1.38
-27.009480,153.072951,-1.24
-27.009478,153.073202,-1.12
-27.009481,153.073448,-1.08
-27.009464,153.073709,-1.01
-27.009480,153.073959,-0.90
-27.009257,153.074216,-0.83
-27.009479,153.071943,-1.80
-27.009480,153.071686,-1.87
-27.009480,153.071439,-1.89
-27.009477,153.071189,-1.93
-27.009473,153.070937,-2.00
-27.009252,153.071944,-1.76
-27.009249,153.071693,-1.85
-27.009253,153.071439,-1.89
-27.009255,153.071183,-1.96
-27.009257,153.070932,-2.06
-27.009027,153.071939,-1.75
-27.009011,153.071691,-1.82
-27.009025,153.071432,-1.89
-27.009023,153.071187,-1.95
-27.009009,153.070934,-2.21
-27.008804,153.071686,-1.84
-27.008804,153.071436,-1.89
-27.008797,153.071185,-1.95
-27.008574,153.071692,-1.84
-27.008577,153.071428,-1.89
-27.008349,153.071682,-1.86
-27.008353,153.071439,-1.98
-27.008127,153.071681,-1.91
-27.007891,153.071686,-1.95
-27.009695,153.079001,-2.05
-27.009701,153.078749,-2.05
-27.009700,153.078497,-2.04
-27.009702,153.078244,-2.03
-27.009484,153.077992,-1.97
-27.009701,153.079250,-2.06
-27.009691,153.079502,-2.07
-27.009700,153.079997,-2.09
-27.009698,153.079754,-2.08
-27.009701,153.080259,-2.10
-27.009698,153.080513,-2.12
-27.009701,153.080633,-2.13
-27.009927,153.078734,-2.03
-27.009919,153.078498,-2.03
-27.009911,153.078244,-2.02
-27.009707,153.077770,-1.90
-27.009929,153.078999,-2.03
-27.009929,153.079748,-2.04
-27.009923,153.079499,-2.04
-27.009928,153.079249,-2.04
-27.009925,153.080007,-2.06
-27.009914,153.080261,-2.07
-27.009925,153.080507,-2.08
-27.009923,153.080638,-2.09
-27.010144,153.078480,-2.02
-27.010113,153.078238,-1.69
-27.009933,153.077752,-1.38
-27.010147,153.078736,-2.02
-27.010148,153.079503,-2.01
-27.010155,153.079252,-2.01
-27.010138,153.078998,-2.03
-27.010150,153.079754,-2.02
-27.010148,153.080008,-2.03
-27.010152,153.080508,-2.05
-27.010154,153.080257,-2.04
-27.010150,153.080638,-2.05
-27.010376,153.078498,-1.45
-27.010157,153.077996,-1.36
-27.010158,153.077742,-1.11
-27.010378,153.078748,-1.65
-27.010380,153.079239,-1.88
-27.010380,153.078998,-1.87
-27.010367,153.079502,-1.94
-27.010346,153.079754,-1.99
-27.010366,153.080260,-2.02
-27.010375,153.079982,-2.01
-27.010371,153.080508,-2.02
-27.010375,153.080638,-2.02
-27.010601,153.078489,-1.18
-27.010385,153.078007,-1.05
-27.010554,153.077905,-1.00
-27.010602,153.078740,-1.30
-27.010607,153.079252,-1.39
-27.010606,153.078999,-1.38
-27.010606,153.079496,-1.42
-27.010599,153.079977,-1.80
-27.010602,153.079754,-1.50
-27.010600,153.080228,-1.90
-27.010598,153.080508,-1.96
-27.010592,153.080615,-2.01
-27.010785,153.078494,-1.07
-27.010785,153.078195,-1.00
-27.010830,153.078745,-1.19
-27.010830,153.079243,-1.18
-27.010830,153.078997,-1.17
-27.010832,153.079505,-1.26
-27.010821,153.079757,-1.34
-27.010824,153.080005,-1.37
-27.010823,153.080260,-1.46
-27.010822,153.080512,-1.43
-27.010831,153.080636,-1.56
-27.010844,153.078184,-0.90
-27.010895,153.078319,-0.99
-27.011056,153.078745,-1.12
-27.011057,153.078999,-1.16
-27.011052,153.079500,-1.13
-27.011048,153.079252,-1.14
-27.011057,153.079755,-1.15
-27.011051,153.080004,-1.15
-27.011056,153.080262,-1.23
-27.011052,153.080513,-1.26
-27.011056,153.080638,-1.35
-27.011282,153.079001,-1.06
-27.011279,153.079252,-1.06
-27.011281,153.079507,-1.11
-27.011283,153.079741,-1.12
-27.011275,153.080009,-1.12
-27.011282,153.080259,-1.10
-27.011289,153.078239,-0.75
-27.011506,153.079751,-1.02
-27.011409,153.080460,-1.06
-27.011512,153.078747,-0.76
-27.011619,153.079759,-0.92
-27.011512,153.080526,-1.00
-27.011736,153.078694,-0.75
-27.011737,153.079767,-0.75
-27.011735,153.080363,-0.79
-27.011736,153.080261,-0.77
-27.011739,153.080516,-0.82
-27.013770,153.077259,-2.10
-27.013990,153.077230,-2.08
-27.013994,153.076983,-2.06
-27.013988,153.076734,-2.06
-27.013991,153.076474,-2.06
-27.013991,153.076227,-2.06
-27.013991,153.075980,-2.08
-27.013767,153.077894,-0.78
-27.013764,153.076981,-2.10
-27.013767,153.076732,-2.08
-27.013766,153.076482,-2.08
-27.013766,153.076227,-2.07
-27.013764,153.075978,-2.07
-27.013327,153.077011,-1.30
-27.013539,153.076988,-1.98
-27.013535,153.076736,-2.10
-27.013344,153.076267,-2.07
-27.013403,153.076031,-2.05
-27.013461,153.075801,-2.04
-27.013299,153.077019,-1.02
-27.013312,153.076967,-1.26
-27.013284,153.076504,-2.08
-27.013307,153.076415,-2.04
-27.013315,153.076228,-2.03
-27.013310,153.075972,-2.02
-27.012869,153.075997,-2.04
-27.013090,153.075760,-1.99
-27.012644,153.075733,-2.10
-27.012419,153.075779,-2.21
-27.012188,153.076074,-0.75
-27.011963,153.075870,-0.78
-27.011333,153.077994,-0.60
-27.011282,153.077985,-0.75
-27.010913,153.077737,-0.70
-27.010833,153.077697,-0.73
-27.009707,153.077509,-1.37
-27.009481,153.077531,-1.63
-27.005413,153.080586,-2.24
-27.005187,153.077970,-1.88
-27.005189,153.077730,-1.78
-27.005186,153.078237,-1.95
-27.005184,153.078998,-2.06
-27.005190,153.078745,-2.03
-27.005182,153.078490,-1.99
-27.005186,153.079243,-2.10
-27.005188,153.079494,-2.13
-27.005187,153.079950,-2.20
-27.005187,153.079749,-2.17
-27.005188,153.080246,-2.23
-27.005187,153.080503,-2.24
-27.005410,153.078239,-1.90
-27.005415,153.077987,-1.83
-27.005410,153.077703,-1.75
-27.005410,153.078493,-1.97
-27.005415,153.078743,-2.00
-27.005408,153.079500,-2.12
-27.005405,153.079241,-2.08
-27.005407,153.078995,-2.05
-27.005360,153.079754,-2.17
-27.005413,153.080003,-2.20
-27.005413,153.080239,-2.22
-27.005639,153.078239,-1.80
-27.005641,153.077985,-1.62
-27.005634,153.077739,-1.56
-27.005634,153.078494,-1.92
-27.005638,153.078995,-2.02
-27.005637,153.078744,-1.98
-27.005635,153.079244,-2.07
-27.005639,153.079501,-2.11
-27.005636,153.080006,-2.21
-27.005639,153.079742,-2.16
-27.005638,153.080250,-2.22
-27.005863,153.078235,-1.86
-27.005859,153.077959,-1.72
-27.005867,153.077728,-1.62
-27.005862,153.078744,-1.98
-27.005863,153.078489,-1.95
-27.005863,153.078995,-2.01
-27.005858,153.079250,-2.04
-27.005858,153.079492,-2.09
-27.005863,153.079754,-2.16
-27.005792,153.080003,-2.21
-27.005862,153.080254,-2.23
-27.006092,153.077739,-1.99
-27.006080,153.077990,-1.98
-27.006091,153.078495,-2.12
-27.006091,153.078241,-2.03
-27.006090,153.078740,-2.08
-27.006077,153.078999,-2.10
-27.006074,153.079246,-2.10
-27.006091,153.079752,-2.14
-27.006090,153.079501,-2.10
-27.006086,153.079997,-2.21
-27.006079,153.080257,-2.24
-27.006989,153.077739,-2.13
-27.007213,153.077990,-2.10
-27.007217,153.077740,-2.02
-27.007440,153.077991,-2.05
-27.007447,153.077739,-2.02
-27.007436,153.078244,-2.13
-27.007667,153.078244,-2.08
-27.007664,153.077985,-2.05
-27.007671,153.077739,-2.03
-27.007666,153.078487,-2.17
-27.007887,153.078243,-2.08
-27.007895,153.077982,-2.05
-27.007892,153.077732,-2.03
-27.007896,153.078490,-2.11
-27.007890,153.078990,-2.21
-27.007897,153.078746,-2.16
-27.007897,153.079251,-2.24
-27.008121,153.078236,-2.08
-27.008114,153.077991,-2.06
-27.008122,153.078488,-2.10
-27.008122,153.079246,-2.20
-27.008120,153.078988,-2.15
-27.008119,153.078746,-2.12
-27.008118,153.079504,-2.23
-27.008338,153.077990,-2.05
-27.008346,153.078996,-2.13
-27.008347,153.078747,-2.12
-27.008348,153.078490,-2.10
-27.008346,153.078244,-2.08
-27.008348,153.079249,-2.17
-27.008344,153.079500,-2.21
-27.008349,153.079755,-2.22
-27.008575,153.078243,-2.08
-27.008571,153.077990,-2.04
-27.008572,153.078492,-2.11
-27.008569,153.079504,-2.20
-27.008572,153.079247,-2.17
-27.008573,153.078995,-2.15
-27.008573,153.078742,-2.13
-27.008570,153.079748,-2.21
-27.008574,153.080002,-2.23
-27.008799,153.078244,-2.07
-27.008799,153.077993,-2.01
-27.008795,153.078495,-2.10
-27.008782,153.079503,-2.19
-27.008796,153.079251,-2.17
-27.008799,153.079000,-2.14
-27.008799,153.078746,-2.12
-27.008798,153.079755,-2.20
-27.008797,153.080006,-2.22
-27.008790,153.080512,-2.24
-27.008794,153.080255,-2.23
-27.008793,153.080634,-2.23
-27.009026,153.077990,-2.00
-27.009021,153.078244,-2.05
-27.009026,153.079251,-2.15
-27.009025,153.078996,-2.13
-27.009026,153.078738,-2.11
-27.009023,153.078490,-2.08
-27.009023,153.079505,-2.16
-27.009018,153.079755,-2.18
-27.009019,153.080260,-2.22
-27.009021,153.080008,-2.21
-27.009025,153.080507,-2.23
-27.009025,153.080637,-2.24
-27.009245,153.078495,-2.07
-27.009252,153.078244,-2.04
-27.009247,153.077993,-1.99
-27.009247,153.078740,-2.10
-27.009247,153.079755,-2.14
-27.009249,153.079499,-2.13
-27.009250,153.079243,-2.12
-27.009245,153.078999,-2.13
-27.009249,153.079999,-2.17
-27.009251,153.080259,-2.20
-27.009249,153.080631,-2.23
-27.009251,153.080509,-2.22
-27.009474,153.078242,-2.02
-27.009473,153.077993,-1.97
-27.009470,153.079253,-2.09
-27.009471,153.079001,-2.08
-27.009476,153.078740,-2.08
-27.009467,153.078496,-2.05
-27.009471,153.079497,-2.10
-27.009477,153.079757,-2.11
-27.009473,153.080507,-2.17
-27.009474,153.080259,-2.15
-27.009475,153.080006,-2.13
-27.009468,153.080637,-2.18
-27.009254,153.077582,-1.92
-27.009030,153.077494,-1.94
-27.008803,153.077499,-1.94
-27.008697,153.077736,-1.94
-27.008573,153.077735,-1.95
-27.008349,153.077736,-1.98
-27.008120,153.077739,-2.01
-27.008009,153.077483,-1.87
-27.007896,153.077485,-1.95
-27.007885,153.077119,-1.28
-27.007661,153.077485,-2.00
-27.007660,153.077123,-1.15
-27.007444,153.077479,-1.98
-27.007408,153.077224,-1.26
-27.007218,153.077485,-1.94
-27.007212,153.077235,-1.21
-27.006988,153.077476,-1.83
-27.006960,153.077234,-1.05
-27.006748,153.077213,-1.01
-27.006525,153.077229,-1.01
-27.006305,153.077487,-2.12
-27.006314,153.077230,-1.02
-27.006088,153.077487,-1.41
-27.006087,153.077235,-0.96
-27.005801,153.077406,-1.20
-27.005866,153.077232,-0.87
-27.005789,153.076005,-0.63
-27.005780,153.075955,-0.65
-27.005632,153.077420,-1.10
-27.005626,153.077230,-0.79
-27.005641,153.076043,-0.70
-27.005642,153.075972,-0.76
-27.005392,153.077468,-1.19
-27.005524,153.075720,-0.74
-27.005412,153.077232,-0.85
-27.005411,153.076122,-0.70
-27.005417,153.075968,-0.80
-27.005188,153.077473,-1.26
-27.005191,153.075947,-1.00
-27.004738,153.075588,-0.99
-27.004738,153.075466,-0.85
-27.004514,153.075593,-1.01
-27.004510,153.075469,-0.93
-27.004289,153.075577,-1.04
-27.004289,153.075437,-1.02
-27.004289,153.075149,-0.78
-27.004062,153.075596,-1.09
-27.004061,153.075466,-1.06
-27.004063,153.075212,-0.82
-27.003834,153.075592,-1.13
-27.003837,153.075447,-1.10
-27.003836,153.075214,-0.92
-27.003831,153.074965,-0.74
-27.003611,153.075549,-1.18
-27.003611,153.075460,-1.11
-27.003611,153.075213,-0.98
-27.003611,153.074933,-0.80
-27.003386,153.075564,-1.24
-27.003386,153.075466,-1.15
-27.003382,153.075207,-1.03
-27.003385,153.074963,-0.84
-27.003386,153.074703,-0.73
-27.003160,153.075581,-1.25
-27.003160,153.075392,-1.21
-27.003160,153.075203,-1.08
-27.003157,153.074958,-0.90
-27.003159,153.074706,-0.75
-27.002931,153.075592,-1.22
-27.002935,153.075390,-1.21
-27.002935,153.075184,-1.13
-27.002935,153.074960,-0.99
-27.002930,153.074713,-0.81
-27.002931,153.074460,-0.68
-27.002709,153.075513,-1.23
-27.002705,153.075461,-1.22
-27.002705,153.075205,-1.17
-27.002704,153.074962,-1.05
-27.002704,153.074711,-0.85
-27.002703,153.074451,-0.72
-27.002479,153.075591,-1.23
-27.002483,153.075465,-1.25
-27.002480,153.075192,-1.24
-27.002477,153.074963,-1.13
-27.002483,153.074649,-0.93
-27.002482,153.074456,-0.75
-27.002253,153.075592,-1.25
-27.002257,153.075327,-1.26
-27.002254,153.075212,-1.25
-27.002251,153.074954,-1.16
-27.002258,153.074665,-1.03
-27.002256,153.074460,-0.79
-27.002027,153.075593,-1.26
-27.002032,153.075337,-1.28
-27.002030,153.075208,-1.26
-27.002029,153.074963,-1.18
-27.002029,153.074710,-1.09
-27.002028,153.074458,-0.89
-27.001805,153.075528,-1.30
-27.001802,153.075467,-1.35
-27.001804,153.075172,-1.42
-27.001803,153.074957,-1.39
-27.001804,153.074703,-1.14
-27.001805,153.074460,-1.01
-27.001579,153.075586,-1.39
-27.001580,153.075465,-1.49
-27.001578,153.075193,-1.58
-27.001579,153.074956,-1.54
-27.001580,153.074704,-1.24
-27.001572,153.074457,-1.11
-27.001354,153.075539,-1.56
-27.001353,153.075467,-1.67
-27.001354,153.075215,-1.75
-27.001354,153.074915,-1.79
-27.001355,153.074703,-1.48
-27.001349,153.074458,-1.18
-27.001126,153.075556,-1.65
-27.001125,153.075452,-1.73
-27.001128,153.075184,-1.82
-27.001129,153.074855,-1.80
-27.001129,153.074711,-1.69
-27.001152,153.074208,-1.06
-27.001129,153.074419,-1.38
-27.001129,153.074205,-1.10
-27.000897,153.075589,-1.67
-27.000902,153.075396,-1.75
-27.000903,153.075178,-1.85
-27.000898,153.074959,-1.84
-27.000899,153.074703,-1.74
-27.000901,153.074444,-1.43
-27.000903,153.074197,-1.19
-27.000673,153.075592,-1.62
-27.000676,153.075427,-1.77
-27.000676,153.075209,-1.86
-27.000670,153.074913,-1.83
-27.000673,153.074702,-1.76
-27.000675,153.074456,-1.45
-27.000675,153.074207,-1.25
-27.000566,153.073102,-0.73
-27.000570,153.073469,-1.01
-27.000565,153.073773,-1.10
-27.000901,153.071680,-1.21
-27.000678,153.073471,-0.90
-27.000678,153.073789,-1.06
-27.001119,153.071687,-1.24
-27.000904,153.073730,-1.00
-27.001356,153.071687,-1.18
-27.001131,153.073712,-0.89
-27.001581,153.071935,-1.02
-27.001581,153.071683,-1.19
-27.001356,153.073706,-0.77
-27.001361,153.073956,-0.94
-27.001807,153.071687,-1.19
-27.001802,153.071941,-1.08
-27.001588,153.073574,-0.70
-27.001586,153.073706,-0.70
-27.001582,153.073961,-0.81
-27.001963,153.071434,-1.65
-27.002025,153.071689,-1.19
-27.002032,153.072182,-0.97
-27.002029,153.071938,-1.13
-27.001808,153.073670,-0.68
-27.001807,153.073752,-0.69
-27.001807,153.073984,-0.74
-27.002253,153.071689,-1.19
-27.002148,153.071432,-1.91
-27.002258,153.071941,-1.15
-27.002253,153.072191,-1.06
-27.002033,153.073959,-0.70
-27.002484,153.071688,-1.21
-27.002485,153.071195,-1.73
-27.002480,153.071929,-1.17
-27.002475,153.072192,-1.13
-27.002476,153.072442,-0.98
-27.002701,153.071686,-1.26
-27.002710,153.071934,-1.19
-27.002708,153.072187,-1.15
-27.002710,153.072442,-1.07
-27.002928,153.071937,-1.22
-27.002812,153.071688,-1.32
-27.002930,153.072190,-1.17
-27.002929,153.072441,-1.11
-27.002932,153.072689,-1.02
-27.003160,153.071205,-1.72
-27.003161,153.071462,-1.38
-27.003157,153.071938,-1.26
-27.003158,153.072193,-1.18
-27.003156,153.072436,-1.14
-27.003157,153.072695,-1.06
-27.003387,153.071448,-1.67
-27.003381,153.071941,-1.39
-27.003387,153.071269,-2.01
-27.003387,153.072192,-1.25
-27.003380,153.072444,-1.14
-27.003381,153.072693,-1.07
-27.003387,153.072947,-0.97
-27.003612,153.071452,-1.87
-27.003611,153.072191,-1.32
-27.003522,153.071940,-1.63
-27.003609,153.072446,-1.16
-27.003611,153.072694,-1.08
-27.003611,153.072946,-0.98
-27.003838,153.071455,-2.17
-27.003828,153.071700,-1.74
-27.003834,153.072192,-1.37
-27.003833,153.072443,-1.18
-27.003830,153.072696,-1.09
-27.003832,153.072945,-0.97
-27.003830,153.073202,-0.88
-27.004063,153.071445,-2.15
-27.003995,153.072186,-1.53
-27.004063,153.071717,-1.88
-27.004061,153.072440,-1.23
-27.004064,153.072698,-1.10
-27.004057,153.072949,-0.99
-27.004059,153.073201,-0.88
-27.004290,153.071442,-2.23
-27.004237,153.072194,-1.68
-27.004291,153.071704,-1.97
-27.004279,153.072445,-1.29
-27.004284,153.072697,-1.12
-27.004289,153.072945,-1.00
-27.004288,153.073186,-0.87
-27.004513,153.071693,-2.24
-27.004512,153.071950,-1.90
-27.004511,153.072444,-1.36
-27.004515,153.072696,-1.14
-27.004515,153.072945,-1.01
-27.004510,153.073197,-0.86
-27.004728,153.071968,-1.94
-27.004741,153.072420,-1.60
-27.004739,153.072698,-1.19
-27.004736,153.072950,-1.01
-27.004731,153.073202,-0.85
-27.004721,153.073350,-0.78
-27.004968,153.071954,-1.92
-27.004968,153.072216,-1.47
-27.004958,153.072683,-1.21
-27.004966,153.072945,-1.02
-27.004745,153.073458,-0.70
-27.000447,153.075575,-1.54
-27.000452,153.075370,-1.67
-27.000450,153.075168,-1.75
-27.000450,153.074962,-1.79
-27.000445,153.074698,-1.78
-27.000448,153.074412,-1.44
-27.000447,153.074202,-1.28
-27.000225,153.075539,-1.35
-27.000224,153.075461,-1.55
-27.000225,153.075137,-1.63
-27.000225,153.074919,-1.69
-27.000226,153.074706,-1.70
-27.000222,153.074430,-1.41
-27.000223,153.074207,-1.25
-26.999997,153.075592,-1.27
-26.999999,153.075448,-1.36
-26.999997,153.075175,-1.44
-26.999997,153.074945,-1.55
-26.999999,153.074693,-1.56
-27.000000,153.074449,-1.33
-27.000001,153.074162,-1.18
-26.999774,153.075584,-1.20
-26.999770,153.075464,-1.24
-26.999773,153.075213,-1.32
-26.999773,153.074950,-1.44
-26.999771,153.074700,-1.35
-26.999775,153.074373,-1.27
-26.999775,153.074180,-1.13
-26.999548,153.075568,-1.17
-26.999549,153.075382,-1.19
-26.999548,153.075210,-1.21
-26.999547,153.074963,-1.23
-26.999547,153.074700,-1.22
-26.999545,153.074457,-1.15
-26.999548,153.074203,-1.17
-26.999323,153.075585,-1.19
-26.999323,153.075399,-1.20
-26.999323,153.075208,-1.20
-26.999320,153.074960,-1.21
-26.999323,153.074698,-1.18
-26.999323,153.074420,-1.18
-26.999319,153.074187,-1.20
-26.999255,153.073953,-1.23
-26.999096,153.075584,-1.20
-26.999097,153.075466,-1.21
-26.999096,153.075205,-1.19
-26.999097,153.074888,-1.20
-26.999097,153.074693,-1.20
-26.999093,153.074455,-1.20
-26.999096,153.074191,-1.20
-26.999097,153.073932,-1.24
-26.998871,153.075590,-1.19
-26.998871,153.075397,-1.17
-26.998872,153.075193,-1.19
-26.998868,153.074947,-1.20
-26.998871,153.074690,-1.21
-26.998872,153.074454,-1.21
-26.998872,153.074190,-1.20
-26.998867,153.073944,-1.23
-26.998646,153.075532,-1.25
-26.998644,153.075459,-1.20
-26.998645,153.075203,-1.19
-26.998645,153.074954,-1.17
-26.998646,153.074702,-1.20
-26.998646,153.074455,-1.19
-26.998646,153.074195,-1.19
-26.998646,153.073936,-1.22
-26.998420,153.075546,-1.25
-26.998417,153.075465,-1.25
-26.998414,153.075210,-1.23
-26.998420,153.074958,-1.18
-26.998421,153.074656,-1.17
-26.998421,153.074366,-1.16
-26.998418,153.074200,-1.16
-26.998416,153.073945,-1.19
-26.998194,153.075489,-1.16
-26.998188,153.075463,-1.18
-26.998194,153.075210,-1.18
-26.998194,153.074934,-1.18
-26.998194,153.074664,-1.18
-26.998195,153.074389,-1.18
-26.998195,153.074202,-1.18
-26.998194,153.073954,-1.19
-26.997969,153.075471,-1.13
-26.997964,153.075459,-1.13
-26.997965,153.075210,-1.16
-26.997967,153.074953,-1.17
-26.997968,153.074705,-1.18
-26.997969,153.074414,-1.17
-26.997969,153.074198,-1.17
-26.997963,153.073951,-1.18
-26.997743,153.075501,-1.12
-26.997740,153.075465,-1.10
-26.997743,153.075146,-1.11
-26.997738,153.074959,-1.13
-26.997742,153.074701,-1.16
-26.997743,153.074439,-1.18
-26.997739,153.074205,-1.16
-26.997743,153.073953,-1.17
-26.997517,153.075560,-1.11
-26.997517,153.075384,-1.13
-26.997513,153.075206,-1.14
-26.997518,153.074891,-1.15
-26.997513,153.074706,-1.16
-26.997517,153.074457,-1.18
-26.997513,153.074204,-1.20
-26.997517,153.073943,-1.18
-26.997291,153.075490,-1.06
-26.997288,153.075465,-1.09
-26.997292,153.075146,-1.13
-26.997287,153.074954,-1.15
-26.997292,153.074705,-1.16
-26.997286,153.074456,-1.16
-26.997292,153.074126,-1.18
-26.997285,153.073950,-1.19
-26.997065,153.075550,-1.02
-26.997066,153.075463,-1.05
-26.997066,153.075200,-1.08
-26.997064,153.074960,-1.10
-26.997066,153.074690,-1.12
-26.997064,153.074456,-1.18
-26.997066,153.074201,-1.19
-26.997063,153.073950,-1.20
-26.996838,153.075583,-1.00
-26.996840,153.075460,-1.02
-26.996839,153.075211,-1.03
-26.996840,153.074953,-1.10
-26.996839,153.074705,-1.26
-26.996841,153.074454,-1.36
-26.996839,153.074202,-1.29
-26.996835,153.073934,-1.25
-26.996614,153.075572,-0.98
-26.996614,153.075428,-1.01
-26.996614,153.075195,-1.00
-26.996614,153.074908,-1.14
-26.996613,153.074700,-1.26
-26.996610,153.074452,-1.26
-26.996614,153.074176,-1.23
-26.996613,153.073941,-1.22
-26.996388,153.075518,-1.01
-26.996388,153.075461,-0.99
-26.996389,153.075213,-1.02
-26.996389,153.074910,-1.08
-26.996387,153.074701,-1.12
-26.996384,153.074456,-1.15
-26.996389,153.074163,-1.16
-26.996386,153.073953,-1.15
-26.996160,153.075586,-0.87
-26.996158,153.075461,-0.89
-26.996163,153.075158,-0.98
-26.996162,153.074958,-1.00
-26.996158,153.074709,-1.05
-26.996163,153.074438,-1.08
-26.996164,153.074198,-1.09
-26.996161,153.073951,-1.09
-26.996054,153.070828,-0.67
-26.996052,153.072115,-0.88
-26.996053,153.072195,-1.12
-26.996053,153.072443,-1.16
-26.996053,153.072694,-1.19
-26.996053,153.072948,-1.20
-26.996053,153.073200,-1.19
-26.996053,153.073454,-1.14
-26.996166,153.070836,-0.67
-26.996165,153.072071,-1.00
-26.996165,153.072311,-1.16
-26.996165,153.072560,-1.20
-26.996165,153.072694,-1.23
-26.996165,153.072945,-1.23
-26.996166,153.073209,-1.20
-26.996166,153.073464,-1.16
-26.996395,153.071943,-1.12
-26.996391,153.072204,-1.16
-26.996391,153.072480,-1.23
-26.996391,153.072730,-1.25
-26.996390,153.073011,-1.24
-26.996390,153.073270,-1.21
-26.996390,153.073545,-1.20
-26.996619,153.071953,-1.20
-26.996620,153.072196,-1.23
-26.996616,153.072454,-1.22
-26.996616,153.072719,-1.25
-26.996616,153.072988,-1.25
-26.996616,153.073242,-1.28
-26.996616,153.073517,-1.27
-26.996843,153.071692,-1.22
-26.996843,153.071942,-1.23
-26.996843,153.072192,-1.23
-26.996843,153.072450,-1.23
-26.996842,153.072702,-1.27
-26.996842,153.072948,-1.36
-26.996842,153.073201,-1.41
-26.996841,153.073457,-1.29
-26.997070,153.071692,-1.22
-26.997069,153.071939,-1.24
-26.997069,153.072196,-1.24
-26.997068,153.072448,-1.25
-26.997068,153.072695,-1.28
-26.997067,153.073041,-1.37
-26.997067,153.073274,-1.31
-26.997067,153.073499,-1.22
-26.997296,153.071445,-1.16
-26.997295,153.071687,-1.19
-26.997295,153.071938,-1.22
-26.997293,153.072322,-1.22
-26.997293,153.072548,-1.24
-26.997293,153.072762,-1.25
-26.997293,153.072996,-1.26
-26.997293,153.073216,-1.23
-26.997298,153.073453,-1.21
-26.997520,153.071560,-1.09
-26.997520,153.071754,-1.14
-26.997519,153.071963,-1.17
-26.997521,153.072198,-1.21
-26.997520,153.072442,-1.23
-26.997519,153.072755,-1.22
-26.997519,153.072959,-1.21
-26.997521,153.073204,-1.19
-26.997519,153.073453,-1.19
-26.997746,153.071199,-0.98
-26.997747,153.071441,-1.04
-26.997745,153.071803,-1.07
-26.997746,153.071966,-1.13
-26.997747,153.072198,-1.18
-26.997745,153.072447,-1.22
-26.997745,153.072733,-1.20
-26.997748,153.072949,-1.20
-26.997745,153.073212,-1.20
-26.997744,153.073485,-1.18
-26.997971,153.071085,-0.80
-26.997972,153.071261,-0.94
-26.997972,153.071439,-0.99
-26.997971,153.071689,-1.03
-26.997971,153.071998,-1.07
-26.997974,153.072191,-1.13
-26.997971,153.072451,-1.17
-26.997970,153.072739,-1.17
-26.997973,153.072956,-1.18
-26.997970,153.073202,-1.20
-26.997970,153.073467,-1.19
-26.998197,153.071541,-0.94
-26.998196,153.071738,-0.98
-26.998199,153.071938,-1.04
-26.998197,153.072197,-1.08
-26.998196,153.072536,-1.12
-26.998196,153.072736,-1.12
-26.998196,153.072964,-1.17
-26.998200,153.073201,-1.21
-26.998199,153.073469,-1.20
-26.998422,153.071466,-0.88
-26.998422,153.071704,-0.93
-26.998426,153.071939,-0.99
-26.998425,153.072192,-1.02
-26.998424,153.072461,-1.06
-26.998425,153.072698,-1.11
-26.998424,153.072953,-1.19
-26.998425,153.073199,-1.22
-26.998424,153.073453,-1.21
-26.998651,153.071696,-0.84
-26.998649,153.071941,-0.92
-26.998649,153.072194,-1.02
-26.998647,153.072559,-1.08
-26.998647,153.072778,-1.16
-26.998648,153.072979,-1.21
-26.998647,153.073210,-1.24
-26.998652,153.073452,-1.24
-26.998874,153.071946,-0.84
-26.998874,153.072265,-0.97
-26.998873,153.072472,-1.06
-26.998877,153.072697,-1.14
-26.998875,153.072961,-1.20
-26.998873,153.073287,-1.23
-26.998873,153.073486,-1.25
-26.999100,153.071781,-0.67
-26.999099,153.072196,-0.88
-26.999099,153.072498,-1.01
-26.999102,153.072703,-1.10
-26.999101,153.072950,-1.17
-26.999099,153.073284,-1.21
-26.999099,153.073484,-1.24
-26.999325,153.072452,-0.94
-26.999325,153.072779,-1.04
-26.999325,153.073005,-1.13
-26.999324,153.073211,-1.18
-26.999328,153.073455,-1.21
-26.999327,153.073711,-1.21
-26.999553,153.072697,-0.98
-26.999552,153.072962,-1.06
-26.999551,153.073207,-1.11
-26.999552,153.073455,-1.12
-26.999551,153.073713,-1.14
-26.999776,153.072803,-0.87
-26.999776,153.073066,-0.95
-26.999776,153.073307,-0.99
-26.999776,153.073460,-1.05
-26.999777,153.073709,-1.11
-27.000222,153.071433,-1.65
-27.000002,153.073011,-0.91
-27.000001,153.073315,-0.96
-27.000002,153.073470,-1.08
-27.000003,153.073711,-1.17
-27.000446,153.071433,-1.39
-27.000227,153.072933,-0.74
-27.000231,153.072951,-0.81
-27.000227,153.073219,-0.94
-27.000227,153.073527,-1.05
-27.000228,153.073708,-1.14
-27.004963,153.080633,-2.24
-27.004734,153.080632,-2.22
-27.004510,153.080634,-2.20
-27.004283,153.080632,-2.18
-27.004059,153.080633,-2.17
-27.003830,153.080632,-2.15
-27.003606,153.080620,-2.14
-27.003377,153.080633,-2.13
-27.003156,153.080631,-2.09
-27.002930,153.080628,-2.06
-27.002701,153.080634,-2.04
-27.002469,153.080633,-2.03
-27.002254,153.080631,-2.01
-27.002253,153.080495,-2.01
-27.002025,153.080612,-1.96
-27.002020,153.080495,-1.97
-27.001803,153.080555,-1.82
-27.001800,153.080479,-1.80
-27.001452,153.080510,-1.72
-27.001361,153.080256,-1.48
-27.001126,153.080512,-1.31
-27.001133,153.080258,-1.30
-27.000959,153.080512,-1.69
-27.000900,153.080259,-1.22
-27.000900,153.080598,-1.21
-27.000692,153.080262,-1.18
-27.000673,153.080628,-1.12
-27.000668,153.080504,-1.12
-27.000563,153.077696,-1.09
-27.000566,153.077477,-1.10
-27.000564,153.077747,-1.08
-27.000563,153.078336,-1.01
-27.000564,153.078236,-1.05
-27.000564,153.078493,-0.93
-27.000563,153.078931,-0.81
-27.000677,153.077408,-1.09
-27.000677,153.077496,-1.09
-27.000676,153.078105,-1.04
-27.000678,153.077982,-1.06
-27.000678,153.078244,-1.00
-27.000678,153.080008,-1.13
-27.000902,153.077719,-1.08
-27.000905,153.077482,-1.09
-27.000904,153.077741,-1.05
-27.000901,153.078409,-0.96
-27.000903,153.078236,-1.01
-27.000904,153.078495,-0.80
-27.000901,153.079753,-1.16
-27.000904,153.080005,-1.20
-27.001128,153.077525,-1.07
-27.001129,153.077476,-1.07
-27.001127,153.078255,-0.82
-27.001128,153.078237,-0.97
-27.001131,153.077985,-1.05
-27.001129,153.079505,-1.20
-27.001130,153.079753,-1.25
-27.001130,153.080008,-1.26
-27.001354,153.077329,-1.03
-27.001353,153.078035,-0.85
-27.001354,153.077986,-1.01
-27.001357,153.077735,-1.05
-27.001356,153.079502,-1.34
-27.001354,153.079248,-1.30
-27.001360,153.079757,-1.39
-27.001356,153.080005,-1.43
-27.001579,153.077547,-0.98
-27.001580,153.077483,-0.89
-27.001579,153.077754,-0.88
-27.001590,153.079248,-1.67
-27.001584,153.079000,-1.38
-27.001580,153.079530,-1.78
-27.001597,153.079753,-1.74
-27.001594,153.080032,-1.77
-27.001805,153.077544,-0.83
-27.001806,153.077482,-0.83
-27.001816,153.079023,-1.92
-27.001819,153.079249,-2.00
-27.001805,153.079510,-2.02
-27.002029,153.080241,-1.98
-27.002024,153.079997,-2.00
-27.002035,153.077482,-0.78
-27.002037,153.078746,-1.91
-27.002250,153.079499,-2.03
-27.002056,153.078997,-2.02
-27.002253,153.079748,-2.03
-27.002252,153.079993,-2.02
-27.002249,153.080253,-2.00
-27.002267,153.078361,-1.07
-27.002477,153.078988,-1.95
-27.002475,153.079492,-2.02
-27.002481,153.079239,-2.00
-27.002481,153.079752,-2.04
-27.002480,153.079998,-2.04
-27.002476,153.080256,-2.04
-27.002480,153.080504,-2.03
-27.002701,153.078983,-1.94
-27.002704,153.078742,-1.73
-27.002705,153.079247,-1.99
-27.002704,153.079498,-2.03
-27.002703,153.079748,-2.06
-27.002703,153.080004,-2.08
-27.002703,153.080247,-2.07
-27.002704,153.080503,-2.06
-27.002927,153.078996,-1.97
-27.002914,153.078741,-1.79
-27.002710,153.078241,-1.57
-27.002931,153.079242,-2.00
-27.002931,153.079500,-2.04
-27.002929,153.079753,-2.09
-27.002932,153.080254,-2.11
-27.002931,153.079994,-2.12
-27.002930,153.080499,-2.09
-27.003151,153.077941,-0.95
-27.002933,153.078265,-1.71
-27.002936,153.078493,-1.88
-27.003158,153.079737,-2.11
-27.003152,153.079499,-2.06
-27.003155,153.079248,-2.02
-27.003152,153.078991,-1.99
-27.003158,153.079995,-2.14
-27.003154,153.080256,-2.14
-27.003154,153.080506,-2.12
-27.003308,153.077872,-1.10
-27.003162,153.078010,-1.58
-27.003380,153.079498,-2.08
-27.003381,153.079246,-2.04
-27.003379,153.078996,-2.00
-27.003159,153.078495,-1.91
-27.003163,153.078245,-1.74
-27.003378,153.079737,-2.13
-27.003378,153.080001,-2.16
-27.003381,153.080253,-2.17
-27.003383,153.080503,-2.15
-27.003508,153.077746,-1.28
-27.003578,153.077698,-0.95
-27.003387,153.078016,-1.66
-27.003385,153.078253,-1.80
-27.003609,153.079501,-2.10
-27.003599,153.079238,-2.05
-27.003610,153.078991,-2.00
-27.003388,153.078494,-1.92
-27.003609,153.079752,-2.15
-27.003609,153.080002,-2.18
-27.003606,153.080254,-2.19
-27.003606,153.080509,-2.17
-27.003612,153.077764,-1.44
-27.003610,153.078043,-1.72
-27.003832,153.079492,-2.11
-27.003834,153.079247,-2.06
-27.003832,153.078992,-2.02
-27.003611,153.078496,-1.93
-27.003610,153.078280,-1.86
-27.003834,153.079754,-2.16
-27.003828,153.079998,-2.18
-27.003826,153.080253,-2.19
-27.003834,153.080492,-2.18
-27.004057,153.078743,-1.99
-27.004052,153.078482,-1.90
-27.004054,153.078241,-1.71
-27.003838,153.077738,-1.43
-27.004060,153.078989,-2.03
-27.004060,153.079228,-2.06
-27.004060,153.079494,-2.11
-27.004058,153.079753,-2.16
-27.004060,153.080506,-2.18
-27.004057,153.080253,-2.19
-27.004060,153.079993,-2.18
-27.004284,153.077733,-1.43
-27.004101,153.078996,-2.04
-27.004286,153.078744,-2.02
-27.004284,153.078489,-1.94
-27.004268,153.078240,-1.83
-27.004286,153.077989,-1.60
-27.004283,153.079230,-2.06
-27.004285,153.079499,-2.11
-27.004283,153.079754,-2.16
-27.004285,153.079994,-2.18
-27.004283,153.080246,-2.18
-27.004283,153.080506,-2.18
-27.004499,153.077734,-1.68
-27.004506,153.077973,-1.84
-27.004512,153.078234,-1.92
-27.004510,153.079239,-2.07
-27.004510,153.078998,-2.04
-27.004507,153.078746,-2.03
-27.004506,153.078485,-1.98
-27.004506,153.079501,-2.11
-27.004508,153.079754,-2.15
-27.004512,153.080002,-2.18
-27.004499,153.080249,-2.19
-27.004503,153.080509,-2.18
-27.004736,153.078474,-2.00
-27.004714,153.078240,-1.95
-27.004736,153.077978,-1.90
-27.004728,153.077737,-1.73
-27.004724,153.078745,-2.03
-27.004735,153.078996,-2.06
-27.004736,153.079741,-2.15
-27.004733,153.079491,-2.12
-27.004733,153.079250,-2.09
-27.004736,153.080002,-2.18
-27.004734,153.080256,-2.19
-27.004734,153.080498,-2.22
-27.004951,153.077990,-1.91
-27.004947,153.077729,-1.80
-27.004963,153.078236,-1.96
-27.004955,153.078997,-2.06
-27.004962,153.078739,-2.03
-27.004962,153.078492,-2.00
-27.004961,153.079245,-2.09
-27.004943,153.079502,-2.12
-27.004957,153.079753,-2.16
-27.004963,153.080253,-2.21
-27.004959,153.080006,-2.19
-27.004963,153.080482,-2.24
-27.004964,153.077470,-1.28
-27.004965,153.075923,-0.93
-27.004736,153.077484,-1.13
-27.004736,153.075971,-0.94
-27.004513,153.077479,-1.16
-27.004514,153.075963,-0.97
-27.004268,153.077480,-1.03
-27.004288,153.076225,-1.00
-27.004286,153.075971,-1.07
-27.004059,153.077451,-0.93
-27.004090,153.076486,-0.70
-27.004062,153.076416,-0.85
-27.004059,153.076483,-0.68
-27.004062,153.076221,-1.05
-27.004059,153.075973,-1.14
-27.003836,153.076613,-0.69
-27.003837,153.076431,-0.91
-27.003836,153.076221,-1.08
-27.003837,153.075952,-1.19
-27.003614,153.076750,-0.67
-27.003611,153.076714,-0.75
-27.003610,153.076738,-0.65
-27.003611,153.076385,-0.96
-27.003611,153.076222,-1.09
-27.003611,153.075885,-1.22
-27.003385,153.076406,-1.02
-27.003383,153.076221,-1.11
-27.003385,153.075906,-1.22
-27.003159,153.076703,-0.95
-27.003159,153.076473,-1.06
-27.003160,153.076152,-1.12
-27.003160,153.075963,-1.22
-27.002934,153.076841,-0.87
-27.002934,153.076649,-1.02
-27.002934,153.076437,-1.10
-27.002931,153.076223,-1.12
-27.002933,153.075965,-1.20
-27.002708,153.076952,-0.93
-27.002708,153.076710,-1.05
-27.002708,153.076471,-1.10
-27.002705,153.076212,-1.15
-27.002705,153.075964,-1.19
-27.002481,153.077230,-0.85
-27.002482,153.076957,-0.99
-27.002482,153.076644,-1.08
-27.002482,153.076319,-1.12
-27.002482,153.076210,-1.16
-27.002479,153.075950,-1.21
-27.002256,153.077051,-0.92
-27.002256,153.076977,-1.01
-27.002257,153.076708,-1.07
-27.002257,153.076354,-1.11
-27.002257,153.076223,-1.15
-27.002252,153.075971,-1.21
-27.002031,153.077031,-0.96
-27.002030,153.076979,-1.02
-27.002028,153.076721,-1.08
-27.002031,153.076450,-1.11
-27.002031,153.076164,-1.17
-27.002031,153.075901,-1.23
-27.001805,153.077181,-0.92
-27.001805,153.076943,-1.02
-27.001805,153.076696,-1.05
-27.001805,153.076450,-1.10
-27.001805,153.076212,-1.18
-27.001802,153.075968,-1.27
-27.001579,153.077176,-0.98
-27.001579,153.076964,-0.95
-27.001578,153.076721,-1.01
-27.001579,153.076466,-1.09
-27.001580,153.076104,-1.22
-27.001580,153.075894,-1.31
-27.001353,153.077190,-1.03
-27.001351,153.076974,-0.97
-27.001353,153.076722,-0.96
-27.001354,153.076365,-1.09
-27.001354,153.076160,-1.26
-27.001354,153.075955,-1.39
-27.001128,153.077215,-1.06
-27.001126,153.076979,-1.02
-27.001128,153.076724,-0.97
-27.001128,153.076350,-1.12
-27.001128,153.076140,-1.31
-27.001128,153.075938,-1.44
-27.000901,153.077085,-1.08
-27.000901,153.076870,-1.03
-27.000902,153.076647,-0.99
-27.000902,153.076431,-1.22
-27.000903,153.076222,-1.37
-27.000900,153.075963,-1.55
-27.000675,153.077227,-1.09
-27.000677,153.076830,-1.04
-27.000676,153.076644,-1.04
-27.000677,153.076435,-1.31
-27.000674,153.076219,-1.38
-27.000675,153.075862,-1.51
-27.000444,153.080615,-0.99
-27.000443,153.080504,-1.02
-27.000216,153.080630,-0.96
-27.000214,153.080505,-0.97
-26.999996,153.080625,-0.87
-26.999994,153.080504,-0.85
-26.996614,153.076803,-0.76
-26.996616,153.077162,-0.72
-26.996645,153.077268,-0.65
-26.996763,153.077513,-0.65
-26.996839,153.076870,-0.81
-26.996839,153.077272,-0.75
-26.996840,153.077223,-0.79
-26.996841,153.077629,-0.71
-26.996939,153.077734,-0.65
-26.997065,153.077044,-0.84
-26.997067,153.076976,-0.82
-26.997065,153.077381,-0.81
-26.997065,153.077484,-0.79
-26.997065,153.077753,-0.72
-26.997104,153.077985,-0.66
-26.997225,153.078248,-0.65
-26.997291,153.077041,-0.84
-26.997293,153.076965,-0.86
-26.997291,153.077452,-0.88
-26.997292,153.077504,-0.86
-26.997290,153.077892,-0.82
-26.997292,153.077990,-0.79
-26.997290,153.078334,-0.79
-26.997341,153.078524,-0.79
-26.997442,153.078765,-0.68
-26.997517,153.077145,-0.88
-26.997521,153.076974,-0.89
-26.997517,153.077230,-0.87
-26.997516,153.077653,-0.92
-26.997518,153.077737,-0.90
-26.997516,153.078127,-0.88
-26.997518,153.078239,-0.88
-26.997516,153.078652,-0.88
-26.997519,153.078743,-0.81
-26.997585,153.078997,-0.73
-26.997742,153.077219,-0.91
-26.997748,153.076977,-0.92
-26.997744,153.077234,-0.90
-26.997742,153.077659,-0.90
-26.997744,153.077742,-0.92
-26.997742,153.078127,-0.91
-26.997743,153.078241,-0.90
-26.997741,153.078556,-0.89
-26.997742,153.078745,-0.84
-26.997741,153.079013,-0.76
-26.997796,153.079253,-0.68
-26.997968,153.077003,-0.93
-26.997969,153.076969,-0.96
-26.997968,153.077376,-0.91
-26.997968,153.077719,-0.93
-26.997970,153.077744,-0.95
-26.997967,153.078120,-0.95
-26.997968,153.078238,-0.93
-26.997967,153.078502,-0.91
-26.997967,153.078914,-0.86
-26.997970,153.079007,-0.79
-26.997967,153.079307,-0.72
-26.998194,153.077004,-0.95
-26.998194,153.077531,-0.95
-26.998194,153.077481,-0.93
-26.998193,153.078068,-0.97
-26.998195,153.077978,-0.97
-26.998212,153.076975,-0.97
-26.998195,153.078238,-0.96
-26.998193,153.078642,-0.93
-26.998196,153.078742,-0.89
-26.998192,153.079237,-0.80
-26.998198,153.079269,-0.68
-26.998294,153.079508,-0.67
-26.998419,153.077563,-0.96
-26.998420,153.077477,-0.95
-26.998424,153.077215,-0.97
-26.998420,153.077749,-0.98
-26.998419,153.078335,-0.97
-26.998420,153.078237,-0.97
-26.998421,153.078504,-0.94
-26.998418,153.078745,-0.90
-26.998418,153.079109,-0.81
-26.998422,153.079254,-0.70
-26.998419,153.079502,-0.67
-26.998645,153.077685,-0.96
-26.998647,153.077471,-0.97
-26.998650,153.077229,-0.97
-26.998647,153.077736,-0.98
-26.998645,153.077986,-0.98
-26.998644,153.078561,-0.96
-26.998645,153.078489,-0.98
-26.998647,153.078743,-0.91
-26.998645,153.078995,-0.83
-26.998644,153.079557,-0.68
-26.998644,153.079488,-0.73
-26.998870,153.077714,-0.97
-26.998873,153.077478,-0.99
-26.998876,153.077230,-1.03
-26.998874,153.077739,-0.99
-26.998871,153.077988,-0.98
-26.998870,153.078692,-0.95
-26.998872,153.078481,-0.97
-26.998874,153.078744,-0.91
-26.998872,153.079000,-0.85
-26.998871,153.079557,-0.66
-26.998872,153.079479,-0.76
-26.999096,153.077643,-0.98
-26.999099,153.077451,-1.00
-26.999102,153.077229,-1.07
-26.999098,153.077748,-0.98
-26.999096,153.078470,-0.96
-26.999099,153.078221,-0.98
-26.999100,153.078499,-0.96
-26.999098,153.078745,-0.93
-26.999095,153.079326,-0.78
-26.999096,153.079243,-0.87
-26.999100,153.079503,-0.66
-26.999322,153.077463,-1.02
-26.999326,153.077222,-1.16
-26.999324,153.077483,-0.99
-26.999322,153.078160,-0.99
-26.999324,153.077983,-0.99
-26.999324,153.078242,-0.96
-26.999321,153.078846,-0.94
-26.999323,153.078741,-0.94
-26.999324,153.078999,-0.89
-26.999321,153.079251,-0.82
-26.999548,153.077328,-1.05
-26.999550,153.077231,-1.15
-26.999547,153.077822,-1.01
-26.999549,153.077723,-1.02
-26.999547,153.077990,-1.00
-26.999547,153.078301,-0.96
-26.999548,153.078495,-0.94
-26.999547,153.078783,-0.92
-26.999547,153.078998,-0.92
-26.999547,153.079261,-0.83
-26.999773,153.077435,-1.06
-26.999777,153.077228,-1.11
-26.999774,153.077486,-1.05
-26.999773,153.077930,-1.03
-26.999776,153.077988,-1.02
-26.999773,153.078436,-0.98
-26.999776,153.078491,-0.93
-26.999773,153.078926,-0.89
-26.999776,153.078999,-0.92
-26.999999,153.077441,-1.08
-26.999999,153.077525,-1.08
-26.999999,153.077974,-1.05
-27.000014,153.077229,-1.10
-27.000001,153.077990,-1.03
-26.999999,153.078505,-0.94
-26.999999,153.078491,-0.99
-26.999999,153.078745,-0.87
-26.999998,153.079031,-0.89
-27.000000,153.079247,-0.83
-26.999998,153.080145,-0.93
-27.000225,153.077444,-1.10
-27.000226,153.077492,-1.09
-27.000225,153.077999,-1.04
-27.000225,153.077986,-1.07
-27.000224,153.078568,-0.94
-27.000226,153.078483,-1.00
-27.000226,153.078745,-0.85
-27.000228,153.079884,-0.93
-27.000226,153.080007,-1.02
-27.000450,153.077228,-1.10
-27.000451,153.076823,-1.07
-27.000451,153.076622,-1.09
-27.000451,153.076420,-1.24
-27.000451,153.076212,-1.28
-27.000449,153.075966,-1.36
-27.000225,153.076923,-1.11
-27.000225,153.076716,-1.12
-27.000224,153.076473,-1.16
-27.000225,153.076121,-1.20
-27.000225,153.075926,-1.25
-26.999999,153.076883,-1.29
-26.999999,153.076693,-1.19
-26.999999,153.076475,-1.14
-26.999998,153.076215,-1.16
-26.999999,153.075969,-1.18
-26.999774,153.076835,-1.24
-26.999774,153.076641,-1.19
-26.999774,153.076445,-1.18
-26.999772,153.076217,-1.14
-26.999774,153.075968,-1.15
-26.999548,153.076826,-1.20
-26.999548,153.076652,-1.21
-26.999548,153.076464,-1.21
-26.999548,153.076104,-1.18
-26.999548,153.075922,-1.16
-26.999321,153.076944,-1.16
-26.999321,153.076721,-1.20
-26.999323,153.076364,-1.20
-26.999322,153.076173,-1.19
-26.999319,153.075964,-1.19
-26.999096,153.076961,-1.11
-26.999096,153.076726,-1.16
-26.999097,153.076396,-1.16
-26.999093,153.076215,-1.19
-26.999097,153.075956,-1.21
-26.998870,153.076977,-1.07
-26.998871,153.076599,-1.13
-26.998871,153.076396,-1.14
-26.998871,153.076201,-1.16
-26.998869,153.075969,-1.23
-26.998644,153.076965,-1.01
-26.998645,153.076589,-1.09
-26.998645,153.076378,-1.13
-26.998645,153.076175,-1.15
-26.998645,153.075969,-1.24
-26.998419,153.076691,-1.03
-26.998420,153.076409,-1.12
-26.998420,153.076122,-1.15
-26.998420,153.075835,-1.16
-26.998194,153.076626,-0.98
-26.998194,153.076344,-1.05
-26.998194,153.076050,-1.12
-26.998193,153.075966,-1.14
-26.997968,153.076620,-0.96
-26.997968,153.076387,-0.99
-26.997968,153.076154,-1.05
-26.997968,153.075925,-1.12
-26.997742,153.076591,-0.92
-26.997742,153.076407,-0.97
-26.997740,153.076210,-1.02
-26.997743,153.075857,-1.07
-26.997516,153.076725,-0.89
-26.997517,153.076410,-0.91
-26.997515,153.076217,-0.98
-26.997517,153.075895,-1.06
-26.997291,153.076684,-0.85
-26.997291,153.076342,-0.87
-26.997291,153.076172,-0.96
-26.997290,153.075968,-1.02
-26.997065,153.076580,-0.83
-26.997065,153.076411,-0.83
-26.997063,153.076211,-0.90
-26.997066,153.075895,-0.97
-26.996838,153.076653,-0.84
-26.996839,153.076468,-0.84
-26.996839,153.076137,-0.89
-26.996840,153.075965,-0.94
-26.996613,153.076719,-0.78
-26.996614,153.076416,-0.80
-26.996614,153.076102,-0.83
-26.996614,153.075949,-0.92
-26.996388,153.076423,-0.71
-26.996388,153.076122,-0.78
-26.996388,153.075968,-0.90
-26.996162,153.076205,-0.72
-26.996162,153.075912,-0.80
-26.995935,153.075590,-0.75
-26.995934,153.075459,-0.81
-26.995937,153.075206,-0.87
-26.995937,153.074932,-0.93
-26.995937,153.074665,-0.99
-26.995937,153.074449,-0.98
-26.995938,153.074128,-1.02
-26.995934,153.073940,-1.05
-26.995711,153.075203,-0.80
-26.995712,153.074943,-0.86
-26.995712,153.074687,-0.95
-26.995712,153.074433,-0.98
-26.995712,153.074183,-0.99
-26.995712,153.073931,-1.01
-26.995692,153.073698,-1.06
-26.995486,153.075159,-0.76
-26.995486,153.074916,-0.82
-26.995486,153.074672,-0.94
-26.995486,153.074434,-0.98
-26.995486,153.074201,-0.96
-26.995481,153.073946,-0.96
-26.995482,153.073698,-0.99
-26.995259,153.074956,-0.77
-26.995259,153.074698,-0.88
-26.995258,153.074453,-0.96
-26.995260,153.074201,-0.99
-26.995260,153.073939,-0.98
-26.995257,153.073686,-0.91
-26.995035,153.074657,-0.79
-26.995035,153.074455,-0.90
-26.995033,153.074201,-0.97
-26.995032,153.073945,-0.97
-26.995033,153.073663,-0.93
-26.994809,153.074447,-0.78
-26.994808,153.074200,-0.83
-26.994809,153.073947,-0.83
-26.994810,153.073669,-0.78
-26.994581,153.074204,-0.69
-26.994583,153.073946,-0.69
-26.992375,153.073068,-0.70
-26.991539,153.070682,-1.30
-26.991540,153.070933,-1.25
-26.991540,153.071190,-1.23
-26.991540,153.071430,-1.19
-26.991541,153.071686,-1.17
-26.991540,153.071950,-1.15
-26.991540,153.072197,-1.09
-26.991541,153.072439,-1.03
-26.991540,153.072699,-0.89
-26.991541,153.072946,-0.74
-26.991652,153.070676,-1.27
-26.991651,153.070939,-1.22
-26.991651,153.071183,-1.19
-26.991651,153.071431,-1.19
-26.991651,153.071799,-1.17
-26.991651,153.072029,-1.14
-26.991650,153.072268,-1.09
-26.991650,153.072485,-1.02
-26.991651,153.072711,-0.89
-26.991877,153.070703,-1.23
-26.991879,153.070927,-1.20
-26.991878,153.071182,-1.17
-26.991877,153.071434,-1.18
-26.991876,153.071797,-1.17
-26.991876,153.072012,-1.14
-26.991878,153.072200,-1.09
-26.991876,153.072448,-1.01
-26.991880,153.072698,-0.89
-26.991879,153.072949,-0.75
-26.992103,153.070676,-1.28
-26.992103,153.070928,-1.20
-26.992103,153.071319,-1.17
-26.992102,153.071541,-1.17
-26.992102,153.071776,-1.16
-26.992102,153.072013,-1.13
-26.992102,153.072248,-1.08
-26.992102,153.072478,-0.99
-26.992102,153.072720,-0.86
-26.992102,153.072963,-0.75
-26.992329,153.070811,-1.24
-26.992329,153.071043,-1.21
-26.992329,153.071291,-1.17
-26.992328,153.071548,-1.16
-26.992328,153.071801,-1.15
-26.992328,153.072050,-1.13
-26.992328,153.072300,-1.07
-26.992328,153.072439,-0.97
-26.992328,153.072692,-0.82
-26.992554,153.070876,-1.18
-26.992555,153.070928,-1.15
-26.992555,153.071184,-1.12
-26.992555,153.071433,-1.14
-26.992555,153.071687,-1.13
-26.992556,153.071935,-1.10
-26.992556,153.072191,-1.04
-26.992557,153.072440,-0.94
-26.992557,153.072692,-0.79
-26.992780,153.070678,-1.14
-26.992782,153.070930,-1.12
-26.992782,153.071208,-1.11
-26.992783,153.071432,-1.10
-26.992783,153.071695,-1.10
-26.992779,153.071937,-1.08
-26.992779,153.072208,-1.01
-26.992779,153.072449,-0.90
-26.992779,153.072714,-0.76
-26.992779,153.072974,-0.66
-26.993005,153.070858,-1.10
-26.993005,153.071114,-1.09
-26.993006,153.071185,-1.07
-26.993006,153.071437,-1.04
-26.993007,153.071689,-1.07
-26.993007,153.071938,-1.05
-26.993008,153.072189,-0.97
-26.993008,153.072448,-0.86
-26.993009,153.072694,-0.75
-26.993009,153.072946,-0.67
-26.993231,153.070780,-1.08
-26.993231,153.071039,-1.03
-26.993231,153.071288,-1.02
-26.993231,153.071555,-1.00
-26.993231,153.071820,-1.00
-26.993231,153.071939,-0.99
-26.993232,153.072194,-0.95
-26.993233,153.072444,-0.83
-26.993233,153.072722,-0.72
-26.993457,153.070758,-1.07
-26.993457,153.071035,-1.01
-26.993457,153.071320,-0.96
-26.993457,153.071598,-0.94
-26.993458,153.071684,-0.93
-26.993459,153.071939,-0.95
-26.993460,153.072191,-0.91
-26.993461,153.072442,-0.81
-26.993456,153.072709,-0.71
-26.993683,153.070719,-1.05
-26.993683,153.070982,-1.00
-26.993683,153.071228,-0.94
-26.993682,153.071499,-0.88
-26.993682,153.071763,-0.86
-26.993682,153.072014,-0.89
-26.993682,153.072265,-0.85
-26.993682,153.072522,-0.77
-26.993909,153.070748,-1.02
-26.993908,153.070969,-0.98
-26.993908,153.071180,-0.93
-26.993909,153.071440,-0.88
-26.993908,153.071686,-0.82
-26.993908,153.072015,-0.80
-26.993908,153.072223,-0.78
-26.993912,153.072443,-0.71
-26.994134,153.070741,-1.00
-26.994135,153.070937,-0.96
-26.994134,153.071259,-0.92
-26.994136,153.071434,-0.88
-26.994134,153.071685,-0.83
-26.994133,153.071999,-0.78
-26.994134,153.072198,-0.69
-26.994360,153.070712,-1.00
-26.994360,153.070993,-0.95
-26.994360,153.071272,-0.89
-26.994360,153.071570,-0.87
-26.994359,153.071689,-0.82
-26.994361,153.071937,-0.76
-26.994364,153.072189,-0.71
-26.994586,153.070965,-0.95
-26.994587,153.070924,-1.01
-26.994585,153.071313,-0.89
-26.994585,153.071438,-0.81
-26.994589,153.071692,-0.75
-26.994585,153.072005,-0.69
-26.994812,153.070804,-1.01
-26.994811,153.071165,-0.94
-26.994814,153.071181,-0.86
-26.994811,153.071539,-0.76
-26.995037,153.070818,-0.97
-26.995037,153.071190,-0.78
-26.995037,153.071171,-0.89
-26.995039,153.073229,-0.94
-26.995263,153.070797,-0.90
-26.995263,153.071070,-0.81
-26.995263,153.072964,-1.05
-26.995263,153.073220,-1.03
-26.995488,153.070945,-0.73
-26.995489,153.070921,-0.83
-26.995490,153.072693,-1.08
-26.995490,153.072945,-1.11
-26.995489,153.073219,-1.11
-26.995713,153.072703,-1.14
-26.995713,153.072950,-1.16
-26.995713,153.073197,-1.16
-26.995713,153.073455,-1.12
-26.990915,153.073070,-0.73
-26.990736,153.073055,-0.71
-26.989943,153.072853,-0.77
-26.987025,153.070773,-1.06
-26.987024,153.071011,-0.96
-26.987024,153.071228,-0.87
-26.987024,153.071434,-0.83
-26.987027,153.071679,-0.74
-26.987031,153.072241,-0.69
-26.987138,153.070673,-1.06
-26.987137,153.071057,-1.00
-26.987137,153.071270,-0.90
-26.987137,153.071474,-0.84
-26.987137,153.071697,-0.77
-26.987138,153.072203,-0.69
-26.987363,153.070758,-1.09
-26.987363,153.070980,-1.02
-26.987362,153.071200,-0.93
-26.987362,153.071428,-0.85
-26.987365,153.071685,-0.78
-26.987589,153.070675,-1.09
-26.987588,153.071057,-1.06
-26.987588,153.071291,-0.96
-26.987588,153.071498,-0.90
-26.987588,153.071722,-0.80
-26.987588,153.071947,-0.76
-26.987814,153.070819,-1.11
-26.987814,153.071035,-1.08
-26.987814,153.071252,-1.00
-26.987814,153.071472,-0.93
-26.987814,153.071681,-0.84
-26.987817,153.071934,-0.76
-26.988040,153.070694,-1.12
-26.988040,153.071015,-1.08
-26.988040,153.071212,-1.03
-26.988042,153.071434,-0.97
-26.988040,153.071681,-0.87
-26.988039,153.071999,-0.78
-26.988265,153.070755,-1.13
-26.988266,153.070953,-1.10
-26.988268,153.071176,-1.05
-26.988267,153.071430,-1.00
-26.988265,153.071686,-0.93
-26.988265,153.072015,-0.81
-26.988493,153.070676,-1.16
-26.988494,153.070933,-1.14
-26.988494,153.071182,-1.10
-26.988496,153.071432,-1.03
-26.988491,153.071694,-0.97
-26.988491,153.071980,-0.86
-26.988490,153.072255,-0.75
-26.988717,153.070721,-1.18
-26.988717,153.071021,-1.17
-26.988717,153.071326,-1.13
-26.988718,153.071433,-1.09
-26.988720,153.071690,-1.01
-26.988722,153.071937,-0.91
-26.988716,153.072228,-0.80
-26.988943,153.070723,-1.19
-26.988943,153.070996,-1.19
-26.988943,153.071251,-1.15
-26.988942,153.071515,-1.12
-26.988942,153.071786,-1.07
-26.988942,153.072057,-0.97
-26.988943,153.072187,-0.84
-26.989169,153.070707,-1.22
-26.989168,153.070955,-1.20
-26.989168,153.071209,-1.17
-26.989168,153.071451,-1.14
-26.989168,153.071704,-1.11
-26.989168,153.071945,-1.03
-26.989168,153.072204,-0.90
-26.989396,153.070689,-1.24
-26.989397,153.070927,-1.21
-26.989397,153.071177,-1.18
-26.989398,153.071440,-1.15
-26.989394,153.071683,-1.12
-26.989394,153.071950,-1.07
-26.989393,153.072221,-0.98
-26.989393,153.072484,-0.83
-26.989620,153.070880,-1.26
-26.989621,153.070931,-1.23
-26.989622,153.071182,-1.15
-26.989623,153.071436,-1.16
-26.989623,153.071690,-1.13
-26.989619,153.071946,-1.08
-26.989619,153.072205,-1.02
-26.989620,153.072464,-0.88
-26.989846,153.070683,-1.27
-26.989846,153.070954,-1.24
-26.989845,153.071219,-1.19
-26.989845,153.071492,-1.17
-26.989845,153.071755,-1.14
-26.989845,153.072030,-1.09
-26.989845,153.072189,-1.04
-26.989845,153.072438,-0.94
-26.990072,153.070680,-1.29
-26.990072,153.070936,-1.25
-26.990073,153.071182,-1.20
-26.990073,153.071433,-1.18
-26.990073,153.071684,-1.14
-26.990073,153.071943,-1.10
-26.990073,153.072189,-1.05
-26.990073,153.072442,-0.98
-26.990297,153.070805,-1.28
-26.990297,153.071052,-1.24
-26.990297,153.071275,-1.20
-26.990297,153.071512,-1.19
-26.990297,153.071733,-1.15
-26.990296,153.071973,-1.11
-26.990296,153.072186,-1.06
-26.990301,153.072441,-1.00
-26.990300,153.072693,-0.86
-26.990523,153.070729,-1.28
-26.990524,153.070936,-1.24
-26.990524,153.071180,-1.23
-26.990522,153.071543,-1.18
-26.990523,153.071727,-1.16
-26.990522,153.071947,-1.12
-26.990526,153.072187,-1.07
-26.990524,153.072440,-1.01
-26.990522,153.072691,-0.89
-26.990748,153.070684,-1.29
-26.990750,153.070928,-1.27
-26.990749,153.071188,-1.25
-26.990748,153.071554,-1.19
-26.990750,153.071720,-1.17
-26.990748,153.072016,-1.14
-26.990748,153.072249,-1.08
-26.990748,153.072488,-1.01
-26.990748,153.072742,-0.90
-26.990974,153.070784,-1.30
-26.990974,153.071076,-1.28
-26.990974,153.071181,-1.22
-26.990976,153.071435,-1.19
-26.990974,153.071685,-1.17
-26.990973,153.071988,-1.14
-26.990973,153.072290,-1.09
-26.990975,153.072439,-1.02
-26.990977,153.072693,-0.89
-26.991200,153.070755,-1.30
-26.991200,153.071065,-1.27
-26.991200,153.071374,-1.24
-26.991202,153.071435,-1.20
-26.991204,153.071687,-1.18
-26.991199,153.071981,-1.14
-26.991199,153.072282,-1.09
-26.991200,153.072440,-1.02
-26.991202,153.072693,-0.89
-26.991204,153.072942,-0.73
-26.994956,153.080628,-0.82
-26.994580,153.080618,-0.95
-26.994580,153.080491,-0.90
-26.994352,153.080600,-0.98
-26.994351,153.080499,-0.95
-26.994355,153.080205,-0.88
-26.994128,153.080604,-1.00
-26.994124,153.080501,-0.98
-26.994129,153.080232,-0.95
-26.993903,153.080604,-1.03
-26.993901,153.080499,-1.00
-26.993903,153.080236,-0.99
-26.993902,153.079998,-0.94
-26.993677,153.080600,-1.03
-26.993674,153.080499,-1.02
-26.993673,153.080248,-1.00
-26.993676,153.079965,-0.98
-26.993673,153.079738,-0.96
-26.993449,153.080616,-1.02
-26.993451,153.080501,-1.03
-26.993448,153.080246,-1.02
-26.993452,153.079992,-1.01
-26.993451,153.079746,-1.00
-26.993226,153.080621,-0.94
-26.993222,153.080498,-1.01
-26.993225,153.080238,-1.02
-26.993223,153.079995,-1.02
-26.993226,153.079739,-1.03
-26.992996,153.080625,-0.81
-26.993000,153.080494,-0.88
-26.992994,153.080249,-0.97
-26.993000,153.079996,-1.01
-26.992994,153.079740,-1.02
-26.992773,153.079994,-0.91
-26.992770,153.079741,-0.99
-26.992549,153.079727,-0.87
-26.991535,153.076709,-0.89
-26.991536,153.076730,-1.11
-26.991535,153.076994,-1.16
-26.991535,153.077370,-1.12
-26.991535,153.077482,-1.06
-26.991537,153.077731,-1.03
-26.991534,153.078070,-1.02
-26.991535,153.078235,-0.97
-26.991537,153.078489,-0.90
-26.991648,153.076850,-1.14
-26.991648,153.077237,-1.01
-26.991648,153.077224,-1.17
-26.991648,153.077627,-0.96
-26.991649,153.077736,-1.02
-26.991648,153.077988,-1.06
-26.991647,153.078390,-1.02
-26.991650,153.078490,-0.94
-26.991874,153.076913,-1.12
-26.991875,153.076980,-1.04
-26.991874,153.077391,-0.94
-26.991875,153.077480,-0.93
-26.991873,153.077899,-0.93
-26.991876,153.077986,-1.03
-26.991873,153.078387,-1.05
-26.991876,153.078486,-1.02
-26.992099,153.077135,-0.98
-26.992102,153.076969,-1.09
-26.992100,153.077227,-0.92
-26.992099,153.077650,-0.89
-26.992101,153.077731,-0.89
-26.992099,153.078156,-0.93
-26.992103,153.078241,-1.04
-26.992099,153.078486,-1.06
-26.992098,153.078745,-1.05
-26.992100,153.078993,-0.99
-26.992098,153.079272,-0.85
-26.992325,153.076835,-1.08
-26.992327,153.076721,-0.89
-26.992325,153.076977,-0.95
-26.992325,153.077413,-0.90
-26.992327,153.077481,-0.86
-26.992324,153.077992,-0.84
-26.992325,153.077972,-0.86
-26.992325,153.078235,-0.94
-26.992324,153.078577,-1.05
-26.992327,153.078741,-1.08
-26.992324,153.079150,-1.04
-26.992329,153.079242,-0.99
-26.992551,153.076618,-0.85
-26.992551,153.077160,-0.92
-26.992554,153.076970,-1.06
-26.992552,153.077228,-0.86
-26.992550,153.077685,-0.80
-26.992554,153.077735,-0.79
-26.992551,153.078489,-0.96
-26.992550,153.078832,-1.06
-26.992553,153.078992,-1.06
-26.992550,153.079380,-1.03
-26.992777,153.076831,-0.97
-26.992778,153.076717,-0.84
-26.992777,153.076993,-0.87
-26.992776,153.077411,-0.85
-26.992778,153.077480,-0.82
-26.992777,153.078765,-0.97
-26.992775,153.079063,-1.04
-26.992778,153.079248,-1.04
-26.993003,153.076897,-0.92
-26.993005,153.076710,-0.87
-26.993004,153.076976,-0.80
-26.993002,153.077625,-0.81
-26.993004,153.077472,-0.80
-26.993004,153.077736,-0.81
-26.993001,153.078979,-0.83
-26.993007,153.078991,-0.96
-26.993004,153.079248,-1.02
-26.993232,153.076717,-0.82
-26.993227,153.077808,-0.76
-26.993228,153.077719,-0.74
-26.993229,153.077989,-0.76
-26.993227,153.079429,-0.97
-26.995936,153.076343,-0.77
-26.995937,153.076190,-0.72
-26.990172,153.077025,-0.75
-26.990177,153.076957,-0.79
-26.990519,153.076783,-0.91
-26.990522,153.076711,-0.83
-26.990519,153.077115,-0.92
-26.990520,153.077226,-0.93
-26.990745,153.076681,-0.86
-26.990747,153.076726,-0.91
-26.990745,153.077034,-0.94
-26.990745,153.077399,-1.01
-26.990746,153.077480,-1.05
-26.990745,153.077732,-1.09
-26.990971,153.076628,-0.87
-26.990971,153.076974,-1.05
-26.990971,153.076962,-0.92
-26.990971,153.077313,-1.10
-26.990971,153.077669,-1.14
-26.990973,153.077729,-1.18
-26.990970,153.078013,-0.98
-26.991197,153.076645,-0.90
-26.991197,153.076967,-1.07
-26.991199,153.076978,-1.11
-26.991196,153.077297,-1.13
-26.991196,153.077624,-1.14
-26.991197,153.077744,-1.07
-26.991200,153.077985,-0.99
-26.991196,153.078301,-0.92
-26.986064,153.072565,-0.74
-26.986002,153.072509,-0.68
-26.984064,153.074042,-0.76
-26.983749,153.074132,-0.80
-26.983522,153.074400,-0.78
-26.982509,153.070673,-1.02
-26.982509,153.070950,-0.94
-26.982510,153.071192,-0.84
-26.982624,153.070672,-0.99
-26.982623,153.070977,-0.89
-26.982626,153.071173,-0.78
-26.982848,153.070778,-0.94
-26.982848,153.070956,-0.84
-26.982850,153.071179,-0.74
-26.983077,153.070674,-0.91
-26.983075,153.070925,-0.77
-26.983300,153.070748,-0.85
-26.983300,153.070948,-0.75
-26.983529,153.070676,-0.75
-26.983527,153.070927,-0.69
-26.983751,153.070730,-0.62
-26.984801,153.070838,-1.07
-26.984822,153.070924,-0.82
-26.984880,153.070720,-0.92
-26.984880,153.070951,-1.10
-26.984980,153.071175,-0.96
-26.985081,153.071426,-0.71
-26.985107,153.070923,-1.03
-26.985105,153.071174,-1.16
-26.985107,153.071478,-0.97
-26.985251,153.071686,-0.80
-26.985331,153.070775,-0.82
-26.985331,153.070998,-0.93
-26.985331,153.071213,-1.08
-26.985331,153.071433,-0.87
-26.985335,153.071681,-0.91
-26.985557,153.070768,-0.95
-26.985520,153.071932,-0.69
-26.985557,153.071044,-0.92
-26.985557,153.071317,-1.01
-26.985557,153.071429,-0.83
-26.985558,153.071682,-0.80
-26.985560,153.071934,-0.74
-26.985694,153.072186,-0.67
-26.985783,153.070865,-0.99
-26.985784,153.070931,-0.95
-26.985786,153.071178,-0.93
-26.985782,153.071454,-0.85
-26.985782,153.071764,-0.83
-26.985782,153.072045,-0.76
-26.985783,153.072187,-0.77
-26.986009,153.070674,-1.10
-26.986011,153.070926,-1.00
-26.986008,153.071177,-0.89
-26.986008,153.071459,-0.79
-26.986008,153.071709,-0.80
-26.986099,153.071957,-0.69
-26.986236,153.070673,-1.05
-26.986236,153.070924,-0.93
-26.986235,153.071179,-0.88
-26.986234,153.071442,-0.81
-26.986234,153.071781,-0.79
-26.986233,153.072006,-0.75
-26.986462,153.070675,-1.03
-26.986462,153.070926,-0.94
-26.986462,153.071180,-0.87
-26.986462,153.071431,-0.81
-26.986463,153.071683,-0.77
-26.986462,153.071937,-0.76
-26.986686,153.070700,-1.04
-26.986685,153.070944,-0.94
-26.986685,153.071188,-0.85
-26.986685,153.071428,-0.81
-26.986690,153.071682,-0.75
-26.986690,153.071932,-0.80
-26.977997,153.070667,-0.94
-26.978108,153.070777,-0.93
-26.978336,153.070674,-0.91
-26.978560,153.070669,-0.87
-26.978786,153.070667,-1.01
-26.979014,153.070668,-1.08
-26.979238,153.070667,-1.13
-26.979463,153.070688,-1.11
-26.979463,153.070928,-0.91
-26.979689,153.070673,-1.06
-26.979916,153.070683,-1.12
-26.979916,153.070921,-0.93
-26.980141,153.070668,-1.10
-26.980140,153.070997,-1.02
-26.980368,153.070673,-1.01
-26.980367,153.070926,-1.05
-26.980591,153.070729,-1.02
-26.980591,153.070979,-0.96
-26.980591,153.071230,-0.93
-26.980817,153.070754,-1.05
-26.980817,153.071011,-1.07
-26.980817,153.071238,-0.83
-26.981043,153.070679,-1.05
-26.981046,153.070923,-1.15
-26.981045,153.071172,-1.13
-26.981268,153.070691,-1.09
-26.981268,153.070943,-1.10
-26.981268,153.071193,-1.18
-26.981494,153.070679,-1.08
-26.981494,153.070923,-1.02
-26.981498,153.071175,-1.12
-26.981720,153.070675,-1.05
-26.981720,153.070922,-1.01
-26.981720,153.071261,-1.01
-26.981720,153.071476,-0.98
-26.981946,153.070669,-1.04
-26.981946,153.070981,-0.99
-26.981945,153.071190,-0.94
-26.981947,153.071441,-0.87
-26.982171,153.070674,-1.03
-26.982171,153.070961,-0.97
-26.982173,153.071175,-0.90
-26.985549,153.080620,-0.85
-26.985551,153.080463,-0.84
-26.985324,153.080585,-0.88
-26.985325,153.080469,-0.92
-26.985325,153.080234,-0.84
-26.985326,153.079967,-0.81
-26.985099,153.080600,-0.86
-26.985096,153.080494,-0.92
-26.985100,153.080222,-0.89
-26.985100,153.079986,-0.83
-26.985096,153.079738,-0.82
-26.984874,153.080560,-0.89
-26.984874,153.080446,-0.91
-26.984874,153.080223,-0.93
-26.984875,153.079989,-0.87
-26.984872,153.079732,-0.82
-26.984647,153.080618,-0.96
-26.984648,153.080440,-0.93
-26.984649,153.080221,-0.96
-26.984645,153.079990,-0.91
-26.984649,153.079736,-0.84
-26.984420,153.080613,-1.06
-26.984423,153.080447,-1.03
-26.984422,153.080243,-1.02
-26.984421,153.079990,-0.98
-26.984421,153.079732,-0.93
-26.984423,153.079471,-0.84
-26.984197,153.080580,-1.16
-26.984197,153.080491,-1.11
-26.984197,153.080211,-1.06
-26.984196,153.079982,-1.04
-26.984197,153.079734,-0.98
-26.984196,153.079485,-0.92
-26.983969,153.080495,-1.17
-26.983972,153.080202,-1.12
-26.983971,153.079989,-1.10
-26.983969,153.079738,-1.04
-26.983972,153.079447,-0.97
-26.983972,153.079231,-0.91
-26.983745,153.080206,-1.17
-26.983746,153.079986,-1.16
-26.983743,153.079738,-1.10
-26.983746,153.079452,-1.03
-26.983746,153.079235,-0.96
-26.983743,153.078978,-0.89
-26.983520,153.080205,-1.23
-26.983520,153.079984,-1.22
-26.983518,153.079735,-1.16
-26.983521,153.079482,-1.11
-26.983521,153.079223,-1.01
-26.983516,153.078980,-0.94
-26.983294,153.080219,-1.26
-26.983415,153.078728,-0.90
-26.983291,153.079986,-1.24
-26.983293,153.079738,-1.21
-26.983295,153.079444,-1.16
-26.983295,153.079221,-1.08
-26.983290,153.078968,-0.99
-26.983291,153.078730,-0.93
-26.982896,153.080551,-1.47
-26.983066,153.080236,-1.24
-26.983068,153.079987,-1.23
-26.983069,153.079687,-1.23
-26.983069,153.079465,-1.19
-26.983069,153.079229,-1.12
-26.983064,153.078978,-1.05
-26.983066,153.078727,-0.97
-26.982647,153.080620,-1.63
-26.982843,153.079974,-1.22
-26.982843,153.079737,-1.18
-26.982839,153.079486,-1.14
-26.982840,153.079233,-1.11
-26.982840,153.078983,-1.08
-26.982841,153.078726,-1.00
-26.982563,153.080484,-1.81
-26.982405,153.080026,-1.35
-26.982617,153.079477,-1.17
-26.982618,153.079218,-1.08
-26.982618,153.078970,-1.06
-26.982618,153.078718,-1.01
-26.982507,153.076764,-1.05
-26.982506,153.077129,-0.85
-26.982509,153.077230,-0.91
-26.982506,153.077663,-0.95
-26.982510,153.077732,-0.96
-26.982506,153.078183,-0.96
-26.982511,153.078229,-1.01
-26.982619,153.076806,-1.11
-26.982621,153.076981,-0.84
-26.982619,153.077366,-0.86
-26.982622,153.077475,-0.90
-26.982619,153.077887,-0.91
-26.982623,153.077979,-0.95
-26.982619,153.078229,-1.02
-26.982845,153.077846,-0.81
-26.982848,153.077979,-0.90
-26.982844,153.078252,-0.95
-26.983298,153.076735,-0.85
-26.983524,153.076763,-0.89
-26.983748,153.077033,-0.87
-26.983749,153.076957,-0.90
-26.983976,153.077138,-0.80
-26.983975,153.077225,-0.83
-26.984035,153.077473,-0.78
-26.985560,153.076381,-0.75
-26.985782,153.076398,-0.73
-26.982324,153.080242,-1.89
-26.982178,153.079980,-1.45
-26.982168,153.079526,-1.32
-26.982387,153.079233,-1.12
-26.982388,153.078977,-1.07
-26.982390,153.078723,-1.02
-26.982096,153.079731,-1.75
-26.981941,153.079252,-1.56
-26.982162,153.078981,-1.11
-26.982164,153.078726,-1.06
-26.981718,153.078983,-1.67
-26.981842,153.078477,-1.05
-26.981490,153.078736,-1.71
-26.981266,153.078482,-1.78
-26.981043,153.078228,-2.22
-26.980132,153.080429,-2.23
-26.979905,153.080475,-2.24
-26.979908,153.080237,-2.24
-26.979682,153.080229,-2.22
-26.979457,153.079947,-2.23
-26.979199,153.080254,-2.23
-26.979232,153.079950,-2.23
-26.979006,153.079694,-2.24
-26.978761,153.079987,-2.24
-26.978547,153.079730,-2.24
-26.978544,153.079459,-2.23
-26.978308,153.080610,-2.14
-26.978321,153.080365,-2.15
-26.978319,153.080190,-2.15
-26.978286,153.079960,-2.20
-26.978320,153.079722,-2.23
-26.978086,153.080606,-2.17
-26.978097,153.080469,-2.16
-26.978102,153.080228,-2.18
-26.978041,153.079738,-2.10
-26.978102,153.079699,-2.18
-26.978788,153.076900,-1.68
-26.979012,153.076843,-1.50
-26.979462,153.076972,-1.76
-26.979686,153.076967,-1.49
-26.979686,153.077245,-1.81
-26.979914,153.076966,-1.36
-26.979915,153.077221,-1.47
-26.980143,153.076970,-1.28
-26.980137,153.077225,-1.30
-26.980139,153.077469,-1.70
-26.980363,153.076968,-1.20
-26.980363,153.077222,-1.25
-26.980364,153.077471,-1.39
-26.980815,153.077223,-1.09
-26.980818,153.077472,-1.11
-26.980819,153.077977,-1.93
-26.981039,153.076689,-0.84
-26.981039,153.077545,-1.09
-26.981265,153.076730,-1.06
-26.981266,153.076702,-0.84
-26.981266,153.077478,-1.06
-26.981265,153.077777,-1.06
-26.981491,153.076839,-1.07
-26.981493,153.076712,-0.83
-26.981490,153.077455,-1.05
-26.981495,153.077472,-1.05
-26.981492,153.077724,-1.05
-26.981490,153.078042,-1.06
-26.981719,153.076699,-0.76
-26.981718,153.076727,-1.03
-26.981716,153.077206,-1.01
-26.981720,153.077220,-0.98
-26.981717,153.077477,-1.06
-26.981716,153.077768,-1.05
-26.981718,153.077985,-1.02
-26.981942,153.076892,-1.06
-26.981943,153.076967,-0.95
-26.981943,153.077231,-0.98
-26.981943,153.077475,-1.00
-26.981945,153.077723,-1.04
-26.981942,153.077980,-1.02
-26.981943,153.078325,-1.05
-26.982168,153.076803,-1.01
-26.982170,153.076715,-0.72
-26.982169,153.076995,-0.89
-26.982168,153.077305,-0.92
-26.982169,153.077487,-0.98
-26.982167,153.077825,-1.02
-26.982170,153.077984,-0.99
-26.982167,153.078323,-0.97
-26.973478,153.074958,-1.11
-26.973479,153.074945,-1.14
-26.973478,153.075394,-1.06
-26.973480,153.075453,-1.19
-26.973593,153.074933,-1.08
-26.973593,153.074952,-1.03
-26.973592,153.075340,-1.00
-26.973592,153.075453,-1.15
-26.973817,153.075129,-0.97
-26.973818,153.075207,-0.96
-26.973817,153.075502,-1.05
-26.974043,153.075148,-0.92
-26.974044,153.075200,-0.90
-26.974043,153.075517,-0.97
-26.974269,153.075117,-0.88
-26.974269,153.075480,-0.89
-26.974269,153.075446,-0.84
-26.974495,153.075222,-0.79
-26.974495,153.075195,-0.83
-26.974494,153.075555,-0.87
-26.974720,153.075055,-0.78
-26.974722,153.075425,-0.76
-26.974739,153.075540,-0.81
-26.974948,153.075165,-0.76
-26.974947,153.075200,-0.76
-26.975193,153.075122,-0.69
-26.975255,153.074939,-0.75
-26.977088,153.075304,-0.66
-26.976977,153.075196,-0.69
-26.976977,153.075202,-0.68
-26.976433,153.072641,-0.66
-26.976411,153.072682,-0.79
-26.976301,153.072715,-0.85
-26.976301,153.072665,-0.76
-26.976072,153.072680,-0.73
-26.976072,153.072676,-0.85
-26.975718,153.074587,-0.68
-26.975848,153.072633,-0.86
-26.975847,153.072415,-0.70
-26.975623,153.074630,-0.67
-26.975609,153.074817,-0.68
-26.975625,153.074420,-0.58
-26.975620,153.074439,-0.67
-26.975616,153.072561,-0.98
-26.975624,153.072404,-0.72
-26.975393,153.074605,-0.76
-26.975375,153.074443,-0.75
-26.975395,153.072491,-1.01
-26.975399,153.072392,-0.85
-26.975171,153.074887,-0.79
-26.975171,153.074693,-0.81
-26.975172,153.074412,-0.80
-26.975172,153.072426,-0.96
-26.974946,153.074935,-0.82
-26.974946,153.074679,-0.86
-26.974946,153.074425,-0.84
-26.974941,153.072363,-1.04
-26.974933,153.072174,-0.69
-26.974720,153.074924,-0.88
-26.974720,153.074676,-0.93
-26.974720,153.074431,-0.87
-26.974718,153.072289,-1.03
-26.974717,153.072173,-0.86
-26.974494,153.074941,-0.92
-26.974493,153.074693,-0.97
-26.974493,153.074442,-0.94
-26.974490,153.072201,-0.73
-26.974492,153.072175,-0.76
-26.974269,153.074857,-0.96
-26.974268,153.074609,-1.01
-26.974269,153.074351,-1.02
-26.974268,153.074190,-0.85
-26.974043,153.074902,-1.02
-26.974043,153.074661,-1.09
-26.974043,153.074412,-1.10
-26.974043,153.074165,-0.92
-26.973817,153.074614,-1.14
-26.973818,153.074357,-1.16
-26.973818,153.074181,-1.01
-26.973816,153.073933,-0.84
-26.973591,153.074694,-1.20
-26.973591,153.074441,-1.21
-26.973591,153.074180,-1.11
-26.973590,153.073930,-0.92
-26.976838,153.070667,-0.70
-26.976982,153.070667,-0.79
-26.977206,153.070671,-0.87
-26.977435,153.070674,-0.92
-26.977658,153.070689,-0.95
-26.969074,153.075461,-1.92
-26.969300,153.075206,-1.91
-26.969303,153.075519,-1.69
-26.969528,153.075490,-1.42
-26.969528,153.075212,-1.71
-26.969529,153.074957,-1.89
-26.969529,153.074721,-2.13
-26.969754,153.075282,-1.42
-26.969754,153.074981,-1.66
-26.969751,153.074701,-1.82
-26.969754,153.074460,-1.79
-26.969980,153.075455,-1.42
-26.969978,153.075196,-1.40
-26.969980,153.074948,-1.48
-26.969961,153.074714,-1.65
-26.969975,153.074445,-1.68
-26.970205,153.075453,-1.48
-26.970205,153.075204,-1.45
-26.970205,153.074966,-1.47
-26.970205,153.074706,-1.54
-26.970206,153.074454,-1.58
-26.970431,153.075469,-1.54
-26.970431,153.075205,-1.50
-26.970431,153.074968,-1.50
-26.970430,153.074720,-1.49
-26.970432,153.074452,-1.49
-26.970657,153.074457,-1.48
-26.970656,153.074699,-1.50
-26.970657,153.074956,-1.50
-26.970656,153.075207,-1.50
-26.970656,153.075460,-1.62
-26.970882,153.075196,-1.56
-26.970883,153.074958,-1.49
-26.970882,153.074697,-1.48
-26.970882,153.074443,-1.46
-26.970881,153.075515,-1.65
-26.971100,153.075461,-1.84
-26.971107,153.075205,-1.61
-26.971106,153.074955,-1.48
-26.971106,153.074700,-1.45
-26.971104,153.074443,-1.45
-26.971334,153.074948,-1.47
-26.971335,153.074693,-1.45
-26.971333,153.074441,-1.45
-26.971333,153.075205,-1.62
-26.971330,153.075481,-1.87
-26.971560,153.074441,-1.44
-26.971559,153.074705,-1.43
-26.971556,153.075471,-1.81
-26.971558,153.075237,-1.67
-26.971560,153.074948,-1.46
-26.971784,153.075215,-1.75
-26.971786,153.074946,-1.46
-26.971786,153.074719,-1.42
-26.971785,153.074444,-1.42
-26.971785,153.075473,-1.95
-26.972011,153.074453,-1.41
-26.972011,153.074709,-1.40
-26.972001,153.075456,-1.75
-26.972011,153.075200,-1.56
-26.972011,153.074951,-1.42
-26.972237,153.074695,-1.40
-26.972237,153.074951,-1.32
-26.972015,153.075453,-1.23
-26.972235,153.075209,-1.27
-26.972459,153.075198,-1.26
-26.972462,153.074949,-1.32
-26.972462,153.074695,-1.35
-26.972238,153.075453,-1.27
-26.972688,153.074694,-1.31
-26.972689,153.075202,-1.25
-26.972689,153.074950,-1.28
-26.972688,153.075453,-1.25
-26.972913,153.074967,-1.23
-26.972914,153.074703,-1.26
-26.972911,153.075458,-1.27
-26.972898,153.075200,-1.22
-26.973139,153.074965,-1.23
-26.973139,153.074728,-1.25
-26.973078,153.075253,-1.21
-26.972963,153.075530,-1.23
-26.973232,153.074958,-1.24
-26.973141,153.075204,-1.14
-26.973141,153.075571,-1.21
-26.973262,153.074438,-1.23
-26.973366,153.074151,-1.18
-26.973389,153.073671,-0.73
-26.973366,153.073866,-1.01
-26.973315,153.073685,-0.75
-26.973141,153.073868,-1.14
-26.973137,153.073686,-0.87
-26.972913,153.074446,-1.29
-26.972915,153.074209,-1.28
-26.972915,153.073602,-0.98
-26.972688,153.074444,-1.35
-26.972687,153.074197,-1.34
-26.972587,153.073420,-0.73
-26.972463,153.074447,-1.38
-26.972462,153.074202,-1.39
-26.972462,153.073946,-1.36
-26.972461,153.073414,-0.87
-26.972237,153.074444,-1.43
-26.972237,153.074191,-1.44
-26.972238,153.073946,-1.42
-26.972012,153.074221,-1.47
-26.972011,153.073960,-1.47
-26.972012,153.073700,-1.41
-26.971785,153.074195,-1.44
-26.971786,153.073954,-1.49
-26.971786,153.073693,-1.47
-26.971713,153.073175,-0.74
-26.971560,153.074198,-1.44
-26.971560,153.073951,-1.45
-26.971560,153.073703,-1.51
-26.971561,153.073444,-1.51
-26.971335,153.074193,-1.45
-26.971335,153.073943,-1.45
-26.971334,153.073699,-1.46
-26.971334,153.073433,-1.52
-26.971108,153.074193,-1.46
-26.971109,153.073940,-1.46
-26.971109,153.073693,-1.43
-26.971109,153.073437,-1.43
-26.970883,153.074208,-1.46
-26.970880,153.073936,-1.45
-26.970883,153.073685,-1.43
-26.970884,153.073449,-1.33
-26.970929,153.072891,-0.74
-26.970883,153.072873,-0.75
-26.970657,153.074202,-1.48
-26.970657,153.073945,-1.47
-26.970658,153.073684,-1.45
-26.970655,153.073445,-1.39
-26.970656,153.072924,-0.88
-26.970432,153.074204,-1.48
-26.970432,153.073975,-1.48
-26.970432,153.073692,-1.46
-26.970432,153.073441,-1.38
-26.970433,153.072919,-0.98
-26.970206,153.074216,-1.57
-26.970205,153.073943,-1.51
-26.970206,153.073690,-1.47
-26.970206,153.073438,-1.40
-26.970206,153.072895,-0.89
-26.969981,153.074220,-1.59
-26.969979,153.073947,-1.55
-26.969980,153.073695,-1.51
-26.969980,153.073433,-1.42
-26.969981,153.072924,-1.09
-26.969753,153.074206,-1.74
-26.969755,153.073949,-1.73
-26.969755,153.073686,-1.50
-26.969754,153.073458,-1.44
-26.969876,153.071869,-0.68
-26.969751,153.072927,-1.25
-26.969753,153.071852,-0.75
-26.969527,153.073950,-2.20
-26.969527,153.073700,-1.76
-26.969530,153.073450,-1.45
-26.969530,153.072867,-1.34
-26.969538,153.072676,-0.71
-26.969528,153.072673,-0.88
-26.969529,153.071809,-0.85
-26.969504,153.071667,-0.86
-26.969294,153.073454,-1.82
-26.969304,153.072906,-1.24
-26.969304,153.072657,-1.06
-26.969302,153.071741,-0.93
-26.969299,153.071668,-0.89
-26.969077,153.072912,-1.14
-26.969075,153.072669,-1.16
-26.969772,153.071921,-0.61
-26.971759,153.070663,-0.66
-26.971796,153.070667,-0.89
-26.972242,153.070666,-0.83
-26.972467,153.070668,-0.71
-26.977827,153.080487,-2.23
-26.977857,153.080192,-2.18
-26.977851,153.079987,-2.12
-26.977875,153.079567,-2.16
-26.977649,153.079954,-2.13
-26.977651,153.079521,-2.13
-26.977651,153.079474,-2.24
-26.977425,153.079972,-2.15
-26.977426,153.079577,-2.12
-26.977420,153.079483,-2.23
-26.977199,153.079718,-2.13
-26.977198,153.079417,-2.22
-26.976955,153.079702,-2.17
-26.976964,153.079481,-2.19
-26.976959,153.079227,-2.10
-26.976725,153.078719,-2.24
-26.976523,153.079481,-2.24
-26.976514,153.078972,-2.24
-26.976294,153.080613,-2.22
-26.976297,153.080483,-2.20
-26.976298,153.079974,-2.23
-26.976296,153.079475,-2.24
-26.976070,153.080614,-2.15
-26.976070,153.080476,-2.14
-26.976068,153.080234,-2.19
-26.976071,153.079986,-2.23
-26.976069,153.078970,-2.24
-26.975844,153.080610,-2.10
-26.975841,153.080488,-2.12
-26.975845,153.080237,-2.17
-26.975843,153.079977,-2.24
-26.975621,153.079229,-2.19
-26.975621,153.078929,-2.18
-26.975616,153.080608,-2.06
-26.975614,153.080483,-2.06
-26.975620,153.080181,-2.15
-26.975395,153.079223,-2.23
-26.975171,153.080493,-2.03
-26.975169,153.080389,-2.06
-26.975169,153.080072,-2.14
-26.975169,153.079771,-2.23
-26.975171,153.078117,-1.85
-26.974943,153.080506,-2.01
-26.974947,153.080238,-2.04
-26.974944,153.079992,-2.09
-26.974943,153.079926,-2.17
-26.974947,153.078217,-1.55
-26.974720,153.080492,-1.97
-26.974719,153.080239,-2.02
-26.974718,153.080028,-2.06
-26.974722,153.079735,-2.10
-26.974721,153.079484,-2.22
-26.974939,153.078193,-0.90
-26.974492,153.080522,-1.93
-26.974492,153.080344,-1.97
-26.974497,153.080031,-2.01
-26.974496,153.079733,-2.05
-26.974496,153.079482,-2.17
-26.974495,153.079232,-2.23
-26.974267,153.080489,-1.79
-26.974267,153.080240,-1.90
-26.974266,153.079993,-1.94
-26.974272,153.079740,-1.97
-26.974271,153.079502,-2.09
-26.974271,153.079234,-2.17
-26.974270,153.078977,-2.24
-26.974268,153.078389,-2.01
-26.974047,153.080491,-1.88
-26.974047,153.080238,-1.80
-26.974047,153.079991,-1.80
-26.974046,153.079733,-1.79
-26.974046,153.079481,-1.96
-26.974047,153.079231,-2.07
-26.974047,153.078977,-2.15
-26.974047,153.078728,-2.19
-26.974066,153.078470,-1.60
-26.973817,153.080494,-1.96
-26.973817,153.080240,-1.92
-26.973818,153.079988,-1.91
-26.973818,153.079734,-1.88
-26.973818,153.079526,-1.72
-26.973819,153.079240,-1.91
-26.973820,153.078982,-2.01
-26.974040,153.078471,-0.95
-26.973595,153.080515,-1.99
-26.973596,153.080237,-1.97
-26.973590,153.079985,-1.92
-26.973591,153.079735,-1.88
-26.973592,153.079482,-1.81
-26.973592,153.079231,-1.69
-26.973595,153.078980,-1.86
-26.973367,153.080488,-2.00
-26.973363,153.080251,-1.99
-26.973366,153.079984,-1.98
-26.973368,153.079739,-1.99
-26.973364,153.079481,-1.95
-26.973366,153.079239,-1.83
-26.973367,153.078996,-1.74
-26.974611,153.075703,-0.87
-26.974725,153.075726,-0.95
-26.974949,153.075667,-0.78
-26.974947,153.075720,-0.89
-26.975627,153.075881,-0.90
-26.975622,153.077897,-1.87
-26.975734,153.075959,-0.94
-26.975713,153.077713,-0.89
-26.975989,153.075699,-0.75
-26.976075,153.075616,-0.75
-26.976272,153.077678,-1.54
-26.976300,153.075813,-0.81
-26.976303,153.075687,-0.75
-26.976301,153.075957,-0.86
-26.976525,153.077357,-2.08
-26.977614,153.076963,-0.76
-26.977657,153.076956,-0.84
-26.977654,153.077076,-1.49
-26.973141,153.080522,-2.02
-26.973139,153.080258,-2.01
-26.973142,153.079986,-2.05
-26.973140,153.079736,-2.11
-26.973142,153.079483,-2.06
-26.973140,153.079240,-1.91
-26.973143,153.078980,-1.81
-26.972915,153.080496,-2.03
-26.972913,153.080245,-2.06
-26.972912,153.079984,-2.19
-26.972914,153.079747,-2.19
-26.972913,153.079481,-2.05
-26.972915,153.079233,-1.90
-26.972913,153.079000,-1.83
-26.972914,153.078824,-1.56
-26.972688,153.080496,-2.06
-26.972686,153.080238,-2.18
-26.972689,153.079734,-2.20
-26.972687,153.079486,-2.00
-26.972689,153.079234,-1.92
-26.972687,153.078983,-1.89
-26.972687,153.078957,-1.66
-26.972461,153.080494,-2.18
-26.972462,153.079734,-2.24
-26.972464,153.079480,-2.10
-26.972461,153.078991,-1.99
-26.972474,153.078968,-1.80
-26.972237,153.079106,-2.07
-26.972447,153.078966,-1.29
-26.971648,153.079223,-1.47
-26.971335,153.079280,-2.19
-26.971556,153.079223,-0.85
-26.971107,153.079341,-2.22
-26.970431,153.079397,-1.66
-26.970208,153.079464,-1.47
-26.970093,153.079478,-1.28
-26.969527,153.079913,-1.82
-26.969304,153.079741,-1.75
-26.969074,153.079477,-0.91
-26.969074,153.075717,-1.44
-26.969754,153.075727,-1.52
-26.969979,153.075701,-1.41
-26.970194,153.075699,-1.28
-26.970210,153.075702,-1.24
-26.970652,153.075711,-1.53
-26.970882,153.075719,-1.57
-26.971103,153.075709,-1.78
-26.971334,153.075702,-1.74
-26.971518,153.075701,-1.42
-26.971562,153.075716,-0.97
-26.971786,153.075710,-0.84
-26.972013,153.075710,-0.86
-26.972242,153.075727,-0.87
-26.964564,153.074224,-2.03
-26.964560,153.074482,-2.01
-26.964789,153.074191,-2.08
-26.964788,153.074695,-1.77
-26.964788,153.074440,-2.07
-26.965015,153.074193,-2.12
-26.965013,153.074473,-2.08
-26.965013,153.074732,-2.09
-26.965238,153.074207,-2.16
-26.965238,153.074468,-2.15
-26.965240,153.074985,-1.55
-26.965239,153.074707,-2.14
-26.965466,153.074207,-2.19
-26.965465,153.074481,-2.19
-26.965465,153.074716,-2.19
-26.965460,153.074942,-2.12
-26.965691,153.074207,-2.22
-26.965691,153.074449,-2.22
-26.965691,153.074705,-2.23
-26.965688,153.074946,-2.15
-26.965689,153.075197,-1.28
-26.965917,153.074190,-2.23
-26.965917,153.075204,-1.58
-26.966143,153.074474,-2.23
-26.966143,153.074190,-2.20
-26.966143,153.075199,-1.73
-26.966369,153.074443,-2.23
-26.966368,153.074237,-2.20
-26.966369,153.074695,-2.24
-26.966368,153.075211,-1.88
-26.966368,153.075474,-1.37
-26.966594,153.074439,-2.22
-26.966595,153.074201,-2.21
-26.966594,153.074728,-2.22
-26.966592,153.075463,-1.49
-26.966820,153.074494,-2.22
-26.966821,153.074223,-2.22
-26.966819,153.074745,-2.21
-26.966820,153.074953,-2.19
-26.966820,153.075451,-1.57
-26.967045,153.074476,-2.23
-26.967046,153.074223,-2.22
-26.967044,153.074691,-2.16
-26.967045,153.074963,-2.11
-26.967046,153.075230,-2.04
-26.967045,153.075490,-1.63
-26.967272,153.074195,-2.22
-26.967272,153.074452,-2.22
-26.967270,153.074706,-2.15
-26.967271,153.074971,-2.10
-26.967271,153.075233,-1.99
-26.967268,153.075474,-1.84
-26.967497,153.074442,-2.22
-26.967497,153.074206,-2.22
-26.967497,153.074989,-2.10
-26.967497,153.074713,-2.15
-26.967497,153.075463,-1.82
-26.967497,153.075217,-2.02
-26.967720,153.074447,-2.23
-26.967723,153.074212,-2.23
-26.967720,153.074733,-2.17
-26.967723,153.075208,-2.00
-26.967722,153.074944,-2.09
-26.967722,153.075478,-1.89
-26.967949,153.074943,-2.15
-26.967948,153.075471,-2.14
-26.967946,153.075211,-2.11
-26.968174,153.075469,-2.23
-26.968174,153.075248,-2.22
-26.968848,153.073193,-1.94
-26.968853,153.072620,-1.03
-26.968625,153.073191,-2.07
-26.968660,153.072421,-0.73
-26.968627,153.072624,-0.93
-26.968617,153.072421,-0.77
-26.968395,153.073204,-2.07
-26.968396,153.072954,-1.88
-26.968401,153.072397,-0.82
-26.968335,153.072167,-0.73
-26.968173,153.073196,-2.04
-26.968175,153.073005,-1.97
-26.968175,153.072417,-0.90
-26.968176,153.072083,-0.73
-26.967947,153.073186,-2.13
-26.967944,153.072958,-1.99
-26.967950,153.072374,-0.99
-26.967944,153.072149,-0.78
-26.967723,153.073452,-2.23
-26.967724,153.073224,-2.17
-26.967720,153.072937,-2.00
-26.967724,153.072421,-0.99
-26.967498,153.073963,-2.21
-26.967496,153.073694,-2.20
-26.967498,153.073441,-2.14
-26.967496,153.073182,-2.12
-26.967498,153.072931,-2.00
-26.967496,153.072676,-1.95
-26.967487,153.072170,-0.73
-26.967272,153.073949,-2.22
-26.967271,153.073689,-2.16
-26.967271,153.073443,-2.11
-26.967272,153.073179,-2.09
-26.967270,153.072940,-2.00
-26.967270,153.072679,-1.95
-26.967271,153.072156,-0.82
-26.967046,153.073959,-2.23
-26.967046,153.073696,-2.20
-26.967045,153.073444,-2.10
-26.967045,153.073202,-2.07
-26.967046,153.072939,-2.02
-26.967046,153.072694,-1.97
-26.967044,153.072449,-1.93
-26.966820,153.073971,-2.21
-26.966821,153.073695,-2.21
-26.966820,153.073456,-2.11
-26.966821,153.073208,-2.08
-26.966821,153.072947,-2.07
-26.966821,153.072696,-2.08
-26.966821,153.072483,-2.04
-26.966595,153.073957,-2.21
-26.966595,153.073711,-2.22
-26.966595,153.073442,-2.19
-26.966595,153.073206,-2.12
-26.966595,153.073000,-2.10
-26.966592,153.072683,-2.13
-26.966594,153.072439,-2.23
-26.966369,153.073949,-2.19
-26.966369,153.073698,-2.21
-26.966370,153.073458,-2.21
-26.966367,153.073198,-2.21
-26.966370,153.072943,-2.20
-26.966369,153.072700,-2.22
-26.966143,153.073947,-2.21
-26.966142,153.073738,-2.21
-26.966142,153.073454,-2.21
-26.966144,153.073217,-2.22
-26.966143,153.072968,-2.22
-26.966142,153.072698,-2.22
-26.966140,153.072203,-1.93
-26.966144,153.072129,-1.46
-26.965918,153.073950,-2.21
-26.965918,153.073703,-2.21
-26.965918,153.073461,-2.21
-26.965917,153.073211,-2.16
-26.965917,153.072968,-2.11
-26.965917,153.072677,-2.12
-26.965918,153.072432,-2.19
-26.965915,153.072193,-1.97
-26.965918,153.072115,-1.49
-26.965692,153.073945,-2.21
-26.965692,153.073737,-2.21
-26.965690,153.073453,-2.18
-26.965692,153.073191,-2.10
-26.965692,153.072942,-2.08
-26.965693,153.072696,-2.09
-26.965692,153.072442,-2.17
-26.965693,153.072232,-1.93
-26.965692,153.072068,-1.42
-26.965466,153.073940,-2.18
-26.965466,153.073687,-2.18
-26.965465,153.073432,-2.09
-26.965467,153.073212,-2.07
-26.965467,153.072925,-2.06
-26.965467,153.072674,-2.04
-26.965467,153.072438,-2.00
-26.965239,153.073946,-2.16
-26.965241,153.073699,-2.13
-26.965240,153.073449,-2.08
-26.965240,153.073190,-2.06
-26.965240,153.072926,-2.03
-26.965241,153.072710,-1.99
-26.965240,153.072431,-1.95
-26.965015,153.073947,-2.11
-26.965015,153.073714,-2.10
-26.965015,153.073449,-2.08
-26.965015,153.073195,-2.06
-26.965015,153.072971,-2.03
-26.965015,153.072689,-1.98
-26.965014,153.072452,-1.94
-26.964789,153.073938,-2.08
-26.964789,153.073720,-2.09
-26.964789,153.073460,-2.08
-26.964790,153.073183,-2.07
-26.964787,153.072935,-2.03
-26.964790,153.072708,-1.98
-26.964790,153.072473,-1.94
-26.964563,153.073944,-2.06
-26.964564,153.073702,-2.08
-26.964564,153.073461,-2.10
-26.964564,153.073223,-2.08
-26.964563,153.072938,-2.04
-26.964564,153.072697,-1.99
-26.964685,153.070868,-0.74
-26.964561,153.072421,-1.94
-26.964558,153.072228,-1.83
-26.964564,153.072062,-1.40
-26.960049,153.073981,-2.16
-26.960049,153.073690,-2.18
-26.960049,153.074191,-2.12
-26.960045,153.074445,-2.08
-26.960048,153.074707,-2.03
-26.960047,153.074951,-1.98
-26.960049,153.075268,-1.62
-26.960274,153.073701,-2.17
-26.960275,153.073945,-2.17
-26.960274,153.074196,-2.13
-26.960273,153.074450,-2.09
-26.960270,153.074695,-2.06
-26.960273,153.074957,-2.03
-26.960501,153.073713,-2.17
-26.960501,153.073963,-2.16
-26.960501,153.074189,-2.16
-26.960500,153.074454,-2.12
-26.960500,153.074699,-2.12
-26.960500,153.074961,-2.05
-26.960724,153.073944,-2.18
-26.960726,153.073701,-2.15
-26.960725,153.074204,-2.17
-26.960726,153.074451,-2.16
-26.960722,153.074691,-2.18
-26.960952,153.073936,-2.18
-26.960952,153.073715,-2.12
-26.960952,153.074201,-2.18
-26.960948,153.074444,-2.22
-26.960951,153.074687,-1.98
-26.961176,153.073950,-2.13
-26.961177,153.073730,-2.05
-26.961177,153.074699,-1.57
-26.961403,153.073935,-2.05
-26.961403,153.073711,-2.00
-26.961380,153.074689,-1.44
-26.961628,153.073944,-1.97
-26.961629,153.073680,-1.96
-26.961626,153.074213,-2.08
-26.961405,153.074742,-0.99
-26.961626,153.074444,-2.14
-26.961853,153.074443,-1.92
-26.961852,153.074185,-1.96
-26.961855,153.073937,-1.92
-26.961855,153.073689,-1.90
-26.962073,153.074191,-1.92
-26.962080,153.073975,-1.89
-26.962080,153.074460,-1.72
-26.962078,153.073684,-1.85
-26.962306,153.074186,-1.88
-26.962306,153.073952,-1.88
-26.962170,153.074437,-1.43
-26.962411,153.074200,-1.48
-26.963658,153.073973,-1.45
-26.963884,153.074193,-1.53
-26.963886,153.073944,-1.70
-26.964112,153.073939,-1.90
-26.964112,153.074185,-1.72
-26.964338,153.074228,-1.93
-26.964333,153.073936,-1.98
-26.964337,153.074441,-1.54
-26.964337,153.073709,-2.06
-26.964338,153.073464,-2.10
-26.964336,153.073186,-2.09
-26.964338,153.072945,-2.04
-26.964338,153.072704,-2.01
-26.964338,153.072467,-1.98
-26.964338,153.072182,-1.93
-26.964112,153.073681,-1.98
-26.964111,153.073430,-2.07
-26.964112,153.073220,-2.11
-26.964112,153.072930,-2.07
-26.964112,153.072698,-2.03
-26.964108,153.072443,-2.02
-26.964111,153.072179,-2.00
-26.963884,153.073681,-1.88
-26.963886,153.073431,-1.99
-26.963885,153.073192,-2.10
-26.963886,153.072931,-2.11
-26.963886,153.072673,-2.06
-26.963886,153.072422,-2.03
-26.963887,153.072205,-2.01
-26.963660,153.073693,-1.76
-26.963661,153.073432,-1.86
-26.963660,153.073196,-1.98
-26.963660,153.072938,-2.11
-26.963661,153.072694,-2.09
-26.963661,153.072428,-2.05
-26.963658,153.072172,-1.99
-26.963427,153.073695,-1.46
-26.963435,153.073465,-1.70
-26.963435,153.073203,-1.91
-26.963436,153.072939,-2.03
-26.963435,153.072681,-2.09
-26.963435,153.072446,-2.10
-26.963432,153.072186,-1.97
-26.963205,153.073475,-1.46
-26.963209,153.073223,-1.72
-26.963209,153.072925,-1.96
-26.963210,153.072698,-2.01
-26.963209,153.072430,-1.99
-26.963209,153.072190,-1.89
-26.962980,153.073195,-1.57
-26.962983,153.072942,-1.62
-26.962984,153.072710,-1.80
-26.962983,153.072433,-1.73
-26.962984,153.072171,-1.39
-26.962984,153.072062,-1.36
-26.962758,153.072930,-1.40
-26.962757,153.072672,-1.35
-26.962757,153.072442,-1.33
-26.962757,153.072369,-1.31
-26.962755,153.072164,-0.93
-26.962226,153.073173,-0.89
-26.962078,153.073491,-1.77
-26.962076,153.072917,-0.92
-26.961854,153.073481,-1.85
-26.961626,153.073434,-1.92
-26.961627,153.073192,-1.87
-26.961629,153.072956,-1.83
-26.961627,153.072419,-0.99
-26.961404,153.073449,-1.98
-26.961403,153.073204,-1.95
-26.961404,153.072929,-1.93
-26.961403,153.072725,-1.93
-26.961178,153.073448,-2.02
-26.961178,153.073176,-2.02
-26.961175,153.072928,-1.99
-26.961177,153.072710,-1.96
-26.961178,153.072488,-1.93
-26.961177,153.071908,-1.02
-26.961179,153.071631,-0.93
-26.960952,153.073454,-2.05
-26.960951,153.073221,-2.05
-26.960950,153.072939,-2.02
-26.960952,153.072673,-1.99
-26.960952,153.072437,-1.97
-26.960950,153.072199,-1.90
-26.960949,153.071941,-1.40
-26.960872,153.071898,-1.33
-26.960951,153.071649,-1.02
-26.960953,153.071390,-0.95
-26.960722,153.073439,-2.07
-26.960726,153.073191,-2.06
-26.960725,153.072924,-2.04
-26.960726,153.072700,-2.01
-26.960725,153.072442,-1.98
-26.960724,153.072171,-1.92
-26.960722,153.071938,-1.64
-26.960724,153.071842,-1.41
-26.960726,153.071648,-1.11
-26.960728,153.071392,-1.03
-26.960725,153.071156,-0.92
-26.960501,153.073431,-2.10
-26.960501,153.073185,-2.08
-26.960501,153.072936,-2.07
-26.960501,153.072698,-2.02
-26.960499,153.072419,-1.99
-26.960502,153.072224,-1.94
-26.960500,153.071948,-1.81
-26.960502,153.071355,-1.12
-26.960498,153.071156,-1.04
-26.960502,153.070888,-0.93
-26.960274,153.073442,-2.14
-26.960275,153.073221,-2.11
-26.960275,153.072955,-2.07
-26.960275,153.072725,-2.04
-26.960273,153.072431,-2.01
-26.960276,153.072180,-1.99
-26.960276,153.071930,-1.92
-26.960147,153.071409,-1.30
-26.960276,153.071134,-1.14
-26.960273,153.070904,-1.03
-26.960049,153.073457,-2.15
-26.960049,153.073189,-2.12
-26.960049,153.072962,-2.07
-26.960050,153.072710,-2.05
-26.960049,153.072421,-2.04
-26.960049,153.072187,-2.01
-26.960049,153.071934,-1.99
-26.960049,153.071665,-1.92
-26.960050,153.071433,-1.57
-26.960050,153.071322,-1.33
-26.960045,153.071148,-1.20
-26.960050,153.070875,-1.11
-26.964335,153.080494,-1.89
-26.964564,153.080489,-1.95
-26.964565,153.080249,-1.73
-26.964789,153.080509,-1.98
-26.964790,153.080235,-1.82
-26.965013,153.080259,-1.81
-26.965013,153.080515,-1.99
-26.965239,153.080485,-2.02
-26.965239,153.080243,-1.84
-26.965465,153.080261,-1.88
-26.965465,153.080486,-2.10
-26.965690,153.080231,-1.93
-26.965692,153.080503,-2.11
-26.965917,153.080244,-1.90
-26.965917,153.080497,-2.08
-26.966140,153.080261,-1.87
-26.966143,153.080494,-2.00
-26.966366,153.080503,-1.92
-26.966368,153.080284,-1.80
-26.966597,153.080513,-1.74
-26.966594,153.080257,-1.87
-26.966818,153.080484,-2.03
-26.967270,153.080500,-2.24
-26.967495,153.080497,-2.15
-26.967723,153.079901,-1.44
-26.967495,153.080254,-2.24
-26.967421,153.079112,-0.91
-26.967236,153.079499,-0.87
-26.966819,153.080239,-1.97
-26.966592,153.079178,-1.15
-26.966366,153.079216,-1.25
-26.966362,153.078965,-1.13
-26.966140,153.079194,-1.31
-26.966140,153.078941,-1.19
-26.965914,153.079221,-1.33
-26.965913,153.078923,-1.27
-26.965689,153.079640,-1.04
-26.965689,153.078956,-1.29
-26.965463,153.079669,-1.09
-26.965237,153.079655,-1.04
-26.964785,153.079726,-1.03
-26.964784,153.077707,-1.01
-26.964338,153.080103,-1.38
-26.964562,153.077705,-1.09
-26.964561,153.077451,-1.08
-26.967044,153.075758,-1.34
-26.967270,153.075711,-1.37
-26.967495,153.075702,-1.37
-26.967496,153.075952,-1.29
-26.967722,153.075959,-1.45
-26.967720,153.075711,-1.64
-26.967941,153.075709,-1.92
-26.967940,153.075995,-1.54
-26.968171,153.075955,-1.99
-26.968617,153.075994,-1.77
-26.968850,153.075721,-1.86
-26.968844,153.075953,-1.39
-26.959935,153.080247,-1.83
-26.959935,153.079985,-1.84
-26.960036,153.080569,-1.76
-26.960048,153.080228,-1.88
-26.960048,153.079985,-1.89
-26.960258,153.080596,-1.87
-26.960274,153.079984,-1.92
-26.960272,153.079728,-1.92
-26.960272,153.080231,-1.92
-26.960497,153.080591,-1.92
-26.960499,153.079728,-1.93
-26.960501,153.079985,-1.93
-26.960499,153.080241,-1.93
-26.960715,153.080600,-1.94
-26.960726,153.079991,-1.94
-26.960724,153.079740,-1.93
-26.960725,153.080247,-1.94
-26.960936,153.080596,-1.95
-26.960952,153.079724,-1.92
-26.960949,153.080231,-1.94
-26.960950,153.079982,-1.93
-26.961174,153.080596,-1.94
-26.961175,153.079743,-1.91
-26.961176,153.079980,-1.93
-26.961175,153.080247,-1.94
-26.961396,153.080591,-1.94
-26.961400,153.079995,-1.92
-26.961401,153.079724,-1.90
-26.961401,153.080232,-1.93
-26.961565,153.080600,-1.94
-26.961628,153.079979,-1.91
-26.961647,153.080603,-1.93
-26.961628,153.080246,-1.92
-26.961853,153.079985,-1.89
-26.961852,153.080248,-1.90
-26.961856,153.080489,-1.91
-26.962080,153.079992,-1.87
-26.962081,153.080242,-1.86
-26.962081,153.080483,-1.86
-26.962303,153.080001,-1.81
-26.962305,153.080229,-1.85
-26.962303,153.080519,-1.77
-26.962532,153.080539,-1.68
-26.962533,153.080444,-1.74
-26.962533,153.079996,-1.75
-26.962756,153.080512,-1.74
-26.962755,153.080257,-1.79
-26.962755,153.079981,-1.81
-26.962980,153.080239,-1.81
-26.962980,153.080014,-1.76
-26.962982,153.080483,-1.81
-26.963208,153.080231,-1.83
-26.963208,153.080029,-1.76
-26.963206,153.080502,-1.85
-26.963436,153.080229,-1.86
-26.963433,153.079987,-1.76
-26.963434,153.080486,-1.89
-26.963661,153.080489,-1.93
-26.963658,153.080254,-1.88
-26.963659,153.080023,-1.74
-26.963884,153.080243,-1.87
-26.963884,153.080492,-1.95
-26.964111,153.080484,-1.94
-26.964112,153.080239,-1.85
-26.964334,153.079707,-0.95
-26.964336,153.077907,-1.09
-26.964332,153.077706,-1.09
-26.964336,153.077437,-1.12
-26.964332,153.077206,-1.03
-26.964108,153.077958,-1.09
-26.964110,153.077695,-1.10
-26.964108,153.077457,-1.18
-26.964110,153.077206,-1.05
-26.963884,153.077897,-1.06
-26.963881,153.077694,-1.14
-26.963884,153.077436,-1.20
-26.963881,153.077205,-1.10
-26.963659,153.077959,-1.08
-26.963658,153.077707,-1.16
-26.963653,153.077449,-1.20
-26.963657,153.077205,-1.15
-26.963433,153.077933,-1.13
-26.963430,153.077708,-1.15
-26.963432,153.077416,-1.22
-26.963427,153.077204,-1.20
-26.963207,153.078306,-1.01
-26.963207,153.078213,-1.01
-26.963203,153.077951,-1.16
-26.963207,153.077706,-1.16
-26.963203,153.077447,-1.24
-26.963207,153.077194,-1.24
-26.962980,153.077698,-1.21
-26.962982,153.077450,-1.23
-26.962980,153.077205,-1.25
-26.962532,153.079755,-1.74
-26.962755,153.077705,-1.21
-26.962750,153.077455,-1.24
-26.962755,153.077195,-1.27
-26.962305,153.079770,-1.69
-26.962527,153.077706,-1.17
-26.962530,153.077420,-1.23
-26.962524,153.077205,-1.25
-26.962080,153.079725,-1.81
-26.962304,153.077687,-1.16
-26.962300,153.077451,-1.19
-26.962304,153.077204,-1.25
-26.961854,153.079727,-1.84
-26.962079,153.077950,-1.12
-26.962077,153.077705,-1.16
-26.962072,153.077451,-1.23
-26.962077,153.077199,-1.32
-26.961627,153.079731,-1.88
-26.961848,153.077708,-1.23
-26.961852,153.077423,-1.28
-26.961850,153.077179,-1.18
-26.961402,153.079487,-1.84
-26.961627,153.078088,-1.04
-26.961627,153.077928,-1.17
-26.961625,153.077691,-1.26
-26.961619,153.077449,-1.11
-26.961625,153.077204,-1.00
-26.961177,153.079490,-1.86
-26.961399,153.078085,-0.99
-26.961397,153.077955,-1.08
-26.961400,153.077682,-1.06
-26.960950,153.079475,-1.89
-26.960724,153.079506,-1.90
-26.960949,153.078883,-0.99
-26.960501,153.079473,-1.90
-26.960688,153.078779,-1.03
-26.960273,153.079341,-1.70
-26.962080,153.076950,-1.29
-26.962310,153.076753,-1.24
-26.962536,153.076707,-1.26
-26.962757,153.076536,-1.16
-26.962762,153.076708,-1.21
-26.962982,153.076709,-1.24
-26.962983,153.076698,-1.04
-26.963208,153.076660,-0.97
-26.963213,153.076705,-1.22
-26.963434,153.076675,-0.87
-26.963434,153.076748,-1.14
-26.963659,153.076751,-1.06
-26.958016,153.073446,-2.23
-26.958242,153.073438,-2.20
-26.958468,153.073701,-2.20
-26.958469,153.073444,-2.20
-26.958469,153.073933,-2.22
-26.958695,153.073438,-2.18
-26.958694,153.073679,-2.21
-26.958694,153.073940,-2.22
-26.958691,153.074187,-2.23
-26.958695,153.074444,-2.24
-26.958694,153.074694,-2.24
-26.958921,153.073706,-2.22
-26.958920,153.073438,-2.20
-26.958920,153.073933,-2.23
-26.958920,153.074214,-2.22
-26.958920,153.074459,-2.22
-26.958920,153.074714,-2.23
-26.959145,153.073683,-2.23
-26.959145,153.073972,-2.22
-26.959145,153.074191,-2.17
-26.959146,153.074451,-2.13
-26.959146,153.074687,-2.13
-26.959370,153.073693,-2.23
-26.959372,153.073939,-2.21
-26.959372,153.074185,-2.15
-26.959370,153.074453,-2.07
-26.959371,153.074701,-2.06
-26.959371,153.074961,-2.07
-26.959371,153.075238,-2.12
-26.959370,153.073427,-2.24
-26.959370,153.075470,-2.08
-26.959598,153.073696,-2.21
-26.959597,153.073958,-2.19
-26.959598,153.074223,-2.12
-26.959597,153.074466,-2.06
-26.959597,153.074739,-2.03
-26.959597,153.074959,-2.00
-26.959594,153.075192,-2.01
-26.959597,153.075468,-1.96
-26.959823,153.073713,-2.20
-26.959824,153.073964,-2.18
-26.959823,153.074212,-2.14
-26.959822,153.074438,-2.07
-26.959821,153.074713,-2.03
-26.959823,153.074962,-1.99
-26.959823,153.075190,-1.88
-26.959823,153.073457,-2.19
-26.959824,153.073209,-2.13
-26.959823,153.072952,-2.10
-26.959824,153.072674,-2.08
-26.959822,153.072425,-2.07
-26.959824,153.072187,-2.04
-26.959823,153.071938,-2.01
-26.959823,153.071664,-1.98
-26.959825,153.071447,-1.84
-26.959825,153.070898,-1.14
-26.959597,153.073465,-2.22
-26.959598,153.073199,-2.21
-26.959598,153.072963,-2.15
-26.959598,153.072680,-2.12
-26.959598,153.072443,-2.10
-26.959599,153.072203,-2.07
-26.959599,153.071952,-2.04
-26.959598,153.071699,-2.00
-26.959596,153.071427,-1.95
-26.959599,153.071202,-1.74
-26.959599,153.071057,-1.41
-26.959594,153.070905,-1.23
-26.959372,153.073211,-2.24
-26.959369,153.072923,-2.24
-26.959372,153.072704,-2.22
-26.959373,153.072459,-2.21
-26.959372,153.072189,-2.20
-26.959372,153.071926,-2.13
-26.959372,153.071694,-2.02
-26.959373,153.071425,-1.99
-26.959373,153.071195,-1.96
-26.959372,153.070942,-1.48
-26.959358,153.070883,-1.34
-26.959146,153.073429,-2.23
-26.959146,153.073196,-2.24
-26.959145,153.072945,-2.24
-26.959145,153.072688,-2.24
-26.959146,153.072443,-2.23
-26.959146,153.072177,-2.22
-26.959147,153.071940,-2.22
-26.959147,153.071704,-2.18
-26.959148,153.071432,-2.06
-26.959147,153.071190,-2.01
-26.959146,153.070980,-1.91
-26.959147,153.070780,-1.40
-26.958920,153.073198,-2.22
-26.958920,153.072936,-2.23
-26.958921,153.072679,-2.22
-26.958921,153.072434,-2.23
-26.958919,153.072189,-2.22
-26.958922,153.071922,-2.23
-26.958921,153.071670,-2.22
-26.958920,153.071418,-2.17
-26.958922,153.071162,-2.06
-26.958922,153.070933,-2.04
-26.958922,153.070657,-1.81
-26.958695,153.073195,-2.19
-26.958693,153.072928,-2.23
-26.958696,153.072701,-2.21
-26.958695,153.072456,-2.21
-26.958694,153.072192,-2.20
-26.958696,153.071956,-2.21
-26.958695,153.071682,-2.23
-26.958696,153.071457,-2.22
-26.958696,153.071207,-2.19
-26.958697,153.070909,-2.16
-26.958697,153.070690,-2.01
-26.958469,153.073186,-2.17
-26.958468,153.072924,-2.19
-26.958470,153.072676,-2.21
-26.958469,153.072422,-2.20
-26.958470,153.072175,-2.22
-26.958470,153.071928,-2.19
-26.958470,153.071686,-2.22
-26.958470,153.071438,-2.22
-26.958469,153.071167,-2.21
-26.958471,153.070942,-2.22
-26.958470,153.070664,-2.20
-26.958243,153.073203,-2.20
-26.958242,153.072924,-2.18
-26.958243,153.072702,-2.19
-26.958244,153.072438,-2.19
-26.958244,153.072170,-2.22
-26.958243,153.071925,-2.21
-26.958244,153.071695,-2.23
-26.958244,153.071414,-2.23
-26.958245,153.071162,-2.22
-26.958244,153.070925,-2.22
-26.958244,153.070663,-2.22
-26.958017,153.073177,-2.20
-26.958017,153.072942,-2.19
-26.958018,153.072694,-2.17
-26.958018,153.072438,-2.19
-26.958018,153.072167,-2.19
-26.958018,153.071923,-2.20
-26.958019,153.071679,-2.22
-26.958019,153.071441,-2.23
-26.958019,153.071203,-2.22
-26.958019,153.070926,-2.22
-26.958019,153.070681,-2.16
-26.957792,153.073176,-2.23
-26.957791,153.072954,-2.18
-26.957791,153.072703,-2.18
-26.957793,153.072449,-2.18
-26.957793,153.072180,-2.20
-26.957793,153.071945,-2.20
-26.957792,153.071672,-2.22
-26.957793,153.071421,-2.22
-26.957791,153.071186,-2.23
-26.957790,153.070914,-2.21
-26.957793,153.070679,-2.18
-26.957567,153.072925,-2.20
-26.957566,153.072684,-2.17
-26.957565,153.072441,-2.18
-26.957565,153.072165,-2.20
-26.957567,153.071940,-2.21
-26.957567,153.071667,-2.20
-26.957566,153.071411,-2.20
-26.957568,153.071164,-2.23
-26.957568,153.070937,-2.22
-26.957567,153.070665,-2.20
-26.957341,153.072696,-2.19
-26.957142,153.072430,-2.18
-26.957125,153.072267,-2.20
-26.957340,153.071931,-2.22
-26.957342,153.071676,-2.20
-26.957342,153.071426,-2.20
-26.957341,153.071158,-2.23
-26.957341,153.070924,-2.23
-26.957341,153.070662,-2.22
-26.956943,153.072514,-2.18
-26.956892,153.072175,-2.20
-26.957111,153.071927,-2.20
-26.957116,153.071680,-2.20
-26.957114,153.071430,-2.20
-26.957115,153.071178,-2.23
-26.957116,153.070912,-2.23
-26.956899,153.070654,-2.23
-26.956886,153.072484,-2.21
-26.956707,153.072353,-2.20
-26.956666,153.072016,-2.20
-26.956833,153.071886,-2.21
-26.956889,153.071425,-2.22
-26.956883,153.071193,-2.24
-26.956890,153.070925,-2.24
-26.956667,153.070653,-2.23
-26.956479,153.072234,-2.18
-26.956440,153.072001,-2.18
-26.956664,153.071668,-2.20
-26.956494,153.071452,-2.20
-26.956601,153.071348,-2.22
-26.956664,153.070911,-2.24
-26.956443,153.070656,-2.23
-26.956433,153.072196,-2.20
-26.956228,153.071933,-2.18
-26.956331,153.071847,-2.16
-26.956439,153.071408,-2.23
-26.956438,153.071194,-2.24
-26.956249,153.071006,-2.22
-26.956216,153.070658,-2.22
-26.956163,153.072050,-2.18
-26.956074,153.071723,-2.17
-26.956212,153.071439,-2.19
-26.956212,153.071189,-2.24
-26.956212,153.070913,-2.23
-26.955990,153.070679,-2.22
-26.955987,153.072205,-2.24
-26.955851,153.071916,-2.19
-26.955910,153.071777,-2.18
-26.955987,153.071432,-2.19
-26.955766,153.070655,-2.23
-26.955755,153.072174,-2.23
-26.955758,153.071912,-2.18
-26.955587,153.071865,-2.17
-26.955612,153.071595,-2.20
-26.955762,153.070922,-2.23
-26.955538,153.070657,-2.23
-26.955535,153.072172,-2.23
-26.955406,153.071930,-2.17
-26.955529,153.071881,-2.18
-26.955536,153.071440,-2.23
-26.955536,153.071187,-2.22
-26.955536,153.070910,-2.23
-26.955314,153.070665,-2.23
-26.951470,153.075456,-1.76
-26.951696,153.075465,-1.59
-26.951697,153.075212,-1.87
-26.951697,153.074944,-1.98
-26.951923,153.075207,-1.70
-26.951915,153.075438,-1.50
-26.951922,153.074940,-1.86
-26.951922,153.074686,-1.95
-26.952149,153.074723,-1.77
-26.952146,153.074963,-1.58
-26.951923,153.075444,-1.28
-26.952148,153.074441,-1.83
-26.952148,153.074178,-1.83
-26.952368,153.074288,-1.64
-26.952168,153.074943,-1.43
-26.952374,153.074008,-1.65
-26.952386,153.074017,-1.43
-26.952404,153.074246,-1.43
-26.952410,153.073923,-1.12
-26.952375,153.074935,-1.08
-26.952598,153.075483,-1.66
-26.952573,153.073667,-1.01
-26.952601,153.073763,-0.99
-26.952605,153.073655,-0.97
-26.952601,153.074029,-1.00
-26.952601,153.074305,-1.00
-26.952600,153.074432,-1.00
-26.952825,153.074941,-1.72
-26.952823,153.075196,-1.65
-26.952825,153.075484,-1.76
-26.953051,153.074439,-1.65
-26.953051,153.074711,-1.62
-26.953051,153.074943,-1.73
-26.953051,153.075201,-1.78
-26.953050,153.075436,-1.86
-26.953048,153.074185,-1.65
-26.953052,153.073960,-1.55
-26.953048,153.073680,-1.50
-26.953275,153.073181,-1.64
-26.953277,153.073456,-1.71
-26.953276,153.073682,-1.71
-26.953278,153.073945,-1.70
-26.953276,153.074196,-1.74
-26.953278,153.074437,-1.75
-26.953277,153.074692,-1.75
-26.953277,153.074939,-1.78
-26.953277,153.075188,-1.89
-26.953274,153.075438,-1.95
-26.953503,153.073198,-1.88
-26.953503,153.073422,-1.88
-26.953504,153.073709,-1.85
-26.953503,153.073940,-1.83
-26.953503,153.074208,-1.86
-26.953499,153.074437,-1.89
-26.953502,153.074697,-1.89
-26.953502,153.074947,-1.91
-26.953502,153.075190,-1.95
-26.953502,153.075463,-1.98
-26.953730,153.073194,-1.96
-26.953728,153.073443,-1.96
-26.953728,153.073696,-1.95
-26.953729,153.073927,-1.95
-26.953721,153.074199,-1.95
-26.953726,153.074438,-1.95
-26.953726,153.074686,-1.96
-26.953729,153.074970,-1.97
-26.953728,153.075190,-1.98
-26.953727,153.075438,-2.00
-26.953953,153.073202,-1.99
-26.953955,153.073439,-1.99
-26.953951,153.073692,-1.98
-26.953955,153.073968,-1.98
-26.953955,153.074195,-1.97
-26.953954,153.074446,-1.98
-26.953954,153.074698,-2.01
-26.953954,153.074936,-2.01
-26.953954,153.075189,-2.03
-26.953953,153.075451,-2.07
-26.954180,153.073444,-2.03
-26.954181,153.073204,-2.03
-26.954181,153.073687,-2.14
-26.954177,153.073937,-2.19
-26.955309,153.072168,-2.23
-26.955309,153.071931,-2.22
-26.955308,153.071673,-2.22
-26.955310,153.071424,-2.22
-26.955310,153.071178,-2.23
-26.955309,153.070912,-2.23
-26.955089,153.070656,-2.22
-26.955083,153.072175,-2.24
-26.955083,153.071927,-2.23
-26.955083,153.071677,-2.22
-26.955083,153.071418,-2.22
-26.955085,153.071164,-2.23
-26.955083,153.070932,-2.23
-26.954859,153.072176,-2.23
-26.954857,153.071911,-2.23
-26.954857,153.071664,-2.23
-26.954854,153.071415,-2.23
-26.954858,153.071179,-2.23
-26.954633,153.072416,-2.20
-26.954633,153.072163,-2.16
-26.954633,153.071927,-2.17
-26.954633,153.071675,-2.21
-26.954633,153.071419,-2.22
-26.954633,153.071159,-2.23
-26.954407,153.072677,-2.16
-26.954406,153.072416,-2.10
-26.954407,153.072181,-2.10
-26.954407,153.071926,-2.12
-26.954407,153.071664,-2.16
-26.954406,153.071411,-2.18
-26.954180,153.072949,-2.02
-26.954180,153.072668,-2.03
-26.954181,153.072430,-2.05
-26.954181,153.072167,-2.07
-26.954181,153.071914,-2.08
-26.954181,153.071673,-2.10
-26.953951,153.072949,-2.01
-26.953956,153.072675,-2.02
-26.953955,153.072442,-2.04
-26.953953,153.072190,-2.04
-26.953956,153.071924,-2.05
-26.953730,153.072932,-1.97
-26.953729,153.072698,-1.99
-26.953730,153.072445,-2.01
-26.953730,153.072203,-2.03
-26.953501,153.072931,-1.91
-26.953502,153.072689,-1.87
-26.953502,153.072423,-1.87
-26.953278,153.072925,-1.65
-26.953278,153.072680,-1.72
-26.953051,153.072932,-1.55
-26.955424,153.079467,-1.08
-26.955532,153.079716,-1.28
-26.955540,153.079451,-1.10
-26.955534,153.079724,-1.29
-26.955532,153.080075,-1.12
-26.955758,153.079601,-1.18
-26.955762,153.079456,-1.15
-26.955757,153.079930,-1.15
-26.955759,153.079978,-1.03
-26.955984,153.079719,-0.99
-26.955992,153.079459,-1.11
-26.955985,153.080491,-1.59
-26.956214,153.080149,-1.47
-26.956211,153.080226,-1.56
-26.956210,153.080486,-1.60
-26.956443,153.079468,-1.17
-26.956439,153.080006,-1.58
-26.956435,153.080249,-1.62
-26.956435,153.080488,-1.73
-26.956664,153.079738,-1.73
-26.956662,153.080033,-1.80
-26.956664,153.080229,-1.82
-26.956663,153.080485,-1.77
-26.956887,153.079541,-1.73
-26.956887,153.079734,-1.76
-26.956887,153.080007,-1.62
-26.956893,153.080228,-1.55
-26.957112,153.080399,-1.05
-26.959591,153.080590,-2.00
-26.959588,153.080476,-1.41
-26.959798,153.080574,-1.80
-26.959068,153.076262,-0.99
-26.958914,153.076455,-0.98
-26.958682,153.076738,-1.07
-26.958499,153.076952,-0.92
-26.958461,153.077007,-1.16
-26.958466,153.076948,-1.35
-26.958466,153.076458,-1.40
-26.958265,153.077204,-0.98
-26.958236,153.077232,-1.19
-26.958239,153.077202,-1.44
-26.958240,153.076948,-1.44
-26.958234,153.076530,-1.40
-26.958013,153.077465,-1.18
-26.958015,153.077446,-1.42
-26.958016,153.077146,-1.49
-26.958014,153.076468,-1.56
-26.957790,153.077711,-1.19
-26.957786,153.077701,-1.28
-26.957786,153.077451,-1.41
-26.957475,153.079065,-1.05
-26.957560,153.077922,-1.06
-26.957564,153.077686,-1.18
-26.957461,153.078962,-1.05
-26.957473,153.078668,-0.99
-26.957342,153.077220,-1.40
-26.957518,153.077959,-1.11
-26.957404,153.079221,-0.98
-26.957421,153.078460,-0.89
-26.957337,153.078948,-1.11
-26.957338,153.078675,-1.04
-26.957336,153.078460,-0.89
-26.957337,153.078130,-1.03
-26.957114,153.077722,-1.36
-26.957116,153.077456,-1.62
-26.956906,153.079458,-1.60
-26.957112,153.078951,-1.09
-26.957107,153.078712,-0.97
-26.956890,153.077966,-1.36
-26.956891,153.077708,-1.61
-26.956862,153.079465,-1.30
-26.956971,153.078213,-0.99
-26.956886,153.079190,-1.14
-26.956886,153.078932,-1.02
-26.956664,153.078217,-2.06
-26.956664,153.078465,-1.37
-26.956660,153.079172,-1.06
-26.956436,153.078464,-1.64
-26.956213,153.078483,-1.54
-26.956207,153.079213,-1.08
-26.956209,153.078910,-1.26
-26.955985,153.078502,-2.06
-26.955984,153.079155,-1.17
-26.955760,153.078730,-1.39
-26.955535,153.078715,-1.39
-26.955532,153.079125,-1.08
-26.955310,153.078714,-1.81
-26.958466,153.076214,-1.73
-26.958694,153.076256,-1.66
-26.958916,153.075990,-2.20
-26.959144,153.075708,-2.22
-26.959371,153.075972,-0.91
-26.950908,153.079215,-1.83
-26.950907,153.078963,-1.91
-26.950906,153.079719,-1.75
-26.950909,153.079468,-1.79
-26.950907,153.079969,-1.70
-26.950905,153.080226,-1.49
-26.951019,153.079230,-1.87
-26.951018,153.078961,-1.93
-26.951018,153.079474,-1.79
-26.951018,153.079983,-1.69
-26.951020,153.079717,-1.74
-26.951248,153.079242,-1.88
-26.951247,153.079755,-1.71
-26.951247,153.079487,-1.80
-26.951246,153.079974,-1.64
-26.951471,153.079726,-1.71
-26.951472,153.079471,-1.89
-26.951471,153.079970,-1.62
-26.951697,153.079982,-1.59
-26.951697,153.079724,-2.06
-26.951922,153.079986,-1.57
-26.952146,153.080247,-1.20
-26.952147,153.080035,-1.38
-26.952375,153.079744,-1.70
-26.952600,153.079724,-1.58
-26.952598,153.080412,-1.28
-26.952683,153.080598,-1.48
-26.952825,153.079741,-1.48
-26.952824,153.079975,-1.22
-26.953052,153.079505,-1.54
-26.953050,153.079931,-1.28
-26.953051,153.079976,-1.18
-26.953277,153.079471,-1.45
-26.953275,153.079830,-1.22
-26.953275,153.080594,-1.70
-26.953502,153.079226,-2.03
-26.953502,153.080511,-1.72
-26.953729,153.079225,-1.84
-26.953729,153.080477,-1.73
-26.953952,153.079262,-1.41
-26.953954,153.080235,-1.63
-26.953952,153.080504,-1.74
-26.954179,153.079262,-1.58
-26.954178,153.080247,-1.64
-26.954178,153.080506,-1.74
-26.954406,153.079228,-1.50
-26.954404,153.080242,-1.70
-26.954405,153.080491,-1.74
-26.954630,153.080008,-1.69
-26.954630,153.080478,-1.71
-26.954632,153.080245,-1.72
-26.954857,153.079971,-1.76
-26.954855,153.080486,-1.67
-26.954854,153.080231,-1.74
-26.955083,153.080266,-1.64
-26.955082,153.079994,-1.68
-26.955082,153.080493,-1.40
-26.955081,153.078973,-1.45
-26.954857,153.078973,-1.72
-26.953728,153.075959,-2.15
-26.953501,153.076202,-2.11
-26.953502,153.075950,-2.02
-26.953276,153.076453,-2.11
-26.953277,153.076197,-2.02
-26.953275,153.075952,-2.01
-26.953050,153.076712,-2.08
-26.953050,153.076468,-2.02
-26.953051,153.076213,-2.01
-26.953051,153.075943,-2.00
-26.952824,153.077203,-2.13
-26.952824,153.076972,-2.07
-26.952825,153.076728,-2.03
-26.952823,153.076480,-2.02
-26.952822,153.076200,-2.00
-26.952825,153.075944,-1.97
-26.952376,153.077454,-2.19
-26.952599,153.077221,-2.07
-26.952599,153.076989,-2.06
-26.952597,153.076728,-2.03
-26.952596,153.076463,-2.00
-26.952597,153.076256,-1.99
-26.952599,153.075968,-1.95
-26.952149,153.077454,-2.18
-26.952371,153.077226,-2.07
-26.952371,153.076960,-2.05
-26.952367,153.076709,-2.02
-26.952373,153.076446,-1.99
-26.952373,153.076222,-1.96
-26.952369,153.075941,-1.85
-26.951926,153.077479,-2.20
-26.952145,153.076966,-2.02
-26.952148,153.076699,-1.99
-26.952147,153.076443,-1.97
-26.952148,153.076216,-1.93
-26.952147,153.075946,-1.71
-26.951697,153.077464,-2.21
-26.951920,153.076707,-1.96
-26.951921,153.076453,-1.94
-26.951920,153.076203,-1.84
-26.951922,153.075952,-1.63
-26.951694,153.076696,-1.96
-26.951696,153.076464,-1.92
-26.951695,153.076210,-1.74
-26.951697,153.076037,-1.52
-26.951470,153.076721,-1.96
-26.951469,153.076451,-1.89
-26.951467,153.076194,-1.64
-26.951470,153.076128,-1.48
-26.951461,153.075741,-1.55
-26.951245,153.076742,-1.97
-26.951242,153.076449,-1.87
-26.951242,153.076205,-1.67
-26.951244,153.076188,-1.50
-26.951240,153.075690,-1.59
-26.950907,153.078709,-1.93
-26.950909,153.078461,-1.95
-26.951019,153.076711,-1.97
-26.951017,153.076447,-1.85
-26.951922,153.075903,-1.49
-26.952147,153.075741,-1.53
-26.952374,153.075694,-1.66
-26.952599,153.075722,-1.82
-26.952823,153.075704,-1.87
-26.953051,153.075705,-1.96
-26.953273,153.075690,-1.99
-26.953500,153.075693,-2.00
-26.953727,153.075697,-2.04
-26.948386,153.078970,-1.03
-26.948395,153.078937,-1.05
-26.948368,153.080556,-1.20
-26.948440,153.079587,-1.05
-26.948510,153.079447,-1.05
-26.948536,153.079434,-1.08
-26.948538,153.079467,-1.11
-26.948535,153.079988,-1.26
-26.948534,153.080220,-1.27
-26.948534,153.080589,-1.28
-26.948761,153.079629,-1.23
-26.948782,153.078815,-1.07
-26.948762,153.079717,-1.38
-26.948760,153.080011,-1.47
-26.948760,153.080390,-1.50
-26.948763,153.080474,-1.48
-26.948986,153.079152,-1.20
-26.948992,153.078957,-1.16
-26.948987,153.079212,-1.30
-26.948986,153.079539,-1.39
-26.948987,153.080484,-1.48
-26.949213,153.078848,-1.22
-26.949361,153.079459,-1.38
-26.949213,153.079203,-1.32
-26.949271,153.079656,-1.44
-26.949272,153.079757,-1.42
-26.949310,153.079985,-1.40
-26.949212,153.080485,-1.37
-26.949551,153.079194,-1.43
-26.949439,153.078950,-1.34
-26.949446,153.079418,-1.48
-26.949439,153.079485,-1.54
-26.949438,153.079915,-1.54
-26.949439,153.079985,-1.50
-26.949437,153.080471,-1.29
-26.949665,153.079274,-1.59
-26.949664,153.079473,-1.62
-26.949667,153.079730,-1.63
-26.949665,153.080016,-1.58
-26.949890,153.078730,-1.64
-26.949890,153.079011,-1.64
-26.949891,153.079219,-1.65
-26.949891,153.079467,-1.66
-26.949892,153.079727,-1.66
-26.949892,153.080228,-1.57
-26.949892,153.079968,-1.64
-26.950119,153.079219,-1.70
-26.950115,153.078963,-1.69
-26.950116,153.078728,-1.71
-26.950116,153.079726,-1.70
-26.950117,153.079485,-1.71
-26.950118,153.080009,-1.65
-26.950116,153.080225,-1.66
-26.950345,153.079231,-1.76
-26.950343,153.078977,-1.75
-26.950345,153.079719,-1.72
-26.950342,153.079504,-1.75
-26.950342,153.079975,-1.67
-26.950344,153.080225,-1.66
-26.950569,153.078979,-1.79
-26.950569,153.079504,-1.77
-26.950569,153.079238,-1.79
-26.950567,153.079775,-1.74
-26.950567,153.080002,-1.68
-26.950571,153.080249,-1.63
-26.950570,153.078712,-1.81
-26.950570,153.078460,-1.86
-26.950569,153.078227,-1.89
-26.950569,153.077963,-2.01
-26.950791,153.076985,-2.02
-26.950793,153.076721,-1.92
-26.950346,153.078720,-1.77
-26.950343,153.078464,-1.77
-26.950341,153.078213,-1.78
-26.950343,153.077973,-1.86
-26.950346,153.077703,-1.89
-26.950564,153.077453,-1.90
-26.950565,153.077199,-1.95
-26.950567,153.076959,-1.93
-26.950567,153.076741,-1.84
-26.950118,153.078467,-1.73
-26.950119,153.078206,-1.72
-26.950120,153.077968,-1.73
-26.950116,153.077707,-1.80
-26.950332,153.077466,-1.85
-26.950340,153.077262,-1.89
-26.950342,153.076966,-1.84
-26.950339,153.076714,-1.72
-26.949894,153.078465,-1.66
-26.949893,153.078217,-1.68
-26.949892,153.077960,-1.68
-26.949892,153.077707,-1.70
-26.950115,153.077490,-1.75
-26.950116,153.077219,-1.78
-26.950112,153.076953,-1.72
-26.950115,153.076735,-1.63
-26.949674,153.078476,-1.55
-26.949665,153.078245,-1.59
-26.949666,153.078032,-1.62
-26.949668,153.077705,-1.63
-26.949888,153.077476,-1.67
-26.949890,153.077213,-1.69
-26.949886,153.076964,-1.66
-26.949890,153.076789,-1.56
-26.949627,153.078493,-1.42
-26.949447,153.078210,-1.53
-26.949439,153.078011,-1.53
-26.949441,153.077758,-1.62
-26.949664,153.077471,-1.67
-26.949658,153.077208,-1.68
-26.949664,153.076989,-1.61
-26.949438,153.078656,-1.24
-26.949214,153.078228,-1.42
-26.949213,153.078029,-1.53
-26.949215,153.077915,-1.59
-26.949438,153.077458,-1.63
-26.949434,153.077225,-1.68
-26.949437,153.076955,-1.64
-26.949212,153.078704,-1.19
-26.948991,153.078208,-1.48
-26.948988,153.077997,-1.55
-26.948989,153.077709,-1.64
-26.949213,153.077468,-1.69
-26.949210,153.077223,-1.71
-26.949210,153.076947,-1.68
-26.948986,153.078675,-1.17
-26.948764,153.078222,-1.42
-26.948763,153.077952,-1.57
-26.948765,153.077704,-1.66
-26.948984,153.077472,-1.75
-26.948983,153.077222,-1.75
-26.948761,153.078697,-1.14
-26.948539,153.077963,-1.60
-26.948537,153.077715,-1.74
-26.948761,153.077474,-1.80
-26.948761,153.077202,-1.80
-26.948534,153.078646,-1.09
-26.948492,153.077973,-1.52
-26.948493,153.077941,-1.55
-26.948535,153.077693,-1.24
-27.028779,153.080654,-0.85
-27.028945,153.080654,-0.95
-27.029195,153.080654,-1.13
-27.029368,153.080654,-1.25
-27.029683,153.080654,-1.30
-27.029900,153.080654,-1.26
-27.030032,153.080654,-1.17
-27.030464,153.080734,-1.54
-27.030691,153.080669,-1.62
-27.030918,153.080671,-1.67
-27.023488,153.080652,-2.04
-27.026049,153.080653,-1.56
-27.027075,153.080670,-1.52
-27.032160,153.083060,-1.73
-27.032161,153.080798,-1.93
-27.032161,153.081034,-1.91
-27.027538,153.085609,-2.04
-27.027538,153.085372,-2.01
-27.027758,153.085349,-2.03
-27.027758,153.085577,-2.16
-27.028007,153.085584,-2.13
-27.027993,153.085318,-2.05
-27.028213,153.085580,-2.07
-27.028440,153.085582,-2.07
-27.028665,153.085587,-2.11
-27.028887,153.085608,-2.15
-27.032049,153.085578,-2.57
-27.032051,153.085320,-2.54
-27.032047,153.085073,-2.55
-27.032051,153.084815,-2.56
-27.032051,153.084574,-2.59
-27.032050,153.084318,-2.63
-27.031823,153.085575,-2.47
-27.031823,153.085320,-2.55
-27.032047,153.084060,-2.60
-27.031826,153.085083,-2.54
-27.032051,153.083808,-2.37
-27.031824,153.084819,-2.55
-27.032049,153.083556,-2.10
-27.031827,153.084570,-2.55
-27.032053,153.083449,-1.90
-27.031821,153.084320,-2.57
-27.031822,153.084061,-2.47
-27.032153,153.083038,-1.35
-27.031824,153.083811,-2.20
-27.031822,153.083559,-2.06
-27.031823,153.083527,-1.88
-27.031599,153.085573,-2.47
-27.032040,153.083289,-1.76
-27.031598,153.085321,-2.46
-27.032038,153.083040,-1.39
-27.031601,153.085072,-2.50
-27.031597,153.084815,-2.56
-27.031597,153.084595,-2.58
-27.031596,153.084326,-2.51
-27.031597,153.084059,-2.33
-27.031599,153.083807,-2.12
-27.031598,153.083593,-1.96
-27.031607,153.083528,-1.86
-27.031817,153.083245,-1.67
-27.031372,153.085573,-2.45
-27.031376,153.085325,-2.49
-27.031372,153.085067,-2.52
-27.031369,153.084816,-2.55
-27.031375,153.084564,-2.49
-27.031370,153.084318,-2.45
-27.031374,153.084070,-2.26
-27.031374,153.083806,-2.10
-27.031373,153.083577,-1.95
-27.031373,153.083407,-1.90
-27.031590,153.083293,-1.68
-27.031146,153.085572,-2.36
-27.031146,153.085324,-2.41
-27.031144,153.085068,-2.46
-27.031146,153.084814,-2.49
-27.031147,153.084563,-2.43
-27.031147,153.084313,-2.38
-27.031148,153.084060,-2.21
-27.031144,153.083807,-2.08
-27.031147,153.083558,-1.95
-27.031147,153.083449,-1.90
-27.031369,153.083269,-1.76
-27.030919,153.085570,-2.33
-27.030920,153.085319,-2.32
-27.030921,153.085068,-2.35
-27.031330,153.083046,-1.35
-27.030918,153.084817,-2.32
-27.030918,153.084564,-2.34
-27.030918,153.084311,-2.32
-27.030919,153.084061,-2.20
-27.030919,153.083807,-2.07
-27.030925,153.083564,-1.94
-27.030931,153.083429,-1.89
-27.031142,153.083270,-1.74
-27.030698,153.085580,-2.25
-27.030697,153.085318,-2.26
-27.031143,153.083036,-1.37
-27.030693,153.085067,-2.29
-27.030693,153.084819,-2.31
-27.030694,153.084565,-2.35
-27.030698,153.084311,-2.31
-27.030698,153.084058,-2.22
-27.030693,153.083818,-2.06
-27.030695,153.083556,-1.93
-27.030694,153.083447,-1.87
-27.030469,153.085574,-2.23
-27.030469,153.085323,-2.21
-27.030918,153.083038,-1.34
-27.030469,153.085072,-2.22
-27.030470,153.084814,-2.28
-27.030468,153.084566,-2.31
-27.030467,153.084313,-2.31
-27.030469,153.084064,-2.20
-27.030468,153.083807,-2.07
-27.030471,153.083554,-1.93
-27.030467,153.083436,-1.89
-27.030692,153.083281,-1.74
-27.030245,153.085571,-2.22
-27.030242,153.085329,-2.22
-27.030691,153.083036,-1.35
-27.030242,153.085076,-2.21
-27.030243,153.084815,-2.24
-27.030242,153.084562,-2.26
-27.030248,153.084311,-2.30
-27.030242,153.084066,-2.25
-27.030246,153.083805,-2.08
-27.030248,153.083554,-1.92
-27.030257,153.083320,-1.89
-27.030019,153.085577,-2.21
-27.030260,153.083259,-1.95
-27.030016,153.085327,-2.21
-27.030462,153.083048,-1.47
-27.030020,153.085068,-2.22
-27.030019,153.084824,-2.22
-27.030018,153.084563,-2.23
-27.030020,153.084314,-2.24
-27.030016,153.084062,-2.15
-27.030020,153.083814,-2.04
-27.030022,153.083559,-1.91
-27.030024,153.083339,-1.90
-27.030018,153.083261,-1.92
-27.029802,153.085574,-2.24
-27.029790,153.085325,-2.22
-27.030241,153.083037,-1.53
-27.029794,153.085065,-2.20
-27.029796,153.084827,-2.19
-27.029791,153.084563,-2.18
-27.029793,153.084309,-2.16
-27.029794,153.084058,-2.10
-27.029792,153.083806,-1.97
-27.029795,153.083581,-1.90
-27.029791,153.083314,-1.91
-27.029850,153.083296,-1.89
-27.029567,153.085607,-2.23
-27.030016,153.083043,-1.55
-27.029569,153.085319,-2.22
-27.029566,153.085068,-2.20
-27.029565,153.084829,-2.16
-27.029566,153.084564,-2.15
-27.029572,153.084309,-2.09
-27.029573,153.084057,-2.01
-27.029565,153.083808,-1.97
-27.029568,153.083566,-1.92
-27.029571,153.083302,-1.90
-27.029714,153.083288,-1.83
-27.029339,153.085569,-2.20
-27.029789,153.083036,-1.43
-27.029338,153.085357,-2.20
-27.029341,153.085065,-2.19
-27.029340,153.084820,-2.16
-27.029338,153.084565,-2.13
-27.029339,153.084313,-2.09
-27.029342,153.084072,-2.02
-27.029340,153.083816,-1.98
-27.029340,153.083556,-1.93
-27.029340,153.083308,-1.90
-27.029339,153.083110,-1.90
-27.029122,153.085615,-2.19
-27.029563,153.083025,-1.58
-27.029116,153.085320,-2.18
-27.029123,153.085081,-2.17
-27.029116,153.084826,-2.15
-27.029117,153.084565,-2.12
-27.029116,153.084319,-2.06
-27.029119,153.084079,-2.01
-27.029122,153.083805,-1.98
-27.029115,153.083301,-1.94
-27.029117,153.083555,-1.96
-27.029337,153.083030,-1.57
-27.028891,153.085322,-2.14
-27.028897,153.085069,-2.11
-27.028889,153.084821,-2.10
-27.028887,153.084565,-2.06
-27.028898,153.084308,-2.05
-27.028891,153.084071,-2.02
-27.028892,153.083808,-1.99
-27.028889,153.083559,-1.98
-27.028893,153.083303,-1.97
-27.028667,153.085332,-2.09
-27.028662,153.085073,-2.07
-27.028666,153.084830,-2.05
-27.028666,153.084591,-2.03
-27.028669,153.084320,-2.01
-27.028669,153.084065,-2.00
-27.028663,153.083820,-1.99
-27.028669,153.083554,-1.99
-27.028466,153.085322,-2.06
-27.028441,153.085082,-2.05
-27.028439,153.084821,-2.03
-27.028436,153.084573,-2.01
-27.028446,153.084321,-2.00
-27.028441,153.084077,-2.01
-27.028443,153.083808,-2.00
-27.028661,153.083021,-1.00
-27.028215,153.085318,-2.05
-27.028212,153.085103,-2.07
-27.028209,153.084844,-2.06
-27.028222,153.084565,-2.02
-27.028211,153.084328,-2.01
-27.028213,153.084063,-2.00
-27.028212,153.083632,-1.91
-27.028320,153.083522,-1.87
-27.028434,153.083247,-1.22
-27.028431,153.083046,-0.77
-27.028009,153.085079,-2.03
-27.027985,153.084825,-2.05
-27.027992,153.084569,-1.99
-27.027999,153.084350,-1.92
-27.027986,153.083898,-1.88
-27.028071,153.083785,-1.86
-27.028207,153.083546,-1.20
-27.027768,153.085081,-2.02
-27.027759,153.084823,-1.98
-27.027761,153.084596,-1.93
-27.027771,153.084419,-1.89
-27.027780,153.084101,-1.86
-27.027825,153.084054,-1.88
-27.027983,153.083797,-0.80
-27.027541,153.085097,-1.99
-27.027533,153.084845,-1.93
-27.027584,153.084709,-1.90
-27.027535,153.084398,-1.87
-27.027618,153.084290,-1.87
-27.027740,153.081290,-0.83
-27.027769,153.081282,-0.79
-27.028061,153.081449,-0.97
-27.028066,153.081536,-0.92
-27.028071,153.081279,-1.01
-27.028214,153.081092,-1.05
-27.028213,153.081285,-1.18
-27.028213,153.081540,-1.19
-27.028274,153.081030,-0.86
-27.028437,153.081893,-1.03
-27.028437,153.081783,-1.07
-27.028438,153.081534,-1.11
-27.028439,153.081279,-1.11
-27.028440,153.081029,-0.92
-27.028442,153.082043,-0.82
-27.028654,153.082796,-0.68
-27.028664,153.081035,-1.09
-27.028664,153.081285,-1.08
-27.028664,153.081539,-1.10
-27.028664,153.081793,-1.06
-27.028664,153.082042,-0.89
-27.028664,153.082787,-0.88
-27.028888,153.082210,-0.99
-27.028888,153.082305,-0.89
-27.028888,153.082561,-1.09
-27.028891,153.082035,-1.14
-27.028891,153.081782,-1.18
-27.028891,153.081527,-1.17
-27.028891,153.081277,-1.15
-27.028892,153.081028,-1.10
-27.029113,153.082455,-1.00
-27.029114,153.082547,-1.18
-27.029116,153.082289,-1.05
-27.029116,153.082039,-1.30
-27.029115,153.081784,-1.30
-27.029115,153.081534,-1.29
-27.029115,153.081265,-1.31
-27.029118,153.080787,-1.29
-27.029339,153.082442,-1.09
-27.029340,153.082564,-1.24
-27.029341,153.082289,-1.13
-27.029340,153.082037,-1.36
-27.029340,153.080847,-1.35
-27.029341,153.081059,-1.34
-27.029342,153.081285,-1.31
-27.029344,153.081540,-1.32
-27.029565,153.082324,-1.10
-27.029567,153.082560,-1.26
-27.029568,153.082291,-1.18
-27.029567,153.082038,-1.42
-27.029566,153.081086,-1.32
-27.029567,153.081292,-1.30
-27.029569,153.081538,-1.39
-27.029570,153.081027,-1.33
-27.029790,153.082704,-1.25
-27.029791,153.082540,-1.27
-27.029791,153.081654,-1.33
-27.029792,153.081792,-1.31
-27.029794,153.082041,-1.26
-27.029794,153.081535,-1.28
-27.029793,153.081281,-1.23
-27.029793,153.080786,-1.26
-27.030017,153.081986,-1.27
-27.030017,153.082049,-1.34
-27.030019,153.082312,-1.56
-27.030021,153.082595,-1.32
-27.030241,153.081608,-1.48
-27.030017,153.080835,-1.22
-27.030242,153.081088,-1.49
-27.030241,153.081298,-1.49
-27.030242,153.082457,-1.61
-27.030243,153.082553,-1.40
-27.030244,153.082250,-1.32
-27.030243,153.082022,-1.32
-27.030465,153.081042,-1.56
-27.030468,153.081292,-1.55
-27.030467,153.081551,-1.49
-27.030464,153.080790,-1.61
-27.030468,153.082305,-1.62
-27.030470,153.082554,-1.51
-27.030471,153.082225,-1.38
-27.030684,153.081810,-1.49
-27.030689,153.081540,-1.57
-27.030690,153.080817,-1.65
-27.030691,153.081050,-1.63
-27.030693,153.081319,-1.56
-27.030919,153.081582,-1.74
-27.030919,153.081819,-1.62
-27.030696,153.082088,-1.42
-27.030697,153.082315,-1.63
-27.030698,153.082549,-1.56
-27.030919,153.081343,-1.77
-27.030911,153.081052,-1.71
-27.030912,153.080789,-1.69
-27.031145,153.081847,-1.69
-27.030920,153.082044,-1.40
-27.030921,153.082331,-1.63
-27.030921,153.082553,-1.56
-27.031145,153.081541,-1.88
-27.031144,153.081290,-1.86
-27.031144,153.081070,-1.78
-27.031144,153.080783,-1.72
-27.031145,153.080664,-1.72
-27.031371,153.080797,-1.79
-27.031370,153.081059,-1.84
-27.031371,153.081292,-1.91
-27.031371,153.081588,-1.93
-27.031369,153.081803,-1.71
-27.031147,153.082046,-1.43
-27.031147,153.082300,-1.61
-27.031148,153.082550,-1.54
-27.031371,153.080694,-1.75
-27.031595,153.081798,-1.59
-27.031596,153.081568,-1.87
-27.031595,153.081316,-1.91
-27.031597,153.081047,-1.90
-27.031595,153.080793,-1.86
-27.031596,153.080662,-1.85
-27.031569,153.082051,-1.55
-27.031375,153.082446,-1.58
-27.031375,153.082547,-1.54
-27.031374,153.082798,-1.34
-27.031821,153.081289,-1.87
-27.031821,153.081052,-1.91
-27.031821,153.080786,-1.90
-27.031822,153.080695,-1.90
-27.031822,153.081566,-1.79
-27.031819,153.081792,-1.60
-27.031810,153.082057,-1.53
-27.031596,153.082689,-1.52
-27.031597,153.082544,-1.55
-27.031603,153.082841,-1.39
-27.032048,153.080665,-1.93
-27.032047,153.081290,-1.86
-27.032046,153.081056,-1.91
-27.032048,153.080797,-1.92
-27.032048,153.081540,-1.78
-27.032046,153.081812,-1.64
-27.031822,153.082326,-1.55
-27.031826,153.082675,-1.50
-27.032159,153.080663,-1.94
-27.032159,153.081288,-1.86
-27.032159,153.081803,-1.66
-27.032160,153.081560,-1.75
-27.032050,153.082299,-1.56
-27.032049,153.082649,-1.46
-27.023475,153.085312,-0.86
-27.023921,153.085355,-0.77
-27.024044,153.085285,-0.86
-27.024500,153.085671,-0.69
-27.024825,153.085690,-0.86
-27.025051,153.085689,-0.81
-27.025278,153.085689,-0.79
-27.025465,153.085564,-0.62
-27.025501,153.085684,-0.71
-27.025503,153.085561,-0.61
-27.025726,153.085624,-0.67
-27.025732,153.085565,-0.64
-27.026627,153.085813,-1.15
-27.026851,153.085795,-1.29
-27.026828,153.085536,-1.26
-27.027071,153.085640,-1.70
-27.026974,153.085393,-1.64
-27.027139,153.085582,-1.82
-27.027094,153.085420,-1.90
-27.027314,153.085578,-1.94
-27.027311,153.085336,-1.95
-27.027315,153.085088,-1.91
-27.027307,153.084833,-1.90
-27.027316,153.084667,-1.87
-27.027398,153.084552,-1.87
-27.027089,153.085168,-1.68
-27.027107,153.084986,-1.86
-27.027213,153.084788,-1.89
-27.026876,153.085298,-1.13
-27.026786,153.082114,-1.06
-27.026547,153.082760,-0.91
-27.026531,153.082799,-0.85
-27.026439,153.083063,-0.74
-27.026399,153.083147,-1.00
-27.026400,153.083045,-1.18
-27.026405,153.082782,-1.36
-27.026334,153.083302,-0.96
-27.026131,153.084818,-0.68
-27.026142,153.084660,-0.64
-27.026116,153.084558,-0.64
-27.026179,153.083559,-0.73
-27.026177,153.083549,-1.20
-27.026176,153.083558,-1.07
-27.026176,153.083294,-1.37
-27.026058,153.084283,-0.65
-27.026178,153.083033,-1.48
-27.026177,153.082778,-1.51
-27.025952,153.084830,-0.76
-27.025946,153.084808,-0.74
-27.025951,153.084550,-0.67
-27.026015,153.083805,-0.85
-27.025937,153.084235,-0.68
-27.025949,153.083909,-1.22
-27.025952,153.083783,-1.35
-27.025952,153.083506,-1.43
-27.025953,153.083289,-1.49
-27.025952,153.083043,-1.49
-27.025952,153.082790,-1.44
-27.025724,153.084940,-0.73
-27.025726,153.084801,-0.72
-27.025726,153.084511,-0.77
-27.025912,153.082537,-1.32
-27.025724,153.084050,-1.19
-27.025726,153.083761,-1.24
-27.025726,153.083545,-1.32
-27.025726,153.083270,-1.36
-27.025727,153.083036,-1.34
-27.025726,153.082782,-1.22
-27.025499,153.084936,-0.75
-27.025500,153.084784,-0.85
-27.025726,153.082540,-1.14
-27.025501,153.084550,-0.94
-27.025499,153.084303,-1.15
-27.025500,153.084051,-1.18
-27.025501,153.083798,-1.27
-27.025501,153.083516,-1.29
-27.025501,153.083289,-1.28
-27.025500,153.083044,-1.19
-27.025498,153.082792,-1.11
-27.025275,153.084940,-0.85
-27.025275,153.084770,-0.91
-27.025496,153.082540,-1.13
-27.025275,153.084508,-1.12
-27.025275,153.084304,-1.14
-27.025275,153.084048,-1.18
-27.025274,153.083792,-1.24
-27.025273,153.083535,-1.25
-27.025272,153.083286,-1.18
-27.025271,153.083042,-1.08
-27.025270,153.082790,-1.09
-27.025048,153.084869,-0.70
-27.025276,153.082528,-1.13
-27.025046,153.084805,-0.96
-27.025049,153.084550,-1.11
-27.025049,153.084292,-1.10
-27.025049,153.084031,-1.15
-27.025049,153.083767,-1.22
-27.025049,153.083545,-1.20
-27.025046,153.083293,-1.08
-27.025050,153.083033,-1.02
-27.025048,153.082790,-1.06
-27.025045,153.082538,-1.11
-27.024823,153.084529,-1.07
-27.024823,153.084301,-1.10
-27.024824,153.084044,-1.12
-27.024824,153.083798,-1.14
-27.024820,153.083542,-1.10
-27.024824,153.083296,-0.99
-27.024818,153.083041,-0.97
-27.024823,153.082792,-1.01
-27.024824,153.082534,-1.08
-27.024598,153.084882,-0.90
-27.024598,153.084778,-1.01
-27.024598,153.084480,-1.12
-27.024598,153.084271,-1.09
-27.024594,153.084051,-1.10
-27.024598,153.083792,-1.11
-27.024598,153.083521,-1.01
-27.024594,153.083295,-0.92
-27.024596,153.083044,-0.95
-27.024599,153.082762,-0.99
-27.024374,153.085063,-0.63
-27.024372,153.085063,-0.77
-27.024592,153.082536,-1.00
-27.024369,153.085007,-0.97
-27.024371,153.084775,-1.07
-27.024370,153.084553,-1.07
-27.024372,153.084302,-1.05
-27.024372,153.084024,-1.06
-27.024369,153.083797,-1.00
-27.024371,153.083543,-0.87
-27.024372,153.083272,-0.92
-27.024368,153.083032,-0.94
-27.024371,153.082792,-0.94
-27.024372,153.082524,-1.03
-27.024145,153.085057,-0.99
-27.024146,153.084763,-1.02
-27.024143,153.084554,-0.97
-27.024146,153.084302,-0.96
-27.024146,153.084009,-0.95
-27.024146,153.083790,-0.89
-27.024144,153.083540,-0.82
-27.024145,153.083292,-0.88
-27.024147,153.083043,-0.89
-27.024046,153.082545,-0.99
-27.023918,153.085308,-0.90
-27.023920,153.084957,-0.92
-27.023920,153.084725,-0.95
-27.023921,153.084483,-0.86
-27.023921,153.084238,-0.91
-27.023921,153.083989,-0.87
-27.023921,153.083740,-0.81
-27.023920,153.083547,-0.82
-27.023920,153.083287,-0.87
-27.023727,153.083025,-0.97
-27.023918,153.082761,-1.03
-27.023914,153.082535,-1.31
-27.023695,153.085003,-0.85
-27.023694,153.084754,-0.85
-27.023695,153.084487,-0.86
-27.023695,153.084230,-0.87
-27.023695,153.084052,-0.79
-27.023696,153.083713,-0.79
-27.023694,153.083547,-0.88
-27.023616,153.083150,-0.88
-27.023637,153.083044,-1.01
-27.023693,153.082786,-1.13
-27.023696,153.082536,-1.32
-27.023467,153.085037,-0.79
-27.023469,153.084766,-0.77
-27.023469,153.084520,-0.83
-27.023468,153.084287,-0.78
-27.023469,153.084037,-0.78
-27.023466,153.083794,-0.79
-27.023460,153.083043,-1.05
-27.023466,153.082790,-1.26
-27.023277,153.082294,-1.50
-27.023242,153.085001,-0.75
-27.023240,153.084805,-0.74
-27.023242,153.084525,-0.78
-27.023243,153.084301,-0.75
-27.023244,153.084028,-0.79
-27.023242,153.083788,-0.79
-27.023244,153.083037,-1.14
-27.023239,153.082782,-1.37
-27.023136,153.082376,-1.97
-27.023135,153.081792,-1.99
-27.023133,153.081598,-2.07
-27.023136,153.081302,-2.09
-27.023172,153.081090,-2.06
-27.023136,153.080786,-2.07
-27.023145,153.082067,-1.95
-27.023246,153.080655,-2.07
-27.023253,153.081801,-1.99
-27.023247,153.081541,-2.04
-27.023250,153.081312,-2.09
-27.023266,153.081160,-2.05
-27.023247,153.080801,-2.07
-27.023249,153.082046,-1.97
-27.023479,153.082041,-1.95
-27.023479,153.081812,-1.99
-27.023473,153.081534,-2.02
-27.023475,153.081309,-2.02
-27.023473,153.081237,-2.01
-27.023474,153.080780,-2.02
-27.023698,153.080656,-1.97
-27.023699,153.080793,-1.96
-27.023730,153.081085,-1.94
-27.023698,153.081539,-1.99
-27.023698,153.081789,-2.01
-27.023707,153.082051,-1.97
-27.023702,153.081296,-1.97
-27.023926,153.080665,-1.93
-27.023924,153.080779,-1.93
-27.023933,153.081030,-1.92
-27.023927,153.081284,-1.94
-27.023934,153.081538,-1.99
-27.023925,153.081787,-2.06
-27.023932,153.082047,-1.89
-27.024167,153.081815,-1.89
-27.024151,153.081543,-1.90
-27.024154,153.081215,-1.74
-27.024154,153.080788,-1.90
-27.024149,153.080681,-1.90
-27.024154,153.081324,-1.92
-27.024381,153.080775,-1.85
-27.024381,153.080821,-1.84
-27.024426,153.081267,-1.69
-27.024418,153.081297,-1.89
-27.024378,153.081786,-1.24
-27.024379,153.082038,-1.07
-27.024601,153.082269,-1.06
-27.024601,153.082033,-1.13
-27.024601,153.081782,-1.21
-27.024603,153.081338,-1.89
-27.024824,153.080677,-1.87
-27.024823,153.080780,-1.84
-27.024622,153.081270,-1.94
-27.025049,153.080656,-1.88
-27.024885,153.080824,-1.81
-27.024837,153.081181,-1.57
-27.024829,153.081285,-1.27
-27.024829,153.081537,-1.18
-27.024830,153.081785,-1.13
-27.024831,153.082054,-1.12
-27.025262,153.080789,-1.60
-27.025052,153.081078,-1.38
-27.025052,153.081294,-1.24
-27.025053,153.081542,-1.19
-27.025053,153.081787,-1.09
-27.025054,153.082037,-1.16
-27.025261,153.080678,-2.00
-27.025277,153.081502,-1.16
-27.025277,153.081534,-1.11
-27.025277,153.081798,-1.20
-27.025277,153.082045,-1.16
-27.025286,153.081033,-1.48
-27.025491,153.080785,-1.50
-27.025502,153.080651,-1.98
-27.025503,153.082288,-1.14
-27.025503,153.082035,-1.20
-27.025504,153.081784,-1.24
-27.025504,153.081532,-1.06
-27.025505,153.081277,-1.19
-27.025726,153.080779,-1.50
-27.025717,153.080676,-1.92
-27.025952,153.080654,-1.65
-27.025838,153.080785,-1.57
-27.025729,153.081029,-1.01
-27.025729,153.081286,-1.30
-27.025729,153.081536,-1.22
-27.025729,153.081786,-1.17
-27.025729,153.082044,-1.21
-27.025958,153.080784,-1.01
-27.025958,153.081030,-1.24
-27.025957,153.081285,-1.38
-27.025957,153.081541,-1.22
-27.025956,153.081786,-1.33
-27.025956,153.082041,-1.48
-27.025955,153.082295,-1.48
-27.026184,153.080653,-1.03
-27.026184,153.080781,-1.10
-27.026184,153.081032,-1.41
-27.026183,153.081283,-1.36
-27.026183,153.081534,-1.38
-27.026182,153.081795,-1.51
-27.026181,153.082042,-1.48
-27.026181,153.082302,-1.44
-27.026408,153.080656,-1.14
-27.026407,153.080779,-1.37
-27.026407,153.081033,-1.42
-27.026406,153.081289,-1.41
-27.026406,153.081541,-1.51
-27.026406,153.082520,-1.18
-27.026406,153.082290,-1.37
-27.026407,153.082034,-1.51
-27.026857,153.081146,-1.46
-27.026703,153.081473,-1.49
-27.026713,153.081549,-1.89
-27.026635,153.081790,-1.40
-27.026635,153.082294,-0.84
-27.026857,153.082011,-1.05
-27.026859,153.081560,-1.88
-27.026860,153.081498,-1.60
-27.027079,153.081094,-1.58
-27.027077,153.080809,-1.55
-27.027307,153.081114,-1.62
-27.027307,153.080793,-1.60
-27.027286,153.080653,-1.51
-27.027532,153.080833,-1.59
-27.027534,153.080760,-1.53
-27.032155,153.089597,-2.47
-27.032156,153.089348,-2.26
-27.032048,153.086579,-2.33
-27.032153,153.090359,-2.76
-27.032149,153.090104,-2.74
-27.032155,153.089853,-2.69
-27.032042,153.090595,-2.80
-27.032041,153.090356,-2.76
-27.032040,153.090102,-2.74
-27.032037,153.089852,-2.66
-27.032042,153.089602,-2.45
-27.032040,153.089327,-2.27
-27.031807,153.090735,-2.00
-27.031814,153.090610,-2.74
-27.031817,153.090353,-2.77
-27.031816,153.090103,-2.70
-27.031816,153.089855,-2.59
-27.031812,153.089602,-2.42
-27.031589,153.090730,-2.00
-27.031591,153.090592,-2.71
-27.031590,153.090357,-2.69
-27.031591,153.090085,-2.60
-27.031589,153.089840,-2.51
-27.031591,153.089596,-2.33
-27.031365,153.090726,-2.24
-27.031360,153.090608,-2.21
-27.031365,153.090337,-2.64
-27.031359,153.090106,-2.53
-27.031365,153.089851,-2.32
-27.031138,153.090734,-2.05
-27.031135,153.090610,-2.08
-27.031138,153.090342,-2.56
-27.031137,153.090095,-2.36
-27.031139,153.089854,-2.32
-27.030913,153.090734,-2.57
-27.030911,153.090609,-2.54
-27.030912,153.090356,-2.44
-27.030912,153.090102,-2.31
-27.030687,153.090735,-2.49
-27.030688,153.090597,-2.45
-27.030676,153.090341,-2.27
-27.030462,153.090732,-2.13
-27.030454,153.090580,-2.18
-27.030462,153.090350,-2.22
-27.030234,153.089096,-2.24
-27.030234,153.089349,-2.24
-27.030236,153.089825,-2.22
-27.030234,153.089596,-2.22
-27.030008,153.088836,-2.24
-27.029760,153.090725,-2.19
-27.029784,153.090601,-2.21
-27.029781,153.090350,-2.21
-27.029772,153.090084,-2.23
-27.029779,153.089842,-2.25
-27.029780,153.089557,-2.23
-27.029777,153.089322,-2.23
-27.029781,153.089077,-2.23
-27.029777,153.088794,-2.25
-27.029552,153.090726,-2.14
-27.029555,153.090585,-2.15
-27.029560,153.090319,-2.19
-27.029559,153.090104,-2.22
-27.029538,153.089839,-2.24
-27.029558,153.089583,-2.23
-27.029557,153.089324,-2.24
-27.029559,153.089086,-2.26
-27.029542,153.088778,-2.26
-27.029333,153.090657,-2.01
-27.029330,153.090584,-2.07
-27.029331,153.090353,-2.14
-27.029324,153.090087,-2.18
-27.029331,153.089827,-2.24
-27.029332,153.089578,-2.24
-27.029333,153.089346,-2.23
-27.029331,153.089056,-2.24
-27.029328,153.088840,-2.26
-27.029106,153.090727,-1.85
-27.029097,153.090541,-1.94
-27.029108,153.090338,-2.07
-27.029106,153.090096,-2.15
-27.029106,153.089849,-2.21
-27.029107,153.089569,-2.24
-27.029105,153.089346,-2.22
-27.029097,153.089096,-2.23
-27.029102,153.088824,-2.24
-27.028879,153.090734,-1.72
-27.028880,153.090385,-1.82
-27.028882,153.090283,-1.98
-27.028880,153.090090,-2.11
-27.028881,153.089841,-2.19
-27.028874,153.089600,-2.23
-27.028880,153.089349,-2.21
-27.028876,153.089075,-2.22
-27.028878,153.088840,-2.20
-27.028653,153.090699,-1.55
-27.028657,153.090601,-1.77
-27.028655,153.090199,-1.99
-27.028656,153.090096,-2.09
-27.028656,153.089839,-2.15
-27.028633,153.089570,-2.21
-27.028651,153.089338,-2.19
-27.028653,153.089087,-2.19
-27.028648,153.088832,-2.16
-27.028419,153.090734,-1.63
-27.028431,153.090574,-1.94
-27.028431,153.090335,-2.05
-27.028419,153.090070,-2.09
-27.028431,153.089832,-2.13
-27.028431,153.089589,-2.17
-27.028429,153.089334,-2.17
-27.028418,153.089080,-2.16
-27.028425,153.088808,-2.15
-27.028192,153.090734,-1.85
-27.028204,153.090594,-2.01
-27.028206,153.090343,-2.05
-27.028205,153.089922,-2.08
-27.028199,153.089850,-2.10
-27.028205,153.089595,-2.14
-27.028194,153.089345,-2.15
-27.028199,153.089092,-2.15
-27.028204,153.088844,-2.13
-27.027974,153.090720,-1.99
-27.027979,153.090607,-2.05
-27.027978,153.090350,-2.06
-27.027979,153.090103,-2.08
-27.027975,153.089775,-2.09
-27.027979,153.089598,-2.11
-27.027977,153.089341,-2.14
-27.027980,153.089086,-2.12
-27.027981,153.088837,-2.12
-27.027754,153.090716,-2.04
-27.027741,153.090605,-2.07
-27.027744,153.090349,-2.07
-27.027752,153.090101,-2.08
-27.027748,153.089646,-2.09
-27.027754,153.089575,-2.10
-27.027746,153.089328,-2.13
-27.027753,153.089071,-2.12
-27.027748,153.088829,-2.11
-27.027754,153.088580,-2.11
-27.027751,153.088331,-2.09
-27.027756,153.088087,-2.08
-27.027753,153.087836,-2.06
-27.027749,153.087576,-2.06
-27.027751,153.087279,-2.11
-27.027739,153.087045,-2.15
-27.027744,153.086780,-1.94
-27.027716,153.086545,-1.95
-27.027756,153.086320,-1.95
-27.027533,153.085823,-2.00
-27.027978,153.088588,-2.12
-27.027971,153.088338,-2.12
-27.027981,153.088087,-2.11
-27.027977,153.087831,-2.09
-27.027981,153.087555,-2.07
-27.027974,153.087273,-2.10
-27.027965,153.087077,-2.06
-27.027976,153.086713,-2.20
-27.027759,153.085906,-2.23
-27.027760,153.086085,-2.00
-27.027980,153.086457,-2.01
-27.028202,153.088590,-2.14
-27.028201,153.088299,-2.15
-27.028201,153.088040,-2.13
-27.028206,153.086519,-2.03
-27.028204,153.086772,-2.19
-27.028200,153.087059,-2.09
-27.028205,153.087314,-2.12
-27.028192,153.087574,-2.09
-27.028201,153.087832,-2.11
-27.027991,153.086094,-2.05
-27.027985,153.085840,-2.22
-27.028426,153.088591,-2.15
-27.028427,153.088325,-2.19
-27.028433,153.087058,-2.14
-27.028432,153.087318,-2.15
-27.028426,153.087548,-2.12
-27.028430,153.087791,-2.14
-27.028431,153.088048,-2.16
-27.028420,153.086816,-2.16
-27.028393,153.086337,-2.18
-27.028265,153.086077,-2.05
-27.028215,153.085824,-2.21
-27.028651,153.088297,-2.23
-27.028656,153.088589,-2.17
-27.028640,153.088077,-2.21
-27.028657,153.087827,-2.18
-27.028654,153.087287,-2.16
-27.028656,153.087522,-2.15
-27.028645,153.087076,-2.19
-27.028657,153.086738,-2.23
-27.028439,153.086329,-2.17
-27.028440,153.085853,-2.11
-27.028438,153.086134,-2.15
-27.028860,153.088337,-2.23
-27.028882,153.088578,-2.19
-27.028883,153.088086,-2.26
-27.028869,153.087813,-2.20
-27.028873,153.087073,-2.17
-27.028876,153.087325,-2.18
-27.028883,153.087564,-2.18
-27.028882,153.086813,-2.17
-27.028663,153.086361,-2.17
-27.028673,153.086098,-2.19
-27.028663,153.085821,-2.14
-27.029099,153.088573,-2.20
-27.029107,153.088332,-2.23
-27.029101,153.087815,-2.25
-27.029109,153.088062,-2.25
-27.029102,153.087564,-2.23
-27.029105,153.087325,-2.22
-27.029107,153.087056,-2.18
-27.029103,153.086811,-2.18
-27.028890,153.086356,-2.19
-27.028886,153.086073,-2.18
-27.028896,153.085839,-2.15
-27.029332,153.088313,-2.23
-27.029333,153.088590,-2.23
-27.029331,153.088080,-2.28
-27.029328,153.087744,-2.25
-27.029332,153.087551,-2.21
-27.029329,153.087317,-2.20
-27.029336,153.087074,-2.19
-27.029223,153.086585,-2.20
-27.029117,153.086326,-2.20
-27.029113,153.086077,-2.20
-27.029122,153.085846,-2.18
-27.029556,153.088327,-2.24
-27.029557,153.088590,-2.24
-27.029556,153.088084,-2.28
-27.029557,153.087582,-2.22
-27.029557,153.087815,-2.23
-27.029555,153.087327,-2.21
-27.029341,153.086609,-2.23
-27.029557,153.087080,-2.22
-27.029338,153.086337,-2.23
-27.029340,153.086085,-2.23
-27.029348,153.085827,-2.23
-27.029781,153.088338,-2.23
-27.029775,153.088593,-2.23
-27.029778,153.088069,-2.25
-27.029783,153.087576,-2.23
-27.029783,153.087824,-2.22
-27.029782,153.087331,-2.23
-27.029567,153.086587,-2.25
-27.029777,153.087071,-2.25
-27.029574,153.086333,-2.25
-27.029571,153.086104,-2.24
-27.029569,153.085847,-2.25
-27.030006,153.088574,-2.23
-27.030012,153.088290,-2.23
-27.030003,153.087814,-2.23
-27.030006,153.088083,-2.23
-27.030004,153.087585,-2.24
-27.030013,153.087303,-2.26
-27.029805,153.086586,-2.30
-27.030008,153.087061,-2.27
-27.029801,153.086363,-2.23
-27.029801,153.086090,-2.30
-27.029802,153.085823,-2.30
-27.030238,153.088338,-2.25
-27.030237,153.088594,-2.24
-27.030235,153.088082,-2.25
-27.030056,153.086846,-2.14
-27.030228,153.087315,-2.26
-27.030237,153.087577,-2.25
-27.030232,153.087826,-2.25
-27.030016,153.086739,-2.19
-27.030150,153.086535,-2.13
-27.030014,153.086135,-2.15
-27.030018,153.085821,-2.28
-27.030460,153.088738,-2.28
-27.030458,153.088591,-2.28
-27.030449,153.087584,-2.27
-27.030457,153.087801,-2.27
-27.030461,153.088068,-2.27
-27.030464,153.088322,-2.28
-27.030464,153.087323,-2.27
-27.030288,153.086943,-2.17
-27.030263,153.086739,-2.14
-27.030244,153.086112,-2.27
-27.030257,153.086439,-2.21
-27.030243,153.085882,-2.22
-27.030680,153.088588,-2.30
-27.030676,153.087561,-2.29
-27.030689,153.087829,-2.28
-27.030689,153.088050,-2.29
-27.030675,153.088338,-2.31
-27.030682,153.087321,-2.28
-27.030468,153.086858,-2.29
-27.030467,153.086636,-2.21
-27.030467,153.086078,-2.22
-27.030470,153.086361,-2.22
-27.030468,153.085825,-2.22
-27.030913,153.088075,-2.29
-27.030904,153.088340,-2.27
-27.030905,153.088587,-2.28
-27.030915,153.088817,-2.32
-27.030749,153.087837,-2.32
-27.030908,153.087554,-2.29
-27.030698,153.086582,-2.24
-27.030692,153.086834,-2.29
-27.030782,153.087102,-2.29
-27.030700,153.086332,-2.25
-27.030693,153.086075,-2.25
-27.030694,153.085829,-2.24
-27.031139,153.088825,-2.36
-27.031132,153.087829,-2.32
-27.031140,153.088064,-2.29
-27.031137,153.088329,-2.26
-27.030916,153.087096,-2.24
-27.030921,153.086651,-2.27
-27.030923,153.086868,-2.22
-27.031138,153.087572,-2.30
-27.030918,153.086358,-2.26
-27.030920,153.086076,-2.26
-27.030917,153.085823,-2.28
-27.031367,153.088302,-2.33
-27.031364,153.088429,-2.21
-27.031360,153.088076,-2.33
-27.031143,153.087085,-2.26
-27.031363,153.087475,-2.31
-27.031356,153.087818,-2.31
-27.031146,153.086839,-2.25
-27.031142,153.086584,-2.28
-27.031143,153.086331,-2.28
-27.031146,153.086084,-2.28
-27.031143,153.085826,-2.34
-27.031592,153.088298,-2.20
-27.031534,153.087342,-2.38
-27.031576,153.088087,-2.39
-27.031408,153.087083,-2.37
-27.031370,153.086900,-2.36
-27.031371,153.086588,-2.36
-27.031373,153.086328,-2.29
-27.031372,153.086109,-2.29
-27.031371,153.085829,-2.36
-27.031599,153.087342,-2.33
-27.031814,153.087792,-2.33
-27.031814,153.088030,-2.38
-27.031620,153.087099,-2.37
-27.031616,153.086838,-2.36
-27.031602,153.086595,-2.42
-27.031597,153.086355,-2.29
-27.031603,153.086079,-2.33
-27.031595,153.085825,-2.44
-27.031826,153.087098,-2.37
-27.031826,153.086883,-2.33
-27.031820,153.086612,-2.31
-27.031822,153.086328,-2.35
-27.031821,153.086084,-2.41
-27.031821,153.085824,-2.44
-27.032046,153.086344,-2.39
-27.032048,153.086076,-2.46
-27.032049,153.085825,-2.45
-27.032141,153.088834,-2.32
-27.027521,153.090731,-2.03
-27.027526,153.090605,-2.07
-27.027522,153.090351,-2.07
-27.027527,153.090095,-2.08
-27.027528,153.089846,-2.08
-27.027527,153.089559,-2.09
-27.027528,153.089342,-2.11
-27.027527,153.089067,-2.11
-27.027527,153.088841,-2.09
-27.027285,153.090730,-2.00
-27.027302,153.090601,-2.03
-27.027298,153.090350,-2.06
-27.027301,153.090092,-2.07
-27.027299,153.089851,-2.07
-27.027301,153.089389,-2.08
-27.027300,153.089345,-2.09
-27.027304,153.089057,-2.08
-27.027301,153.088843,-2.06
-27.027067,153.090719,-1.98
-27.027064,153.090607,-1.99
-27.027075,153.090351,-2.03
-27.027062,153.090101,-2.05
-27.027064,153.089849,-2.06
-27.027304,153.088571,-2.06
-27.027077,153.089592,-2.06
-27.027074,153.089317,-2.05
-27.027077,153.089062,-2.07
-27.027077,153.088839,-2.06
-27.026843,153.090726,-1.88
-27.026844,153.090605,-1.94
-27.027075,153.088569,-2.05
-27.026849,153.090353,-1.98
-27.026850,153.090100,-2.02
-27.026852,153.089848,-2.02
-27.026705,153.089377,-2.02
-27.026846,153.089253,-2.01
-27.026847,153.089072,-2.02
-27.026848,153.088839,-2.04
-27.026625,153.090714,-1.68
-27.026852,153.088582,-2.02
-27.026618,153.090594,-1.74
-27.026603,153.090348,-1.81
-27.026622,153.090091,-1.90
-27.026484,153.089632,-1.94
-27.026624,153.089462,-1.97
-27.026622,153.089341,-1.99
-27.026620,153.089071,-2.00
-27.026623,153.088834,-2.00
-27.026625,153.088581,-1.99
-27.026383,153.090702,-1.26
-27.026384,153.090595,-1.32
-27.026385,153.090353,-1.59
-27.026297,153.089886,-1.65
-27.026396,153.089758,-1.71
-27.026400,153.089599,-1.82
-27.026391,153.089311,-1.87
-27.026396,153.089081,-1.92
-27.026373,153.088840,-1.94
-27.026400,153.088584,-1.94
-27.026168,153.090731,-1.17
-27.026169,153.090607,-1.17
-27.026145,153.090105,-1.22
-27.026147,153.090096,-1.58
-27.026173,153.089847,-1.59
-27.026163,153.089594,-1.61
-27.026172,153.089317,-1.68
-27.026173,153.089063,-1.69
-27.026170,153.088811,-1.74
-27.026175,153.088361,-1.65
-27.025947,153.090730,-1.09
-27.025946,153.090601,-1.08
-27.025944,153.090208,-1.17
-27.025947,153.090099,-1.58
-27.025940,153.089848,-1.58
-27.025943,153.089573,-1.58
-27.025946,153.089332,-1.58
-27.025937,153.089086,-1.59
-27.025937,153.088837,-1.60
-27.025719,153.090728,-1.02
-27.025909,153.088527,-1.60
-27.025720,153.090600,-1.02
-27.025712,153.090244,-1.07
-27.025719,153.090101,-1.58
-27.025720,153.089835,-1.58
-27.025723,153.089590,-1.57
-27.025722,153.089340,-1.58
-27.025723,153.089088,-1.58
-27.025722,153.088840,-1.58
-27.025722,153.088586,-1.59
-27.025492,153.090728,-0.97
-27.025483,153.090606,-0.98
-27.025493,153.090225,-1.02
-27.025496,153.090093,-1.58
-27.025488,153.089842,-1.57
-27.025497,153.089589,-1.57
-27.025494,153.089330,-1.58
-27.025498,153.089093,-1.58
-27.025493,153.088839,-1.58
-27.025496,153.088585,-1.59
-27.025264,153.090730,-0.90
-27.025270,153.090605,-0.92
-27.025262,153.090160,-0.95
-27.025271,153.090090,-1.58
-27.025263,153.089846,-1.58
-27.025271,153.089588,-1.57
-27.025269,153.089341,-1.58
-27.025269,153.089083,-1.58
-27.025270,153.088836,-1.58
-27.025272,153.088587,-1.59
-27.024968,153.090647,-0.85
-27.025039,153.090466,-1.59
-27.025041,153.090322,-1.59
-27.025042,153.090090,-1.58
-27.025043,153.089834,-1.58
-27.025043,153.089586,-1.58
-27.025044,153.089326,-1.58
-27.025039,153.089085,-1.58
-27.025045,153.088833,-1.58
-27.025045,153.088575,-1.59
-27.024799,153.090716,-1.53
-27.024675,153.090523,-1.60
-27.024810,153.090345,-1.59
-27.024815,153.090099,-1.58
-27.024812,153.089847,-1.58
-27.024819,153.089592,-1.58
-27.024818,153.089336,-1.58
-27.024820,153.089086,-1.58
-27.024817,153.088838,-1.59
-27.024817,153.088575,-1.59
-27.024522,153.090622,-1.62
-27.024573,153.090592,-1.56
-27.024588,153.090306,-0.88
-27.024584,153.090010,-1.58
-27.024595,153.089831,-1.58
-27.024593,153.089592,-1.58
-27.024590,153.089339,-1.58
-27.024595,153.089087,-1.58
-27.024595,153.088838,-1.59
-27.024590,153.088589,-1.59
-27.024366,153.090730,-0.83
-27.024367,153.090605,-0.81
-27.024285,153.090135,-0.86
-27.024338,153.090060,-1.58
-27.024367,153.089839,-1.58
-27.024364,153.089584,-1.58
-27.024368,153.089338,-1.58
-27.024363,153.089091,-1.58
-27.024368,153.088833,-1.58
-27.024369,153.088581,-1.58
-27.024142,153.090669,-0.82
-27.024143,153.090583,-0.83
-27.024143,153.090322,-0.88
-27.024143,153.090059,-0.92
-27.024140,153.089339,-1.57
-27.024365,153.088321,-1.59
-27.024140,153.089084,-1.58
-27.024143,153.088840,-1.58
-27.024142,153.088587,-1.58
-27.024141,153.088335,-1.58
-27.023917,153.090349,-0.86
-27.023915,153.090094,-0.92
-27.023917,153.089839,-0.98
-27.023916,153.089585,-1.03
-27.023917,153.089345,-1.11
-27.023688,153.090095,-0.90
-27.023692,153.089832,-0.96
-27.023691,153.089568,-1.02
-27.023692,153.089296,-1.07
-27.023689,153.089087,-1.11
-27.023686,153.088838,-1.13
-27.023693,153.088568,-1.17
-27.023692,153.088330,-1.19
-27.023464,153.090096,-0.85
-27.023466,153.089816,-0.91
-27.023465,153.089593,-0.96
-27.023463,153.089342,-1.02
-27.023460,153.089092,-1.04
-27.023466,153.088829,-1.11
-27.023467,153.088580,-1.18
-27.023464,153.088333,-1.16
-27.023239,153.089845,-0.87
-27.023238,153.089591,-0.91
-27.023237,153.089330,-0.95
-27.023241,153.089086,-1.01
-27.023241,153.088827,-1.08
-27.023241,153.088572,-1.16
-27.023240,153.088335,-1.13
-27.023130,153.088074,-1.10
-27.023129,153.087830,-1.10
-27.023130,153.085973,-0.77
-27.023242,153.087718,-1.14
-27.023242,153.087835,-1.16
-27.023244,153.087574,-1.09
-27.023467,153.087593,-1.14
-27.023468,153.087839,-1.18
-27.023471,153.087578,-1.08
-27.023916,153.087828,-1.59
-27.023915,153.088065,-1.58
-27.024144,153.087578,-1.60
-27.024142,153.087822,-1.59
-27.024142,153.088076,-1.59
-27.024357,153.087329,-0.92
-27.024360,153.087579,-1.04
-27.024366,153.087830,-1.60
-27.024364,153.088074,-1.59
-27.024595,153.087324,-0.93
-27.024594,153.088325,-1.59
-27.024595,153.088083,-1.60
-27.024590,153.087833,-1.60
-27.024433,153.087579,-1.00
-27.024818,153.087575,-0.95
-27.024814,153.087324,-0.86
-27.024818,153.087824,-1.08
-27.024819,153.088085,-1.60
-27.024815,153.088331,-1.59
-27.024823,153.085855,-0.89
-27.025043,153.087578,-1.04
-27.025030,153.087330,-0.94
-27.024905,153.087830,-1.10
-27.025046,153.088084,-1.60
-27.025044,153.088330,-1.59
-27.025049,153.085851,-0.86
-27.025273,153.087327,-0.94
-27.025260,153.087582,-1.06
-27.025270,153.087830,-1.10
-27.025269,153.088080,-1.57
-27.025267,153.088316,-1.59
-27.025274,153.085957,-0.78
-27.025492,153.087328,-0.97
-27.025469,153.087577,-1.05
-27.025494,153.087827,-1.08
-27.025372,153.088083,-1.07
-27.025490,153.088332,-1.59
-27.025501,153.085873,-0.75
-27.025715,153.087328,-1.02
-27.025721,153.087580,-1.04
-27.025722,153.088332,-1.59
-27.025718,153.088078,-1.02
-27.025722,153.087802,-1.03
-27.025839,153.088338,-1.20
-27.025920,153.088051,-1.15
-27.025946,153.087324,-1.01
-27.025948,153.087561,-1.04
-27.025942,153.087820,-1.08
-27.025945,153.087075,-0.96
-27.025950,153.086629,-0.94
-27.026166,153.088328,-1.71
-27.026165,153.088082,-1.63
-27.026155,153.087578,-1.17
-27.026155,153.087828,-1.50
-27.026167,153.087234,-1.11
-27.025946,153.086570,-0.71
-27.026173,153.087076,-1.07
-27.025993,153.086576,-1.06
-27.026088,153.086437,-1.06
-27.026160,153.086302,-1.64
-27.026398,153.088313,-1.88
-27.026394,153.088083,-1.80
-27.026383,153.087827,-1.72
-27.026382,153.087581,-1.60
-27.026401,153.087331,-1.58
-27.026401,153.087044,-1.24
-27.026395,153.086822,-1.18
-27.026401,153.086571,-1.11
-27.026306,153.086057,-0.95
-27.026625,153.088339,-1.97
-27.026626,153.088085,-1.94
-27.026623,153.087827,-1.85
-27.026625,153.087566,-1.77
-27.026627,153.087325,-1.71
-27.026623,153.087063,-1.61
-27.026624,153.086811,-1.37
-27.026623,153.086571,-1.25
-27.026603,153.086318,-1.20
-27.026618,153.086070,-1.18
-27.026850,153.088333,-2.01
-27.026850,153.088069,-2.01
-27.026852,153.087833,-1.99
-27.026852,153.087581,-1.94
-27.026848,153.087330,-1.82
-27.026827,153.087077,-1.74
-27.026848,153.086818,-1.65
-27.026850,153.086525,-1.58
-27.026848,153.086319,-1.38
-27.026843,153.086070,-1.37
-27.027074,153.088087,-2.03
-27.027070,153.088311,-2.04
-27.027068,153.087560,-1.99
-27.027072,153.087833,-2.02
-27.027063,153.087321,-1.93
-27.027076,153.087074,-1.81
-27.027074,153.086822,-1.66
-27.027068,153.086567,-1.52
-27.027076,153.086322,-1.54
-27.027075,153.086060,-1.67
-27.027302,153.088320,-2.05
-27.027303,153.087582,-2.06
-27.027304,153.087806,-2.04
-27.027304,153.088084,-2.04
-27.027290,153.086822,-1.67
-27.027297,153.087074,-1.90
-27.027299,153.087306,-1.98
-27.027304,153.086536,-1.51
-27.027303,153.086309,-1.55
-27.027305,153.086070,-1.76
-27.027528,153.088335,-2.06
-27.027529,153.088588,-2.08
-27.027525,153.088086,-2.06
-27.027527,153.087835,-2.05
-27.027526,153.087580,-2.10
-27.027509,153.086825,-1.85
-27.027526,153.086995,-1.95
-27.027527,153.087301,-2.08
-27.027527,153.086552,-1.68
-27.027528,153.086316,-1.73
-27.027392,153.085826,-1.85
-27.018720,153.085553,-1.95
-27.018719,153.085287,-2.00
-27.018725,153.085045,-2.00
-27.018954,153.085794,-1.84
-27.018944,153.085301,-2.00
-27.018947,153.084997,-1.99
-27.018943,153.085559,-1.95
-27.019179,153.085812,-1.83
-27.019168,153.085561,-1.93
-27.019174,153.085308,-1.98
-27.019176,153.085019,-1.98
-27.019405,153.085558,-1.93
-27.019404,153.085259,-1.96
-27.019405,153.085811,-1.82
-27.019403,153.085039,-1.97
-27.019627,153.085190,-1.95
-27.019631,153.085028,-1.97
-27.019631,153.085547,-1.95
-27.019628,153.085786,-1.85
-27.019856,153.085050,-1.96
-27.019837,153.085302,-1.97
-27.019852,153.085541,-1.94
-27.019850,153.085811,-1.84
-27.020077,153.085797,-1.81
-27.020070,153.085560,-1.92
-27.020078,153.085287,-2.01
-27.020307,153.085811,-1.78
-27.020298,153.085559,-1.90
-27.020303,153.085306,-1.98
-27.020516,153.085811,-1.74
-27.020524,153.085308,-1.98
-27.020530,153.085554,-1.90
-27.020754,153.085667,-1.71
-27.020753,153.085559,-1.91
-27.020669,153.085307,-1.98
-27.020873,153.085567,-1.18
-27.020953,153.085483,-1.84
-27.020982,153.085300,-1.97
-27.021041,153.085798,-0.96
-27.021210,153.085307,-1.84
-27.023017,153.085022,-0.70
-27.023017,153.084785,-0.74
-27.023018,153.084545,-0.73
-27.023016,153.084301,-0.75
-27.023018,153.084006,-0.78
-27.023004,153.083435,-1.08
-27.023011,153.083292,-1.30
-27.023016,153.083037,-1.24
-27.023019,153.082783,-1.70
-27.022802,153.082322,-1.95
-27.022791,153.084768,-0.77
-27.022792,153.084538,-0.71
-27.022791,153.084271,-0.77
-27.022792,153.084050,-0.76
-27.022794,153.082045,-1.95
-27.022772,153.083286,-2.12
-27.022791,153.083029,-1.55
-27.022782,153.082720,-1.39
-27.022566,153.084914,-0.76
-27.022566,153.084804,-0.78
-27.022579,153.082311,-1.71
-27.022566,153.084535,-0.70
-27.022568,153.082048,-1.94
-27.022567,153.084296,-0.75
-27.022567,153.083543,-1.99
-27.022564,153.083292,-1.97
-27.022567,153.083041,-1.94
-27.022560,153.082788,-1.44
-27.022399,153.082291,-1.70
-27.022344,153.082050,-1.93
-27.022337,153.083797,-1.75
-27.022336,153.083510,-2.00
-27.022340,153.083293,-1.92
-27.022339,153.083035,-1.80
-27.022338,153.082785,-1.54
-27.022289,153.082521,-1.46
-27.022122,153.082059,-1.92
-27.022112,153.084051,-1.81
-27.022115,153.083797,-2.06
-27.022112,153.083542,-1.99
-27.022109,153.083293,-1.92
-27.022112,153.083042,-1.85
-27.022115,153.082781,-1.70
-27.022113,153.082536,-1.64
-27.021970,153.082078,-1.77
-27.021884,153.084301,-2.03
-27.021887,153.084034,-2.12
-27.021890,153.083797,-2.05
-27.021888,153.083543,-2.00
-27.021886,153.083282,-1.96
-27.021886,153.083033,-1.90
-27.021881,153.082790,-1.84
-27.021881,153.082538,-1.81
-27.021665,153.082109,-1.83
-27.021643,153.084552,-2.12
-27.021648,153.084295,-2.16
-27.021652,153.084046,-2.12
-27.021654,153.083798,-2.05
-27.021661,153.083538,-2.01
-27.021662,153.083280,-1.99
-27.021663,153.083038,-1.95
-27.021432,153.085057,-1.55
-27.021655,153.082790,-1.91
-27.021438,153.084798,-2.03
-27.021660,153.082517,-1.91
-27.021642,153.082065,-1.92
-27.021438,153.084547,-2.11
-27.021432,153.084302,-2.13
-27.021431,153.084047,-2.12
-27.021431,153.083789,-2.07
-27.021427,153.083546,-2.02
-27.021437,153.083292,-2.00
-27.021435,153.083040,-2.00
-27.021197,153.085039,-2.02
-27.021429,153.082790,-1.97
-27.021202,153.084805,-2.06
-27.021433,153.082538,-1.98
-27.021210,153.084552,-2.08
-27.021424,153.082285,-2.00
-27.021212,153.084301,-2.11
-27.021201,153.084050,-2.10
-27.021211,153.083798,-2.07
-27.021209,153.083545,-2.03
-27.021202,153.083293,-2.01
-27.021211,153.083040,-2.01
-27.020983,153.085055,-2.00
-27.021207,153.082790,-2.01
-27.020976,153.084795,-2.04
-27.021439,153.081874,-1.99
-27.021212,153.082523,-2.01
-27.020982,153.084546,-2.07
-27.021213,153.082279,-2.03
-27.020986,153.084300,-2.09
-27.020982,153.084048,-2.09
-27.021173,153.082032,-2.01
-27.020978,153.083793,-2.07
-27.020984,153.083543,-2.05
-27.020972,153.083288,-2.02
-27.020982,153.083041,-2.02
-27.020758,153.085053,-1.99
-27.020970,153.082790,-2.03
-27.020757,153.084804,-2.02
-27.020983,153.082537,-2.03
-27.020755,153.084551,-2.06
-27.020759,153.084300,-2.09
-27.020987,153.082278,-2.04
-27.020753,153.084048,-2.09
-27.020978,153.082017,-2.03
-27.020760,153.083798,-2.08
-27.020752,153.083540,-2.06
-27.020742,153.083284,-2.03
-27.020755,153.083041,-2.04
-27.020525,153.085049,-1.99
-27.020761,153.082785,-2.04
-27.020531,153.084805,-2.02
-27.020757,153.082536,-2.04
-27.020531,153.084548,-2.06
-27.020752,153.082285,-2.04
-27.020533,153.084299,-2.09
-27.020760,153.082029,-2.04
-27.020523,153.084049,-2.09
-27.020531,153.083794,-2.09
-27.020523,153.083537,-2.07
-27.020528,153.083292,-2.04
-27.020526,153.083041,-2.06
-27.020231,153.085056,-1.99
-27.020532,153.082788,-2.07
-27.020303,153.084805,-2.02
-27.020534,153.082537,-2.06
-27.020308,153.084549,-2.06
-27.020301,153.084296,-2.09
-27.020530,153.082283,-2.05
-27.020304,153.084049,-2.10
-27.020532,153.082032,-2.06
-27.020301,153.083796,-2.11
-27.020308,153.083544,-2.08
-27.020301,153.083293,-2.05
-27.020297,153.083037,-2.06
-27.020079,153.085036,-1.98
-27.020300,153.082789,-2.07
-27.019875,153.084801,-2.02
-27.020307,153.082530,-2.07
-27.020077,153.084553,-2.06
-27.020301,153.082285,-2.07
-27.020084,153.084293,-2.10
-27.020078,153.084048,-2.10
-27.020305,153.082027,-2.07
-27.020082,153.083797,-2.11
-27.020077,153.083543,-2.09
-27.020082,153.083293,-2.07
-27.020081,153.083041,-2.07
-27.020083,153.082785,-2.08
-27.019857,153.084804,-2.03
-27.020082,153.082532,-2.08
-27.019851,153.084547,-2.08
-27.020082,153.082283,-2.07
-27.019857,153.084298,-2.11
-27.020084,153.082029,-2.09
-27.019854,153.084045,-2.11
-27.019853,153.083793,-2.11
-27.019857,153.083544,-2.10
-27.019856,153.083288,-2.08
-27.019858,153.083041,-2.08
-27.019853,153.082781,-2.08
-27.019627,153.084805,-2.01
-27.019858,153.082532,-2.10
-27.019475,153.084552,-2.08
-27.019851,153.082284,-2.09
-27.019632,153.084295,-2.13
-27.019858,153.082028,-2.13
-27.019630,153.084043,-2.15
-27.019631,153.083797,-2.15
-27.019627,153.083542,-2.12
-27.019629,153.083292,-2.10
-27.019632,153.083037,-2.10
-27.019619,153.082789,-2.10
-27.019400,153.084804,-2.02
-27.019633,153.082522,-2.13
-27.019402,153.084546,-2.08
-27.019633,153.082283,-2.12
-27.019403,153.084297,-2.12
-27.019626,153.082030,-2.09
-27.019401,153.084044,-2.15
-27.019406,153.083794,-2.14
-27.019397,153.083539,-2.13
-27.019405,153.083290,-2.14
-27.019402,153.083038,-2.13
-27.019405,153.082788,-2.14
-27.019180,153.084803,-2.02
-27.019404,153.082536,-2.15
-27.019405,153.082280,-2.10
-27.019180,153.084532,-2.06
-27.019052,153.084300,-2.12
-27.019405,153.082022,-2.07
-27.019178,153.084045,-2.14
-27.019172,153.083793,-2.15
-27.019178,153.083544,-2.15
-27.019181,153.083289,-2.17
-27.019176,153.083039,-2.17
-27.019181,153.082788,-2.18
-27.019181,153.082536,-2.15
-27.018951,153.084803,-2.02
-27.019170,153.082279,-2.11
-27.018948,153.084546,-2.07
-27.019180,153.082020,-2.09
-27.018948,153.084291,-2.12
-27.018947,153.084048,-2.14
-27.018946,153.083796,-2.16
-27.018951,153.083542,-2.17
-27.018954,153.083291,-2.18
-27.018946,153.083038,-2.19
-27.018952,153.082786,-2.20
-27.018948,153.082528,-2.17
-27.018721,153.084796,-2.04
-27.018725,153.084551,-2.08
-27.018952,153.082284,-2.13
-27.018956,153.082031,-2.12
-27.018727,153.084300,-2.11
-27.018669,153.084043,-2.15
-27.018724,153.083792,-2.17
-27.018730,153.083544,-2.17
-27.018953,153.081777,-2.08
-27.018727,153.083287,-2.18
-27.018729,153.083029,-2.16
-27.018724,153.082787,-2.16
-27.018730,153.082325,-2.15
-27.018730,153.082054,-2.14
-27.018730,153.081829,-2.15
-27.018731,153.081562,-2.09
-27.018727,153.081308,-2.07
-27.018719,153.081275,-2.08
-27.018723,153.081022,-2.07
-27.018951,153.081295,-2.04
-27.018950,153.081266,-2.06
-27.018956,153.081023,-2.05
-27.019181,153.081270,-2.04
-27.019171,153.081518,-2.02
-27.019179,153.081776,-2.07
-27.019176,153.081024,-2.03
-27.019407,153.081245,-2.03
-27.019401,153.081525,-2.02
-27.019398,153.081777,-2.05
-27.019403,153.081022,-2.02
-27.019624,153.081219,-2.05
-27.019542,153.081528,-2.03
-27.019629,153.081780,-2.06
-27.019474,153.080777,-2.04
-27.019858,153.081774,-2.10
-27.019638,153.080832,-2.05
-27.019815,153.081031,-2.05
-27.019854,153.081528,-2.03
-27.020077,153.081772,-2.10
-27.019866,153.080782,-2.11
-27.019884,153.081049,-2.01
-27.020076,153.081527,-2.03
-27.020099,153.080785,-2.13
-27.020088,153.081058,-2.02
-27.020243,153.081528,-2.04
-27.020304,153.081781,-2.07
-27.020312,153.081027,-2.02
-27.020534,153.081310,-2.03
-27.020531,153.081774,-2.04
-27.020338,153.080801,-2.09
-27.020762,153.081291,-2.01
-27.020652,153.081779,-2.00
-27.020541,153.081029,-2.03
-27.020546,153.080776,-2.06
-27.020988,153.081545,-2.00
-27.020770,153.080775,-2.07
-27.020781,153.081027,-2.03
-27.020983,153.081280,-2.01
-27.021151,153.081444,-2.01
-27.021213,153.081556,-2.00
-27.020995,153.081050,-2.02
-27.020992,153.080774,-2.09
-27.021220,153.081075,-2.03
-27.021224,153.081391,-2.05
-27.021311,153.081544,-2.01
-27.021215,153.080805,-2.09
-27.021446,153.081456,-2.16
-27.021448,153.081543,-2.09
-27.021547,153.081789,-1.92
-27.021469,153.081032,-2.02
-27.021445,153.080813,-2.08
-27.021689,153.081542,-2.06
-27.021706,153.081891,-2.02
-27.021683,153.081377,-2.06
-27.021667,153.080782,-2.09
-27.021707,153.081043,-2.00
-27.021908,153.081600,-2.00
-27.021910,153.081793,-2.02
-27.021897,153.081369,-2.03
-27.022113,153.081049,-1.99
-27.021901,153.080777,-2.07
-27.022145,153.081080,-2.00
-27.022118,153.081354,-2.02
-27.022139,153.081571,-2.09
-27.022119,153.081809,-2.00
-27.022117,153.080810,-2.08
-27.022345,153.080775,-2.06
-27.022359,153.081154,-2.00
-27.022389,153.081325,-2.07
-27.022363,153.081562,-2.09
-27.022346,153.081839,-1.97
-27.022571,153.080787,-2.07
-27.022571,153.081100,-2.01
-27.022580,153.081292,-2.13
-27.022577,153.081553,-2.11
-27.022575,153.081812,-2.00
-27.022803,153.080779,-2.07
-27.022799,153.081061,-2.06
-27.022815,153.081287,-2.11
-27.022795,153.081583,-2.13
-27.022800,153.081789,-2.00
-27.014102,153.084581,-1.07
-27.014102,153.085198,-0.99
-27.014104,153.085046,-1.08
-27.014104,153.085308,-0.85
-27.014105,153.085627,-0.75
-27.014215,153.084803,-1.09
-27.014215,153.084797,-1.11
-27.014215,153.085557,-0.87
-27.014215,153.085544,-1.02
-27.014217,153.085304,-1.09
-27.014441,153.084805,-1.08
-27.014441,153.084796,-1.09
-27.014441,153.085060,-1.10
-27.014440,153.085307,-1.08
-27.014443,153.085679,-0.98
-27.014668,153.085678,-1.03
-27.014668,153.085555,-1.07
-27.014667,153.085303,-1.09
-27.014667,153.085045,-1.07
-27.014667,153.084644,-1.08
-27.014894,153.085684,-1.05
-27.014893,153.085557,-1.05
-27.014892,153.085077,-1.07
-27.014897,153.085012,-1.07
-27.014896,153.084789,-1.08
-27.015118,153.085641,-1.02
-27.015118,153.085359,-1.11
-27.015123,153.085304,-1.14
-27.015120,153.085053,-1.12
-27.015118,153.084773,-1.08
-27.015346,153.085684,-1.06
-27.015344,153.085558,-1.14
-27.015343,153.085237,-1.15
-27.015347,153.085043,-1.14
-27.015344,153.084801,-1.07
-27.015569,153.085637,-1.12
-27.015574,153.085548,-1.14
-27.015571,153.085292,-1.15
-27.015569,153.084946,-1.13
-27.015574,153.084777,-1.09
-27.015795,153.085397,-1.15
-27.015796,153.085561,-1.13
-27.015800,153.085299,-1.16
-27.015798,153.085039,-1.15
-27.015796,153.084745,-1.15
-27.016020,153.085143,-1.15
-27.016021,153.085317,-1.15
-27.016023,153.085561,-1.14
-27.016027,153.085052,-1.16
-27.016247,153.085679,-1.16
-27.016247,153.085556,-1.16
-27.016248,153.085299,-1.16
-27.016249,153.085044,-1.36
-27.016471,153.084724,-1.69
-27.016472,153.085543,-1.17
-27.016473,153.085305,-1.22
-27.016475,153.085561,-1.17
-27.016917,153.084801,-1.87
-27.016697,153.085673,-1.17
-27.016698,153.085551,-1.17
-27.016701,153.085294,-1.36
-27.016923,153.085442,-1.18
-27.016925,153.085587,-1.17
-27.017150,153.085683,-1.17
-27.017151,153.085549,-1.27
-27.017373,153.085230,-1.67
-27.017373,153.085054,-1.87
-27.017375,153.085682,-1.17
-27.017375,153.085557,-1.32
-27.017598,153.085027,-1.90
-27.017605,153.085680,-1.22
-27.017822,153.085420,-1.66
-27.017817,153.085292,-1.83
-27.017820,153.085040,-1.94
-27.018047,153.085299,-1.91
-27.018050,153.085054,-1.97
-27.018276,153.085557,-1.85
-27.018277,153.085619,-1.66
-27.018272,153.085307,-1.96
-27.018261,153.085056,-1.99
-27.018494,153.085541,-1.93
-27.018485,153.085292,-2.00
-27.018496,153.085053,-1.99
-27.018502,153.084802,-2.03
-27.018503,153.084543,-2.10
-27.018499,153.084298,-2.14
-27.018499,153.084044,-2.15
-27.018501,153.083794,-2.15
-27.018503,153.083293,-2.15
-27.018499,153.083049,-2.15
-27.018504,153.082828,-2.16
-27.018502,153.082549,-2.15
-27.018505,153.082304,-2.16
-27.018275,153.084803,-2.06
-27.018275,153.084551,-2.15
-27.018282,153.082144,-2.15
-27.018502,153.081793,-2.14
-27.018274,153.084298,-2.16
-27.018505,153.081538,-2.12
-27.018278,153.084047,-2.17
-27.018278,153.083549,-2.14
-27.018277,153.083298,-2.15
-27.018278,153.083057,-2.15
-27.018278,153.082810,-2.15
-27.018279,153.082566,-2.15
-27.018227,153.082508,-2.15
-27.018050,153.084797,-2.07
-27.018236,153.082275,-2.14
-27.018048,153.084546,-2.16
-27.018277,153.081811,-2.15
-27.018046,153.084295,-2.17
-27.018279,153.081569,-2.13
-27.018045,153.084008,-2.17
-27.018051,153.083566,-2.15
-27.018052,153.083335,-2.13
-27.018052,153.083058,-2.14
-27.018052,153.082807,-2.15
-27.018053,153.082561,-2.17
-27.017819,153.084801,-2.02
-27.018049,153.082285,-2.16
-27.018052,153.082230,-2.15
-27.017822,153.084550,-2.15
-27.017821,153.084274,-2.19
-27.018053,153.081806,-2.15
-27.018052,153.081550,-2.14
-27.017823,153.084042,-2.20
-27.017697,153.083795,-2.18
-27.017827,153.083305,-2.14
-27.017827,153.083048,-2.14
-27.017824,153.082801,-2.14
-27.017827,153.082554,-2.16
-27.017596,153.084796,-1.97
-27.017825,153.082310,-2.15
-27.017592,153.084548,-2.10
-27.017828,153.082053,-2.15
-27.018051,153.081297,-2.13
-27.017824,153.081791,-2.14
-27.017599,153.084297,-2.19
-27.017828,153.081534,-2.14
-27.017591,153.084040,-2.24
-27.017598,153.083786,-2.24
-27.017828,153.081285,-2.13
-27.017601,153.083308,-2.17
-27.017601,153.083063,-2.14
-27.017601,153.082856,-2.13
-27.017601,153.082538,-2.15
-27.017369,153.084801,-1.95
-27.017601,153.082315,-2.14
-27.017372,153.084548,-2.04
-27.017601,153.082058,-2.14
-27.017375,153.084293,-2.19
-27.017600,153.081790,-2.13
-27.017600,153.081543,-2.13
-27.017602,153.081293,-2.12
-27.017368,153.083785,-2.23
-27.017373,153.083293,-2.20
-27.017373,153.083075,-2.15
-27.017376,153.082817,-2.12
-27.017376,153.082574,-2.13
-27.017147,153.084803,-1.92
-27.017376,153.082300,-2.13
-27.017145,153.084550,-1.99
-27.017375,153.082057,-2.13
-27.017145,153.084295,-2.09
-27.017376,153.081817,-2.12
-27.017145,153.084044,-2.15
-27.017377,153.081574,-2.10
-27.017147,153.083772,-2.13
-27.017376,153.081290,-2.09
-27.017149,153.083313,-2.12
-27.017150,153.083060,-2.10
-27.017148,153.082792,-2.11
-27.017145,153.082547,-2.12
-27.017149,153.082320,-2.12
-27.016915,153.084547,-1.96
-27.017150,153.082050,-2.11
-27.016919,153.084296,-2.02
-27.017150,153.081811,-2.10
-27.016922,153.084034,-2.08
-27.017151,153.081534,-2.07
-27.016913,153.083780,-2.07
-27.017150,153.081287,-2.05
-27.016921,153.083296,-2.04
-27.016921,153.083090,-2.05
-27.016922,153.082805,-2.08
-27.016924,153.082586,-2.10
-27.016920,153.082296,-2.09
-27.016692,153.084537,-1.93
-27.016924,153.082049,-2.07
-27.016696,153.084282,-1.98
-27.016923,153.081796,-2.06
-27.016697,153.084040,-2.00
-27.016925,153.081552,-2.04
-27.016925,153.081295,-2.02
-27.016698,153.083793,-2.01
-27.016697,153.083334,-2.01
-27.016698,153.083069,-2.04
-27.016697,153.082807,-2.06
-27.016699,153.082536,-2.07
-27.016699,153.082340,-2.05
-27.016699,153.082052,-2.04
-27.016463,153.084513,-1.87
-27.016699,153.081816,-2.03
-27.016470,153.084290,-1.97
-27.016696,153.081530,-2.00
-27.016471,153.084043,-1.99
-27.016698,153.081290,-1.99
-27.016472,153.083781,-1.98
-27.016472,153.083304,-1.99
-27.016472,153.083074,-2.02
-27.016470,153.082806,-2.05
-27.016472,153.082560,-2.04
-27.016473,153.082314,-2.02
-27.016472,153.082043,-2.01
-27.016473,153.081820,-1.99
-27.016242,153.084298,-1.93
-27.016471,153.081528,-1.97
-27.016245,153.084043,-1.99
-27.016474,153.081311,-1.96
-27.016238,153.083791,-1.98
-27.016246,153.083325,-1.98
-27.016247,153.083085,-2.00
-27.016245,153.082795,-2.02
-27.016246,153.082564,-2.01
-27.016246,153.082285,-1.99
-27.016248,153.082061,-1.97
-27.016016,153.084430,-1.65
-27.016018,153.084298,-1.75
-27.016246,153.081783,-1.96
-27.016247,153.081539,-1.94
-27.016020,153.084030,-1.94
-27.016246,153.081278,-1.90
-27.016015,153.083772,-1.99
-27.015832,153.083539,-1.96
-27.016020,153.083040,-1.97
-27.016021,153.082796,-1.97
-27.016020,153.082564,-1.97
-27.016021,153.082306,-1.96
-27.016022,153.082035,-1.94
-27.015795,153.084525,-1.15
-27.016022,153.081783,-1.92
-27.015793,153.084226,-1.67
-27.016022,153.081542,-1.85
-27.015793,153.084039,-1.81
-27.016022,153.081332,-1.72
-27.015793,153.083740,-1.96
-27.015794,153.083521,-1.96
-27.015796,153.083084,-1.95
-27.015796,153.082817,-1.95
-27.015794,153.082539,-1.94
-27.015796,153.082293,-1.93
-27.015796,153.082075,-1.88
-27.015569,153.084478,-1.09
-27.015796,153.081784,-1.83
-27.015569,153.084267,-1.28
-27.015796,153.081545,-1.62
-27.015769,153.081348,-1.20
-27.015570,153.083783,-1.83
-27.015562,153.083538,-1.92
-27.015566,153.083053,-1.93
-27.015570,153.082854,-1.91
-27.015569,153.082586,-1.86
-27.015570,153.082315,-1.78
-27.015569,153.082078,-1.64
-27.015342,153.084512,-1.08
-27.015355,153.082012,-1.25
-27.015341,153.084297,-1.11
-27.015542,153.081638,-1.20
-27.015338,153.083832,-1.69
-27.015553,153.081521,-1.01
-27.015332,153.083791,-1.70
-27.015337,153.083514,-1.67
-27.015343,153.083077,-1.68
-27.015343,153.082876,-1.65
-27.015343,153.082623,-1.58
-27.015123,153.082515,-1.26
-27.015290,153.082087,-1.20
-27.015117,153.084482,-1.08
-27.015343,153.082012,-1.07
-27.015118,153.084296,-1.11
-27.015343,153.081767,-0.97
-27.015118,153.084031,-1.17
-27.015342,153.081516,-0.88
-27.015118,153.083773,-1.24
-27.015055,153.082636,-1.15
-27.015076,153.082529,-1.11
-27.015040,153.082233,-1.07
-27.014891,153.084510,-1.05
-27.014891,153.084257,-1.04
-27.014892,153.083996,-1.04
-27.015116,153.081519,-0.84
-27.014892,153.083793,-1.04
-27.014890,153.083538,-1.14
-27.014893,153.083282,-1.14
-27.014666,153.084536,-1.03
-27.014893,153.082024,-0.91
-27.014667,153.084232,-1.00
-27.014893,153.081753,-0.86
-27.014667,153.084033,-1.03
-27.014894,153.081522,-0.83
-27.014667,153.083729,-0.99
-27.014667,153.083538,-0.96
-27.014665,153.083263,-0.95
-27.014664,153.083035,-0.94
-27.014667,153.082757,-0.94
-27.014665,153.082532,-0.94
-27.014667,153.082270,-0.92
-27.014440,153.084477,-1.07
-27.014667,153.081994,-0.87
-27.014440,153.084285,-1.05
-27.014667,153.081748,-0.85
-27.014441,153.083994,-1.02
-27.014440,153.083792,-1.02
-27.014662,153.081521,-0.82
-27.014438,153.083539,-1.02
-27.014441,153.083268,-0.99
-27.014440,153.083031,-1.00
-27.014442,153.082760,-0.97
-27.014439,153.082529,-0.95
-27.014442,153.082241,-0.90
-27.014215,153.084527,-1.02
-27.014435,153.082028,-0.88
-27.014214,153.084217,-1.03
-27.014438,153.081775,-0.85
-27.014215,153.083995,-0.95
-27.014441,153.081518,-0.83
-27.014215,153.083776,-1.02
-27.014213,153.083537,-1.05
-27.014215,153.083229,-1.00
-27.014216,153.083015,-1.01
-27.014212,153.082784,-0.98
-27.014216,153.082492,-0.94
-27.014211,153.082281,-0.89
-27.014215,153.082021,-0.88
-27.014216,153.081766,-0.86
-27.014211,153.081524,-0.86
-27.014104,153.081050,-0.79
-27.014105,153.081018,-0.81
-27.014222,153.080772,-0.81
-27.014220,153.081022,-0.80
-27.014446,153.080772,-0.72
-27.014444,153.081024,-0.78
-27.014672,153.080778,-0.73
-27.014670,153.081023,-0.79
-27.014899,153.080779,-0.71
-27.014898,153.081028,-0.79
-27.015120,153.080815,-0.73
-27.015568,153.081020,-0.85
-27.015563,153.081274,-0.90
-27.015738,153.081268,-1.04
-27.015787,153.081019,-0.94
-27.015904,153.080969,-1.20
-27.015799,153.081128,-1.57
-27.016248,153.080824,-1.68
-27.016248,153.081045,-1.82
-27.016474,153.081060,-1.93
-27.016473,153.080794,-1.89
-27.016697,153.081025,-1.97
-27.016699,153.080774,-1.95
-27.016925,153.081045,-2.00
-27.016925,153.080790,-1.98
-27.017151,153.081086,-2.04
-27.017151,153.080780,-2.01
-27.017376,153.080787,-2.05
-27.017377,153.081052,-2.08
-27.017603,153.081064,-2.11
-27.017602,153.080811,-2.08
-27.017827,153.080927,-2.11
-27.017828,153.081036,-2.12
-27.018045,153.081020,-2.11
-27.018052,153.081065,-2.11
-27.018277,153.081297,-2.12
-27.018277,153.081189,-2.13
-27.018274,153.081018,-2.11
-27.018493,153.081323,-2.10
-27.018496,153.081275,-2.11
-27.018500,153.081018,-2.09
-27.023011,153.089839,-0.84
-27.023015,153.089590,-0.88
-27.023015,153.089341,-0.94
-27.023010,153.089090,-1.00
-27.023013,153.088809,-1.05
-27.023010,153.088584,-1.09
-27.023011,153.088327,-1.10
-27.022789,153.089564,-0.87
-27.022789,153.089342,-0.92
-27.022788,153.089090,-0.96
-27.022787,153.088837,-1.03
-27.022785,153.088582,-1.09
-27.022783,153.088334,-1.09
-27.022562,153.089343,-0.89
-27.022560,153.089086,-0.94
-27.022558,153.088833,-1.02
-27.022563,153.088570,-1.04
-27.022562,153.088331,-1.04
-27.022337,153.089339,-0.85
-27.022338,153.089057,-0.92
-27.022335,153.088838,-1.02
-27.022333,153.088585,-1.01
-27.022338,153.088334,-0.97
-27.022107,153.089091,-0.93
-27.022112,153.088816,-0.98
-27.022110,153.088576,-0.93
-27.022105,153.088333,-0.93
-27.021887,153.088839,-0.95
-27.021883,153.088575,-0.94
-27.021887,153.088317,-0.95
-27.021660,153.088835,-0.95
-27.021660,153.088584,-0.97
-27.021657,153.088329,-0.96
-27.021543,153.088081,-0.94
-27.021435,153.088807,-0.94
-27.021433,153.088583,-0.95
-27.021429,153.088333,-0.95
-27.021436,153.088080,-0.94
-27.021208,153.088585,-0.89
-27.021205,153.088334,-0.94
-27.021203,153.088080,-0.93
-27.020979,153.088586,-0.85
-27.020979,153.088330,-0.88
-27.020978,153.088077,-0.83
-27.020757,153.088566,-0.84
-27.020756,153.088331,-0.73
-27.020533,153.088583,-0.79
-27.020528,153.088330,-0.71
-27.020284,153.090104,-0.77
-27.020277,153.090089,-0.64
-27.020302,153.088584,-0.78
-27.020303,153.088328,-0.70
-27.019152,153.090083,-1.02
-27.018951,153.090698,-0.86
-27.019233,153.087879,-0.87
-27.019057,153.089581,-0.96
-27.018950,153.090596,-1.01
-27.018951,153.090346,-1.05
-27.019046,153.089328,-0.91
-27.018951,153.090086,-1.18
-27.019035,153.089085,-0.87
-27.018951,153.089819,-1.24
-27.019070,153.088513,-0.90
-27.018951,153.089563,-1.23
-27.019019,153.088836,-0.89
-27.018951,153.089341,-1.14
-27.018949,153.089087,-1.08
-27.018948,153.088836,-1.04
-27.018951,153.088582,-1.01
-27.018725,153.090713,-0.82
-27.018726,153.090599,-0.98
-27.018952,153.088330,-1.05
-27.018724,153.090335,-1.13
-27.018950,153.088080,-1.13
-27.018726,153.090079,-1.20
-27.018726,153.089800,-1.25
-27.018726,153.089572,-1.29
-27.018721,153.089335,-1.28
-27.018726,153.089046,-1.22
-27.018723,153.088832,-1.23
-27.018727,153.088568,-1.20
-27.018725,153.088327,-1.22
-27.018775,153.087829,-1.18
-27.018722,153.088081,-1.24
-27.018726,153.087825,-1.28
-27.018616,153.086069,-1.18
-27.018617,153.086319,-0.97
-27.018617,153.086607,-1.11
-27.018617,153.086822,-1.38
-27.018617,153.087079,-1.36
-27.018618,153.087329,-1.33
-27.018729,153.087565,-1.27
-27.018729,153.087321,-1.33
-27.018729,153.087062,-1.36
-27.018729,153.086809,-1.06
-27.018730,153.086547,-1.00
-27.018730,153.086316,-1.14
-27.018950,153.085900,-1.69
-27.018954,153.086090,-1.17
-27.018954,153.086321,-0.99
-27.018954,153.086599,-0.99
-27.018954,153.087825,-1.12
-27.018955,153.087560,-1.17
-27.018956,153.087325,-1.26
-27.018956,153.087073,-1.31
-27.019179,153.085867,-1.66
-27.019399,153.085904,-1.67
-27.019182,153.086070,-1.16
-27.019181,153.086318,-1.00
-27.019181,153.086571,-0.92
-27.019180,153.087570,-1.03
-27.019181,153.087322,-1.15
-27.019182,153.087069,-1.23
-27.019405,153.086881,-1.15
-27.019405,153.086819,-0.93
-27.019407,153.086556,-1.15
-27.019408,153.086308,-1.19
-27.019630,153.085868,-1.65
-27.019409,153.087076,-0.99
-27.019408,153.087325,-0.87
-27.019631,153.086856,-0.93
-27.019631,153.086813,-0.89
-27.019634,153.086316,-1.21
-27.019845,153.085953,-1.66
-27.019635,153.087074,-0.85
-27.020079,153.085960,-1.63
-27.019860,153.086068,-1.18
-27.019860,153.086319,-1.11
-27.020082,153.086530,-1.11
-27.020083,153.086578,-0.91
-27.020086,153.086314,-1.17
-27.020302,153.085859,-1.64
-27.020308,153.086334,-1.14
-27.020310,153.086577,-0.94
-27.020313,153.086307,-1.12
-27.020538,153.086517,-0.99
-27.020536,153.086313,-1.09
-27.020978,153.087578,-0.70
-27.020987,153.087584,-0.78
-27.020990,153.087577,-0.76
-27.021114,153.085861,-0.81
-27.021210,153.087804,-0.86
-27.021212,153.087573,-0.75
-27.021436,153.087788,-0.88
-27.021438,153.087575,-0.77
-27.021661,153.087977,-0.93
-27.021663,153.087828,-0.90
-27.021665,153.087371,-0.79
-27.021775,153.086216,-0.68
-27.021888,153.087485,-0.87
-27.021888,153.087586,-0.93
-27.021891,153.087833,-0.93
-27.021890,153.086235,-0.69
-27.021960,153.086065,-0.68
-27.022115,153.088081,-0.94
-27.022113,153.087827,-0.92
-27.022114,153.086095,-0.76
-27.022119,153.086064,-0.69
-27.022339,153.087981,-0.99
-27.022340,153.087829,-0.97
-27.022344,153.087523,-0.89
-27.022340,153.085960,-0.78
-27.022341,153.086076,-0.81
-27.022564,153.087933,-1.04
-27.022566,153.087826,-1.00
-27.022570,153.087523,-0.88
-27.022571,153.086143,-0.79
-27.022570,153.086034,-0.77
-27.022645,153.085804,-0.65
-27.022790,153.088075,-1.09
-27.022790,153.087508,-0.97
-27.022791,153.087588,-1.06
-27.022791,153.086061,-0.79
-27.022791,153.086078,-0.73
-27.018499,153.090719,-0.93
-27.018500,153.090599,-1.08
-27.018497,153.090347,-1.24
-27.018500,153.090061,-1.23
-27.018499,153.089844,-1.25
-27.018496,153.089592,-1.31
-27.018500,153.089304,-1.31
-27.018498,153.089081,-1.30
-27.018496,153.088818,-1.30
-27.018501,153.088535,-1.29
-27.018274,153.090595,-1.14
-27.018273,153.090601,-0.81
-27.018496,153.088329,-1.33
-27.018501,153.088060,-1.34
-27.018274,153.090314,-1.35
-27.018498,153.087827,-1.36
-27.018274,153.090032,-1.32
-27.018270,153.089839,-1.29
-27.018269,153.089559,-1.32
-27.018273,153.089333,-1.32
-27.018268,153.089086,-1.32
-27.018274,153.088835,-1.34
-27.018271,153.088566,-1.33
-27.018275,153.088332,-1.37
-27.018048,153.090448,-0.90
-27.018047,153.090348,-1.37
-27.018271,153.088078,-1.39
-27.018276,153.087813,-1.41
-27.018048,153.090072,-1.40
-27.018048,153.089790,-1.36
-27.018049,153.089588,-1.35
-27.018047,153.089321,-1.28
-27.018047,153.089086,-1.27
-27.018046,153.088818,-1.29
-27.018050,153.088557,-1.35
-27.018047,153.088332,-1.34
-27.018045,153.088074,-1.38
-27.017823,153.090259,-0.98
-27.017823,153.090078,-1.44
-27.018042,153.087828,-1.41
-27.017823,153.089807,-1.41
-27.017823,153.089529,-1.40
-27.017820,153.089339,-1.32
-27.017823,153.089071,-1.26
-27.017824,153.088794,-1.26
-27.017821,153.088580,-1.29
-27.017824,153.088331,-1.34
-27.017817,153.088071,-1.37
-27.017594,153.090126,-0.73
-27.017823,153.087827,-1.39
-27.017597,153.090042,-1.05
-27.017596,153.089842,-1.15
-27.017595,153.089580,-1.21
-27.017597,153.089329,-1.27
-27.017598,153.089053,-1.23
-27.017597,153.088834,-1.24
-27.017596,153.088580,-1.25
-27.017593,153.088325,-1.27
-27.017598,153.088067,-1.30
-27.017597,153.087825,-1.28
-27.017371,153.089964,-0.80
-27.017372,153.089810,-0.88
-27.017372,153.089583,-0.98
-27.017368,153.089338,-1.10
-27.017370,153.089085,-1.17
-27.017372,153.088828,-1.19
-27.017368,153.088582,-1.22
-27.017373,153.088323,-1.22
-27.017372,153.088079,-1.24
-27.017370,153.087823,-1.26
-27.017145,153.089690,-0.69
-27.017142,153.089590,-0.81
-27.017146,153.089325,-0.98
-27.017146,153.089052,-1.10
-27.017145,153.088786,-1.15
-27.017142,153.088580,-1.16
-27.017147,153.088316,-1.17
-27.017147,153.088068,-1.18
-27.017143,153.087827,-1.19
-27.016917,153.089479,-0.79
-27.016918,153.089329,-0.94
-27.016920,153.089045,-1.08
-27.016919,153.088835,-1.11
-27.016918,153.088579,-1.13
-27.016916,153.088329,-1.14
-27.016918,153.088043,-1.13
-27.016922,153.087827,-1.16
-27.016693,153.089269,-0.82
-27.016694,153.089042,-0.93
-27.016693,153.088834,-0.99
-27.016692,153.088574,-1.01
-27.016691,153.088328,-1.09
-27.016695,153.088072,-1.13
-27.016695,153.087824,-1.12
-27.016469,153.088927,-0.71
-27.016469,153.088751,-0.88
-27.016470,153.088566,-1.04
-27.016469,153.088329,-1.13
-27.016466,153.088075,-1.17
-27.016470,153.087821,-1.20
-27.016431,153.087471,-1.17
-27.016418,153.087319,-1.13
-27.016241,153.088633,-0.74
-27.016244,153.088568,-0.87
-27.016243,153.088330,-1.05
-27.016240,153.088078,-1.09
-27.016244,153.087817,-1.12
-27.016017,153.088355,-0.77
-27.016014,153.088330,-0.84
-27.016018,153.088066,-1.08
-27.016058,153.087572,-1.18
-27.016017,153.087811,-1.06
-27.016012,153.087569,-1.09
-27.015790,153.088073,-0.94
-27.015787,153.087823,-1.01
-27.015793,153.087555,-1.03
-27.015567,153.087787,-0.84
-27.015564,153.087567,-0.89
-27.015302,153.087268,-0.79
-27.015119,153.088124,-0.78
-27.015114,153.088150,-0.79
-27.015085,153.088074,-0.77
-27.014890,153.088040,-0.81
-27.014825,153.088081,-0.74
-27.014661,153.088029,-0.79
-27.014438,153.087991,-0.85
-27.014428,153.087798,-0.73
-27.014212,153.089323,-0.86
-27.014210,153.089342,-0.76
-27.014212,153.089083,-0.90
-27.014191,153.088814,-0.89
-27.014213,153.087962,-0.91
-27.014211,153.087823,-0.81
-27.014190,153.085810,-0.73
-27.014215,153.085814,-0.82
-27.014619,153.086318,-0.77
-27.014666,153.086216,-0.91
-27.014666,153.086317,-0.85
-27.014669,153.086061,-0.95
-27.014891,153.086694,-0.85
-27.014891,153.086311,-0.96
-27.014891,153.085878,-1.05
-27.014994,153.086821,-0.82
-27.015117,153.086941,-0.86
-27.015117,153.086552,-0.91
-27.015117,153.086566,-0.90
-27.015117,153.085939,-1.04
-27.015342,153.087032,-1.00
-27.015343,153.087079,-0.94
-27.015343,153.086816,-1.08
-27.015343,153.086461,-1.07
-27.015345,153.086309,-1.02
-27.015343,153.085865,-1.01
-27.015568,153.086962,-1.13
-27.015569,153.087075,-1.06
-27.015570,153.086815,-1.15
-27.015568,153.086278,-1.03
-27.015569,153.086317,-1.14
-27.015570,153.086054,-1.08
-27.015794,153.087049,-1.16
-27.015794,153.087079,-1.16
-27.015795,153.086815,-1.17
-27.015794,153.086242,-1.09
-27.015795,153.086315,-1.11
-27.015797,153.086048,-1.14
-27.016020,153.086660,-1.14
-27.016021,153.086828,-1.17
-27.016022,153.087074,-1.20
-27.016023,153.086530,-1.13
-27.016022,153.086300,-1.13
-27.016021,153.086061,-1.17
-27.016245,153.087067,-1.15
-27.016246,153.086800,-1.13
-27.016246,153.086565,-1.15
-27.016246,153.086312,-1.14
-27.016247,153.086054,-1.17
-27.016473,153.085812,-1.14
-27.016472,153.086065,-1.14
-27.016471,153.087001,-1.19
-27.016472,153.086818,-1.17
-27.016474,153.086564,-1.15
-27.016476,153.087082,-1.17
-27.016474,153.087323,-1.14
-27.016699,153.085814,-1.14
-27.016697,153.086072,-1.15
-27.016697,153.086666,-1.18
-27.016698,153.086566,-1.16
-27.016700,153.086824,-1.22
-27.016698,153.087078,-1.23
-27.016696,153.087325,-1.19
-27.016924,153.085814,-1.14
-27.016923,153.086482,-1.15
-27.016924,153.086314,-1.14
-27.016926,153.086569,-1.17
-27.016925,153.086821,-1.21
-27.016923,153.087072,-1.24
-27.016922,153.087532,-1.24
-27.017148,153.085968,-1.13
-27.017152,153.086065,-1.13
-27.017150,153.086405,-1.15
-27.017150,153.086568,-1.16
-27.017149,153.086825,-1.22
-27.017148,153.087526,-1.25
-27.017149,153.087321,-1.25
-27.017374,153.086008,-1.14
-27.017378,153.086082,-1.13
-27.017377,153.086316,-1.13
-27.017377,153.086575,-1.14
-27.017377,153.086823,-1.18
-27.017376,153.087076,-1.24
-27.017376,153.087344,-1.26
-27.017600,153.085819,-1.13
-27.017600,153.086064,-1.12
-27.017601,153.086321,-1.08
-27.017601,153.086572,-1.11
-27.017601,153.086824,-1.21
-27.017601,153.087074,-1.26
-27.017602,153.087327,-1.32
-27.017826,153.086240,-1.09
-27.017826,153.086322,-1.06
-27.017826,153.086577,-1.07
-27.017827,153.086820,-1.24
-27.017827,153.087075,-1.37
-27.017828,153.087325,-1.43
-27.017830,153.086036,-1.13
-27.018051,153.087546,-1.42
-27.018051,153.087323,-1.43
-27.018051,153.087068,-1.34
-27.018051,153.086809,-1.09
-27.018053,153.085813,-1.16
-27.018054,153.086070,-1.02
-27.018055,153.086317,-1.01
-27.018277,153.087573,-1.38
-27.018277,153.087324,-1.40
-27.018279,153.085833,-1.27
-27.018280,153.086071,-1.06
-27.018281,153.086317,-0.95
-27.018281,153.086571,-1.11
-27.018282,153.086838,-1.40
-27.023109,153.090730,-0.71
-27.012175,153.090720,-0.93
-27.012177,153.090586,-0.97
-27.012013,153.090342,-1.01
-27.011954,153.090708,-0.95
-27.011949,153.090590,-1.00
-27.011952,153.090343,-1.04
-27.011725,153.090720,-0.99
-27.011728,153.090592,-1.02
-27.011724,153.090340,-1.05
-27.011502,153.090719,-1.03
-27.011499,153.090560,-1.04
-27.011501,153.090338,-1.06
-27.011275,153.090666,-1.03
-27.011272,153.090594,-1.05
-27.011277,153.090337,-1.07
-27.011050,153.090721,-1.07
-27.011048,153.090586,-1.07
-27.011049,153.090342,-1.08
-27.010825,153.090713,-1.10
-27.010822,153.090564,-1.10
-27.010823,153.090330,-1.09
-27.010600,153.090700,-1.13
-27.010600,153.090567,-1.11
-27.010598,153.090335,-1.11
-27.010372,153.090710,-1.13
-27.010374,153.090569,-1.12
-27.010374,153.090336,-1.09
-27.010275,153.090087,-1.04
-27.010148,153.090716,-1.12
-27.010145,153.090584,-1.08
-27.010148,153.090339,-1.02
-27.010149,153.090087,-0.97
-27.009921,153.090716,-1.08
-27.009922,153.090592,-1.01
-27.009923,153.090341,-0.97
-27.009695,153.090718,-0.99
-27.009695,153.090572,-0.95
-27.008709,153.089980,-0.86
-27.008567,153.090083,-0.92
-27.008339,153.090334,-0.91
-27.008339,153.090083,-0.94
-27.008113,153.090468,-0.83
-27.008114,153.090333,-0.93
-27.008114,153.090084,-0.95
-27.007887,153.090439,-0.82
-27.007891,153.090335,-0.90
-27.007891,153.090083,-0.96
-27.007660,153.090310,-0.86
-27.007664,153.090076,-0.96
-27.007493,153.089836,-0.99
-27.007439,153.090173,-0.82
-27.007435,153.090087,-0.93
-27.007423,153.089833,-1.00
-27.007214,153.090067,-0.84
-27.007211,153.090115,-0.81
-27.007210,153.089818,-0.96
-27.006988,153.089830,-0.91
-27.006755,153.089833,-0.91
-27.009588,153.085672,-1.35
-27.009587,153.085553,-1.35
-27.009587,153.084799,-1.31
-27.009589,153.085050,-1.33
-27.009593,153.084797,-1.31
-27.009592,153.084542,-1.37
-27.009609,153.084147,-1.46
-27.009701,153.085677,-1.35
-27.009700,153.085548,-1.35
-27.009701,153.084941,-1.31
-27.009701,153.085051,-1.33
-27.009705,153.084795,-1.28
-27.009704,153.084544,-1.27
-27.009849,153.084055,-1.52
-27.009926,153.085678,-1.33
-27.009926,153.085054,-1.33
-27.009928,153.085319,-1.34
-27.009931,153.085048,-1.31
-27.009930,153.084796,-1.28
-27.009929,153.084533,-1.21
-27.009928,153.084291,-1.25
-27.010152,153.085111,-1.31
-27.010153,153.085308,-1.32
-27.010154,153.085559,-1.31
-27.010157,153.085048,-1.29
-27.010157,153.084780,-1.26
-27.010156,153.084537,-1.17
-27.010155,153.084294,-1.14
-27.010378,153.084284,-1.09
-27.010378,153.084299,-1.13
-27.010379,153.084547,-1.21
-27.010379,153.084801,-1.28
-27.010379,153.085054,-1.31
-27.010380,153.085307,-1.32
-27.010380,153.085558,-1.31
-27.010603,153.084984,-1.30
-27.010604,153.084795,-1.25
-27.010605,153.084536,-1.13
-27.010606,153.084291,-1.04
-27.010606,153.085059,-1.33
-27.010606,153.085306,-1.32
-27.010606,153.085564,-1.30
-27.010829,153.084876,-1.29
-27.010830,153.084797,-1.30
-27.010831,153.084532,-1.17
-27.010833,153.084277,-0.99
-27.010831,153.085053,-1.34
-27.010830,153.085311,-1.32
-27.010829,153.085564,-1.28
-27.011055,153.085110,-1.30
-27.011055,153.085041,-1.26
-27.011057,153.084797,-1.25
-27.011059,153.084546,-1.24
-27.011061,153.084292,-1.06
-27.011057,153.085304,-1.31
-27.011055,153.085561,-1.26
-27.011281,153.084356,-1.24
-27.011282,153.084291,-1.21
-27.011281,153.084586,-1.22
-27.011280,153.085429,-1.20
-27.011281,153.085300,-1.22
-27.011283,153.085045,-1.23
-27.011283,153.085566,-1.19
-27.011507,153.084271,-1.25
-27.011507,153.084296,-1.29
-27.011506,153.085431,-1.11
-27.011507,153.085294,-1.16
-27.011509,153.085050,-1.21
-27.011511,153.084790,-1.26
-27.011509,153.085558,-1.08
-27.011732,153.085388,-0.96
-27.011732,153.085293,-1.06
-27.011733,153.085050,-1.20
-27.011735,153.084789,-1.19
-27.011737,153.084519,-1.22
-27.011734,153.085563,-0.84
-27.011958,153.084939,-0.85
-27.011958,153.084798,-0.84
-27.011959,153.084536,-0.85
-27.011960,153.085052,-0.85
-27.011960,153.085307,-0.79
-27.013589,153.084551,-1.11
-27.013589,153.084547,-0.97
-27.013605,153.084815,-0.86
-27.013650,153.085063,-0.77
-27.013764,153.084562,-1.05
-27.013764,153.084544,-0.96
-27.013815,153.085306,-0.79
-27.013989,153.084293,-0.96
-27.013989,153.083978,-0.97
-27.013990,153.083768,-1.03
-27.013988,153.083537,-1.02
-27.013990,153.083241,-0.93
-27.013990,153.083032,-0.95
-27.013989,153.082780,-0.94
-27.013990,153.082510,-0.90
-27.013987,153.082279,-0.88
-27.013991,153.081996,-0.87
-27.013763,153.084235,-0.90
-27.013986,153.081773,-0.86
-27.013764,153.084027,-0.83
-27.013990,153.081523,-0.86
-27.013764,153.083730,-0.85
-27.013764,153.083529,-0.83
-27.013764,153.083226,-0.78
-27.013765,153.083028,-0.72
-27.013764,153.082782,-0.67
-27.012006,153.084231,-0.78
-27.011958,153.084235,-1.15
-27.011973,153.083282,-0.69
-27.012001,153.082941,-0.77
-27.011958,153.083245,-0.94
-27.012005,153.082781,-0.73
-27.011958,153.083031,-0.94
-27.012052,153.082175,-0.78
-27.012066,153.081921,-0.77
-27.011956,153.082780,-0.88
-27.012067,153.081775,-0.80
-27.011956,153.082271,-0.88
-27.011732,153.084039,-0.93
-27.011954,153.082025,-0.89
-27.011959,153.081766,-0.90
-27.011730,153.083789,-0.99
-27.011732,153.083525,-1.01
-27.011732,153.083248,-1.05
-27.011731,153.083035,-1.03
-27.011733,153.082776,-1.01
-27.011733,153.082493,-0.99
-27.011731,153.082279,-1.00
-27.011507,153.084037,-0.98
-27.011729,153.082022,-1.00
-27.011733,153.081766,-0.98
-27.011506,153.083787,-1.03
-27.011733,153.081503,-0.97
-27.011507,153.083524,-1.05
-27.011506,153.083269,-1.05
-27.011507,153.083003,-1.06
-27.011656,153.081269,-0.92
-27.011281,153.084032,-1.03
-27.011281,153.083785,-1.08
-27.011281,153.083528,-1.09
-27.011507,153.081269,-1.10
-27.011281,153.083285,-1.10
-27.011054,153.084033,-1.06
-27.011055,153.083754,-1.14
-27.011054,153.083535,-1.18
-27.011156,153.081268,-1.45
-27.011051,153.082779,-1.53
-27.010921,153.082523,-1.62
-27.011043,153.082183,-1.61
-27.011056,153.081843,-1.70
-27.010828,153.084040,-1.13
-27.011057,153.081650,-1.75
-27.010829,153.083742,-1.18
-27.011056,153.081295,-1.81
-27.010830,153.083513,-1.25
-27.011057,153.081107,-1.67
-27.010788,153.083184,-1.65
-27.010829,153.082781,-1.69
-27.010809,153.082530,-1.80
-27.010798,153.082278,-1.86
-27.010716,153.082012,-1.92
-27.010603,153.084006,-1.16
-27.010689,153.081774,-1.93
-27.010604,153.083744,-1.30
-27.010734,153.081511,-1.98
-27.010814,153.081252,-2.00
-27.010494,153.083004,-1.71
-27.010568,153.082781,-1.82
-27.010599,153.082529,-1.88
-27.010600,153.082273,-1.90
-27.010596,153.082014,-1.94
-27.010377,153.084040,-1.25
-27.010597,153.081771,-1.96
-27.010286,153.083631,-1.59
-27.010605,153.081521,-1.99
-27.010305,153.083295,-1.61
-27.010604,153.081265,-2.01
-27.010372,153.083176,-1.73
-27.010379,153.083001,-1.83
-27.010360,153.082777,-1.87
-27.010378,153.082526,-1.90
-27.010371,153.082077,-1.92
-27.010371,153.082003,-1.97
-27.010376,153.081773,-1.97
-27.010368,153.081515,-1.99
-27.010135,153.083470,-1.78
-27.010379,153.081264,-2.02
-27.010148,153.083286,-1.83
-27.010150,153.083023,-1.86
-27.010152,153.082544,-1.90
-27.010152,153.082305,-1.94
-27.010148,153.082041,-1.95
-27.010139,153.081894,-1.99
-27.010148,153.081770,-2.00
-27.009882,153.083996,-1.67
-27.009914,153.083756,-1.73
-27.010148,153.081520,-2.02
-27.010151,153.081262,-2.04
-27.009923,153.083534,-1.85
-27.009926,153.083283,-1.88
-27.009924,153.082966,-1.92
-27.009924,153.082541,-1.90
-27.009926,153.082291,-1.94
-27.009926,153.082032,-1.97
-27.009923,153.081789,-1.98
-27.009923,153.081773,-2.02
-27.009688,153.083977,-1.72
-27.009922,153.081522,-2.05
-27.009698,153.083758,-1.79
-27.009701,153.083443,-1.88
-27.009918,153.081266,-2.07
-27.009693,153.083264,-1.96
-27.009694,153.083028,-1.94
-27.009670,153.082776,-1.90
-27.009698,153.082284,-1.94
-27.009701,153.082049,-1.98
-27.009701,153.081804,-2.01
-27.009699,153.081681,-2.04
-27.009701,153.081521,-2.08
-27.009702,153.081265,-2.10
-27.009698,153.081014,-2.12
-27.009917,153.081011,-2.09
-27.010148,153.081004,-2.07
-27.010376,153.081016,-2.03
-27.010599,153.081018,-2.02
-27.010826,153.081012,-2.00
-27.011049,153.081014,-1.41
-27.011509,153.080773,-1.00
-27.011737,153.080770,-0.87
-27.011734,153.081223,-0.88
-27.013960,153.081271,-0.72
-27.005076,153.085551,-1.24
-27.005082,153.085053,-1.26
-27.005102,153.084818,-1.37
-27.005090,153.084551,-1.89
-27.005085,153.084291,-2.03
-27.005075,153.084040,-2.05
-27.005075,153.083786,-2.08
-27.005186,153.085607,-1.20
-27.005187,153.084797,-1.69
-27.005188,153.085050,-1.34
-27.005190,153.084552,-1.98
-27.005187,153.084293,-2.04
-27.005192,153.084041,-2.08
-27.005201,153.083792,-2.10
-27.005412,153.085598,-1.17
-27.005416,153.085101,-1.36
-27.005414,153.084805,-1.76
-27.005428,153.084543,-2.01
-27.005414,153.084293,-2.07
-27.005419,153.084047,-2.11
-27.005414,153.083787,-2.12
-27.005643,153.085304,-1.24
-27.005654,153.085051,-1.39
-27.005638,153.084555,-2.03
-27.005639,153.084810,-1.95
-27.005639,153.084295,-2.09
-27.005641,153.084039,-2.12
-27.005641,153.083797,-2.15
-27.005867,153.085305,-1.32
-27.005867,153.085048,-1.67
-27.005866,153.084807,-2.00
-27.005871,153.084294,-2.09
-27.005865,153.084543,-2.06
-27.005867,153.084050,-2.12
-27.005867,153.083792,-2.14
-27.006090,153.085317,-1.32
-27.006091,153.084797,-2.06
-27.006089,153.085067,-1.80
-27.006101,153.084547,-2.06
-27.006090,153.084293,-2.08
-27.006098,153.084041,-2.11
-27.006310,153.083884,-2.13
-27.006315,153.085559,-1.26
-27.006332,153.085305,-1.35
-27.006317,153.084798,-2.07
-27.006333,153.085052,-2.00
-27.006318,153.084545,-2.06
-27.006320,153.084294,-2.07
-27.006322,153.084041,-2.10
-27.006537,153.084009,-2.12
-27.006557,153.085307,-1.57
-27.006543,153.085552,-1.29
-27.006542,153.085057,-1.96
-27.006543,153.084799,-2.07
-27.006554,153.084550,-2.07
-27.006544,153.084294,-2.07
-27.006766,153.084170,-2.08
-27.006761,153.084035,-2.11
-27.006768,153.085580,-1.29
-27.006796,153.085302,-1.63
-27.006786,153.085055,-1.94
-27.006768,153.084799,-2.06
-27.006772,153.084561,-2.08
-27.006989,153.084309,-2.07
-27.006990,153.084290,-2.07
-27.006992,153.084024,-2.07
-27.006996,153.085571,-1.29
-27.007013,153.085313,-1.49
-27.006995,153.085058,-1.94
-27.006998,153.084798,-2.07
-27.006994,153.084548,-2.08
-27.007215,153.084436,-2.07
-27.007210,153.084286,-2.08
-27.007210,153.084027,-2.06
-27.007226,153.085300,-1.48
-27.007218,153.085557,-1.32
-27.007225,153.085049,-1.93
-27.007227,153.084797,-2.03
-27.007438,153.084601,-2.07
-27.007436,153.084540,-2.09
-27.007443,153.084291,-2.08
-27.007440,153.084033,-2.07
-27.007448,153.085555,-1.32
-27.007446,153.085307,-1.59
-27.007445,153.085066,-1.90
-27.007447,153.084808,-1.97
-27.007669,153.084734,-2.01
-27.007661,153.084542,-2.06
-27.007669,153.084290,-2.07
-27.007668,153.084020,-2.08
-27.007669,153.085564,-1.32
-27.007685,153.085307,-1.56
-27.007672,153.085052,-1.86
-27.007891,153.084796,-1.96
-27.007890,153.084870,-1.94
-27.007892,153.084531,-2.02
-27.007892,153.084292,-2.06
-27.007887,153.084015,-2.06
-27.007896,153.085560,-1.33
-27.007901,153.085306,-1.56
-27.007903,153.085057,-1.84
-27.008119,153.084997,-1.90
-27.008112,153.084796,-1.94
-27.008115,153.084040,-2.02
-27.008115,153.084280,-2.00
-27.008120,153.084537,-1.97
-27.008342,153.084788,-1.89
-27.008338,153.084541,-1.92
-27.008338,153.084277,-1.94
-27.008341,153.084038,-1.95
-27.008338,153.085034,-1.86
-27.008339,153.085137,-1.80
-27.008124,153.085314,-1.56
-27.008125,153.085553,-1.33
-27.008564,153.085024,-1.81
-27.008567,153.084795,-1.82
-27.008565,153.084542,-1.86
-27.008562,153.084290,-1.91
-27.008564,153.085264,-1.76
-27.008351,153.085303,-1.55
-27.008351,153.085554,-1.33
-27.008571,153.084007,-1.92
-27.008782,153.084496,-1.76
-27.008788,153.084270,-1.83
-27.008791,153.084022,-1.92
-27.008784,153.084788,-1.76
-27.008790,153.084999,-1.73
-27.008797,153.085268,-1.70
-27.008572,153.085556,-1.34
-27.008780,153.085315,-1.54
-27.009018,153.084239,-1.77
-27.009007,153.084364,-1.71
-27.008956,153.084738,-1.70
-27.008979,153.085047,-1.69
-27.008803,153.085554,-1.34
-27.008834,153.085455,-1.43
-27.008921,153.085201,-1.64
-27.009123,153.085303,-1.38
-27.009025,153.085137,-1.43
-27.009024,153.084775,-1.47
-27.009109,153.084332,-1.56
-27.009240,153.084291,-1.71
-27.009246,153.084038,-1.78
-27.009251,153.085677,-1.33
-27.009251,153.085547,-1.34
-27.009254,153.084367,-1.45
-27.009433,153.084074,-1.70
-27.009463,153.084040,-1.74
-27.009465,153.083788,-1.83
-27.009471,153.083522,-1.93
-27.009467,153.083238,-1.98
-27.009474,153.083016,-1.96
-27.009458,153.082762,-1.92
-27.009474,153.082283,-1.96
-27.009473,153.082045,-2.00
-27.009476,153.081795,-2.03
-27.009476,153.081570,-2.06
-27.009472,153.081509,-2.11
-27.009244,153.083786,-1.89
-27.009473,153.081267,-2.13
-27.009247,153.083525,-1.94
-27.009230,153.083277,-1.98
-27.009243,153.083026,-1.95
-27.009242,153.082765,-1.95
-27.009250,153.082305,-1.99
-27.009472,153.081010,-2.15
-27.009250,153.082090,-2.02
-27.009250,153.081792,-2.05
-27.009250,153.081533,-2.08
-27.009010,153.084037,-1.83
-27.009247,153.081486,-2.14
-27.009019,153.083788,-1.90
-27.009250,153.081263,-2.18
-27.009024,153.083535,-1.98
-27.009249,153.081016,-2.21
-27.009020,153.083279,-1.97
-27.009010,153.083033,-1.99
-27.009020,153.082773,-2.00
-27.009024,153.082300,-2.02
-27.009023,153.082032,-2.05
-27.009025,153.081788,-2.08
-27.009023,153.081542,-2.12
-27.009024,153.081406,-2.17
-27.008795,153.083765,-1.94
-27.009021,153.081262,-2.23
-27.008788,153.083534,-1.99
-27.009023,153.081013,-2.24
-27.008793,153.083269,-2.02
-27.008798,153.083024,-2.02
-27.008797,153.082779,-2.02
-27.008799,153.082283,-2.05
-27.008798,153.082043,-2.09
-27.008799,153.081819,-2.13
-27.008799,153.081531,-2.18
-27.008799,153.081316,-2.21
-27.008570,153.083781,-1.95
-27.008570,153.083536,-2.00
-27.008798,153.081015,-2.24
-27.008566,153.083274,-2.04
-27.008571,153.083010,-2.03
-27.008573,153.082762,-2.04
-27.008573,153.082317,-2.08
-27.008572,153.082060,-2.13
-27.008571,153.081799,-2.20
-27.008507,153.081537,-2.21
-27.008514,153.081519,-2.23
-27.008343,153.083783,-2.00
-27.008571,153.081225,-2.24
-27.008346,153.083531,-2.03
-27.008341,153.083273,-2.05
-27.008341,153.083031,-2.07
-27.008347,153.082768,-2.09
-27.008347,153.082312,-2.12
-27.008344,153.082031,-2.18
-27.008344,153.081793,-2.22
-27.008311,153.081702,-2.23
-27.008347,153.081280,-2.23
-27.008118,153.083771,-2.05
-27.008342,153.081153,-2.24
-27.008120,153.083519,-2.06
-27.008114,153.083284,-2.07
-27.008117,153.083031,-2.10
-27.008120,153.082780,-2.14
-27.008122,153.082308,-2.17
-27.008122,153.082028,-2.22
-27.008122,153.081793,-2.23
-27.008121,153.081562,-2.24
-27.007885,153.083784,-2.07
-27.007892,153.083517,-2.07
-27.007883,153.083283,-2.11
-27.007896,153.083031,-2.14
-27.007892,153.082777,-2.18
-27.007896,153.082321,-2.21
-27.007896,153.082051,-2.23
-27.007894,153.081784,-2.24
-27.007665,153.083766,-2.07
-27.007664,153.083530,-2.09
-27.007668,153.083282,-2.12
-27.007669,153.083023,-2.17
-27.007666,153.082779,-2.22
-27.007670,153.082301,-2.23
-27.007668,153.082028,-2.24
-27.007480,153.081923,-2.23
-27.007444,153.083785,-2.07
-27.007435,153.083524,-2.09
-27.007441,153.083284,-2.14
-27.007443,153.083022,-2.21
-27.007427,153.082526,-2.23
-27.007325,153.082060,-2.23
-27.007218,153.083760,-2.08
-27.007215,153.083535,-2.11
-27.007214,153.083284,-2.18
-27.007216,153.083022,-2.23
-27.007213,153.082525,-2.23
-27.006993,153.083787,-2.10
-27.006992,153.083517,-2.16
-27.006992,153.083279,-2.20
-27.006992,153.083026,-2.23
-27.006987,153.082514,-2.24
-27.006766,153.083777,-2.14
-27.006760,153.083527,-2.19
-27.006764,153.083272,-2.20
-27.006765,153.082507,-2.24
-27.006539,153.083780,-2.15
-27.006538,153.083528,-2.19
-27.006532,153.083281,-2.21
-27.006313,153.083787,-2.13
-27.006315,153.083447,-2.17
-27.006315,153.083280,-2.21
-27.006315,153.083015,-2.24
-27.006087,153.083735,-2.17
-27.006083,153.083523,-2.17
-27.006085,153.083278,-2.20
-27.006087,153.083030,-2.22
-27.006086,153.082779,-2.24
-27.005644,153.083536,-2.16
-27.005639,153.083532,-2.15
-27.005863,153.083053,-2.17
-27.005860,153.082970,-2.18
-27.005859,153.082607,-2.22
-27.005418,153.083535,-2.13
-27.005417,153.083459,-2.13
-27.005637,153.083033,-2.13
-27.005638,153.082794,-2.17
-27.005639,153.082548,-2.21
-27.005635,153.082306,-2.23
-27.005188,153.083538,-2.11
-27.005193,153.083370,-2.12
-27.005411,153.083044,-2.11
-27.005412,153.082788,-2.14
-27.005413,153.082554,-2.16
-27.005408,153.082290,-2.20
-27.005410,153.082266,-2.23
-27.005080,153.083535,-2.09
-27.005077,153.083331,-2.09
-27.005187,153.083060,-2.08
-27.005186,153.082779,-2.10
-27.005187,153.082558,-2.11
-27.005186,153.082307,-2.15
-27.005187,153.082274,-2.20
-27.005185,153.082017,-2.23
-27.005185,153.081265,-2.24
-27.014097,153.088493,-0.84
-27.013986,153.088893,-0.88
-27.013986,153.088804,-0.93
-27.013985,153.088577,-0.94
-27.013977,153.088286,-0.95
-27.013982,153.088050,-0.96
-27.013986,153.087822,-0.86
-27.013761,153.087852,-0.70
-27.013758,153.087823,-0.74
-27.013076,153.090416,-0.69
-27.013025,153.090344,-0.77
-27.012822,153.090089,-0.97
-27.012631,153.090086,-1.08
-27.012629,153.089837,-0.99
-27.012405,153.090314,-1.00
-27.012406,153.090023,-1.07
-27.012403,153.089839,-1.07
-27.012428,153.089580,-0.70
-27.012404,153.089569,-0.95
-27.012180,153.090066,-1.06
-27.012180,153.089796,-1.10
-27.012180,153.089581,-1.05
-27.012133,153.089332,-0.88
-27.011954,153.090062,-1.06
-27.011954,153.089835,-1.10
-27.011955,153.089559,-1.12
-27.011992,153.089083,-0.74
-27.011954,153.089335,-1.03
-27.011955,153.089070,-0.82
-27.011728,153.090073,-1.08
-27.011728,153.089782,-1.10
-27.011809,153.088828,-0.71
-27.011726,153.089582,-1.11
-27.011728,153.089309,-1.12
-27.011727,153.089074,-1.10
-27.011729,153.088800,-0.96
-27.011684,153.088578,-0.83
-27.011502,153.090032,-1.09
-27.011501,153.089828,-1.10
-27.011502,153.089562,-1.11
-27.011503,153.089328,-1.12
-27.011499,153.089081,-1.13
-27.011503,153.088792,-1.08
-27.011501,153.088579,-0.97
-27.011656,153.086980,-0.82
-27.011519,153.088296,-0.70
-27.011612,153.087241,-0.80
-27.011498,153.088319,-0.88
-27.011521,153.087684,-0.71
-27.011277,153.090021,-1.09
-27.011501,153.087690,-0.79
-27.011277,153.089824,-1.11
-27.011445,153.088073,-0.85
-27.011516,153.087348,-0.70
-27.011505,153.087359,-0.85
-27.011502,153.087286,-0.90
-27.011277,153.089527,-1.11
-27.011277,153.089333,-1.12
-27.011278,153.089036,-1.15
-27.011275,153.088829,-1.15
-27.011278,153.088554,-1.09
-27.011276,153.088323,-0.95
-27.011278,153.088073,-0.90
-27.011278,153.087793,-0.92
-27.011052,153.090063,-1.10
-27.011275,153.087568,-0.95
-27.011052,153.089781,-1.12
-27.011051,153.089577,-1.11
-27.011273,153.087315,-0.97
-27.011052,153.089318,-1.11
-27.011052,153.089042,-1.15
-27.011051,153.088821,-1.16
-27.011052,153.088574,-1.15
-27.011052,153.088294,-1.10
-27.011051,153.088068,-1.02
-27.010824,153.090088,-1.12
-27.011047,153.087822,-0.97
-27.011053,153.087549,-1.00
-27.010826,153.089815,-1.12
-27.011052,153.087305,-1.04
-27.010826,153.089539,-1.10
-27.010825,153.089331,-1.06
-27.010826,153.089071,-1.13
-27.010826,153.088793,-1.12
-27.010825,153.088574,-1.13
-27.010822,153.088318,-1.12
-27.010827,153.088042,-1.09
-27.010825,153.087817,-1.04
-27.010598,153.090040,-1.10
-27.010599,153.089837,-1.09
-27.010822,153.087568,-1.06
-27.010828,153.087303,-1.11
-27.010599,153.089580,-1.10
-27.010598,153.089320,-1.08
-27.010601,153.089027,-1.12
-27.010600,153.088816,-1.14
-27.010596,153.088578,-1.14
-27.010601,153.088304,-1.13
-27.010601,153.088067,-1.12
-27.010599,153.087821,-1.09
-27.010373,153.089820,-1.06
-27.010595,153.087565,-1.12
-27.010601,153.087318,-1.16
-27.010374,153.089557,-1.08
-27.010375,153.089276,-1.10
-27.010373,153.089081,-1.14
-27.010375,153.088808,-1.15
-27.010375,153.088578,-1.15
-27.010372,153.088322,-1.16
-27.010374,153.088067,-1.15
-27.010374,153.087821,-1.12
-27.010371,153.087568,-1.15
-27.010147,153.089788,-1.03
-27.010376,153.087291,-1.19
-27.010148,153.089586,-1.06
-27.010149,153.089302,-1.08
-27.010149,153.089078,-1.13
-27.010149,153.088829,-1.17
-27.010149,153.088546,-1.17
-27.010150,153.088261,-1.17
-27.010145,153.088072,-1.16
-27.010150,153.087793,-1.15
-27.010147,153.087569,-1.17
-27.009922,153.089825,-1.01
-27.010150,153.087312,-1.20
-27.009923,153.089536,-1.06
-27.010156,153.087066,-1.24
-27.009921,153.089332,-1.08
-27.009924,153.089056,-1.10
-27.010111,153.087062,-1.26
-27.009923,153.088827,-1.17
-27.009922,153.088551,-1.19
-27.009924,153.088289,-1.17
-27.009922,153.088066,-1.15
-27.009924,153.087813,-1.15
-27.009923,153.087566,-1.18
-27.009697,153.089836,-1.01
-27.009922,153.087289,-1.23
-27.009694,153.089580,-1.06
-27.009925,153.087046,-1.28
-27.009698,153.089291,-1.08
-27.009697,153.089079,-1.10
-27.009698,153.088814,-1.13
-27.009696,153.088542,-1.18
-27.009694,153.088326,-1.15
-27.009698,153.088042,-1.11
-27.009697,153.087806,-1.14
-27.009699,153.087566,-1.17
-27.009699,153.087300,-1.25
-27.009694,153.087065,-1.30
-27.009587,153.086242,-1.34
-27.009587,153.086315,-1.32
-27.009589,153.086566,-1.33
-27.009590,153.086053,-1.35
-27.009700,153.086149,-1.32
-27.009701,153.086310,-1.34
-27.009703,153.086565,-1.32
-27.009703,153.086054,-1.33
-27.009926,153.086259,-1.34
-27.009926,153.086314,-1.33
-27.009927,153.086562,-1.30
-27.009928,153.086055,-1.32
-27.010151,153.086661,-1.27
-27.010153,153.086553,-1.29
-27.010153,153.086308,-1.32
-27.010152,153.086056,-1.32
-27.010377,153.087062,-1.19
-27.010377,153.086812,-1.22
-27.010381,153.085808,-1.29
-27.010381,153.086062,-1.27
-27.010381,153.086311,-1.25
-27.010606,153.085808,-1.26
-27.010605,153.086062,-1.22
-27.010605,153.086311,-1.20
-27.010605,153.086576,-1.18
-27.010604,153.086838,-1.14
-27.010828,153.086658,-1.13
-27.010829,153.086562,-1.16
-27.010830,153.086309,-1.20
-27.010831,153.086051,-1.25
-27.010833,153.086818,-1.08
-27.011054,153.086427,-1.15
-27.011055,153.086307,-1.20
-27.011057,153.086057,-1.21
-27.011058,153.086563,-1.09
-27.011057,153.086815,-1.02
-27.011281,153.085814,-1.15
-27.011280,153.086059,-1.10
-27.011280,153.086552,-1.06
-27.011285,153.086563,-1.01
-27.011283,153.086820,-0.95
-27.011507,153.085811,-0.95
-27.011506,153.086066,-0.88
-27.011505,153.086750,-0.85
-27.011507,153.086558,-0.88
-27.011733,153.085825,-0.72
-27.011731,153.086281,-0.69
-27.011731,153.086314,-0.68
-27.013503,153.085976,-0.80
-27.013502,153.086086,-0.86
-27.013519,153.086315,-0.86
-27.013540,153.085965,-0.79
-27.013539,153.086062,-0.83
-27.013537,153.086316,-0.76
-27.013610,153.086567,-0.72
-27.009471,153.089823,-1.01
-27.009471,153.089542,-1.06
-27.009471,153.089327,-1.08
-27.009472,153.089050,-1.10
-27.009471,153.088828,-1.13
-27.009472,153.088572,-1.15
-27.009472,153.088280,-1.14
-27.009471,153.087997,-1.08
-27.009473,153.087783,-1.13
-27.009468,153.087567,-1.16
-27.009246,153.089835,-0.84
-27.009473,153.087317,-1.23
-27.009245,153.089547,-1.03
-27.009469,153.087062,-1.29
-27.009244,153.089333,-1.07
-27.009247,153.089040,-1.10
-27.009244,153.088826,-1.13
-27.009245,153.088560,-1.13
-27.009245,153.088318,-1.10
-27.009247,153.088044,-1.08
-27.009245,153.087817,-1.12
-27.009247,153.087548,-1.12
-27.009244,153.087317,-1.19
-27.009020,153.089510,-0.91
-27.009247,153.087057,-1.26
-27.009020,153.089316,-0.99
-27.009021,153.089076,-1.06
-27.009021,153.088815,-1.11
-27.009021,153.088517,-1.12
-27.009020,153.088323,-1.08
-27.009020,153.088071,-1.11
-27.009021,153.087811,-1.11
-27.009021,153.087545,-1.14
-27.009022,153.087307,-1.19
-27.008793,153.089575,-0.87
-27.009019,153.087060,-1.26
-27.008795,153.089260,-0.89
-27.008795,153.089052,-0.98
-27.008794,153.088826,-1.07
-27.008795,153.088557,-1.10
-27.008794,153.088322,-1.10
-27.008796,153.088059,-1.13
-27.008795,153.087811,-1.10
-27.008796,153.087563,-1.15
-27.008568,153.089835,-0.95
-27.008795,153.087310,-1.17
-27.008569,153.089529,-0.92
-27.008790,153.087065,-1.24
-27.008566,153.089332,-0.92
-27.008569,153.089033,-0.94
-27.008566,153.088824,-1.02
-27.008569,153.088536,-1.08
-27.008567,153.088317,-1.12
-27.008570,153.088043,-1.13
-27.008568,153.087818,-1.12
-27.008570,153.087566,-1.14
-27.008342,153.089829,-0.97
-27.008570,153.087314,-1.16
-27.008343,153.089547,-0.98
-27.008566,153.087063,-1.22
-27.008343,153.089265,-0.96
-27.008344,153.088973,-0.97
-27.008343,153.088786,-1.07
-27.008341,153.088572,-1.09
-27.008344,153.088298,-1.12
-27.008342,153.088072,-1.14
-27.008344,153.087814,-1.13
-27.008344,153.087566,-1.14
-27.008117,153.089814,-0.99
-27.008341,153.087304,-1.16
-27.008116,153.089539,-1.01
-27.008345,153.087045,-1.21
-27.008115,153.089331,-1.01
-27.008116,153.089069,-0.94
-27.008117,153.088828,-1.02
-27.008118,153.088572,-1.07
-27.008118,153.088295,-1.12
-27.008117,153.088072,-1.14
-27.008115,153.087814,-1.14
-27.008118,153.087562,-1.15
-27.007891,153.089771,-0.99
-27.008118,153.087311,-1.16
-27.007892,153.089575,-1.03
-27.008115,153.087055,-1.20
-27.007892,153.089293,-1.05
-27.007891,153.089072,-1.06
-27.007891,153.088722,-1.02
-27.007891,153.088575,-1.07
-27.007892,153.088318,-1.12
-27.007893,153.088065,-1.15
-27.007893,153.087814,-1.16
-27.007892,153.087550,-1.16
-27.007893,153.087304,-1.17
-27.007666,153.089517,-1.03
-27.007890,153.087062,-1.19
-27.007666,153.089306,-1.07
-27.007665,153.089075,-1.08
-27.007667,153.088781,-1.10
-27.007663,153.088563,-1.09
-27.007666,153.088322,-1.11
-27.007666,153.088058,-1.13
-27.007664,153.087816,-1.17
-27.007667,153.087530,-1.17
-27.007662,153.087311,-1.19
-27.007439,153.089528,-1.02
-27.007667,153.087037,-1.19
-27.007439,153.089323,-1.05
-27.007439,153.089073,-1.10
-27.007440,153.088789,-1.11
-27.007441,153.088560,-1.13
-27.007439,153.088318,-1.12
-27.007441,153.088030,-1.13
-27.007435,153.087818,-1.15
-27.007439,153.087561,-1.19
-27.007442,153.087284,-1.20
-27.007212,153.089581,-1.03
-27.007437,153.087057,-1.21
-27.007214,153.089284,-1.05
-27.007214,153.089077,-1.08
-27.007215,153.088775,-1.12
-27.007211,153.088573,-1.14
-27.007215,153.088282,-1.15
-27.007213,153.088067,-1.12
-27.007215,153.087797,-1.14
-27.007213,153.087567,-1.18
-27.007210,153.087314,-1.20
-27.006989,153.089508,-0.99
-27.007215,153.087063,-1.21
-27.006989,153.089318,-1.06
-27.006988,153.089038,-1.08
-27.006986,153.088825,-1.12
-27.006990,153.088535,-1.16
-27.006988,153.088311,-1.17
-27.006990,153.088052,-1.17
-27.006990,153.087808,-1.16
-27.006985,153.087565,-1.16
-27.006990,153.087284,-1.17
-27.006763,153.089580,-0.95
-27.006987,153.087060,-1.19
-27.006763,153.089317,-0.99
-27.006763,153.089028,-1.08
-27.006762,153.088821,-1.12
-27.006764,153.088543,-1.17
-27.006762,153.088316,-1.18
-27.006764,153.088059,-1.17
-27.006763,153.087818,-1.18
-27.006764,153.087563,-1.18
-27.006537,153.089977,-0.76
-27.006764,153.087311,-1.18
-27.006537,153.089581,-0.92
-27.006760,153.087063,-1.18
-27.006781,153.086808,-1.22
-27.006538,153.089305,-0.97
-27.006764,153.086810,-1.22
-27.006538,153.089015,-1.02
-27.006538,153.088815,-1.09
-27.006538,153.088574,-1.14
-27.006534,153.088316,-1.17
-27.006538,153.088027,-1.18
-27.006534,153.087816,-1.17
-27.006539,153.087529,-1.17
-27.006311,153.089963,-0.71
-27.006535,153.087315,-1.19
-27.006312,153.089581,-0.87
-27.006539,153.087044,-1.18
-27.006312,153.089298,-0.96
-27.006535,153.086798,-1.20
-27.006312,153.089072,-1.03
-27.006312,153.088821,-1.07
-27.006311,153.088538,-1.12
-27.006310,153.088309,-1.15
-27.006313,153.088052,-1.18
-27.006312,153.087815,-1.19
-27.006308,153.087560,-1.19
-27.006084,153.089832,-0.74
-27.006080,153.089867,-0.68
-27.006313,153.087312,-1.20
-27.006086,153.089523,-0.86
-27.006311,153.087042,-1.19
-27.006084,153.089329,-0.94
-27.006313,153.086806,-1.16
-27.006086,153.089052,-1.02
-27.006086,153.088823,-1.07
-27.006087,153.088557,-1.11
-27.006086,153.088271,-1.15
-27.006087,153.088066,-1.17
-27.006087,153.087814,-1.20
-27.006083,153.087564,-1.21
-27.006087,153.087281,-1.21
-27.005860,153.089612,-0.70
-27.005860,153.089513,-0.84
-27.006083,153.087058,-1.20
-27.005860,153.089311,-0.90
-27.006087,153.086806,-1.18
-27.005861,153.089008,-1.00
-27.005861,153.088806,-1.06
-27.005859,153.088571,-1.11
-27.005860,153.088298,-1.13
-27.005857,153.088070,-1.16
-27.005861,153.087770,-1.20
-27.005967,153.086532,-1.18
-27.005861,153.087561,-1.22
-27.005859,153.087313,-1.23
-27.005862,153.087046,-1.20
-27.005635,153.089285,-0.87
-27.005858,153.086805,-1.19
-27.005633,153.089072,-0.96
-27.005846,153.086534,-1.14
-27.005635,153.088782,-1.04
-27.005632,153.088569,-1.09
-27.005635,153.088276,-1.13
-27.005632,153.088049,-1.15
-27.005636,153.087766,-1.19
-27.005636,153.087563,-1.21
-27.005634,153.087314,-1.23
-27.005629,153.087062,-1.20
-27.005409,153.089365,-0.70
-27.005409,153.089289,-0.83
-27.005635,153.086799,-1.17
-27.005408,153.089072,-0.91
-27.005409,153.088788,-1.00
-27.005407,153.088567,-1.07
-27.005410,153.088282,-1.13
-27.005407,153.088063,-1.16
-27.005410,153.087779,-1.18
-27.005406,153.087562,-1.21
-27.005410,153.087287,-1.23
-27.005406,153.087061,-1.20
-27.005411,153.086810,-1.16
-27.005182,153.089218,-0.77
-27.005184,153.089010,-0.90
-27.005183,153.088822,-0.97
-27.005184,153.088525,-1.03
-27.005183,153.088297,-1.09
-27.005184,153.088044,-1.13
-27.005182,153.087818,-1.16
-27.005185,153.087554,-1.19
-27.005184,153.087312,-1.20
-27.005180,153.087061,-1.18
-27.005185,153.086810,-1.14
-27.005073,153.086528,-1.04
-27.005073,153.085934,-1.16
-27.005075,153.086058,-1.01
-27.005186,153.086233,-0.99
-27.005186,153.086307,-1.06
-27.005186,153.086048,-1.10
-27.005411,153.086375,-1.08
-27.005413,153.086305,-1.13
-27.005415,153.085917,-1.13
-27.005639,153.085806,-1.20
-27.005641,153.086058,-1.19
-27.005865,153.085806,-1.21
-27.005866,153.086059,-1.22
-27.006089,153.085875,-1.18
-27.006090,153.086058,-1.23
-27.006092,153.086310,-1.21
-27.006314,153.086317,-1.23
-27.006317,153.086306,-1.23
-27.006314,153.086050,-1.19
-27.006540,153.086476,-1.23
-27.006540,153.086303,-1.22
-27.006540,153.085943,-1.19
-27.006765,153.086388,-1.19
-27.006767,153.086307,-1.21
-27.006991,153.086810,-1.22
-27.006991,153.086483,-1.20
-27.006992,153.086086,-1.21
-27.007217,153.086488,-1.21
-27.007218,153.086563,-1.22
-27.007219,153.086057,-1.24
-27.007443,153.086809,-1.22
-27.007443,153.086278,-1.22
-27.007443,153.086309,-1.21
-27.007668,153.086572,-1.23
-27.007671,153.086556,-1.25
-27.007669,153.086301,-1.22
-27.007894,153.086079,-1.25
-27.007895,153.086308,-1.26
-27.007896,153.086569,-1.24
-27.008122,153.086058,-1.27
-27.008122,153.086316,-1.27
-27.008122,153.086562,-1.26
-27.008345,153.086607,-1.26
-27.008346,153.086558,-1.28
-27.008347,153.086306,-1.29
-27.008571,153.086079,-1.30
-27.008575,153.086312,-1.30
-27.008574,153.086565,-1.27
-27.008797,153.086250,-1.31
-27.008798,153.086051,-1.29
-27.008802,153.086311,-1.30
-27.008801,153.086562,-1.29
-27.009023,153.086802,-1.31
-27.009024,153.086556,-1.32
-27.009025,153.086295,-1.32
-27.009025,153.086056,-1.31
-27.009248,153.086512,-1.33
-27.009248,153.086567,-1.29
-27.009251,153.086307,-1.34
-27.009251,153.086053,-1.34
-27.004644,153.090712,-0.96
-27.004280,153.090696,-1.03
-27.004274,153.090589,-0.99
-27.004277,153.090333,-1.01
-27.004053,153.090710,-1.03
-27.004052,153.090573,-1.01
-27.004047,153.090329,-1.03
-27.004049,153.090083,-1.01
-27.003825,153.090706,-1.02
-27.003827,153.090585,-1.04
-27.003828,153.090320,-1.05
-27.003826,153.090082,-1.04
-27.003829,153.089819,-1.02
-27.003602,153.090712,-0.97
-27.003603,153.090557,-1.01
-27.003597,153.090336,-1.03
-27.003600,153.090081,-1.03
-27.003602,153.089833,-1.03
-27.003603,153.089564,-1.00
-27.003377,153.090313,-1.00
-27.003371,153.090075,-1.00
-27.003372,153.089823,-1.00
-27.003372,153.089575,-0.98
-27.003146,153.090081,-0.95
-27.003148,153.089829,-0.98
-27.003148,153.089570,-0.96
-27.002923,153.089568,-0.93
-27.001605,153.090611,-0.82
-27.001570,153.090603,-0.83
-27.001570,153.090544,-0.89
-27.001570,153.090315,-0.98
-27.001345,153.090696,-0.89
-27.001345,153.090571,-0.92
-27.001345,153.090319,-1.01
-27.001346,153.090060,-1.01
-27.001117,153.090700,-0.95
-27.001116,153.090583,-0.96
-27.001116,153.090334,-1.03
-27.001116,153.090077,-1.06
-27.001115,153.089830,-1.06
-27.000893,153.090689,-0.99
-27.000892,153.090576,-0.99
-27.000889,153.090329,-1.04
-27.000894,153.090066,-1.08
-27.000895,153.089828,-1.10
-27.000892,153.089578,-1.04
-27.000664,153.090706,-1.00
-27.000663,153.090574,-1.01
-27.000668,153.090280,-1.03
-27.000665,153.090077,-1.07
-27.000669,153.089821,-1.12
-27.000668,153.089577,-1.10
-27.000441,153.090708,-1.02
-27.000441,153.090571,-1.04
-27.000439,153.090332,-1.05
-27.000437,153.090073,-1.07
-27.000443,153.089808,-1.12
-27.000443,153.089539,-1.12
-27.000412,153.089326,-1.11
-27.000215,153.090709,-0.99
-27.000216,153.090583,-1.05
-27.000215,153.090333,-1.07
-27.000214,153.090079,-1.09
-27.000214,153.089824,-1.13
-27.000212,153.089576,-1.14
-27.000218,153.089321,-1.14
-26.999990,153.090707,-0.95
-26.999989,153.090582,-1.05
-26.999987,153.090333,-1.08
-26.999991,153.090079,-1.10
-26.999992,153.089808,-1.14
-26.999992,153.089546,-1.17
-26.999991,153.089281,-1.17
-26.999765,153.090706,-0.98
-26.999766,153.090563,-1.02
-26.999766,153.090285,-1.07
-26.999765,153.090073,-1.11
-26.999763,153.089822,-1.15
-26.999761,153.089571,-1.18
-26.999759,153.089321,-1.18
-26.999540,153.090674,-1.01
-26.999540,153.090538,-1.00
-26.999540,153.090282,-1.07
-26.999539,153.090081,-1.12
-26.999539,153.089825,-1.15
-26.999538,153.089570,-1.19
-26.999537,153.089326,-1.20
-26.999312,153.090710,-0.99
-26.999313,153.090584,-1.03
-26.999314,153.090291,-1.10
-26.999314,153.090062,-1.14
-26.999312,153.089790,-1.15
-26.999311,153.089572,-1.19
-26.999312,153.089316,-1.21
-26.999088,153.090296,-1.09
-26.999088,153.090067,-1.15
-26.999084,153.089817,-1.16
-26.999084,153.089576,-1.19
-26.999086,153.089319,-1.23
-26.998861,153.090332,-1.08
-26.998863,153.090080,-1.15
-26.998863,153.089813,-1.17
-26.998858,153.089565,-1.19
-26.998860,153.089322,-1.22
-26.998636,153.090693,-1.02
-26.998631,153.090582,-0.95
-26.998635,153.090331,-1.03
-26.998637,153.090038,-1.15
-26.998637,153.089826,-1.17
-26.998635,153.089569,-1.19
-26.998638,153.089308,-1.22
-26.998411,153.090665,-1.04
-26.998411,153.090556,-1.03
-26.998411,153.090327,-1.03
-26.998408,153.090076,-1.12
-26.998410,153.089812,-1.16
-26.998410,153.089576,-1.19
-26.998403,153.089322,-1.22
-26.998185,153.090657,-1.12
-26.998185,153.090555,-1.13
-26.998182,153.090331,-1.07
-26.998186,153.090034,-1.08
-26.998181,153.089819,-1.14
-26.998185,153.089562,-1.18
-26.998181,153.089319,-1.20
-26.997959,153.090331,-1.05
-26.997960,153.090061,-1.07
-26.997960,153.089812,-1.13
-26.997957,153.089572,-1.17
-26.997960,153.089318,-1.18
-26.997853,153.089071,-1.22
-26.997734,153.090050,-1.04
-26.997730,153.089819,-1.11
-26.997732,153.089572,-1.15
-26.997733,153.089322,-1.16
-26.997733,153.089062,-1.21
-26.997505,153.089575,-1.13
-26.997501,153.089324,-1.15
-26.997508,153.089069,-1.20
-26.997280,153.089554,-1.04
-26.997276,153.089321,-1.13
-26.997283,153.089070,-1.21
-26.996959,153.090589,-0.94
-26.997055,153.089322,-1.09
-26.996952,153.090568,-0.98
-26.997058,153.089060,-1.13
-26.996831,153.089878,-0.97
-26.996831,153.089823,-1.01
-26.996832,153.089573,-1.02
-26.996825,153.089318,-1.09
-26.996824,153.089070,-1.08
-26.996604,153.089064,-0.95
-27.001511,153.083512,-0.80
-27.001521,153.083539,-0.75
-27.001581,153.083624,-0.81
-27.001580,153.083530,-0.86
-27.001775,153.083810,-0.73
-27.001802,153.083823,-0.81
-27.001802,153.083779,-0.87
-27.002028,153.083976,-0.87
-27.002027,153.083778,-0.94
-27.002119,153.084041,-0.77
-27.002252,153.084159,-0.86
-27.002253,153.083912,-0.93
-27.002258,153.083781,-0.98
-27.002345,153.084291,-0.77
-27.002480,153.084395,-0.80
-27.002479,153.084250,-0.93
-27.002478,153.083952,-1.02
-27.002482,153.083770,-1.03
-27.002704,153.084389,-0.95
-27.002706,153.084545,-0.86
-27.002708,153.084279,-1.05
-27.002705,153.084033,-1.07
-27.002704,153.083725,-1.09
-27.002886,153.084823,-0.74
-27.002929,153.084603,-1.00
-27.002932,153.084822,-0.88
-27.002934,153.084537,-1.10
-27.002931,153.084288,-1.13
-27.002930,153.083937,-1.15
-27.002934,153.083760,-1.17
-27.003039,153.085052,-0.77
-27.003158,153.085137,-0.91
-27.003157,153.085041,-1.04
-27.003155,153.084573,-1.13
-27.003160,153.084537,-1.19
-27.003157,153.084281,-1.18
-27.003155,153.083967,-1.22
-27.003217,153.085300,-0.83
-27.003384,153.085527,-0.93
-27.003381,153.085293,-1.07
-27.003381,153.084984,-1.15
-27.003383,153.084792,-1.21
-27.003381,153.084430,-1.23
-27.003385,153.084282,-1.23
-27.003433,153.085558,-0.81
-27.003606,153.085348,-1.05
-27.003609,153.085282,-1.16
-27.003607,153.084883,-1.22
-27.003610,153.084781,-1.26
-27.003606,153.084538,-1.27
-27.003608,153.083536,-1.33
-27.003832,153.085671,-0.98
-27.003832,153.085409,-1.15
-27.003834,153.085291,-1.24
-27.003832,153.084981,-1.26
-27.003833,153.084784,-1.28
-27.003839,153.083788,-1.37
-27.003847,153.083534,-1.46
-27.004057,153.085597,-1.10
-27.004060,153.085545,-1.23
-27.004058,153.085218,-1.26
-27.004058,153.085042,-1.28
-27.004063,153.084039,-1.38
-27.004072,153.083793,-1.61
-27.004061,153.083537,-1.80
-27.004283,153.085476,-1.24
-27.004285,153.085561,-1.16
-27.004283,153.085288,-1.27
-27.004286,153.084291,-1.39
-27.004306,153.084043,-1.48
-27.004286,153.083789,-1.85
-27.004285,153.083558,-1.97
-27.004511,153.085673,-1.21
-27.004509,153.085542,-1.26
-27.004513,153.085294,-1.27
-27.004511,153.084544,-1.35
-27.004521,153.084317,-1.54
-27.004537,153.084042,-1.96
-27.004513,153.083802,-2.02
-27.004519,153.083535,-2.01
-27.004735,153.085429,-1.26
-27.004737,153.085554,-1.23
-27.004741,153.084797,-1.32
-27.004765,153.084543,-1.62
-27.004758,153.084312,-1.93
-27.004758,153.084040,-2.03
-27.004737,153.083792,-2.04
-27.004748,153.083534,-2.05
-27.004750,153.083283,-2.06
-27.004737,153.083220,-2.05
-27.004961,153.082781,-2.06
-27.004960,153.082537,-2.07
-27.004962,153.082280,-2.09
-27.004957,153.082242,-2.15
-27.004955,153.082021,-2.18
-27.004958,153.081762,-2.20
-27.004958,153.081510,-2.23
-27.004959,153.081253,-2.23
-27.004520,153.083285,-2.02
-27.004961,153.080990,-2.24
-27.004511,153.083147,-2.02
-27.004735,153.082791,-2.03
-27.004736,153.082529,-2.04
-27.004736,153.082278,-2.06
-27.004734,153.082183,-2.09
-27.004731,153.082017,-2.12
-27.004736,153.081755,-2.16
-27.004735,153.081516,-2.19
-27.004735,153.081255,-2.20
-27.004287,153.083287,-1.99
-27.004718,153.081012,-2.22
-27.004292,153.083101,-2.00
-27.004510,153.082809,-1.99
-27.004510,153.082559,-2.01
-27.004511,153.082277,-2.03
-27.004508,153.082120,-2.06
-27.004509,153.082012,-2.09
-27.004511,153.081760,-2.11
-27.004511,153.081502,-2.15
-27.004508,153.081253,-2.18
-27.004063,153.083284,-1.95
-27.004510,153.081003,-2.19
-27.004071,153.083077,-1.99
-27.004284,153.082778,-1.98
-27.004285,153.082543,-1.99
-27.004284,153.082276,-2.00
-27.004283,153.082069,-2.02
-27.004284,153.082019,-2.05
-27.004277,153.081769,-2.07
-27.004285,153.081495,-2.10
-27.004285,153.081253,-2.13
-27.004284,153.080996,-2.16
-27.003837,153.083283,-1.75
-27.003834,153.083035,-1.91
-27.003836,153.083009,-1.95
-27.004059,153.082532,-1.96
-27.004058,153.082292,-1.97
-27.004056,153.082042,-1.99
-27.004057,153.082018,-2.01
-27.004056,153.081763,-2.03
-27.004053,153.081514,-2.06
-27.004057,153.081266,-2.09
-27.004055,153.081012,-2.13
-27.003607,153.083320,-1.43
-27.003628,153.083050,-1.75
-27.003622,153.082805,-1.85
-27.003833,153.082551,-1.94
-27.003833,153.082294,-1.95
-27.003834,153.082032,-1.97
-27.003832,153.081974,-1.98
-27.003824,153.081764,-2.01
-27.003834,153.081511,-2.03
-27.003827,153.081261,-2.07
-27.003829,153.081009,-2.10
-27.003385,153.083289,-1.31
-27.003384,153.083051,-1.39
-27.003407,153.082802,-1.70
-27.003385,153.082576,-1.84
-27.003607,153.082301,-1.93
-27.003607,153.082045,-1.96
-27.003602,153.081895,-1.99
-27.003599,153.081769,-2.02
-27.003603,153.081488,-2.02
-27.003607,153.081241,-2.05
-27.003603,153.081010,-2.08
-27.003159,153.083035,-1.30
-27.003164,153.082787,-1.36
-27.003198,153.082560,-1.64
-27.003172,153.082353,-1.83
-27.003165,153.082022,-1.90
-27.003377,153.081911,-1.98
-27.003379,153.081748,-2.02
-27.003378,153.081517,-2.03
-27.003383,153.081264,-2.04
-27.003382,153.081010,-2.08
-27.003155,153.083519,-1.22
-27.003051,153.083045,-1.26
-27.002938,153.082526,-1.38
-27.002978,153.082282,-1.66
-27.002937,153.082084,-1.83
-27.002954,153.081773,-1.94
-27.003150,153.081765,-2.02
-27.003156,153.081487,-2.04
-27.003150,153.081259,-2.04
-27.003151,153.081013,-2.07
-27.002930,153.083438,-1.13
-27.002930,153.083231,-1.20
-27.002707,153.082280,-1.39
-27.002729,153.082021,-1.66
-27.002714,153.081769,-1.87
-27.002708,153.081524,-1.99
-27.002930,153.081487,-2.05
-27.002928,153.081263,-2.03
-27.002929,153.081009,-2.03
-27.002704,153.083451,-1.03
-27.002703,153.083227,-1.12
-27.002703,153.082991,-1.20
-27.002486,153.082025,-1.40
-27.002601,153.081772,-1.72
-27.002489,153.081517,-2.01
-27.002703,153.081374,-2.05
-27.002701,153.081250,-2.04
-27.002691,153.081010,-2.02
-27.002477,153.083435,-0.99
-27.002478,153.083178,-1.03
-27.002478,153.083023,-1.10
-27.002478,153.082759,-1.20
-27.002266,153.081775,-1.41
-27.002337,153.081518,-1.80
-27.002479,153.081295,-1.99
-27.002478,153.081263,-2.02
-27.002475,153.081012,-2.02
-27.002251,153.083461,-0.98
-27.002252,153.083198,-1.00
-27.002253,153.082935,-1.04
-27.002252,153.082775,-1.12
-27.002253,153.082498,-1.20
-27.002030,153.081585,-1.41
-27.002082,153.081301,-1.84
-27.002251,153.081226,-1.93
-27.002252,153.080997,-2.00
-27.002027,153.083530,-0.91
-27.002026,153.083279,-1.01
-27.002025,153.083027,-1.01
-27.002027,153.082761,-1.06
-27.002027,153.082511,-1.14
-27.002028,153.082193,-1.21
-27.001805,153.081366,-1.42
-27.002022,153.081155,-1.84
-27.002026,153.081002,-1.89
-27.001801,153.083255,-0.95
-27.001799,153.083022,-1.00
-27.001800,153.082769,-1.01
-27.001800,153.082523,-1.09
-27.001801,153.082269,-1.15
-27.001801,153.082017,-1.22
-27.001799,153.081035,-1.42
-27.001797,153.081011,-1.78
-27.001576,153.083215,-0.88
-27.001576,153.082996,-0.97
-27.001573,153.082774,-0.99
-27.001576,153.082518,-1.05
-27.001576,153.082234,-1.11
-27.001573,153.082010,-1.16
-27.001574,153.081765,-1.21
-27.001571,153.081004,-1.59
-27.001349,153.083408,-0.76
-27.001350,153.083277,-0.82
-27.001350,153.082988,-0.92
-27.001348,153.082773,-0.96
-27.001349,153.082503,-1.00
-27.001350,153.082261,-1.07
-27.001351,153.081993,-1.12
-27.001349,153.081765,-1.15
-27.001351,153.081497,-1.19
-27.001124,153.083141,-0.68
-27.001124,153.082961,-0.78
-27.001124,153.082769,-0.85
-27.001125,153.082470,-0.94
-27.001122,153.082265,-1.02
-27.001124,153.081999,-1.08
-27.001125,153.081766,-1.10
-27.001123,153.081508,-1.14
-27.001123,153.081245,-1.18
-27.000898,153.082915,-0.66
-27.000898,153.082730,-0.73
-27.000899,153.082511,-0.84
-27.000896,153.082270,-0.92
-27.000898,153.082013,-1.03
-27.000899,153.081738,-1.09
-27.000899,153.081479,-1.09
-27.000898,153.081259,-1.13
-27.000897,153.081010,-1.18
-27.000672,153.082473,-0.74
-27.000653,153.082555,-0.66
-27.000672,153.082269,-0.80
-27.000670,153.082015,-0.92
-27.000674,153.081752,-1.03
-27.000674,153.081482,-1.04
-27.000674,153.081261,-1.05
-27.000672,153.081005,-1.09
-26.996045,153.084300,-1.28
-26.996045,153.084277,-1.26
-26.996047,153.084030,-1.23
-26.996048,153.083780,-1.21
-26.996050,153.083519,-1.19
-26.996051,153.083275,-1.10
-26.996049,153.084537,-1.29
-26.996048,153.084806,-1.28
-26.996047,153.085045,-1.24
-26.996046,153.085297,-1.20
-26.996045,153.085544,-1.20
-26.996158,153.084032,-1.26
-26.996158,153.084023,-1.22
-26.996160,153.083776,-1.18
-26.996161,153.083522,-1.13
-26.996163,153.083274,-1.04
-26.996161,153.084288,-1.26
-26.996160,153.084541,-1.27
-26.996159,153.084800,-1.28
-26.996158,153.085040,-1.28
-26.996158,153.085666,-1.24
-26.996159,153.085541,-1.26
-26.996384,153.084107,-1.24
-26.996384,153.084029,-1.20
-26.996385,153.083777,-1.14
-26.996387,153.083513,-1.10
-26.996388,153.083271,-1.06
-26.996387,153.084287,-1.26
-26.996386,153.084540,-1.26
-26.996385,153.084794,-1.27
-26.996384,153.085067,-1.28
-26.996384,153.085297,-1.28
-26.996383,153.085547,-1.24
-26.996611,153.083070,-1.03
-26.996611,153.083290,-1.07
-26.996610,153.083529,-1.10
-26.996609,153.085346,-1.27
-26.996609,153.085289,-1.26
-26.996610,153.085035,-1.25
-26.996611,153.084784,-1.23
-26.996612,153.084535,-1.25
-26.996613,153.084283,-1.20
-26.996614,153.084028,-1.16
-26.996614,153.085545,-1.26
-26.996835,153.084956,-1.23
-26.996835,153.084785,-1.22
-26.996836,153.084532,-1.22
-26.996837,153.084276,-1.16
-26.996838,153.084031,-1.10
-26.996839,153.083777,-1.06
-26.996839,153.083528,-1.03
-26.996841,153.083274,-0.98
-26.996840,153.085051,-1.24
-26.996839,153.085293,-1.26
-26.996839,153.085547,-1.26
-26.997060,153.085354,-1.24
-26.997060,153.085288,-1.22
-26.997061,153.085009,-1.21
-26.997062,153.084787,-1.20
-26.997063,153.084534,-1.15
-26.997064,153.084269,-1.09
-26.997064,153.084030,-1.06
-26.997065,153.083769,-1.01
-26.997066,153.083528,-0.99
-26.997067,153.083272,-0.91
-26.997066,153.085548,-1.24
-26.997286,153.085668,-1.23
-26.997286,153.085543,-1.20
-26.997287,153.085284,-1.18
-26.997288,153.085037,-1.17
-26.997288,153.084788,-1.14
-26.997289,153.084531,-1.08
-26.997290,153.084272,-1.03
-26.997291,153.084030,-0.99
-26.997291,153.083780,-0.96
-26.997292,153.083526,-0.94
-26.997293,153.083275,-0.80
-26.997514,153.085667,-1.19
-26.997514,153.085532,-1.16
-26.997515,153.085292,-1.15
-26.997515,153.085040,-1.11
-26.997516,153.084785,-1.07
-26.997516,153.084532,-1.02
-26.997517,153.084282,-0.97
-26.997517,153.084032,-0.92
-26.997518,153.083774,-0.89
-26.997518,153.083526,-0.83
-26.997519,153.083266,-0.65
-26.997739,153.085664,-1.14
-26.997739,153.085544,-1.11
-26.997739,153.085288,-1.08
-26.997739,153.085023,-1.04
-26.997740,153.084785,-1.00
-26.997740,153.084535,-0.96
-26.997740,153.084280,-0.89
-26.997740,153.084028,-0.85
-26.997740,153.083776,-0.79
-26.997741,153.083528,-0.76
-26.997963,153.085669,-1.08
-26.997963,153.085545,-1.05
-26.997966,153.084034,-0.82
-26.997966,153.084286,-0.87
-26.997967,153.084541,-0.92
-26.997967,153.084791,-0.97
-26.997968,153.085049,-1.01
-26.998189,153.084871,-0.87
-26.998190,153.085043,-0.93
-26.998190,153.085299,-0.97
-26.998191,153.085557,-1.02
-26.998193,153.084776,-0.77
-26.998193,153.084537,-0.76
-26.998417,153.084927,-0.76
-26.998418,153.085056,-0.82
-26.998419,153.085303,-0.88
-26.998420,153.085548,-0.96
-27.000448,153.082073,-0.68
-27.000447,153.081974,-0.78
-27.000443,153.081761,-0.86
-27.000447,153.081512,-0.93
-27.000448,153.081227,-0.93
-27.000443,153.080985,-0.95
-27.000221,153.081725,-0.71
-27.000222,153.081457,-0.79
-27.000221,153.081261,-0.86
-27.000220,153.081003,-0.92
-26.997504,153.083024,-0.68
-26.997287,153.082981,-0.79
-26.997211,153.082738,-0.73
-26.997062,153.082970,-0.90
-26.997061,153.082764,-0.82
-26.996836,153.083014,-0.95
-26.996834,153.082726,-0.90
-26.996610,153.083023,-0.99
-26.996610,153.082764,-0.95
-26.996610,153.082496,-0.91
-26.996471,153.082011,-0.69
-26.996384,153.082940,-1.01
-26.996384,153.082720,-1.00
-26.996385,153.082506,-0.96
-26.996385,153.082266,-0.91
-26.996385,153.081988,-0.80
-26.996158,153.083010,-1.03
-26.996159,153.082740,-1.03
-26.996159,153.082488,-0.98
-26.996159,153.082243,-0.96
-26.996159,153.082012,-0.89
-26.996179,153.081761,-0.66
-26.996157,153.081748,-0.78
-27.004957,153.089184,-0.80
-27.004956,153.089072,-0.89
-27.004958,153.088788,-0.94
-27.004956,153.088570,-1.01
-27.004958,153.088301,-1.04
-27.004957,153.088066,-1.07
-27.004959,153.087801,-1.13
-27.004957,153.087566,-1.15
-27.004959,153.087305,-1.17
-27.004958,153.087055,-1.15
-27.004953,153.086803,-1.11
-27.004732,153.088982,-0.88
-27.004732,153.088784,-0.90
-27.004730,153.088567,-0.92
-27.004732,153.088294,-0.98
-27.004731,153.088066,-1.01
-27.004733,153.087805,-1.05
-27.004732,153.087563,-1.09
-27.004729,153.087304,-1.12
-27.004733,153.087037,-1.12
-27.004734,153.086750,-1.10
-27.004507,153.088248,-0.86
-27.004502,153.088069,-0.90
-27.004506,153.087796,-0.93
-27.004506,153.087562,-0.99
-27.004503,153.087312,-1.05
-27.004507,153.087051,-1.06
-27.004507,153.086804,-1.04
-27.004281,153.087657,-0.73
-27.004281,153.087525,-0.82
-27.004278,153.087310,-0.88
-27.004282,153.087051,-0.89
-27.004282,153.086798,-0.88
-27.003692,153.089067,-0.73
-27.003603,153.089283,-0.97
-27.003603,153.089066,-0.89
-27.003557,153.088822,-0.78
-27.003378,153.089326,-0.99
-27.003378,153.089060,-0.97
-27.003378,153.088776,-0.89
-27.003357,153.088559,-0.81
-27.003151,153.089323,-0.96
-27.003152,153.089024,-0.96
-27.003152,153.088815,-0.93
-27.003196,153.088302,-0.74
-27.003152,153.088565,-0.89
-27.003152,153.088287,-0.81
-27.003057,153.088065,-0.76
-27.002925,153.089306,-0.95
-27.002925,153.089074,-0.96
-27.002927,153.088762,-0.95
-27.002927,153.088551,-0.93
-27.002924,153.088319,-0.91
-27.002927,153.088015,-0.86
-27.002901,153.087813,-0.78
-27.002700,153.089302,-0.93
-27.002699,153.089074,-0.95
-27.002701,153.088780,-0.93
-27.002700,153.088548,-0.94
-27.002701,153.088264,-0.94
-27.002701,153.088055,-0.92
-27.002700,153.087806,-0.89
-27.002475,153.089071,-0.92
-27.002475,153.088798,-0.92
-27.002474,153.088568,-0.94
-27.002601,153.087053,-0.76
-27.002476,153.088299,-0.95
-27.002475,153.088065,-0.94
-27.002472,153.087802,-0.94
-27.002554,153.086789,-0.74
-27.002476,153.087526,-0.92
-27.002475,153.087286,-0.91
-27.002476,153.087042,-0.86
-27.002474,153.086798,-0.76
-27.002248,153.089260,-0.86
-27.002249,153.089059,-0.89
-27.002249,153.088757,-0.93
-27.002249,153.088561,-0.95
-27.002249,153.088313,-0.95
-27.002250,153.088044,-0.96
-27.002247,153.087814,-0.98
-27.002250,153.087530,-0.98
-27.002246,153.087308,-0.94
-27.002250,153.087054,-0.89
-27.002251,153.086803,-0.80
-27.002023,153.088936,-0.81
-27.002021,153.088820,-0.89
-27.002024,153.088521,-0.95
-27.002190,153.086555,-0.75
-27.002020,153.088319,-0.98
-27.002024,153.088063,-0.99
-27.002024,153.087798,-1.00
-27.002022,153.087562,-0.99
-27.002025,153.087287,-0.96
-27.002021,153.087057,-0.91
-27.002025,153.086805,-0.84
-27.002019,153.086552,-0.75
-27.001798,153.088723,-0.84
-27.001798,153.088519,-0.93
-27.001798,153.088303,-0.98
-27.001796,153.088067,-1.00
-27.001798,153.087767,-0.99
-27.001799,153.087554,-0.98
-27.001797,153.087289,-0.95
-27.001798,153.087057,-0.91
-27.001799,153.086795,-0.82
-27.001796,153.086534,-0.75
-27.001569,153.088484,-0.86
-27.001573,153.088265,-0.93
-27.001573,153.088045,-0.99
-27.001570,153.087810,-0.96
-27.001572,153.087561,-0.94
-27.001573,153.087297,-0.91
-27.001569,153.087057,-0.86
-27.001573,153.086802,-0.78
-27.001566,153.086553,-0.75
-27.001342,153.088294,-0.86
-27.001344,153.088055,-0.77
-27.001347,153.087770,-0.81
-27.001347,153.087559,-0.78
-27.001346,153.087311,-0.81
-27.001347,153.087053,-0.76
-27.001347,153.086795,-0.74
-27.000669,153.089320,-1.03
-27.001303,153.086519,-0.74
-27.002252,153.086504,-0.74
-27.004284,153.086557,-0.89
-27.004283,153.085829,-1.00
-27.004508,153.086504,-0.99
-27.004510,153.086028,-1.08
-27.004734,153.086279,-0.92
-27.004735,153.086307,-0.99
-27.004734,153.085857,-1.13
-27.000553,153.088822,-0.78
-27.000444,153.089036,-1.01
-27.000442,153.088820,-0.89
-27.000378,153.088566,-0.82
-27.000218,153.089063,-1.10
-27.000218,153.088759,-1.01
-27.000218,153.088556,-0.91
-27.000160,153.088316,-0.82
-26.999992,153.089050,-1.14
-26.999992,153.088774,-1.09
-26.999991,153.088564,-1.02
-26.999993,153.088309,-0.93
-26.999998,153.088027,-0.86
-26.999986,153.088062,-0.86
-26.999766,153.089058,-1.18
-26.999765,153.088792,-1.15
-26.999766,153.088568,-1.10
-26.999767,153.088309,-1.04
-26.999767,153.088030,-0.96
-26.999541,153.089039,-1.21
-26.999541,153.088764,-1.17
-26.999541,153.088549,-1.14
-26.999620,153.087552,-0.79
-26.999537,153.088315,-1.10
-26.999541,153.088046,-1.05
-26.999541,153.087776,-0.98
-26.999541,153.087553,-0.90
-26.999315,153.089005,-1.22
-26.999478,153.087306,-0.79
-26.999314,153.088819,-1.21
-26.999315,153.088566,-1.20
-26.999310,153.088316,-1.17
-26.999316,153.088027,-1.12
-26.999315,153.087807,-1.06
-26.999312,153.087557,-0.99
-26.999315,153.087294,-0.91
-26.999302,153.086993,-0.86
-26.999089,153.089046,-1.23
-26.999089,153.088775,-1.22
-26.999089,153.088565,-1.21
-26.999247,153.086796,-0.78
-26.999088,153.088310,-1.19
-26.999090,153.088056,-1.17
-26.999090,153.087787,-1.13
-26.999090,153.087556,-1.07
-26.999087,153.087306,-1.02
-26.999090,153.087057,-0.95
-26.999090,153.086783,-0.90
-26.999106,153.086549,-0.75
-26.998863,153.089059,-1.24
-26.999090,153.086534,-0.87
-26.998864,153.088786,-1.23
-26.998863,153.088522,-1.23
-26.998863,153.088311,-1.21
-26.998864,153.088060,-1.20
-26.999015,153.086300,-0.77
-26.998864,153.087781,-1.17
-26.998864,153.087506,-1.14
-26.998861,153.087306,-1.09
-26.998865,153.087033,-1.03
-26.998863,153.086801,-0.97
-26.998638,153.089069,-1.25
-26.998865,153.086549,-0.94
-26.998638,153.088785,-1.24
-26.998863,153.086299,-0.91
-26.998638,153.088561,-1.23
-26.998638,153.088305,-1.22
-26.998638,153.088021,-1.22
-26.998636,153.087812,-1.21
-26.998639,153.087545,-1.17
-26.998638,153.087307,-1.15
-26.998636,153.087033,-1.09
-26.998639,153.086796,-1.07
-26.998412,153.089012,-1.25
-26.998634,153.086548,-1.02
-26.998412,153.088808,-1.25
-26.998638,153.086296,-0.99
-26.998412,153.088523,-1.24
-26.998412,153.088317,-1.23
-26.998413,153.088016,-1.24
-26.998410,153.087806,-1.23
-26.998413,153.087525,-1.20
-26.998409,153.087305,-1.18
-26.998413,153.087020,-1.15
-26.998408,153.086804,-1.12
-26.998186,153.089070,-1.24
-26.998413,153.086546,-1.08
-26.998186,153.088789,-1.25
-26.998407,153.086292,-1.05
-26.998184,153.088567,-1.23
-26.998186,153.088278,-1.24
-26.998184,153.088061,-1.25
-26.998187,153.087772,-1.24
-26.998184,153.087560,-1.22
-26.998186,153.087289,-1.20
-26.998185,153.087050,-1.18
-26.998187,153.086786,-1.16
-26.998185,153.086551,-1.13
-26.998188,153.086291,-1.10
-26.997961,153.088774,-1.24
-26.997960,153.088565,-1.23
-26.997961,153.088279,-1.23
-26.997959,153.088062,-1.25
-26.997961,153.087793,-1.25
-26.997960,153.087556,-1.24
-26.997961,153.087289,-1.21
-26.997959,153.087053,-1.20
-26.997962,153.086786,-1.19
-26.997959,153.086549,-1.17
-26.997962,153.086285,-1.14
-26.997735,153.088777,-1.23
-26.997734,153.088567,-1.24
-26.997734,153.088296,-1.25
-26.997735,153.088060,-1.26
-26.997736,153.087794,-1.27
-26.997735,153.087556,-1.24
-26.997736,153.087305,-1.22
-26.997735,153.087055,-1.21
-26.997736,153.086802,-1.21
-26.997735,153.086550,-1.19
-26.997509,153.088793,-1.23
-26.997732,153.086285,-1.17
-26.997510,153.088505,-1.23
-26.997510,153.088310,-1.25
-26.997510,153.088022,-1.27
-26.997507,153.087812,-1.26
-26.997510,153.087527,-1.26
-26.997508,153.087300,-1.25
-26.997510,153.087032,-1.23
-26.997509,153.086785,-1.23
-26.997511,153.086526,-1.21
-26.997284,153.088818,-1.23
-26.997507,153.086297,-1.19
-26.997283,153.088532,-1.23
-26.997283,153.088313,-1.25
-26.997283,153.088047,-1.26
-26.997283,153.087805,-1.25
-26.997285,153.087523,-1.24
-26.997282,153.087300,-1.26
-26.997284,153.087017,-1.26
-26.997280,153.086804,-1.24
-26.997285,153.086538,-1.23
-26.997058,153.088790,-1.19
-26.997282,153.086267,-1.22
-26.997057,153.088564,-1.23
-26.997058,153.088279,-1.25
-26.997056,153.088057,-1.28
-26.997218,153.086048,-1.24
-26.997058,153.087777,-1.24
-26.997055,153.087560,-1.24
-26.997059,153.087258,-1.25
-26.997055,153.087040,-1.26
-26.997059,153.086800,-1.25
-26.997054,153.086551,-1.24
-26.996831,153.088817,-1.10
-26.997059,153.086294,-1.22
-26.996832,153.088533,-1.20
-26.997055,153.086044,-1.25
-26.996831,153.088315,-1.23
-26.996831,153.088063,-1.22
-26.996833,153.087809,-1.18
-26.996830,153.087542,-1.23
-26.996833,153.087273,-1.26
-26.996830,153.087053,-1.24
-26.996833,153.086789,-1.25
-26.996832,153.086549,-1.25
-26.996606,153.088771,-1.12
-26.996828,153.086298,-1.21
-26.996606,153.088555,-1.15
-26.996834,153.086046,-1.19
-26.996607,153.088301,-1.16
-26.996606,153.088029,-1.15
-26.996605,153.087810,-1.13
-26.996603,153.087551,-1.20
-26.996607,153.087277,-1.23
-26.996606,153.087048,-1.24
-26.996608,153.086801,-1.24
-26.996608,153.086518,-1.20
-26.996605,153.086295,-1.17
-26.996380,153.088564,-0.97
-26.996601,153.086045,-1.21
-26.996381,153.088304,-0.99
-26.996381,153.088021,-1.01
-26.996379,153.087810,-1.19
-26.996376,153.087557,-1.19
-26.996381,153.087305,-1.11
-26.996377,153.087055,-1.16
-26.996382,153.086763,-1.13
-26.996379,153.086536,-1.15
-26.996382,153.086269,-1.20
-26.996378,153.086039,-1.24
-26.996155,153.088310,-0.78
-26.996154,153.088318,-0.81
-26.996149,153.088048,-0.98
-26.996153,153.087811,-1.09
-26.996156,153.087535,-1.04
-26.996155,153.087294,-0.99
-26.996156,153.087049,-1.03
-26.996155,153.086801,-1.06
-26.996152,153.086540,-1.19
-26.996156,153.086298,-1.19
-26.996152,153.086047,-1.23
-26.997292,153.085797,-1.21
-26.997513,153.086032,-1.19
-26.997738,153.086044,-1.15
-26.997963,153.086043,-1.10
-26.998192,153.085810,-1.03
-26.998415,153.086046,-0.99
-26.998640,153.086004,-0.92
-26.998869,153.085917,-0.77
-26.995113,153.089347,-0.86
-26.995120,153.089116,-0.89
-26.995124,153.089065,-0.90
-26.995025,153.089319,-0.98
-26.995024,153.089068,-1.02
-26.994994,153.088817,-1.02
-26.994800,153.089250,-1.05
-26.994800,153.089069,-1.08
-26.994801,153.088809,-1.12
-26.994574,153.089258,-1.12
-26.994571,153.089063,-1.15
-26.994572,153.088815,-1.20
-26.994349,153.089033,-1.25
-26.994349,153.088804,-1.27
-26.994122,153.088849,-0.88
-26.994123,153.088801,-1.35
-26.989834,153.090629,-1.11
-26.989834,153.090531,-1.11
-26.989831,153.090323,-1.07
-26.989608,153.090698,-1.14
-26.989608,153.090557,-1.11
-26.989608,153.090258,-1.11
-26.989607,153.090064,-1.11
-26.989383,153.090693,-1.20
-26.989509,153.089060,-0.96
-26.989382,153.090560,-1.13
-26.989383,153.090298,-1.13
-26.989383,153.090033,-1.14
-26.989383,153.089784,-1.13
-26.989383,153.089531,-1.06
-26.989383,153.089276,-1.07
-26.989115,153.090672,-1.84
-26.989157,153.090544,-1.16
-26.989157,153.090297,-1.16
-26.989157,153.090059,-1.15
-26.989157,153.089813,-1.16
-26.989152,153.089565,-1.12
-26.989155,153.089302,-1.12
-26.989155,153.089062,-1.04
-26.989158,153.088800,-1.01
-26.989157,153.088560,-1.08
-26.988931,153.090679,-1.81
-26.988931,153.090559,-1.36
-26.988929,153.090323,-1.25
-26.988931,153.090072,-1.24
-26.988932,153.089789,-1.21
-26.988932,153.089567,-1.20
-26.988929,153.089316,-1.16
-26.988932,153.089024,-1.13
-26.988932,153.088808,-1.07
-26.988929,153.088551,-1.10
-26.988608,153.090664,-1.83
-26.988705,153.090568,-1.87
-26.988550,153.090137,-1.82
-26.988491,153.090011,-1.83
-26.988706,153.089782,-1.29
-26.988706,153.089555,-1.25
-26.988702,153.089312,-1.19
-26.988704,153.089061,-1.21
-26.988706,153.088772,-1.12
-26.988706,153.088550,-1.11
-26.988690,153.088309,-1.18
-26.988468,153.090690,-1.92
-26.988468,153.090569,-1.87
-26.988417,153.090315,-1.87
-26.988480,153.089987,-1.90
-26.988399,153.089792,-1.83
-26.988334,153.089503,-1.84
-26.988472,153.089317,-1.31
-26.988478,153.089055,-1.31
-26.988480,153.088809,-1.18
-26.988481,153.088546,-1.13
-26.988479,153.088283,-1.19
-26.988250,153.090695,-1.96
-26.988253,153.090571,-2.05
-26.988251,153.090323,-2.13
-26.988244,153.090072,-2.23
-26.988253,153.089814,-2.22
-26.988227,153.089541,-2.23
-26.988200,153.088951,-2.17
-26.988069,153.088808,-1.84
-26.988252,153.088559,-1.21
-26.988253,153.088308,-1.22
-26.988027,153.090677,-1.96
-26.988026,153.090568,-2.03
-26.988011,153.090322,-2.09
-26.988021,153.090071,-2.13
-26.988025,153.089820,-2.17
-26.988029,153.089517,-2.21
-26.988028,153.089296,-2.18
-26.988028,153.088807,-2.24
-26.987887,153.088556,-1.83
-26.987813,153.088062,-1.48
-26.987797,153.090698,-1.98
-26.987802,153.090569,-2.02
-26.987799,153.090324,-2.08
-26.987795,153.090069,-2.12
-26.987801,153.089806,-2.16
-26.987795,153.089556,-2.16
-26.987803,153.089306,-2.13
-26.987802,153.089055,-2.11
-26.987798,153.088802,-2.15
-26.987799,153.088533,-2.16
-26.987723,153.088308,-1.86
-26.987572,153.090690,-2.00
-26.987573,153.090576,-2.03
-26.987564,153.090305,-2.07
-26.987575,153.090070,-2.11
-26.987573,153.089808,-2.13
-26.987576,153.089564,-2.13
-26.987577,153.089306,-2.12
-26.987574,153.089036,-2.11
-26.987568,153.088805,-2.13
-26.987576,153.088541,-2.09
-26.987578,153.088277,-2.05
-26.987345,153.090701,-1.98
-26.987350,153.090557,-2.02
-26.987347,153.090316,-2.05
-26.987350,153.090066,-2.09
-26.987344,153.089809,-2.10
-26.987349,153.089552,-2.12
-26.987349,153.089314,-2.12
-26.987345,153.089059,-2.10
-26.987348,153.088793,-2.09
-26.987346,153.088503,-2.06
-26.987346,153.088264,-2.06
-26.987124,153.090696,-1.95
-26.987125,153.090550,-1.97
-26.987125,153.090315,-2.02
-26.987124,153.090060,-2.08
-26.987123,153.089796,-2.11
-26.987120,153.089556,-2.12
-26.987121,153.089314,-2.12
-26.987124,153.089056,-2.12
-26.987123,153.088776,-2.10
-26.987127,153.088541,-2.09
-26.987123,153.088305,-2.10
-26.992743,153.085667,-1.13
-26.992225,153.083175,-0.85
-26.992272,153.083804,-0.89
-26.992306,153.084049,-0.83
-26.992321,153.084015,-1.27
-26.992321,153.084029,-1.43
-26.992323,153.083760,-1.06
-26.992321,153.083248,-0.90
-26.992322,153.083277,-0.96
-26.992446,153.084789,-1.02
-26.992547,153.084782,-1.33
-26.992547,153.084267,-1.18
-26.992547,153.084286,-1.30
-26.992548,153.084027,-1.11
-26.992547,153.083515,-0.96
-26.992547,153.083532,-1.03
-26.992550,153.083258,-0.90
-26.992772,153.085056,-1.20
-26.992774,153.085296,-1.20
-26.992777,153.085547,-1.22
-26.992775,153.085029,-1.20
-26.992773,153.084781,-1.21
-26.992772,153.084236,-1.13
-26.992773,153.084284,-1.18
-26.992775,153.084027,-1.09
-26.992773,153.083773,-1.02
-26.992773,153.083370,-0.94
-26.992778,153.083270,-0.88
-26.992997,153.085589,-1.15
-26.992999,153.085540,-1.16
-26.992998,153.084859,-1.17
-26.993000,153.085057,-1.17
-26.993001,153.084782,-1.17
-26.992998,153.084115,-1.12
-26.993000,153.084283,-1.15
-26.993002,153.084027,-1.07
-26.992999,153.083773,-0.99
-26.992999,153.083378,-0.91
-26.993004,153.083272,-0.83
-26.993223,153.085600,-1.13
-26.993224,153.085538,-1.13
-26.993223,153.084910,-1.12
-26.993225,153.085038,-1.13
-26.993226,153.084778,-1.12
-26.993224,153.084229,-1.10
-26.993225,153.084287,-1.13
-26.993226,153.084025,-1.05
-26.993224,153.083525,-0.88
-26.993224,153.083534,-0.96
-26.993450,153.085660,-1.09
-26.993449,153.085181,-1.07
-26.993451,153.085291,-1.08
-26.993450,153.085035,-1.05
-26.993449,153.084651,-1.03
-26.993451,153.084531,-1.03
-26.993450,153.084115,-1.04
-26.993452,153.084027,-1.02
-26.993450,153.083593,-0.94
-26.993455,153.083521,-0.84
-26.993676,153.085666,-1.03
-26.993674,153.085540,-1.01
-26.993675,153.085176,-1.00
-26.993675,153.085035,-0.97
-26.993675,153.084698,-0.94
-26.993676,153.084503,-0.92
-26.993675,153.084208,-0.91
-26.993677,153.084007,-0.91
-26.993676,153.083677,-0.88
-26.993678,153.083525,-0.77
-26.993900,153.085315,-0.92
-26.993904,153.085545,-0.94
-26.993903,153.085284,-0.91
-26.994128,153.085546,-0.85
-26.994105,153.082834,-0.77
-26.994132,153.082873,-0.99
-26.994245,153.083027,-0.92
-26.994353,153.083097,-1.04
-26.994360,153.083022,-1.14
-26.994583,153.083019,-1.15
-26.994589,153.083532,-1.00
-26.994807,153.083526,-1.20
-26.994806,153.083274,-1.22
-26.994805,153.083022,-1.18
-26.994853,153.084037,-1.00
-26.995030,153.084067,-1.18
-26.995035,153.084538,-0.95
-26.995034,153.084026,-1.21
-26.995034,153.083771,-1.20
-26.995034,153.083519,-1.22
-26.995033,153.083240,-1.22
-26.995033,153.083022,-1.15
-26.995151,153.084822,-0.93
-26.995256,153.083364,-1.24
-26.995256,153.083536,-1.25
-26.995256,153.083788,-1.27
-26.995257,153.084052,-1.25
-26.995257,153.084287,-1.23
-26.995257,153.084536,-1.15
-26.995258,153.084803,-1.08
-26.995262,153.083274,-1.22
-26.995262,153.083017,-1.11
-26.995483,153.082980,-1.15
-26.995483,153.083032,-1.21
-26.995483,153.083299,-1.21
-26.995483,153.083528,-1.24
-26.995483,153.083781,-1.27
-26.995482,153.084068,-1.27
-26.995482,153.084294,-1.23
-26.995482,153.084538,-1.21
-26.995482,153.084790,-1.22
-26.995482,153.085041,-1.18
-26.995707,153.084277,-1.27
-26.995708,153.084020,-1.25
-26.995709,153.083755,-1.23
-26.995709,153.083526,-1.20
-26.995711,153.083265,-1.15
-26.995712,153.083020,-1.06
-26.995711,153.084283,-1.27
-26.995710,153.084561,-1.27
-26.995710,153.084796,-1.26
-26.995709,153.085048,-1.20
-26.995709,153.085303,-1.13
-26.995708,153.085562,-1.18
-26.995933,153.082717,-1.05
-26.995933,153.082501,-0.95
-26.995931,153.082267,-0.93
-26.995929,153.082007,-0.94
-26.995933,153.081739,-0.87
-26.995912,153.081510,-0.73
-26.995707,153.082742,-1.10
-26.995705,153.082517,-1.01
-26.995707,153.082261,-0.98
-26.995708,153.081954,-0.99
-26.995707,153.081755,-0.94
-26.995705,153.081510,-0.85
-26.995481,153.082716,-1.13
-26.995480,153.082517,-1.09
-26.995482,153.082228,-1.02
-26.995480,153.082013,-1.00
-26.995482,153.081726,-0.97
-26.995479,153.081508,-0.92
-26.995256,153.082767,-1.13
-26.995256,153.082470,-1.12
-26.995254,153.082256,-1.06
-26.995256,153.081963,-0.98
-26.995256,153.081752,-0.98
-26.995256,153.081509,-0.97
-26.995257,153.081234,-0.92
-26.995029,153.082763,-1.18
-26.995027,153.082499,-1.16
-26.995029,153.082257,-1.13
-26.995030,153.081969,-1.02
-26.995028,153.081759,-0.98
-26.995031,153.081471,-0.98
-26.995028,153.081259,-0.96
-26.995031,153.080974,-0.90
-26.994803,153.082685,-1.18
-26.994804,153.082434,-1.19
-26.994805,153.082174,-1.16
-26.994805,153.081911,-1.10
-26.994801,153.081761,-1.02
-26.994805,153.081504,-1.01
-26.994805,153.081220,-0.99
-26.994804,153.081003,-0.95
-26.994579,153.082757,-1.16
-26.994579,153.082466,-1.18
-26.994579,153.082175,-1.15
-26.994577,153.082010,-1.12
-26.994579,153.081740,-1.06
-26.994579,153.081449,-1.00
-26.994577,153.081258,-0.98
-26.994576,153.080999,-0.98
-26.994353,153.082733,-1.14
-26.994353,153.082489,-1.18
-26.994353,153.082251,-1.16
-26.994353,153.082004,-1.12
-26.994352,153.081732,-1.08
-26.994352,153.081506,-1.05
-26.994353,153.081257,-0.99
-26.994354,153.080969,-1.01
-26.994127,153.082755,-0.93
-26.994124,153.082479,-1.14
-26.994127,153.082236,-1.12
-26.994127,153.082003,-1.10
-26.994128,153.081716,-1.06
-26.994125,153.081501,-1.05
-26.994128,153.081256,-1.02
-26.994128,153.080996,-1.01
-26.993902,153.082493,-0.88
-26.993899,153.082518,-0.65
-26.993902,153.082229,-0.93
-26.993901,153.081978,-1.04
-26.993902,153.081714,-1.05
-26.993901,153.081481,-1.05
-26.993903,153.081225,-1.03
-26.993903,153.080992,-1.03
-26.993676,153.082112,-0.81
-26.993675,153.082013,-0.92
-26.993675,153.081754,-0.94
-26.993676,153.081510,-1.01
-26.993674,153.081250,-1.03
-26.993677,153.081006,-1.03
-26.993451,153.081824,-0.73
-26.993451,153.081732,-0.79
-26.993450,153.081468,-0.85
-26.993449,153.081257,-0.93
-26.993451,153.081005,-0.99
-26.988257,153.085661,-1.23
-26.988257,153.085532,-1.28
-26.988031,153.085652,-1.26
-26.988027,153.085533,-1.27
-26.988029,153.085282,-1.33
-26.987803,153.085658,-1.26
-26.987800,153.085523,-1.25
-26.987799,153.085283,-1.28
-26.987579,153.085660,-1.25
-26.987575,153.085527,-1.26
-26.987574,153.085282,-1.29
-26.987351,153.085657,-1.25
-26.987354,153.085521,-1.23
-26.987354,153.085275,-1.29
-26.987124,153.085655,-1.36
-26.987127,153.085515,-1.23
-26.987127,153.085280,-1.27
-26.987017,153.084134,-1.27
-26.987017,153.084021,-1.26
-26.987019,153.083767,-1.17
-26.987021,153.083520,-1.02
-26.987022,153.084278,-1.29
-26.987021,153.084537,-1.30
-26.987020,153.084789,-1.31
-26.987129,153.084512,-1.31
-26.987131,153.084271,-1.31
-26.987132,153.084020,-1.17
-26.987133,153.083771,-0.96
-26.987135,153.083519,-0.92
-26.987136,153.084549,-1.32
-26.987135,153.084800,-1.29
-26.987356,153.085032,-1.32
-26.987356,153.084777,-1.36
-26.987356,153.084525,-1.34
-26.987356,153.084275,-1.11
-26.987356,153.084025,-0.96
-26.987581,153.084598,-1.30
-26.987582,153.084785,-1.32
-26.987583,153.084524,-1.13
-26.987581,153.084269,-0.96
-26.987811,153.084788,-1.35
-26.988032,153.084950,-1.03
-26.995930,153.087602,-0.80
-26.995928,153.087521,-0.85
-26.995925,153.086795,-1.06
-26.995930,153.086541,-1.15
-26.995926,153.086294,-1.16
-26.995929,153.086036,-1.20
-26.995704,153.086760,-0.91
-26.995705,153.086541,-0.94
-26.995702,153.086295,-1.02
-26.995705,153.086022,-1.02
-26.995117,153.088303,-0.83
-26.995025,153.088564,-1.03
-26.995027,153.088295,-0.99
-26.995047,153.088060,-0.79
-26.995023,153.088059,-0.95
-26.994980,153.087792,-0.96
-26.994801,153.088562,-1.17
-26.994801,153.088312,-1.14
-26.994801,153.088056,-1.13
-26.994798,153.087807,-1.14
-26.994797,153.087554,-1.07
-26.994788,153.087053,-0.95
-26.994575,153.088522,-1.26
-26.994575,153.088268,-1.26
-26.994574,153.088023,-1.27
-26.994576,153.087801,-1.28
-26.994669,153.086794,-0.82
-26.994574,153.087557,-1.27
-26.994573,153.087305,-1.23
-26.994573,153.087052,-1.16
-26.994572,153.086801,-0.97
-26.994350,153.088547,-1.29
-26.994349,153.088294,-1.29
-26.994349,153.088041,-1.32
-26.994350,153.087787,-1.36
-26.994349,153.087545,-1.38
-26.994350,153.087283,-1.38
-26.994350,153.087038,-1.31
-26.994351,153.086779,-1.19
-26.994344,153.086548,-1.04
-26.994124,153.088498,-1.33
-26.994124,153.088263,-1.31
-26.994124,153.088024,-1.34
-26.994124,153.087785,-1.38
-26.994124,153.087542,-1.40
-26.994124,153.087304,-1.39
-26.994121,153.087048,-1.35
-26.994121,153.086799,-1.32
-26.993898,153.088632,-0.99
-26.994122,153.086548,-1.19
-26.993898,153.088552,-1.34
-26.994123,153.086291,-1.03
-26.993898,153.088313,-1.33
-26.994123,153.086045,-0.95
-26.993897,153.088056,-1.31
-26.993899,153.087803,-1.36
-26.993898,153.087520,-1.39
-26.993898,153.087278,-1.32
-26.993899,153.087030,-1.33
-26.993899,153.086789,-1.31
-26.993893,153.086549,-1.19
-26.993899,153.086294,-1.10
-26.993670,153.088312,-1.31
-26.993899,153.086039,-1.05
-26.993671,153.088057,-1.35
-26.993673,153.087808,-1.39
-26.993669,153.087553,-1.40
-26.993671,153.087300,-1.37
-26.993672,153.087023,-1.34
-26.993673,153.086785,-1.26
-26.993671,153.086547,-1.22
-26.993669,153.086289,-1.13
-26.993669,153.086024,-1.09
-26.993446,153.088060,-1.29
-26.993446,153.087794,-1.32
-26.993447,153.087554,-1.33
-26.993442,153.087284,-1.34
-26.993447,153.087020,-1.34
-26.993447,153.086800,-1.23
-26.993446,153.086548,-1.26
-26.993446,153.086293,-1.18
-26.993446,153.086027,-1.11
-26.993221,153.087775,-1.32
-26.993221,153.087556,-1.40
-26.993221,153.087302,-1.35
-26.993219,153.087048,-1.30
-26.993218,153.086800,-1.30
-26.993217,153.086547,-1.19
-26.993222,153.086290,-1.17
-26.993222,153.086035,-1.14
-26.992996,153.087265,-1.13
-26.992996,153.087049,-1.08
-26.992996,153.086783,-1.09
-26.992994,153.086546,-1.28
-26.992995,153.086278,-1.28
-26.992992,153.086044,-1.22
-26.992770,153.086583,-0.77
-26.992765,153.086545,-0.91
-26.992770,153.086297,-0.99
-26.992771,153.086041,-1.04
-26.989501,153.088548,-0.85
-26.989158,153.088035,-1.00
-26.989158,153.087765,-1.02
-26.988932,153.088251,-1.14
-26.988933,153.087993,-1.07
-26.988932,153.087802,-1.10
-26.988931,153.087552,-1.04
-26.988930,153.087296,-1.04
-26.988929,153.087046,-1.07
-26.988705,153.088055,-1.12
-26.988706,153.087801,-1.15
-26.988707,153.087535,-1.15
-26.988708,153.087271,-1.10
-26.988707,153.087012,-1.12
-26.988708,153.086797,-1.14
-26.988706,153.086292,-1.05
-26.988480,153.088044,-1.21
-26.988481,153.087802,-1.20
-26.988478,153.087550,-1.24
-26.988482,153.087296,-1.24
-26.988479,153.087036,-1.18
-26.988480,153.086791,-1.17
-26.988480,153.086544,-1.16
-26.988482,153.086291,-1.13
-26.988482,153.086029,-1.15
-26.988255,153.087992,-1.24
-26.988256,153.087760,-1.21
-26.988256,153.087535,-1.26
-26.988254,153.087297,-1.27
-26.988256,153.087001,-1.27
-26.988256,153.086775,-1.23
-26.988253,153.086539,-1.24
-26.988256,153.086290,-1.23
-26.988257,153.086025,-1.24
-26.987807,153.088044,-1.47
-26.988030,153.087748,-1.35
-26.988030,153.087526,-1.24
-26.988028,153.087296,-1.25
-26.988030,153.087018,-1.28
-26.988027,153.086792,-1.28
-26.988031,153.086498,-1.25
-26.988031,153.086286,-1.24
-26.988029,153.086041,-1.24
-26.987643,153.087904,-1.79
-26.987804,153.087788,-1.47
-26.987803,153.087551,-1.38
-26.987802,153.087279,-1.31
-26.987804,153.087033,-1.27
-26.987802,153.086790,-1.27
-26.987805,153.086528,-1.26
-26.987805,153.086258,-1.22
-26.987804,153.086024,-1.23
-26.987575,153.088053,-2.04
-26.987553,153.087804,-1.97
-26.987459,153.087550,-1.86
-26.987365,153.087291,-1.77
-26.987577,153.087047,-1.35
-26.987577,153.086789,-1.30
-26.987577,153.086538,-1.24
-26.987577,153.086277,-1.22
-26.987576,153.086030,-1.24
-26.987342,153.088030,-2.06
-26.987352,153.087802,-2.09
-26.987351,153.087551,-2.13
-26.987351,153.087298,-2.11
-26.987208,153.087047,-1.86
-26.987351,153.086744,-1.45
-26.987353,153.086514,-1.36
-26.987353,153.086275,-1.28
-26.987354,153.086014,-1.23
-26.987118,153.088053,-2.13
-26.987127,153.087798,-2.20
-26.987125,153.087549,-2.23
-26.987127,153.087268,-2.20
-26.987126,153.087026,-2.17
-26.987102,153.086795,-2.05
-26.987070,153.086540,-1.77
-26.987126,153.086038,-1.41
-26.986900,153.090698,-1.92
-26.986899,153.090574,-1.94
-26.986899,153.090307,-1.99
-26.986897,153.090066,-2.08
-26.986899,153.089812,-2.13
-26.986897,153.089567,-2.15
-26.986893,153.089314,-2.13
-26.986898,153.089060,-2.12
-26.986900,153.088802,-2.11
-26.986900,153.088550,-2.12
-26.986901,153.088306,-2.21
-26.986672,153.090681,-1.89
-26.986670,153.090565,-1.91
-26.986671,153.090311,-1.96
-26.986674,153.090063,-2.04
-26.986675,153.089055,-2.12
-26.986675,153.088804,-2.12
-26.986673,153.088551,-2.11
-26.986674,153.088308,-2.14
-26.986445,153.090700,-1.87
-26.986445,153.090573,-1.90
-26.986447,153.090318,-1.94
-26.986448,153.090067,-2.04
-26.986449,153.089059,-2.19
-26.986447,153.088810,-2.12
-26.986448,153.088532,-2.11
-26.986445,153.088303,-2.11
-26.986222,153.090676,-1.88
-26.986221,153.090572,-1.86
-26.986221,153.090319,-1.91
-26.986222,153.088526,-2.14
-26.986221,153.088305,-2.10
-26.985996,153.090693,-1.91
-26.985995,153.090570,-1.85
-26.985996,153.090315,-1.89
-26.985992,153.089565,-2.19
-26.985997,153.089304,-1.99
-26.985994,153.089062,-1.99
-26.985993,153.088811,-2.02
-26.985767,153.090678,-1.91
-26.985769,153.090563,-1.89
-26.985769,153.090321,-1.85
-26.985998,153.088048,-2.06
-26.985771,153.090045,-1.89
-26.985771,153.089559,-2.00
-26.985766,153.089307,-1.93
-26.985770,153.089049,-1.95
-26.985769,153.088810,-1.96
-26.985772,153.088558,-1.96
-26.985534,153.090645,-1.95
-26.985765,153.088054,-2.02
-26.985541,153.090474,-1.91
-26.985539,153.090321,-1.89
-26.985544,153.090058,-1.87
-26.985539,153.089817,-1.90
-26.985544,153.089555,-1.91
-26.985545,153.089311,-1.93
-26.985543,153.089058,-1.94
-26.985534,153.088792,-1.96
-26.985546,153.088549,-1.95
-26.985533,153.088304,-1.96
-26.985289,153.090577,-1.90
-26.985313,153.090451,-1.92
-26.985547,153.088029,-1.99
-26.985311,153.090299,-1.90
-26.985320,153.090057,-1.87
-26.985318,153.089786,-1.89
-26.985315,153.089555,-1.90
-26.985321,153.089309,-1.91
-26.985320,153.089053,-1.94
-26.985318,153.088803,-1.96
-26.985313,153.088547,-1.97
-26.985317,153.088306,-1.97
-26.985077,153.090623,-1.86
-26.985089,153.090514,-1.86
-26.985315,153.088039,-2.11
-26.985088,153.090127,-1.91
-26.985092,153.090047,-1.88
-26.985091,153.089781,-1.86
-26.985092,153.089566,-1.87
-26.985091,153.089313,-1.88
-26.985090,153.089060,-1.89
-26.985093,153.088774,-1.93
-26.985072,153.088539,-1.94
-26.985087,153.088283,-1.96
-26.984868,153.090562,-1.11
-26.984866,153.090577,-1.03
-26.985089,153.088035,-1.99
-26.984867,153.090180,-1.84
-26.984864,153.090047,-1.87
-26.984851,153.089815,-1.90
-26.984856,153.089523,-1.83
-26.984861,153.089280,-1.86
-26.984869,153.089041,-1.84
-26.984867,153.088608,-1.76
-26.984860,153.088458,-1.90
-26.984869,153.088214,-1.96
-26.984851,153.088047,-2.00
-26.984643,153.090264,-1.10
-26.984640,153.089935,-1.85
-26.984639,153.089780,-1.88
-26.984636,153.089533,-1.95
-26.984627,153.089297,-1.90
-26.984639,153.089057,-1.94
-26.984494,153.088674,-1.79
-26.984629,153.088310,-1.89
-26.984633,153.088201,-1.92
-26.984387,153.090696,-1.05
-26.984642,153.088003,-1.95
-26.984413,153.089820,-0.97
-26.984322,153.089726,-2.00
-26.984326,153.090570,-1.00
-26.984328,153.089560,-1.95
-26.984355,153.089213,-1.97
-26.984381,153.088856,-1.86
-26.984417,153.088601,-1.87
-26.984418,153.088547,-1.89
-26.984189,153.090647,-1.14
-26.984418,153.088292,-2.00
-26.984191,153.090519,-1.08
-26.984418,153.088053,-2.08
-26.984149,153.090318,-1.04
-26.984186,153.089578,-0.99
-26.984188,153.089554,-1.05
-26.984064,153.089106,-1.86
-26.984129,153.088830,-1.86
-26.984146,153.088779,-1.86
-26.984187,153.088347,-1.87
-26.983845,153.090618,-2.14
-26.984023,153.090040,-0.99
-26.984185,153.088184,-1.90
-26.983964,153.090572,-1.30
-26.983965,153.090274,-1.23
-26.983966,153.090061,-1.17
-26.983943,153.089817,-1.13
-26.983966,153.089095,-1.05
-26.983966,153.089002,-1.04
-26.983856,153.089563,-1.11
-26.983960,153.088252,-1.18
-26.983674,153.090635,-2.03
-26.983961,153.088018,-1.86
-26.983667,153.090421,-1.92
-26.983548,153.090280,-1.92
-26.983681,153.089883,-2.04
-26.983835,153.088760,-1.01
-26.983649,153.089726,-1.85
-26.983830,153.088556,-0.97
-26.983738,153.089558,-1.27
-26.983740,153.089312,-1.22
-26.983578,153.089010,-1.91
-26.983605,153.088605,-1.85
-26.983651,153.088486,-1.86
-26.983493,153.090595,-1.93
-26.983509,153.090531,-1.94
-26.983502,153.090317,-1.90
-26.983497,153.090035,-1.86
-26.983429,153.089800,-1.85
-26.983409,153.089548,-1.88
-26.983409,153.089280,-1.90
-26.983382,153.089054,-1.86
-26.983433,153.088774,-1.94
-26.983508,153.088538,-1.64
-26.983511,153.088305,-1.29
-26.983285,153.090662,-1.90
-26.983277,153.090569,-1.95
-26.983283,153.090312,-1.90
-26.983286,153.090063,-1.90
-26.983283,153.089807,-1.92
-26.983287,153.089554,-1.89
-26.983277,153.089310,-1.88
-26.983288,153.089043,-1.86
-26.983285,153.088742,-1.89
-26.983269,153.088411,-1.92
-26.983103,153.088292,-1.86
-26.983062,153.090691,-1.92
-26.983059,153.090561,-1.93
-26.983058,153.090313,-1.94
-26.983056,153.090067,-1.97
-26.983061,153.089810,-2.00
-26.983062,153.089557,-1.98
-26.983058,153.089304,-1.94
-26.983059,153.089051,-1.90
-26.983051,153.088795,-1.85
-26.983039,153.088526,-1.88
-26.983046,153.088195,-1.82
-26.983037,153.087851,-1.88
-26.982829,153.090696,-1.96
-26.982834,153.090565,-1.96
-26.982833,153.090301,-1.97
-26.982837,153.090038,-2.00
-26.982828,153.089784,-2.05
-26.982836,153.089563,-2.07
-26.982832,153.089310,-2.02
-26.982836,153.089059,-1.96
-26.982835,153.088806,-1.89
-26.982836,153.088500,-1.85
-26.982833,153.088303,-1.91
-26.982679,153.088045,-1.72
-26.982610,153.090693,-2.00
-26.982606,153.090568,-1.98
-26.982609,153.090301,-2.00
-26.982606,153.090060,-1.99
-26.982609,153.089809,-2.06
-26.982611,153.089557,-2.14
-26.982609,153.089055,-2.10
-26.982608,153.088804,-1.96
-26.982611,153.088555,-1.86
-26.982608,153.088230,-1.92
-26.982594,153.088006,-1.90
-26.982495,153.087620,-2.00
-26.978093,153.090687,-2.21
-26.978321,153.090654,-2.18
-26.978476,153.090629,-2.22
-26.979204,153.090639,-2.21
-26.979446,153.090643,-2.19
-26.979676,153.090692,-2.11
-26.979901,153.090696,-2.06
-26.980124,153.090673,-2.06
-26.980350,153.090666,-2.09
-26.982384,153.090695,-2.03
-26.982379,153.090571,-1.99
-26.982376,153.090315,-2.01
-26.982382,153.090048,-1.99
-26.982382,153.089804,-2.02
-26.982383,153.088808,-2.00
-26.982381,153.088556,-1.86
-26.982383,153.088290,-1.93
-26.982384,153.088026,-1.86
-26.982157,153.090693,-2.06
-26.982156,153.090571,-2.00
-26.982377,153.087788,-1.66
-26.982160,153.090300,-2.00
-26.982147,153.090061,-2.03
-26.982156,153.089796,-2.02
-26.982159,153.089559,-2.16
-26.982158,153.089057,-2.21
-26.982161,153.088806,-1.93
-26.982160,153.088536,-1.85
-26.982151,153.088137,-1.81
-26.982158,153.087995,-1.95
-26.982107,153.087785,-2.05
-26.981932,153.090694,-2.06
-26.981933,153.090563,-2.01
-26.981925,153.090315,-2.01
-26.981925,153.090053,-2.07
-26.981920,153.089766,-2.00
-26.981932,153.089560,-2.09
-26.981934,153.089050,-2.03
-26.981934,153.088806,-1.90
-26.981921,153.088545,-1.84
-26.981932,153.088192,-1.85
-26.981930,153.088010,-1.95
-26.981870,153.087594,-1.99
-26.981708,153.090696,-2.02
-26.981704,153.090566,-1.98
-26.981705,153.090305,-2.02
-26.981699,153.090037,-2.09
-26.981689,153.089815,-2.03
-26.981704,153.089542,-2.00
-26.981705,153.089308,-2.03
-26.981704,153.089056,-1.93
-26.981707,153.088800,-1.87
-26.981706,153.088492,-2.01
-26.981693,153.088299,-1.82
-26.981669,153.087911,-1.74
-26.981696,153.087785,-1.25
-26.981481,153.090693,-2.02
-26.981481,153.090548,-1.99
-26.981479,153.090310,-1.98
-26.981479,153.090046,-2.01
-26.981477,153.089812,-2.03
-26.981480,153.089525,-1.95
-26.981480,153.089299,-1.90
-26.981480,153.089041,-2.10
-26.981481,153.088759,-1.98
-26.981479,153.088540,-1.95
-26.981477,153.088302,-1.91
-26.981483,153.088022,-1.75
-26.981460,153.087739,-1.61
-26.981254,153.090687,-2.03
-26.981256,153.090551,-2.01
-26.981255,153.090309,-1.98
-26.981250,153.090023,-1.96
-26.981225,153.089813,-1.99
-26.981248,153.089543,-2.02
-26.981244,153.089301,-2.14
-26.981251,153.089045,-2.06
-26.981250,153.088806,-1.98
-26.981253,153.088530,-1.95
-26.981134,153.088291,-1.74
-26.981258,153.087754,-1.21
-26.981014,153.090695,-2.03
-26.981026,153.090566,-2.00
-26.981029,153.090310,-1.95
-26.981026,153.090048,-1.93
-26.981022,153.089807,-2.00
-26.981028,153.089534,-1.99
-26.981022,153.089269,-1.96
-26.981032,153.088954,-2.00
-26.981030,153.088751,-1.99
-26.981024,153.088545,-2.00
-26.981013,153.088242,-1.93
-26.981000,153.087961,-1.96
-26.980797,153.090561,-1.96
-26.980799,153.090689,-2.05
-26.980805,153.090301,-1.93
-26.980802,153.090041,-1.97
-26.980798,153.089764,-2.02
-26.980790,153.089557,-2.05
-26.980798,153.089283,-2.03
-26.980776,153.089023,-2.00
-26.980783,153.088796,-1.95
-26.980791,153.088541,-1.66
-26.980764,153.088259,-1.62
-26.980807,153.088029,-1.36
-26.980635,153.087572,-1.99
-26.980578,153.090688,-2.06
-26.980569,153.090559,-1.95
-26.980579,153.090311,-1.99
-26.980572,153.090064,-2.01
-26.980575,153.089772,-2.07
-26.980572,153.089520,-2.01
-26.980568,153.089306,-2.01
-26.980578,153.089046,-2.04
-26.980567,153.088806,-2.02
-26.980430,153.088505,-1.64
-26.980398,153.088262,-1.63
-26.980540,153.087949,-1.79
-26.980461,153.087753,-1.83
-26.980346,153.090551,-2.03
-26.980352,153.090298,-2.03
-26.980349,153.090027,-2.02
-26.980342,153.089772,-2.06
-26.980348,153.089433,-2.06
-26.980325,153.089310,-2.08
-26.980347,153.089021,-2.08
-26.980353,153.088783,-2.04
-26.980181,153.088338,-1.60
-26.980148,153.088057,-2.06
-26.980337,153.087804,-1.93
-26.980356,153.087659,-1.90
-26.980119,153.090564,-2.08
-26.980116,153.090277,-2.01
-26.980110,153.090002,-2.05
-26.980115,153.089765,-2.12
-26.980035,153.089537,-2.06
-26.979923,153.089135,-2.09
-26.979909,153.089004,-1.98
-26.979910,153.088573,-2.02
-26.980012,153.088323,-1.97
-26.980125,153.088065,-1.86
-26.980125,153.088050,-1.86
-26.980129,153.087778,-1.92
-26.979901,153.090567,-2.08
-26.979777,153.090309,-2.04
-26.979900,153.090057,-2.02
-26.979900,153.089814,-2.02
-26.979878,153.089400,-2.08
-26.979890,153.089080,-2.05
-26.980128,153.087545,-2.16
-26.979853,153.089057,-2.03
-26.979893,153.088776,-1.97
-26.979898,153.088553,-1.88
-26.979895,153.088191,-1.93
-26.979901,153.088016,-1.93
-26.979901,153.087798,-2.00
-26.979901,153.087545,-2.09
-26.979672,153.090558,-2.08
-26.979653,153.090311,-2.00
-26.979676,153.090063,-2.04
-26.979645,153.089793,-2.07
-26.979644,153.089539,-2.06
-26.979664,153.089221,-2.02
-26.979668,153.088984,-1.92
-26.979668,153.088766,-1.91
-26.979675,153.088554,-2.10
-26.979675,153.088301,-2.15
-26.979677,153.088041,-2.10
-26.979672,153.087794,-2.16
-26.979447,153.090497,-2.11
-26.979425,153.090307,-1.99
-26.979241,153.089827,-1.93
-26.979241,153.089810,-1.95
-26.979445,153.089526,-1.98
-26.979395,153.089209,-1.89
-26.979392,153.089003,-1.86
-26.979451,153.088751,-1.92
-26.979446,153.088552,-2.04
-26.979450,153.088301,-2.15
-26.979450,153.088049,-2.17
-26.979450,153.087795,-2.17
-26.979223,153.088803,-1.99
-26.979223,153.088549,-2.06
-26.979225,153.088294,-2.17
-26.979224,153.088050,-2.19
-26.979225,153.087797,-2.21
-26.978994,153.088552,-2.23
-26.978999,153.088047,-2.23
-26.979001,153.087789,-2.21
-26.986903,153.085513,-1.32
-26.986902,153.085266,-1.27
-26.986549,153.085532,-1.57
-26.986677,153.085284,-1.41
-26.986000,153.085558,-2.23
-26.985774,153.085541,-2.17
-26.985773,153.085292,-2.20
-26.985472,153.085663,-2.14
-26.985549,153.085315,-2.13
-26.985549,153.085053,-2.17
-26.985549,153.084793,-2.19
-26.985179,153.085650,-2.13
-26.985321,153.085312,-2.13
-26.985322,153.085070,-2.12
-26.985322,153.084814,-2.13
-26.985094,153.085562,-2.13
-26.985097,153.085289,-2.12
-26.985089,153.085058,-2.12
-26.985093,153.084846,-2.13
-26.984869,153.085537,-2.14
-26.984871,153.085300,-2.13
-26.984865,153.085063,-2.12
-26.984853,153.084824,-2.14
-26.984645,153.085543,-2.15
-26.984645,153.085326,-2.14
-26.984642,153.085098,-2.14
-26.984632,153.084827,-2.16
-26.984410,153.085541,-2.16
-26.984416,153.085284,-2.15
-26.984418,153.085038,-2.15
-26.984420,153.084863,-2.14
-26.984194,153.085561,-2.18
-26.984194,153.085288,-2.17
-26.984195,153.085048,-2.16
-26.984194,153.084804,-2.14
-26.983968,153.085553,-2.22
-26.983968,153.085308,-2.19
-26.983969,153.085041,-2.18
-26.983966,153.084784,-2.16
-26.983742,153.085282,-2.23
-26.983742,153.085055,-2.21
-26.983743,153.084781,-2.18
-26.983517,153.085544,-2.24
-26.983517,153.085294,-2.23
-26.983291,153.085548,-2.16
-26.983291,153.085303,-2.22
-26.983063,153.085551,-2.12
-26.983066,153.085307,-2.14
-26.983066,153.085037,-2.19
-26.983066,153.084789,-2.23
-26.982838,153.085540,-2.13
-26.982840,153.085315,-2.13
-26.982783,153.085173,-2.13
-26.982840,153.084792,-2.19
-26.982840,153.084542,-2.18
-26.982612,153.085538,-2.10
-26.982612,153.085290,-2.12
-26.982612,153.085040,-2.12
-26.982614,153.084815,-2.14
-26.982607,153.084607,-2.15
-26.982612,153.082001,-2.10
-26.982615,153.082258,-2.11
-26.982607,153.082506,-2.10
-26.982612,153.082756,-2.11
-26.982615,153.082918,-2.12
-26.982616,153.083041,-2.13
-26.982614,153.083295,-2.14
-26.982614,153.083559,-2.16
-26.982402,153.084524,-2.15
-26.982825,153.082477,-2.03
-26.982841,153.082707,-2.06
-26.982841,153.082939,-2.07
-26.982839,153.083044,-2.09
-26.982838,153.083267,-2.12
-26.982841,153.083518,-2.15
-26.982838,153.083778,-2.19
-26.982840,153.084041,-2.18
-26.982616,153.084518,-2.17
-26.982833,153.082254,-2.02
-26.982840,153.082005,-2.02
-26.983067,153.084052,-2.18
-26.983064,153.083783,-2.15
-26.983066,153.083594,-2.11
-26.983066,153.083273,-2.08
-26.983066,153.082416,-1.96
-26.983066,153.082761,-2.00
-26.983064,153.082983,-2.03
-26.983066,153.083038,-2.07
-26.983066,153.082254,-1.94
-26.983056,153.081990,-1.93
-26.983292,153.083548,-2.08
-26.983291,153.083783,-2.12
-26.983292,153.084027,-2.14
-26.983292,153.083309,-2.05
-26.983290,153.083017,-2.01
-26.983291,153.083013,-1.98
-26.983230,153.082432,-1.87
-26.983286,153.082654,-1.91
-26.983292,153.082236,-1.84
-26.983289,153.081823,-1.78
-26.983517,153.084549,-2.22
-26.983517,153.084297,-2.13
-26.983412,153.084041,-2.11
-26.983518,153.083562,-2.07
-26.983515,153.083779,-2.09
-26.983517,153.083274,-2.00
-26.983394,153.083030,-1.96
-26.983508,153.082876,-1.94
-26.983493,153.082721,-1.82
-26.983477,153.082295,-1.79
-26.983516,153.082218,-1.91
-26.983514,153.081964,-1.89
-26.983743,153.084558,-2.17
-26.983741,153.084302,-2.14
-26.983742,153.084036,-2.12
-26.983743,153.083283,-2.00
-26.983743,153.083554,-2.05
-26.983743,153.083796,-2.10
-26.983712,153.083037,-1.93
-26.983726,153.082965,-1.93
-26.983744,153.082630,-1.85
-26.983737,153.082258,-1.91
-26.983744,153.082510,-1.87
-26.983738,153.082006,-1.88
-26.983967,153.084546,-2.14
-26.983968,153.084327,-2.13
-26.983771,153.083954,-2.12
-26.983966,153.084176,-2.17
-26.983969,153.083522,-2.07
-26.983967,153.083312,-2.01
-26.983952,153.083079,-1.96
-26.983965,153.082762,-1.99
-26.983964,153.082997,-1.97
-26.983970,153.082508,-1.95
-26.983967,153.082249,-1.94
-26.983954,153.082002,-1.96
-26.984092,153.084632,-2.13
-26.984185,153.084472,-2.14
-26.984195,153.083808,-2.15
-26.984029,153.084208,-2.17
-26.984194,153.083551,-2.08
-26.984195,153.083289,-2.04
-26.984196,153.082976,-2.05
-26.984192,153.083127,-2.02
-26.984191,153.082508,-2.02
-26.984189,153.082251,-1.98
-26.984180,153.082000,-1.99
-26.984264,153.084649,-2.13
-26.984416,153.083861,-2.19
-26.984421,153.084132,-2.15
-26.984420,153.084311,-2.17
-26.984407,153.083534,-2.10
-26.984420,153.083293,-2.10
-26.984422,153.083130,-2.08
-26.984422,153.082503,-2.12
-26.984420,153.082256,-2.03
-26.984415,153.082006,-2.05
-26.984645,153.084164,-2.14
-26.984625,153.084352,-2.14
-26.984645,153.084646,-2.17
-26.984637,153.083772,-2.23
-26.984646,153.083570,-2.13
-26.984643,153.083324,-2.10
-26.984640,153.083153,-2.12
-26.984644,153.082490,-2.14
-26.984641,153.082234,-2.23
-26.984870,153.082510,-2.24
-26.984872,153.083575,-2.14
-26.984871,153.083283,-2.14
-26.984835,153.083907,-2.14
-26.984868,153.084048,-2.14
-26.984871,153.084276,-2.14
-26.984856,153.084559,-2.14
-26.985095,153.082256,-2.06
-26.985095,153.083307,-2.12
-26.985098,153.083559,-2.11
-26.985097,153.083807,-2.15
-26.984930,153.084116,-2.17
-26.985098,153.084317,-2.14
-26.985089,153.084579,-2.15
-26.985117,153.082260,-1.57
-26.985324,153.083273,-2.19
-26.985324,153.083779,-2.18
-26.985321,153.083524,-2.13
-26.985322,153.084294,-2.19
-26.985321,153.084546,-2.14
-26.985416,153.082511,-1.89
-26.985550,153.083544,-2.16
-26.985548,153.083774,-2.21
-26.985551,153.082245,-0.98
-26.985552,153.082279,-1.03
-26.985624,153.082989,-1.87
-26.985775,153.083526,-2.24
-26.985776,153.082731,-1.07
-26.985777,153.082510,-1.02
-26.985777,153.082247,-0.99
-26.985778,153.082767,-1.11
-26.986002,153.083263,-1.10
-26.986002,153.083011,-1.09
-26.986002,153.082764,-1.07
-26.986002,153.082507,-1.03
-26.986002,153.082233,-0.97
-26.986227,153.083860,-1.27
-26.986227,153.083755,-1.24
-26.986227,153.083520,-1.16
-26.986228,153.083267,-1.06
-26.986228,153.083011,-1.05
-26.986228,153.082764,-1.02
-26.986229,153.082511,-0.97
-26.986229,153.082256,-0.86
-26.986232,153.084033,-1.31
-26.986343,153.085009,-1.63
-26.986454,153.082263,-0.90
-26.986454,153.082514,-0.97
-26.986454,153.082769,-1.01
-26.986454,153.083021,-1.04
-26.986453,153.083278,-1.12
-26.986453,153.083523,-1.21
-26.986453,153.083773,-1.22
-26.986453,153.085028,-1.38
-26.986454,153.084776,-1.34
-26.986455,153.084512,-1.28
-26.986456,153.084270,-1.24
-26.986679,153.082898,-0.95
-26.986680,153.082765,-0.89
-26.986681,153.083024,-1.00
-26.986680,153.083275,-1.11
-26.986679,153.083523,-1.19
-26.986678,153.084509,-1.26
-26.986679,153.084255,-1.26
-26.986681,153.084015,-1.24
-26.986683,153.084531,-1.31
-26.986682,153.084789,-1.32
-26.986227,153.082005,-0.84
-26.986002,153.081921,-0.93
-26.986002,153.081661,-0.87
-26.985776,153.081934,-0.96
-26.985776,153.081690,-0.91
-26.985777,153.081458,-0.87
-26.985551,153.081959,-0.98
-26.985551,153.081708,-0.96
-26.985551,153.081451,-0.91
-26.985550,153.081215,-0.84
-26.985325,153.081993,-1.02
-26.985325,153.081729,-1.01
-26.985325,153.081445,-0.93
-26.985325,153.081252,-0.90
-26.985099,153.081684,-1.09
-26.985099,153.081492,-1.01
-26.985099,153.081219,-0.94
-26.985100,153.080946,-0.88
-26.984872,153.081689,-1.16
-26.984873,153.081470,-1.13
-26.984873,153.081236,-0.97
-26.984872,153.080995,-0.95
-26.984648,153.081451,-1.20
-26.984648,153.081227,-1.07
-26.984648,153.080995,-1.00
-26.984422,153.081468,-1.24
-26.984422,153.081189,-1.19
-26.984422,153.080995,-1.08
-26.984196,153.081752,-2.10
-26.984197,153.081251,-1.24
-26.984195,153.080995,-1.18
-26.983963,153.081734,-2.18
-26.983874,153.081056,-1.40
-26.983882,153.080993,-1.79
-26.983741,153.081502,-1.81
-26.983743,153.081011,-1.26
-26.983742,153.080997,-1.78
-26.983518,153.081754,-1.87
-26.983517,153.081500,-1.79
-26.983298,153.081028,-1.26
-26.983520,153.080809,-1.25
-26.983290,153.081736,-1.94
-26.983280,153.081501,-1.85
-26.983270,153.081209,-1.51
-26.983071,153.080779,-1.35
-26.983059,153.081735,-1.95
-26.983065,153.081501,-1.91
-26.983067,153.081242,-1.75
-26.982866,153.080904,-1.55
-26.982833,153.081751,-2.01
-26.982841,153.081500,-2.03
-26.982837,153.081249,-2.08
-26.982826,153.080946,-1.86
-26.982603,153.081741,-2.08
-26.982612,153.081499,-2.06
-26.982616,153.081250,-2.09
-26.982614,153.080993,-2.23
-26.982388,153.085544,-2.06
-26.982388,153.085292,-2.09
-26.982389,153.085039,-2.11
-26.982387,153.084820,-2.12
-26.982387,153.084561,-2.14
-26.982161,153.085623,-2.04
-26.982163,153.085322,-2.06
-26.982161,153.085031,-2.11
-26.982120,153.084824,-2.13
-26.981974,153.084639,-2.14
-26.981936,153.085565,-2.03
-26.981935,153.085316,-2.06
-26.981932,153.085053,-2.12
-26.981874,153.084937,-2.19
-26.981916,153.084768,-2.18
-26.981706,153.085543,-2.04
-26.981710,153.085290,-2.06
-26.981710,153.085054,-2.10
-26.981509,153.085009,-2.14
-26.981627,153.084690,-2.18
-26.981484,153.085551,-2.05
-26.981485,153.085315,-2.08
-26.981485,153.085069,-2.11
-26.981292,153.084962,-2.12
-26.981474,153.084731,-2.17
-26.981207,153.085706,-2.05
-26.981183,153.085497,-2.09
-26.981227,153.085172,-2.14
-26.981217,153.084891,-2.16
-26.981131,153.084645,-2.14
-26.981031,153.085544,-2.09
-26.981022,153.085467,-2.10
-26.980950,153.085184,-2.19
-26.980992,153.084982,-2.15
-26.981030,153.084616,-2.15
-26.980809,153.085547,-2.12
-26.980778,153.085361,-2.11
-26.980799,153.085248,-2.22
-26.980730,153.084967,-2.14
-26.980801,153.084719,-2.17
-26.980582,153.085542,-2.16
-26.980581,153.085300,-2.16
-26.980563,153.085156,-2.13
-26.980583,153.084803,-2.19
-26.980583,153.084554,-2.20
-26.980335,153.085783,-2.19
-26.980356,153.085306,-2.18
-26.980275,153.085047,-2.18
-26.980356,153.084808,-2.21
-26.980356,153.084526,-2.21
-26.980126,153.085777,-2.20
-26.980130,153.085288,-2.20
-26.980129,153.085059,-2.20
-26.980131,153.084799,-2.23
-26.980131,153.084543,-2.24
-26.979905,153.085781,-2.22
-26.979906,153.085294,-2.23
-26.979712,153.085115,-2.24
-26.979906,153.084285,-2.24
-26.978773,153.085780,-2.23
-26.978549,153.085782,-2.24
-26.978326,153.085046,-2.22
-26.978100,153.085039,-2.16
-26.978098,153.084805,-2.18
-26.977989,153.084595,-2.19
-26.978100,153.084272,-2.21
-26.977992,153.081248,-2.12
-26.977990,153.082227,-2.09
-26.977991,153.081516,-2.13
-26.978100,153.082413,-2.20
-26.978102,153.082806,-2.20
-26.978101,153.082516,-2.23
-26.978102,153.083027,-2.21
-26.978101,153.083531,-2.20
-26.978101,153.083288,-2.18
-26.978098,153.083795,-2.19
-26.978100,153.084030,-2.20
-26.978149,153.081995,-2.07
-26.978298,153.081447,-2.09
-26.978104,153.082238,-2.07
-26.978310,153.082442,-2.17
-26.978482,153.081742,-2.10
-26.978487,153.081371,-2.10
-26.978331,153.082202,-2.07
-26.978528,153.081783,-2.07
-26.978367,153.082430,-2.09
-26.978562,153.081625,-2.09
-26.978559,153.081274,-2.09
-26.978554,153.082073,-2.07
-26.978760,153.081862,-2.08
-26.978554,153.082508,-2.07
-26.978662,153.082760,-2.19
-26.978556,153.082352,-2.06
-26.978784,153.081509,-2.08
-26.978781,153.081248,-2.07
-26.978969,153.082092,-2.08
-26.978781,153.081761,-2.09
-26.978785,153.082338,-2.05
-26.978980,153.082729,-2.06
-26.979003,153.082769,-2.20
-26.979228,153.081800,-2.11
-26.979228,153.081735,-2.12
-26.979010,153.081260,-2.08
-26.979010,153.082019,-2.08
-26.979230,153.082771,-2.20
-26.979098,153.082698,-2.10
-26.979007,153.082256,-2.06
-26.979454,153.081937,-2.15
-26.979453,153.081747,-2.18
-26.979405,153.082030,-2.11
-26.979454,153.082560,-2.20
-26.979449,153.082481,-2.09
-26.979457,153.081436,-2.15
-26.979681,153.082554,-2.19
-26.979666,153.082414,-2.14
-26.979639,153.082186,-2.17
-26.979678,153.081971,-2.20
-26.979678,153.081750,-2.21
-26.979680,153.083271,-2.21
-26.979681,153.083556,-2.22
-26.979906,153.082517,-2.19
-26.979906,153.082484,-2.19
-26.979888,153.082255,-2.17
-26.979905,153.081879,-2.18
-26.979897,153.081743,-2.23
-26.979838,153.082810,-2.21
-26.979885,153.083223,-2.21
-26.979904,153.083271,-2.21
-26.979906,153.083524,-2.20
-26.979906,153.083794,-2.21
-26.979906,153.084040,-2.23
-26.980132,153.084275,-2.24
-26.980064,153.084040,-2.22
-26.980041,153.084014,-2.21
-26.980008,153.083530,-2.20
-26.980067,153.083330,-2.22
-26.979908,153.082769,-2.19
-26.980130,153.082632,-2.21
-26.980128,153.082508,-2.19
-26.980358,153.084022,-2.22
-26.980358,153.084283,-2.22
-26.980183,153.083891,-2.21
-26.980354,153.082667,-2.22
-26.980329,153.082486,-2.20
-26.980299,153.083566,-2.21
-26.980490,153.082668,-2.21
-26.980583,153.082789,-2.22
-26.980584,153.083303,-2.22
-26.980582,153.083521,-2.21
-26.980462,153.083980,-2.19
-26.980575,153.084028,-2.20
-26.980582,153.084274,-2.20
-26.980808,153.083266,-2.21
-26.980810,153.083545,-2.20
-26.980809,153.083809,-2.18
-26.980662,153.084222,-2.19
-26.980691,153.084332,-2.18
-26.980809,153.083021,-2.21
-26.980762,153.082787,-2.21
-26.980778,153.082591,-2.11
-26.981013,153.081968,-2.17
-26.981025,153.082500,-2.12
-26.981008,153.082739,-2.23
-26.981003,153.082793,-2.20
-26.981016,153.083162,-2.20
-26.980855,153.083310,-2.19
-26.981035,153.083519,-2.19
-26.980819,153.083804,-2.18
-26.981029,153.084027,-2.19
-26.981028,153.084394,-2.17
-26.981163,153.083937,-2.18
-26.981260,153.084119,-2.18
-26.981260,153.084361,-2.18
-26.981252,153.083538,-2.18
-26.981261,153.083294,-2.19
-26.981258,153.083031,-2.19
-26.981261,153.082772,-2.22
-26.981256,153.082115,-2.15
-26.981256,153.081953,-2.22
-26.981469,153.081943,-2.10
-26.981481,153.082250,-2.23
-26.981462,153.082806,-2.20
-26.981404,153.083211,-2.18
-26.981487,153.083299,-2.18
-26.981482,153.083517,-2.20
-26.981464,153.083909,-2.18
-26.981479,153.084077,-2.16
-26.981473,153.084524,-2.17
-26.981711,153.084329,-2.14
-26.981535,153.084141,-2.17
-26.981712,153.083771,-2.16
-26.981708,153.083530,-2.18
-26.981593,153.083496,-2.19
-26.981713,153.083069,-2.18
-26.981704,153.082764,-2.21
-26.981936,153.084047,-2.17
-26.981913,153.084415,-2.18
-26.981937,153.083772,-2.16
-26.981886,153.083602,-2.17
-26.981936,153.083281,-2.18
-26.981938,153.083059,-2.17
-26.981935,153.082841,-2.20
-26.981933,153.082256,-2.15
-26.982160,153.084370,-2.15
-26.982056,153.084245,-2.15
-26.982164,153.083778,-2.16
-26.982162,153.083519,-2.15
-26.982162,153.083276,-2.16
-26.982163,153.083016,-2.17
-26.982161,153.082867,-2.17
-26.982164,153.082731,-2.23
-26.982164,153.081963,-2.21
-26.982385,153.084283,-2.16
-26.982226,153.084223,-2.15
-26.982388,153.083571,-2.17
-26.982388,153.083287,-2.14
-26.982390,153.083022,-2.15
-26.982386,153.082867,-2.16
-26.982381,153.082761,-2.16
-26.982384,153.082498,-2.16
-26.982386,153.082193,-2.21
-26.982383,153.081941,-2.20
-26.981938,153.081497,-2.24
-26.981937,153.081245,-2.24
-26.981258,153.081497,-2.22
-26.981031,153.081479,-2.24
-26.981023,153.080973,-2.16
-26.980796,153.081499,-2.24
-26.980809,153.081234,-2.11
-26.980583,153.081235,-2.10
-26.980354,153.081211,-2.11
-26.980338,153.080776,-2.12
-26.980001,153.080963,-2.12
-26.979673,153.081495,-2.22
-26.979662,153.081243,-2.14
-26.979452,153.081225,-2.15
-26.979213,153.081192,-2.10
-26.979231,153.080992,-2.18
-26.978974,153.081180,-2.12
-26.978997,153.080958,-2.24
-26.978742,153.081172,-2.10
-26.978554,153.081086,-2.08
-26.978288,153.081152,-2.09
-26.978323,153.080986,-2.10
-26.977992,153.081010,-2.10
-26.978078,153.080747,-2.16
-26.986901,153.087789,-2.19
-26.986901,153.087543,-2.20
-26.986902,153.086794,-2.19
-26.986802,153.086030,-1.64
-26.986670,153.087802,-2.16
-26.986673,153.087550,-2.13
-26.986670,153.087267,-2.15
-26.986675,153.087041,-2.17
-26.986676,153.086790,-2.18
-26.986445,153.088046,-2.12
-26.986445,153.087804,-2.12
-26.986444,153.087519,-2.12
-26.986446,153.087288,-2.13
-26.986450,153.087047,-2.13
-26.986449,153.086792,-2.13
-26.986448,153.086541,-2.15
-26.986450,153.086057,-2.21
-26.986224,153.088054,-2.08
-26.986224,153.087799,-2.09
-26.986218,153.087529,-2.10
-26.986223,153.087299,-2.11
-26.986223,153.087010,-2.12
-26.986223,153.086788,-2.13
-26.986219,153.086534,-2.15
-26.986219,153.086042,-2.15
-26.986224,153.085818,-2.21
-26.985996,153.087799,-2.06
-26.985997,153.087523,-2.09
-26.985993,153.087297,-2.09
-26.985998,153.087002,-2.10
-26.985990,153.086760,-2.12
-26.985979,153.086530,-2.14
-26.985779,153.086181,-2.15
-26.985999,153.085799,-2.17
-26.985771,153.087792,-2.04
-26.985770,153.087548,-2.11
-26.985766,153.087274,-2.09
-26.985763,153.087046,-2.14
-26.985768,153.086761,-2.13
-26.985768,153.086485,-2.12
-26.985549,153.086031,-2.15
-26.985546,153.087786,-2.12
-26.985544,153.087519,-2.21
-26.985534,153.087280,-2.17
-26.985526,153.087038,-2.15
-26.985531,153.086777,-2.13
-26.985533,153.086542,-2.11
-26.985547,153.086056,-2.13
-26.985520,153.085840,-2.14
-26.985313,153.087790,-2.16
-26.985318,153.087460,-2.14
-26.985316,153.087290,-2.11
-26.985319,153.087035,-2.16
-26.985315,153.086757,-2.18
-26.985317,153.086523,-2.11
-26.985321,153.086122,-2.12
-26.985316,153.085791,-2.13
-26.985092,153.087765,-2.16
-26.985091,153.087521,-2.20
-26.985090,153.087281,-2.01
-26.985086,153.087025,-2.05
-26.985096,153.086780,-2.13
-26.985087,153.086510,-2.14
-26.985096,153.086085,-2.13
-26.985095,153.085804,-2.13
-26.984869,153.087779,-2.09
-26.984865,153.087462,-2.15
-26.984848,153.087279,-2.01
-26.984867,153.087046,-2.14
-26.984856,153.086771,-2.15
-26.984862,153.086527,-2.14
-26.984869,153.086050,-2.14
-26.984870,153.085799,-2.14
-26.984635,153.087699,-1.97
-26.984638,153.087547,-1.97
-26.984626,153.087277,-2.01
-26.984640,153.087046,-2.17
-26.984643,153.086792,-2.23
-26.984644,153.086539,-2.16
-26.984632,153.086291,-2.16
-26.984642,153.085801,-2.15
-26.984417,153.087802,-2.10
-26.984417,153.087549,-2.15
-26.984417,153.087295,-2.16
-26.984416,153.087045,-2.16
-26.984416,153.086792,-2.21
-26.984417,153.086535,-2.20
-26.984416,153.086287,-2.19
-26.984419,153.085793,-2.17
-26.984192,153.087297,-2.21
-26.984193,153.087042,-2.17
-26.984191,153.086784,-2.18
-26.984189,153.086541,-2.20
-26.984190,153.086287,-2.21
-26.984194,153.085806,-2.19
-26.983966,153.087041,-2.18
-26.983966,153.086787,-2.15
-26.983965,153.086538,-2.18
-26.983966,153.086284,-2.21
-26.983736,153.087555,-1.89
-26.983740,153.087045,-2.12
-26.983740,153.086793,-2.08
-26.983741,153.086521,-2.15
-26.983741,153.086283,-2.18
-26.983515,153.087473,-1.88
-26.983512,153.087296,-2.22
-26.983512,153.087043,-2.01
-26.983515,153.086792,-1.98
-26.983514,153.086541,-2.10
-26.983515,153.086282,-2.16
-26.983516,153.085805,-2.20
-26.983290,153.087043,-1.97
-26.983278,153.086756,-1.97
-26.983286,153.086534,-2.07
-26.983290,153.086276,-2.12
-26.983291,153.085806,-2.14
-26.983026,153.087797,-1.93
-26.983064,153.087528,-1.08
-26.983037,153.087223,-1.88
-26.983063,153.087041,-1.95
-26.983063,153.086774,-2.09
-26.983062,153.086538,-2.18
-26.983064,153.086289,-2.14
-26.983066,153.085811,-2.13
-26.982838,153.087698,-1.25
-26.982837,153.086538,-2.21
-26.982835,153.086288,-2.15
-26.982732,153.086036,-2.14
-26.982602,153.087510,-1.87
-26.982609,153.087065,-1.90
-26.982607,153.086895,-1.93
-26.982612,153.086539,-2.12
-26.982611,153.086282,-2.06
-26.982612,153.086036,-2.09
-26.982387,153.087546,-1.17
-26.982351,153.087060,-1.90
-26.982372,153.087042,-1.90
-26.982386,153.086792,-2.10
-26.982385,153.086537,-2.02
-26.982386,153.086285,-1.99
-26.982383,153.086036,-2.03
-26.982161,153.087546,-1.17
-26.982160,153.087139,-1.89
-26.982150,153.086982,-1.92
-26.982158,153.086789,-2.03
-26.982161,153.086532,-1.95
-26.982153,153.086286,-1.97
-26.982159,153.086017,-2.01
-26.981936,153.087546,-1.18
-26.981845,153.087100,-1.98
-26.981929,153.086803,-1.91
-26.981932,153.086791,-1.90
-26.981935,153.086518,-1.81
-26.981903,153.086245,-1.92
-26.981907,153.086013,-1.99
-26.981710,153.087499,-1.19
-26.981705,153.087191,-1.89
-26.981644,153.086798,-1.59
-26.981498,153.086581,-1.65
-26.981656,153.086301,-1.85
-26.981699,153.086229,-1.92
-26.981711,153.086034,-2.01
-26.981483,153.087545,-1.21
-26.981480,153.087179,-1.92
-26.981433,153.086954,-1.94
-26.981356,153.086780,-1.75
-26.981482,153.086478,-1.88
-26.981485,153.086285,-1.92
-26.981485,153.086015,-1.96
-26.981259,153.087511,-1.24
-26.981253,153.087192,-1.90
-26.981250,153.086917,-1.89
-26.981257,153.086791,-1.90
-26.981252,153.086488,-2.00
-26.981258,153.086196,-2.15
-26.981245,153.086018,-2.00
-26.981033,153.087477,-1.29
-26.981004,153.087098,-1.81
-26.981032,153.087032,-2.10
-26.981026,153.086789,-2.01
-26.981015,153.086538,-1.94
-26.981022,153.086226,-1.97
-26.981025,153.086014,-2.01
-26.980596,153.087540,-1.98
-26.980808,153.087082,-1.93
-26.980804,153.087030,-2.24
-26.980805,153.086791,-2.11
-26.980805,153.086535,-2.03
-26.980805,153.086280,-1.99
-26.980805,153.086030,-2.05
-26.980521,153.087460,-1.92
-26.980579,153.086791,-2.20
-26.980580,153.086531,-2.13
-26.980578,153.086286,-2.10
-26.980580,153.086031,-2.12
-26.980339,153.087540,-2.07
-26.980353,153.086788,-2.23
-26.980355,153.086530,-2.22
-26.980352,153.086286,-2.18
-26.980357,153.086034,-2.18
-26.980126,153.086286,-2.20
-26.980129,153.086035,-2.19
-26.979902,153.086034,-2.21
-26.979002,153.086518,-2.22
-26.974259,153.090313,-2.22
-26.974484,153.090309,-2.22
-26.974482,153.090563,-2.22
-26.974711,153.090311,-2.20
-26.974709,153.090690,-2.24
-26.974922,153.090308,-2.20
-26.975151,153.090292,-2.21
-26.975158,153.090563,-2.23
-26.975385,153.090069,-1.95
-26.975383,153.090559,-2.02
-26.975387,153.090689,-2.22
-26.975600,153.090561,-2.00
-26.975609,153.090139,-2.00
-26.975830,153.090535,-2.21
-26.975840,153.090286,-2.09
-26.976054,153.090560,-2.22
-26.976064,153.090692,-2.22
-26.976287,153.090426,-2.22
-26.976730,153.090689,-2.21
-26.976967,153.090631,-2.21
-26.977640,153.090556,-2.22
-26.977642,153.090692,-2.21
-26.977866,153.090547,-2.22
-26.977855,153.090671,-2.22
-26.976062,153.090305,-2.20
-26.975840,153.090061,-2.20
-26.975612,153.090033,-2.19
-26.975374,153.090043,-2.20
-26.975160,153.089959,-2.01
-26.975162,153.089808,-2.22
-26.974924,153.090020,-2.03
-26.974919,153.089808,-2.02
-26.974936,153.089557,-2.24
-26.974709,153.090052,-2.11
-26.974683,153.089562,-2.03
-26.974697,153.089510,-2.04
-26.974712,153.089302,-2.22
-26.974480,153.090061,-2.17
-26.974446,153.089766,-2.10
-26.974396,153.089537,-2.05
-26.974486,153.089192,-2.02
-26.974486,153.088801,-2.22
-26.974259,153.090053,-2.18
-26.974258,153.089678,-2.07
-26.974248,153.089547,-2.19
-26.974167,153.089257,-2.05
-26.974258,153.088896,-2.07
-26.974259,153.088787,-2.23
-26.974033,153.090044,-2.24
-26.974032,153.089806,-2.18
-26.974028,153.089551,-2.17
-26.974026,153.089290,-2.14
-26.974018,153.088954,-2.04
-26.973806,153.089808,-2.22
-26.973801,153.089526,-2.16
-26.973801,153.089303,-2.15
-26.973744,153.089052,-2.06
-26.973807,153.088706,-2.09
-26.973580,153.089553,-2.17
-26.973580,153.089299,-2.17
-26.973577,153.089051,-2.18
-26.973562,153.088697,-2.05
-26.973577,153.088535,-2.09
-26.969068,153.090528,-2.13
-26.969068,153.090674,-2.03
-26.969291,153.090557,-2.12
-26.969291,153.090684,-2.09
-26.969517,153.090307,-2.23
-26.969515,153.090555,-2.06
-26.969519,153.090687,-2.00
-26.969741,153.090309,-1.99
-26.969745,153.090558,-1.84
-26.969744,153.090686,-2.21
-26.969966,153.090042,-1.89
-26.969967,153.089803,-1.99
-26.969962,153.090302,-1.82
-26.969968,153.090555,-2.14
-26.970191,153.089797,-2.15
-26.972001,153.090055,-2.06
-26.972000,153.090310,-2.10
-26.972001,153.090553,-2.16
-26.972224,153.090308,-2.12
-26.972228,153.090056,-2.05
-26.972228,153.090559,-2.11
-26.972226,153.090686,-2.13
-26.972452,153.090301,-2.23
-26.972453,153.090048,-2.07
-26.972446,153.090563,-2.19
-26.972453,153.090689,-2.14
-26.972677,153.090055,-2.20
-26.973357,153.089551,-2.19
-26.973355,153.089304,-2.21
-26.973356,153.089047,-2.21
-26.973355,153.088792,-2.07
-26.973354,153.088405,-2.06
-26.973357,153.088287,-2.12
-26.973130,153.089554,-2.19
-26.973127,153.089049,-2.23
-26.973130,153.088801,-2.18
-26.973119,153.088412,-2.18
-26.973132,153.088275,-2.10
-26.973131,153.087795,-2.12
-26.972899,153.089803,-2.22
-26.972901,153.089554,-2.19
-26.972906,153.088798,-2.22
-26.972906,153.088546,-2.20
-26.972906,153.088295,-2.07
-26.972684,153.088039,-2.19
-26.972677,153.089801,-2.14
-26.972677,153.089533,-2.17
-26.972675,153.089304,-2.17
-26.972678,153.089042,-2.17
-26.972678,153.088543,-2.13
-26.972677,153.088297,-2.07
-26.972454,153.089806,-2.03
-26.972454,153.089556,-2.08
-26.972450,153.089301,-2.04
-26.972452,153.089047,-2.04
-26.972451,153.088799,-2.05
-26.972452,153.088546,-2.06
-26.972223,153.089805,-2.02
-26.972224,153.089536,-2.03
-26.972229,153.089303,-2.05
-26.972227,153.089047,-2.05
-26.972228,153.088799,-2.03
-26.972221,153.088546,-2.09
-26.972002,153.089805,-2.07
-26.972002,153.089555,-2.14
-26.971999,153.089301,-2.21
-26.972002,153.089047,-2.22
-26.972003,153.088800,-2.11
-26.972001,153.088544,-2.21
-26.971770,153.089807,-2.19
-26.971776,153.089549,-2.21
-26.971776,153.089294,-2.20
-26.971773,153.089050,-2.17
-26.971776,153.088798,-2.18
-26.969967,153.089552,-2.02
-26.969969,153.089301,-1.94
-26.969964,153.089046,-2.01
-26.969969,153.088794,-2.23
-26.969740,153.089048,-2.12
-26.969742,153.088796,-1.97
-26.969521,153.088790,-2.16
-26.969519,153.088545,-2.05
-26.969522,153.086537,-2.22
-26.969294,153.088530,-2.19
-26.969294,153.088293,-2.23
-26.969295,153.088037,-2.19
-26.969296,153.086552,-2.13
-26.969067,153.088042,-2.20
-26.969070,153.086552,-2.15
-26.977872,153.085037,-2.17
-26.977864,153.084973,-2.18
-26.977866,153.084732,-2.19
-26.977871,153.084492,-2.18
-26.977597,153.085027,-2.21
-26.977635,153.084955,-2.19
-26.977632,153.084772,-2.20
-26.977596,153.084484,-2.19
-26.977470,153.084061,-2.24
-26.977415,153.084826,-2.23
-26.977387,153.084748,-2.21
-26.977197,153.085030,-2.15
-26.977197,153.084299,-2.24
-26.976972,153.084545,-2.19
-26.976590,153.084691,-2.04
-26.976746,153.084286,-2.16
-26.976519,153.084026,-2.16
-26.976293,153.084276,-2.06
-26.976294,153.084038,-2.06
-26.976294,153.084540,-2.05
-26.976295,153.083805,-2.11
-26.975855,153.084591,-2.10
-26.976069,153.084300,-2.13
-26.976068,153.084019,-2.13
-26.975843,153.084790,-2.10
-26.975800,153.084691,-2.09
-26.975842,153.084296,-2.14
-26.975843,153.084019,-2.20
-26.975444,153.084803,-2.15
-26.975415,153.084579,-2.09
-26.975483,153.084359,-2.08
-26.975229,153.084613,-2.08
-26.975388,153.084277,-2.08
-26.975221,153.084210,-2.16
-26.975166,153.084524,-2.16
-26.975166,153.084320,-2.14
-26.975155,153.084141,-2.16
-26.974916,153.084283,-2.14
-26.974927,153.084138,-2.19
-26.974930,153.084005,-2.18
-26.974696,153.084342,-2.19
-26.974700,153.084189,-2.16
-26.974706,153.083941,-2.20
-26.974700,153.083748,-2.19
-26.974487,153.084288,-2.18
-26.974489,153.084128,-2.17
-26.974489,153.083985,-2.18
-26.974477,153.083740,-2.19
-26.974262,153.084361,-2.23
-26.974261,153.084041,-2.17
-26.974260,153.083905,-2.20
-26.974255,153.083686,-2.20
-26.974038,153.084021,-2.24
-26.974035,153.083917,-2.19
-26.973586,153.084010,-2.24
-26.973363,153.080994,-2.03
-26.973367,153.081255,-2.04
-26.973365,153.081500,-2.05
-26.973561,153.081954,-2.09
-26.973588,153.082249,-2.15
-26.973553,153.082499,-2.19
-26.973583,153.082754,-2.09
-26.973585,153.082828,-2.01
-26.973577,153.083246,-2.01
-26.973580,153.083758,-2.18
-26.973570,153.083434,-2.19
-26.973593,153.080992,-2.01
-26.973592,153.081252,-2.03
-26.973591,153.081498,-2.04
-26.973782,153.081993,-2.10
-26.973810,153.082227,-2.17
-26.973803,153.082495,-2.19
-26.973811,153.082750,-2.19
-26.973811,153.083003,-2.18
-26.973811,153.083259,-2.19
-26.973799,153.083499,-2.19
-26.973797,153.083745,-2.22
-26.973815,153.080993,-1.98
-26.973815,153.081248,-2.01
-26.973814,153.081503,-2.03
-26.974026,153.081991,-2.06
-26.974021,153.082136,-2.24
-26.973990,153.082411,-2.24
-26.973930,153.082741,-2.21
-26.973951,153.083229,-2.18
-26.974026,153.083433,-2.15
-26.974023,153.083570,-2.18
-26.974040,153.081168,-1.97
-26.974040,153.081272,-2.00
-26.974040,153.081517,-2.02
-26.974238,153.081844,-2.04
-26.974262,153.083248,-2.19
-26.974246,153.083486,-2.20
-26.974269,153.081255,-2.01
-26.974269,153.081005,-1.97
-26.974270,153.081499,-2.02
-26.974437,153.081962,-2.08
-26.974411,153.083470,-2.19
-26.974494,153.081002,-2.00
-26.974495,153.081275,-2.01
-26.974495,153.081529,-2.03
-26.974496,153.081753,-2.09
-26.974717,153.081248,-2.03
-26.974717,153.081186,-2.03
-26.974719,153.081501,-2.03
-26.974720,153.081755,-2.07
-26.974943,153.081051,-2.04
-26.974945,153.081268,-2.05
-26.974944,153.081751,-2.07
-26.974943,153.081658,-2.04
-26.975095,153.082252,-2.16
-26.975170,153.081500,-2.05
-26.975168,153.081427,-2.05
-26.975169,153.081110,-2.05
-26.975173,153.082004,-2.09
-26.975169,153.081805,-2.06
-26.975393,153.082259,-2.19
-26.975393,153.083271,-2.20
-26.975395,153.081455,-2.04
-26.975394,153.081641,-2.03
-26.975480,153.081795,-2.03
-26.975397,153.082005,-2.08
-26.975617,153.082261,-2.18
-26.975618,153.083266,-2.13
-26.975618,153.083524,-2.12
-26.975442,153.081136,-2.03
-26.975620,153.081612,-2.01
-26.975620,153.081464,-2.04
-26.975619,153.081929,-2.02
-26.975619,153.082098,-2.06
-26.975675,153.082256,-2.10
-26.975843,153.083272,-2.12
-26.975844,153.083525,-2.09
-26.975844,153.083778,-2.14
-26.976068,153.081350,-2.07
-26.975846,153.081671,-2.04
-26.975845,153.081995,-2.04
-26.975845,153.082175,-2.06
-26.975845,153.082445,-2.08
-26.975996,153.082727,-2.11
-26.976016,153.082757,-2.21
-26.976069,153.083263,-2.20
-26.976067,153.083526,-2.09
-26.976069,153.083771,-2.09
-26.976239,153.081304,-2.09
-26.976192,153.081663,-2.07
-26.976071,153.081972,-2.06
-26.976071,153.082198,-2.05
-26.976070,153.082421,-2.07
-26.976071,153.082760,-2.11
-26.976071,153.082755,-2.08
-26.976209,153.083026,-2.22
-26.976295,153.083526,-2.22
-26.976518,153.081397,-2.11
-26.976297,153.081710,-2.08
-26.976518,153.081928,-2.08
-26.976480,153.082076,-2.08
-26.976297,153.082497,-2.09
-26.976299,153.082740,-2.09
-26.976296,153.082998,-2.10
-26.976297,153.083117,-2.10
-26.976375,153.083261,-2.16
-26.976736,153.081674,-2.09
-26.976645,153.081959,-2.11
-26.976674,153.082049,-2.09
-26.976530,153.082288,-2.11
-26.976523,153.082612,-2.09
-26.976522,153.082775,-2.14
-26.976522,153.083177,-2.08
-26.976523,153.083291,-2.07
-26.976536,153.083517,-2.10
-26.976609,153.083766,-2.18
-26.976921,153.081711,-2.08
-26.976966,153.081382,-2.15
-26.976771,153.081822,-2.09
-26.976758,153.082144,-2.08
-26.976751,153.082356,-2.08
-26.976750,153.082509,-2.07
-26.976748,153.082834,-2.10
-26.976752,153.083026,-2.07
-26.976750,153.083269,-2.07
-26.976748,153.083519,-2.14
-26.976844,153.083970,-2.17
-26.976950,153.084121,-2.19
-26.977144,153.081264,-2.08
-26.976977,153.081741,-2.08
-26.977173,153.081945,-2.10
-26.977190,153.082219,-2.12
-26.976974,153.082269,-2.09
-26.976993,153.082549,-2.08
-26.976975,153.083028,-2.09
-26.976976,153.082872,-2.08
-26.976974,153.083265,-2.08
-26.977198,153.083548,-2.16
-26.977095,153.084012,-2.20
-26.977103,153.084221,-2.17
-26.977425,153.081647,-2.09
-26.977211,153.081492,-2.09
-26.977421,153.082253,-2.16
-26.977201,153.081956,-2.10
-26.977422,153.082296,-2.16
-26.977202,153.082521,-2.15
-26.977273,153.083098,-2.16
-26.977275,153.082764,-2.16
-26.977271,153.083276,-2.17
-26.977424,153.083554,-2.21
-26.977321,153.083961,-2.20
-26.977625,153.081655,-2.14
-26.977568,153.081472,-2.13
-26.977650,153.082253,-2.18
-26.977525,153.081957,-2.12
-26.977649,153.082367,-2.20
-26.977429,153.082762,-2.15
-26.977486,153.082665,-2.16
-26.977581,153.083260,-2.23
-26.977590,153.083267,-2.19
-26.977648,153.083546,-2.19
-26.977460,153.083998,-2.20
-26.977807,153.081767,-2.11
-26.977816,153.081737,-2.20
-26.977866,153.081438,-2.15
-26.977826,153.082216,-2.17
-26.977652,153.082696,-2.20
-26.977876,153.082357,-2.21
-26.977651,153.082762,-2.07
-26.977653,153.083024,-2.10
-26.977659,153.083264,-2.10
-26.977856,153.083515,-2.18
-26.977872,153.083769,-2.17
-26.977824,153.084074,-2.18
-26.977819,153.081219,-2.16
-26.977647,153.081156,-2.18
-26.977416,153.081207,-2.18
-26.977199,153.081151,-2.20
-26.976973,153.081105,-2.18
-26.976739,153.081102,-2.18
-26.976743,153.080982,-2.24
-26.976522,153.081194,-2.14
-26.976521,153.080992,-2.22
-26.976237,153.081157,-2.11
-26.976295,153.080967,-2.18
-26.976037,153.081245,-2.09
-26.976068,153.080889,-2.12
-26.975804,153.081066,-2.05
-26.975843,153.080816,-2.07
-26.975475,153.080876,-2.03
-26.975169,153.080753,-2.03
-26.974946,153.080743,-2.02
-26.974721,153.080743,-1.99
-26.974493,153.080742,-1.95
-26.974268,153.080750,-1.92
-26.974047,153.080748,-1.93
-26.973816,153.080742,-1.97
-26.973594,153.080754,-2.00
-26.973365,153.080742,-2.02
-26.971778,153.084013,-2.18
-26.971552,153.084263,-2.21
-26.971553,153.084013,-2.08
-26.971551,153.083761,-2.11
-26.971328,153.084252,-2.17
-26.971324,153.083946,-2.11
-26.971555,153.083506,-2.10
-26.971326,153.083755,-2.10
-26.971323,153.083469,-2.11
-26.971102,153.085294,-2.14
-26.971102,153.085047,-2.20
-26.971100,153.084262,-2.17
-26.971098,153.084003,-2.11
-26.971101,153.083756,-2.11
-26.971101,153.083509,-2.11
-26.970876,153.085538,-2.16
-26.970876,153.085278,-2.20
-26.970876,153.084789,-2.19
-26.970878,153.084261,-2.19
-26.970873,153.084012,-2.11
-26.970872,153.083757,-2.11
-26.970877,153.083508,-2.11
-26.970651,153.085531,-2.18
-26.970650,153.085275,-2.12
-26.970650,153.085027,-2.23
-26.970651,153.084805,-2.18
-26.970647,153.084265,-2.20
-26.970651,153.083927,-2.11
-26.970648,153.083755,-2.11
-26.970651,153.083505,-2.11
-26.970425,153.085533,-2.08
-26.970420,153.085273,-2.06
-26.970425,153.085027,-2.14
-26.970426,153.084796,-2.17
-26.970425,153.084657,-2.18
-26.970425,153.084516,-2.16
-26.970424,153.084254,-2.23
-26.970426,153.084011,-2.12
-26.970422,153.083728,-2.10
-26.970427,153.083502,-2.11
-26.970197,153.085530,-2.10
-26.970200,153.085272,-2.18
-26.970199,153.084651,-2.16
-26.970198,153.084515,-2.12
-26.970199,153.084261,-2.20
-26.970198,153.083998,-2.11
-26.970198,153.083759,-2.12
-26.970198,153.083506,-2.11
-26.969974,153.085541,-2.19
-26.969969,153.084508,-2.11
-26.969973,153.084254,-2.16
-26.969971,153.084007,-2.17
-26.969970,153.083745,-2.12
-26.969974,153.083482,-2.11
-26.969747,153.085554,-2.22
-26.969746,153.084513,-2.18
-26.969738,153.084253,-2.08
-26.969749,153.084012,-2.12
-26.969747,153.083759,-2.15
-26.969744,153.083485,-2.11
-26.969520,153.084261,-2.11
-26.969523,153.083808,-2.08
-26.969521,153.083748,-2.14
-26.969523,153.083505,-2.14
-26.969521,153.083251,-2.13
-26.969297,153.084263,-2.21
-26.969293,153.083848,-2.07
-26.969296,153.083756,-2.14
-26.969295,153.083508,-2.14
-26.969071,153.084256,-2.22
-26.969070,153.083996,-2.05
-26.969066,153.083760,-2.13
-26.969072,153.083504,-2.14
-26.969070,153.081491,-2.20
-26.969037,153.081994,-2.00
-26.969073,153.081564,-2.01
-26.969073,153.082492,-2.10
-26.969071,153.082196,-2.14
-26.969073,153.082745,-2.13
-26.969068,153.082997,-2.13
-26.969071,153.083252,-2.14
-26.969255,153.081777,-2.01
-26.969297,153.081662,-2.11
-26.969261,153.082206,-2.03
-26.969299,153.082475,-2.11
-26.969297,153.082752,-2.13
-26.969292,153.083253,-2.13
-26.969297,153.083001,-2.13
-26.969524,153.081741,-2.15
-26.969521,153.081986,-2.09
-26.969524,153.082226,-2.11
-26.969520,153.082475,-2.11
-26.969521,153.082971,-2.13
-26.969522,153.082748,-2.13
-26.969749,153.081740,-2.20
-26.969749,153.081993,-2.15
-26.969748,153.082244,-2.19
-26.969748,153.082493,-2.13
-26.969750,153.082733,-2.13
-26.969746,153.082998,-2.12
-26.969736,153.083251,-2.08
-26.969967,153.082750,-2.18
-26.969975,153.082983,-2.12
-26.969973,153.083254,-2.05
-26.970198,153.081997,-2.13
-26.970199,153.081742,-2.18
-26.970198,153.082246,-2.13
-26.970201,153.082500,-2.12
-26.970196,153.082730,-2.13
-26.970201,153.082986,-2.10
-26.970198,153.083254,-2.08
-26.970423,153.081995,-2.15
-26.970425,153.081745,-2.20
-26.970424,153.082247,-2.12
-26.970427,153.082492,-2.11
-26.970417,153.082595,-2.08
-26.970423,153.082999,-2.04
-26.970424,153.083249,-2.11
-26.970653,153.081996,-2.16
-26.970650,153.082247,-2.11
-26.970652,153.082491,-2.12
-26.970645,153.082724,-2.08
-26.970650,153.083002,-2.10
-26.970651,153.083251,-2.11
-26.970875,153.082248,-2.13
-26.970876,153.082499,-2.11
-26.970877,153.082749,-2.10
-26.970877,153.083001,-2.08
-26.970874,153.083257,-2.11
-26.971101,153.082248,-2.19
-26.971098,153.082491,-2.15
-26.971104,153.082748,-2.12
-26.971102,153.083003,-2.10
-26.971099,153.083257,-2.08
-26.971106,153.081008,-2.24
-26.971327,153.082499,-2.24
-26.971325,153.083004,-2.21
-26.971330,153.083128,-2.08
-26.971333,153.080992,-2.23
-26.971332,153.080742,-2.21
-26.971554,153.083003,-2.20
-26.971552,153.083257,-2.10
-26.971779,153.083238,-2.22
-26.971780,153.083758,-2.19
-26.972006,153.082736,-2.24
-26.972003,153.082990,-2.22
-26.972006,153.083257,-2.24
-26.972009,153.081005,-2.19
-26.972011,153.081244,-2.21
-26.972229,153.082732,-2.19
-26.972229,153.082970,-2.13
-26.972223,153.083218,-2.21
-26.972237,153.080991,-2.13
-26.972235,153.081245,-2.15
-26.972455,153.082745,-2.18
-26.972451,153.082763,-2.08
-26.972433,153.083241,-2.09
-26.972462,153.081007,-2.10
-26.972461,153.081244,-2.12
-26.972683,153.081745,-2.16
-26.972684,153.082571,-2.19
-26.972552,153.082762,-2.05
-26.972683,153.083215,-2.08
-26.972688,153.080993,-2.05
-26.972686,153.081247,-2.08
-26.972908,153.081744,-2.12
-26.972907,153.082555,-2.05
-26.972687,153.082798,-2.00
-26.972832,153.083254,-2.06
-26.972914,153.080997,-2.02
-26.972911,153.081249,-2.04
-26.973127,153.081744,-2.10
-26.973133,153.081998,-2.19
-26.973131,153.082480,-2.21
-26.973128,153.082587,-2.08
-26.972912,153.082769,-2.06
-26.972913,153.083089,-2.06
-26.973131,153.083510,-2.23
-26.973141,153.081000,-2.03
-26.973138,153.081246,-2.03
-26.973287,153.081742,-2.05
-26.973361,153.081995,-2.11
-26.973352,153.082499,-2.19
-26.973340,153.082509,-2.07
-26.973338,153.082908,-2.00
-26.973138,153.083077,-2.01
-26.973239,153.083471,-2.09
-26.973348,153.083750,-2.22
-26.973138,153.080762,-2.02
-26.972913,153.080741,-2.02
-26.972686,153.080751,-2.04
-26.972464,153.080743,-2.10
-26.972235,153.080739,-2.14
-26.977863,153.086524,-2.20
-26.977869,153.086285,-2.17
-26.971102,153.086039,-2.20
-26.970877,153.086055,-2.22
-26.970877,153.085781,-2.14
-26.970650,153.086053,-2.17
-26.970651,153.085779,-2.11
-26.970425,153.086038,-2.12
-26.970424,153.085796,-2.09
-26.970199,153.086290,-2.21
-26.970196,153.086040,-2.10
-26.970199,153.085823,-2.10
-26.969973,153.086285,-2.16
-26.969974,153.086029,-2.08
-26.969974,153.085777,-2.07
-26.969746,153.086294,-2.13
-26.969748,153.086042,-2.10
-26.969748,153.085781,-2.11
-26.969521,153.086288,-2.12
-26.969522,153.086033,-2.11
-26.969522,153.085779,-2.17
-26.969296,153.086312,-2.11
-26.969294,153.086030,-2.10
-26.969296,153.085779,-2.18
-26.969071,153.086291,-2.13
-26.969069,153.086028,-2.11
-26.969071,153.085798,-2.19
-26.958054,153.085764,-2.24
-26.958011,153.085754,-2.22
-26.956656,153.085760,-2.24
-26.956430,153.085758,-2.21
-26.956205,153.085762,-2.07
-26.956200,153.085505,-2.05
-26.955979,153.085531,-1.86
-26.955944,153.085430,-1.96
-26.955751,153.085571,-1.66
-26.955749,153.085496,-1.20
-26.955527,153.085637,-1.62
-26.951831,153.085619,-1.18
-26.951763,153.085509,-1.16
-26.951691,153.085627,-1.28
-26.951688,153.085486,-1.22
-26.951464,153.085629,-1.31
-26.951461,153.085493,-1.26
-26.951240,153.085629,-1.37
-26.951240,153.085494,-1.22
-26.951240,153.085193,-1.15
-26.951014,153.085608,-1.78
-26.951012,153.085498,-1.67
-26.950911,153.085250,-1.15
-26.959926,153.090302,-2.17
-26.959816,153.090476,-2.01
-26.959816,153.090564,-2.00
-26.955526,153.088577,-2.01
-26.955525,153.088792,-2.08
-26.955304,153.089147,-2.00
-26.955304,153.089308,-1.97
-26.955301,153.089561,-2.00
-26.955302,153.089795,-2.01
-26.955300,153.090051,-2.02
-26.955303,153.090306,-2.00
-26.955751,153.088579,-2.03
-26.955752,153.088817,-2.03
-26.955528,153.089165,-2.01
-26.955528,153.089293,-2.06
-26.955535,153.089548,-2.10
-26.955529,153.089810,-2.09
-26.955527,153.090051,-2.06
-26.955526,153.090300,-2.00
-26.955529,153.090558,-1.99
-26.955977,153.088773,-2.06
-26.955756,153.089195,-2.08
-26.955975,153.089034,-2.05
-26.955773,153.089292,-2.08
-26.955755,153.089548,-2.11
-26.955753,153.089805,-2.10
-26.955754,153.090051,-2.07
-26.955752,153.090299,-2.01
-26.955754,153.090552,-2.00
-26.956202,153.088780,-2.10
-26.956188,153.089032,-2.06
-26.955980,153.089238,-2.05
-26.955979,153.089299,-2.06
-26.955985,153.089544,-2.11
-26.955978,153.089796,-2.13
-26.955978,153.090057,-2.08
-26.955981,153.090300,-2.02
-26.955982,153.090551,-1.99
-26.956419,153.088772,-2.08
-26.956425,153.089034,-2.05
-26.956428,153.089284,-2.03
-26.956209,153.089304,-2.08
-26.956205,153.089550,-2.14
-26.956207,153.089798,-2.17
-26.956203,153.090051,-2.16
-26.956203,153.090307,-2.03
-26.956207,153.090553,-1.99
-26.956649,153.088768,-2.07
-26.956654,153.089038,-2.05
-26.956650,153.089288,-2.05
-26.956435,153.089380,-2.10
-26.956430,153.089559,-2.21
-26.956431,153.089796,-2.24
-26.956429,153.090058,-2.18
-26.956442,153.090314,-2.00
-26.956432,153.090554,-2.11
-26.956833,153.088711,-2.07
-26.956880,153.089014,-2.07
-26.956879,153.089290,-2.08
-26.956657,153.089458,-2.16
-26.956654,153.090049,-2.00
-26.956656,153.090300,-2.05
-26.956657,153.090554,-2.11
-26.957098,153.088648,-2.04
-26.957105,153.089013,-2.07
-26.957103,153.089288,-2.09
-26.956884,153.089537,-2.15
-26.956881,153.089551,-2.23
-26.956883,153.089797,-2.24
-26.956884,153.090049,-2.03
-26.956885,153.090302,-2.09
-26.956882,153.090555,-2.07
-26.957269,153.089037,-2.07
-26.957319,153.088713,-2.05
-26.957330,153.089284,-2.09
-26.957328,153.089543,-2.12
-26.957113,153.089606,-2.18
-26.957108,153.089798,-2.08
-26.957106,153.090058,-2.04
-26.957109,153.090300,-2.16
-26.957107,153.090561,-2.09
-26.957480,153.088582,-2.03
-26.957538,153.089028,-2.06
-26.957551,153.089289,-2.08
-26.957557,153.089539,-2.11
-26.957334,153.089675,-2.15
-26.957337,153.089800,-1.98
-26.957333,153.090049,-2.05
-26.957337,153.090302,-2.11
-26.957336,153.090554,-2.10
-26.957777,153.089291,-2.08
-26.957751,153.088664,-2.03
-26.957783,153.089539,-2.10
-26.957781,153.089028,-2.06
-26.957560,153.089748,-2.11
-26.957561,153.089797,-2.00
-26.957562,153.090049,-2.03
-26.957560,153.090302,-2.10
-26.957558,153.090555,-2.09
-26.958004,153.088757,-2.04
-26.958006,153.089030,-2.06
-26.958008,153.089290,-2.08
-26.958005,153.089540,-2.08
-26.958006,153.089793,-2.07
-26.957786,153.089823,-2.02
-26.957785,153.090050,-2.09
-26.957787,153.090302,-2.14
-26.957786,153.090559,-2.10
-26.958235,153.089037,-2.12
-26.958234,153.089289,-2.12
-26.958229,153.089544,-2.11
-26.958234,153.089792,-2.08
-26.958011,153.089893,-1.99
-26.958011,153.090059,-2.08
-26.958016,153.090304,-2.11
-26.958016,153.090553,-2.08
-26.958459,153.089032,-2.23
-26.958457,153.089544,-2.19
-26.958457,153.089793,-2.12
-26.958235,153.089955,-1.98
-26.958238,153.090050,-2.08
-26.958243,153.090307,-2.08
-26.958235,153.090557,-2.01
-26.958682,153.089794,-2.20
-26.958467,153.090035,-2.07
-26.958463,153.090049,-1.97
-26.958462,153.090303,-2.00
-26.958463,153.090554,-2.00
-26.958910,153.090048,-2.14
-26.958686,153.090089,-1.97
-26.958686,153.090309,-1.95
-26.958690,153.090555,-1.96
-26.959135,153.090047,-2.12
-26.958915,153.090163,-1.99
-26.958914,153.090308,-1.99
-26.958914,153.090556,-2.06
-26.959360,153.090047,-2.18
-26.959140,153.090236,-2.01
-26.959139,153.090311,-1.99
-26.959139,153.090567,-2.02
-26.959584,153.090300,-1.99
-26.959367,153.090311,-1.95
-26.959365,153.090557,-1.99
-26.959813,153.090287,-2.07
-26.959591,153.090403,-1.98
-26.959600,153.090554,-1.97
-26.958681,153.088033,-2.17
-26.958686,153.087779,-2.17
-26.958686,153.086518,-2.22
-26.958649,153.086088,-2.22
-26.958457,153.088789,-2.21
-26.958458,153.088534,-2.16
-26.958460,153.088274,-2.09
-26.958460,153.088023,-2.07
-26.958459,153.087777,-2.10
-26.958459,153.087529,-2.13
-26.958455,153.087277,-2.23
-26.958459,153.087018,-2.17
-26.958459,153.086772,-2.22
-26.958460,153.086260,-2.22
-26.958419,153.086011,-2.20
-26.958234,153.088768,-2.07
-26.958234,153.088533,-2.05
-26.958227,153.088261,-2.03
-26.958220,153.087861,-2.03
-26.958230,153.087711,-2.06
-26.958235,153.087516,-2.10
-26.958229,153.087276,-2.16
-26.958231,153.087005,-2.13
-26.958227,153.086743,-2.13
-26.958227,153.086017,-2.22
-26.957810,153.088499,-2.04
-26.957898,153.088250,-2.06
-26.957899,153.088025,-2.05
-26.957983,153.087716,-2.07
-26.958010,153.087521,-2.08
-26.958009,153.087275,-2.12
-26.957975,153.087001,-2.13
-26.958010,153.086018,-2.22
-26.957774,153.088465,-2.04
-26.957778,153.088261,-2.09
-26.957784,153.088019,-2.04
-26.957768,153.087709,-2.05
-26.957716,153.087464,-2.07
-26.957749,153.087277,-2.15
-26.957773,153.087017,-2.22
-26.958010,153.086250,-2.23
-26.957383,153.088524,-2.01
-26.957477,153.088195,-2.04
-26.957536,153.087973,-2.05
-26.957550,153.087778,-2.06
-26.957555,153.087510,-2.17
-26.957556,153.087274,-2.20
-26.957332,153.088534,-2.04
-26.957332,153.088257,-2.04
-26.957324,153.088020,-2.07
-26.957329,153.087772,-2.09
-26.957331,153.087522,-2.20
-26.957041,153.088295,-2.02
-26.957093,153.088274,-2.09
-26.957102,153.088028,-2.10
-26.957097,153.087772,-2.15
-26.957106,153.087510,-2.24
-26.956869,153.088472,-2.07
-26.956867,153.088276,-2.12
-26.956876,153.088029,-2.15
-26.956869,153.087771,-2.23
-26.956877,153.087019,-2.24
-26.956881,153.086770,-2.17
-26.956879,153.086396,-2.19
-26.956882,153.086236,-2.22
-26.956882,153.086002,-2.23
-26.956647,153.088530,-2.11
-26.956651,153.088275,-2.17
-26.956653,153.088021,-2.22
-26.956646,153.087269,-2.20
-26.956652,153.087025,-2.09
-26.956645,153.086327,-1.94
-26.956649,153.086269,-2.14
-26.956656,153.086011,-2.22
-26.956429,153.088526,-2.13
-26.956424,153.088274,-2.22
-26.956429,153.087523,-2.19
-26.956425,153.087269,-2.10
-26.956428,153.086762,-1.54
-26.956430,153.086519,-1.70
-26.956428,153.086013,-2.20
-26.956192,153.088531,-2.17
-26.956201,153.087768,-2.17
-26.956197,153.087516,-2.10
-26.956203,153.087273,-2.05
-26.956202,153.086993,-1.60
-26.956200,153.086761,-1.47
-26.956205,153.086510,-1.71
-26.956204,153.086057,-1.96
-26.956204,153.086016,-2.08
-26.955978,153.088517,-2.18
-26.955974,153.088026,-2.08
-26.955977,153.087687,-1.75
-26.955978,153.087258,-1.61
-26.955979,153.087017,-1.64
-26.955977,153.086752,-1.49
-26.955972,153.086489,-1.65
-26.955977,153.086250,-1.73
-26.955751,153.087527,-1.73
-26.955750,153.087243,-1.65
-26.955753,153.086965,-1.61
-26.955753,153.086772,-1.61
-26.955749,153.086486,-1.64
-26.955751,153.086268,-1.68
-26.955753,153.086013,-1.60
-26.955527,153.087797,-2.13
-26.955526,153.087257,-1.65
-26.955527,153.086987,-1.64
-26.955523,153.086769,-1.55
-26.955528,153.086490,-1.64
-26.955524,153.086224,-1.66
-26.955527,153.085975,-1.62
-26.953946,153.088300,-2.21
-26.953723,153.089040,-2.22
-26.954171,153.088548,-2.20
-26.953950,153.089033,-2.23
-26.953947,153.089042,-2.14
-26.953949,153.089295,-2.15
-26.954397,153.088605,-2.19
-26.954397,153.088793,-2.17
-26.954173,153.089050,-2.12
-26.954175,153.089296,-2.11
-26.954176,153.089550,-2.14
-26.954173,153.089802,-2.16
-26.954173,153.090046,-2.17
-26.954181,153.090300,-2.21
-26.954175,153.090550,-2.20
-26.954623,153.088593,-2.13
-26.954623,153.088833,-2.13
-26.954400,153.089077,-2.09
-26.954399,153.089294,-2.08
-26.954398,153.089544,-2.11
-26.954401,153.089795,-2.12
-26.954403,153.090048,-2.09
-26.954400,153.090300,-2.09
-26.954397,153.090550,-2.06
-26.954849,153.088559,-2.04
-26.954845,153.088797,-2.09
-26.954624,153.089107,-2.05
-26.954629,153.089293,-2.04
-26.954625,153.089546,-2.07
-26.954625,153.089803,-2.09
-26.954634,153.090051,-2.06
-26.954624,153.090299,-2.02
-26.954624,153.090551,-2.03
-26.955075,153.088543,-2.08
-26.955073,153.088802,-2.06
-26.954850,153.089127,-2.01
-26.954849,153.089299,-1.98
-26.954855,153.089545,-2.05
-26.954849,153.089795,-2.03
-26.954852,153.090052,-2.01
-26.954849,153.090300,-1.99
-26.955289,153.088542,-2.13
-26.955298,153.088809,-2.04
-26.955084,153.089119,-2.03
-26.955079,153.089291,-1.96
-26.955075,153.089545,-1.99
-26.955075,153.089801,-1.97
-26.955076,153.090053,-2.01
-26.955298,153.087533,-2.19
-26.955170,153.087280,-2.01
-26.955160,153.087239,-1.83
-26.955300,153.087003,-1.72
-26.955297,153.086762,-1.73
-26.955298,153.086484,-1.74
-26.955299,153.086180,-1.74
-26.955296,153.086000,-1.55
-26.955075,153.087292,-2.19
-26.955075,153.087142,-2.03
-26.954991,153.087014,-1.87
-26.955076,153.086733,-1.78
-26.955076,153.086410,-1.70
-26.955074,153.086259,-1.42
-26.955077,153.086015,-1.33
-26.954850,153.087310,-2.22
-26.954851,153.086350,-1.21
-26.954832,153.086268,-1.18
-26.954624,153.087309,-2.24
-26.954623,153.087053,-2.21
-26.954621,153.086519,-1.21
-26.954399,153.087061,-2.23
-26.954173,153.087292,-2.23
-26.954172,153.087052,-2.22
-26.954172,153.086766,-1.39
-26.953947,153.087322,-2.24
-26.953947,153.087038,-2.20
-26.953646,153.087221,-1.99
-26.953324,153.086798,-1.84
-26.953201,153.086768,-1.86
-26.952594,153.086666,-2.17
-26.952395,153.086754,-1.55
-26.952365,153.086768,-1.35
-26.951912,153.087018,-1.33
-26.951464,153.087254,-1.32
-26.951465,153.085809,-1.26
-26.951237,153.085859,-1.30
-26.951013,153.085868,-1.42
-26.959864,153.080946,-1.69
-26.959875,153.081383,-1.91
-26.959864,153.081699,-1.92
-26.959932,153.081987,-1.96
-26.959931,153.082239,-2.11
-26.959931,153.082489,-2.17
-26.959931,153.082742,-2.22
-26.959931,153.082996,-2.23
-26.959136,153.083392,-2.24
-26.959137,153.083248,-2.20
-26.958915,153.083359,-2.06
-26.958908,153.083246,-2.05
-26.958683,153.083336,-2.07
-26.958690,153.083247,-1.96
-26.958688,153.082991,-1.85
-26.958409,153.083382,-1.93
-26.958413,153.083244,-1.49
-26.958216,153.083492,-1.38
-26.957855,153.083751,-1.55
-26.957763,153.085512,-2.22
-26.957786,153.083734,-1.09
-26.957436,153.084000,-1.56
-26.957321,153.085497,-2.23
-26.957425,153.082867,-0.99
-26.957105,153.085253,-2.22
-26.957108,153.084246,-1.03
-26.956879,153.085251,-2.21
-26.956882,153.084500,-1.40
-26.956652,153.085510,-2.22
-26.956657,153.085258,-2.19
-26.956653,153.085008,-2.16
-26.956425,153.085511,-2.08
-26.956427,153.085260,-2.08
-26.956432,153.085002,-2.10
-26.956196,153.085234,-1.92
-26.956262,153.083715,-1.04
-26.956220,153.083752,-0.99
-26.956202,153.083762,-1.05
-26.956203,153.083748,-0.97
-26.956087,153.082519,-1.13
-26.955982,153.082631,-1.21
-26.955757,153.081987,-1.48
-26.955876,153.082743,-1.16
-26.955750,153.082872,-1.22
-26.955750,153.082739,-1.29
-26.955532,153.081989,-1.38
-26.955648,153.082994,-1.15
-26.955529,153.083109,-1.29
-26.955529,153.082991,-1.29
-26.955530,153.082733,-1.26
-26.955310,153.082242,-1.35
-26.955308,153.081750,-1.63
-26.955309,153.082019,-1.38
-26.955531,153.081274,-1.64
-26.955533,153.081502,-1.58
-26.955531,153.081747,-1.45
-26.955757,153.080981,-1.64
-26.955758,153.081244,-1.61
-26.955759,153.081504,-1.57
-26.955759,153.081783,-1.56
-26.955758,153.082473,-1.18
-26.955985,153.080730,-1.63
-26.955985,153.080979,-1.64
-26.955983,153.081294,-1.64
-26.955985,153.081502,-1.64
-26.955986,153.081738,-1.65
-26.956209,153.080733,-1.68
-26.956209,153.081002,-1.71
-26.956213,153.081238,-1.72
-26.956208,153.081503,-1.70
-26.956436,153.080731,-1.70
-26.956436,153.080984,-1.71
-26.956437,153.081234,-1.63
-26.956663,153.080728,-1.64
-26.956664,153.081033,-1.60
-26.957236,153.082233,-1.07
-26.958690,153.082735,-1.49
-26.958652,153.082349,-1.18
-26.958912,153.082238,-1.88
-26.958916,153.081980,-1.55
-26.958895,153.081724,-1.35
-26.959142,153.081736,-2.04
-26.959141,153.081981,-2.22
-26.959139,153.081481,-1.99
-26.959357,153.081228,-2.01
-26.959363,153.081481,-2.01
-26.959367,153.081727,-2.02
-26.959368,153.081984,-2.14
-26.959583,153.080972,-1.88
-26.959519,153.081225,-1.90
-26.959459,153.081478,-1.93
-26.959582,153.081733,-1.95
-26.959589,153.081988,-2.08
-26.959593,153.082233,-2.22
-26.959595,153.080730,-1.83
-26.959634,153.081135,-1.86
-26.959804,153.081434,-1.91
-26.959773,153.081625,-1.93
-26.959816,153.081985,-2.01
-26.959819,153.082225,-2.15
-26.959815,153.082489,-2.23
-26.959822,153.081054,-1.81
-26.955415,153.083716,-1.07
-26.955410,153.083434,-1.12
-26.955301,153.083962,-1.01
-26.955304,153.083304,-1.28
-26.955303,153.083244,-1.37
-26.955304,153.082974,-1.25
-26.955245,153.083711,-1.07
-26.955083,153.082281,-1.39
-26.955078,153.083903,-1.08
-26.955078,153.083567,-1.11
-26.955078,153.083451,-1.41
-26.955078,153.083219,-1.36
-26.955078,153.082990,-1.18
-26.954852,153.083925,-1.17
-26.954852,153.083626,-1.78
-26.954851,153.083478,-1.42
-26.954852,153.083215,-1.34
-26.954853,153.082975,-1.07
-26.954627,153.083983,-1.69
-26.954626,153.083735,-1.57
-26.954624,153.083493,-1.37
-26.954625,153.083238,-1.19
-26.954624,153.082736,-1.28
-26.954614,153.082747,-1.20
-26.954495,153.084003,-1.17
-26.954404,153.081843,-1.42
-26.954401,153.084017,-1.17
-26.954399,153.083973,-1.60
-26.954401,153.083686,-1.41
-26.954400,153.083486,-1.20
-26.954395,153.082879,-1.20
-26.954178,153.082240,-1.36
-26.954252,153.082995,-1.15
-26.954171,153.084010,-1.09
-26.954174,153.083887,-1.26
-26.954175,153.083734,-1.19
-26.954175,153.083015,-1.18
-26.953951,153.082572,-1.35
-26.953952,153.082238,-1.41
-26.953947,153.083915,-1.14
-26.953945,153.083747,-0.96
-26.953949,153.083168,-1.20
-26.953726,153.082793,-1.36
-26.953726,153.082565,-1.41
-26.953726,153.082242,-1.67
-26.953825,153.083249,-1.19
-26.953720,153.083300,-1.27
-26.953723,153.083206,-1.31
-26.953533,153.082934,-1.58
-26.953499,153.082494,-1.86
-26.953500,153.082250,-1.99
-26.953497,153.083354,-1.27
-26.953474,153.083091,-2.18
-26.953498,153.082881,-2.09
-26.953274,153.082496,-2.02
-26.953274,153.082256,-2.03
-26.953235,153.083503,-1.13
-26.953271,153.082973,-2.11
-26.953238,153.082740,-2.06
-26.953050,153.082246,-2.02
-26.953106,153.083828,-1.02
-26.953045,153.083876,-1.07
-26.953046,153.083514,-1.21
-26.953046,153.083271,-2.15
-26.953046,153.083241,-2.11
-26.953045,153.082978,-2.09
-26.953044,153.082719,-2.04
-26.952823,153.082247,-2.00
-26.952820,153.083952,-0.99
-26.952821,153.083536,-1.18
-26.952820,153.082989,-2.06
-26.952814,153.082736,-2.01
-26.952597,153.082244,-1.98
-26.952626,153.084003,-1.03
-26.952593,153.083994,-1.06
-26.952592,153.084004,-1.00
-26.952591,153.083574,-1.07
-26.952595,153.083452,-1.25
-26.952592,153.082712,-1.98
-26.952374,153.082239,-1.96
-26.952366,153.083979,-1.05
-26.952365,153.083746,-1.13
-26.952365,153.083494,-1.26
-26.952370,153.083240,-1.20
-26.952368,153.082880,-1.99
-26.952369,153.082739,-1.94
-26.952146,153.082253,-1.93
-26.952141,153.083892,-1.10
-26.952142,153.083745,-1.20
-26.952144,153.083418,-1.26
-26.952144,153.083229,-1.20
-26.952100,153.082804,-2.08
-26.952038,153.082717,-1.84
-26.951922,153.082236,-1.89
-26.951918,153.083777,-1.06
-26.951917,153.083740,-1.21
-26.951918,153.083473,-1.26
-26.951918,153.083236,-1.21
-26.951889,153.082767,-2.09
-26.951901,153.082722,-1.67
-26.951697,153.082238,-1.79
-26.951698,153.081984,-1.88
-26.951686,153.083830,-1.00
-26.951692,153.083679,-1.12
-26.951692,153.083489,-1.18
-26.951692,153.083234,-1.17
-26.951690,153.082983,-1.17
-26.951691,153.082659,-1.38
-26.951473,153.082273,-1.58
-26.951469,153.081989,-1.76
-26.951464,153.083815,-1.01
-26.951467,153.083702,-1.09
-26.951466,153.083455,-1.12
-26.951466,153.083237,-1.11
-26.951465,153.082982,-1.09
-26.951463,153.082736,-1.22
-26.951242,153.082023,-1.53
-26.951236,153.083797,-1.00
-26.951240,153.083665,-1.09
-26.951239,153.083487,-1.09
-26.951237,153.083240,-1.09
-26.951241,153.082978,-1.12
-26.951241,153.082705,-1.12
-26.951240,153.082485,-1.26
-26.951013,153.083492,-1.05
-26.951012,153.083234,-1.11
-26.951011,153.082984,-1.09
-26.951010,153.082736,-1.05
-26.951016,153.082473,-1.18
-26.951016,153.082209,-1.33
-26.950908,153.081231,-1.64
-26.950905,153.081484,-1.59
-26.950906,153.081750,-1.52
-26.951018,153.081241,-1.68
-26.951022,153.081480,-1.66
-26.951020,153.081742,-1.55
-26.951244,153.081235,-1.72
-26.951243,153.081483,-1.75
-26.951243,153.081737,-1.68
-26.951472,153.080852,-1.41
-26.951470,153.080993,-1.67
-26.951468,153.081266,-1.78
-26.951469,153.081488,-1.86
-26.951469,153.081733,-1.81
-26.951697,153.080996,-1.69
-26.951697,153.081231,-1.81
-26.951696,153.081530,-1.93
-26.951698,153.081732,-1.93
-26.951923,153.081001,-1.73
-26.951923,153.081231,-1.87
-26.951921,153.081497,-1.98
-26.951920,153.081752,-1.97
-26.951924,153.081986,-1.93
-26.952147,153.080987,-1.76
-26.952148,153.081231,-1.92
-26.952148,153.081500,-1.98
-26.952145,153.081747,-1.98
-26.952146,153.081994,-1.95
-26.952375,153.081007,-1.81
-26.952372,153.081231,-1.96
-26.952372,153.081482,-1.96
-26.952373,153.081736,-1.98
-26.952371,153.082061,-1.97
-26.952601,153.080978,-1.84
-26.952597,153.081232,-1.98
-26.952601,153.081491,-1.97
-26.952597,153.081734,-1.99
-26.952596,153.081989,-1.98
-26.952826,153.080770,-1.75
-26.952823,153.080985,-1.90
-26.952824,153.081235,-1.98
-26.952824,153.081508,-1.96
-26.952826,153.081749,-1.98
-26.952825,153.082030,-1.99
-26.953051,153.080761,-1.81
-26.953052,153.080986,-1.95
-26.953052,153.081229,-1.96
-26.953048,153.081494,-1.97
-26.953049,153.081761,-1.96
-26.953049,153.082009,-1.97
-26.953276,153.080746,-1.86
-26.953276,153.081237,-1.94
-26.953277,153.080985,-1.94
-26.953274,153.081485,-1.93
-26.953275,153.081806,-1.94
-26.953274,153.082032,-1.98
-26.953501,153.080727,-1.88
-26.953501,153.080987,-1.95
-26.953500,153.081264,-1.94
-26.953500,153.081503,-1.93
-26.953501,153.081735,-1.95
-26.953500,153.082014,-2.02
-26.953726,153.080739,-1.89
-26.953727,153.080978,-1.94
-26.953727,153.081247,-1.91
-26.953728,153.081492,-1.89
-26.953725,153.081737,-1.89
-26.953725,153.082009,-1.83
-26.953952,153.080733,-1.87
-26.953953,153.080982,-1.90
-26.953952,153.081230,-1.88
-26.953951,153.081484,-1.86
-26.953952,153.081736,-1.83
-26.953951,153.081990,-1.69
-26.954179,153.080730,-1.80
-26.954177,153.080979,-1.81
-26.954179,153.081245,-1.83
-26.954177,153.081493,-1.83
-26.954178,153.081748,-1.75
-26.954178,153.082010,-1.45
-26.954405,153.080745,-1.77
-26.954405,153.080982,-1.78
-26.954404,153.081264,-1.75
-26.954406,153.081482,-1.67
-26.954631,153.080735,-1.69
-26.954629,153.080978,-1.55
-26.954631,153.081246,-1.40
-26.954632,153.081547,-1.39
-26.954856,153.080989,-1.37
-26.954858,153.080738,-1.41
-26.954987,153.081975,-1.39
-26.955103,153.081731,-1.43
-26.955081,153.081778,-1.51
-26.955083,153.082019,-1.64
-26.950788,153.085610,-1.79
-26.950784,153.085508,-1.77
-26.950783,153.085250,-1.46
-26.950667,153.085004,-1.20
-26.950558,153.085631,-1.76
-26.950559,153.085486,-1.76
-26.950555,153.085250,-1.68
-26.950559,153.084990,-1.40
-26.950334,153.085624,-1.75
-26.950337,153.085475,-1.75
-26.950336,153.085234,-1.74
-26.950336,153.084998,-1.51
-26.950104,153.085616,-1.69
-26.950111,153.085489,-1.71
-26.950106,153.085181,-1.71
-26.950111,153.084982,-1.54
-26.949877,153.085630,-1.54
-26.949885,153.085494,-1.50
-26.949883,153.085232,-1.53
-26.949882,153.085001,-1.39
-26.949659,153.085631,-1.42
-26.949659,153.085447,-1.26
-26.949657,153.085248,-1.26
-26.949655,153.085002,-1.19
-26.947399,153.085549,-2.02
-26.947290,153.085246,-1.48
-26.947171,153.085530,-2.05
-26.947173,153.085296,-2.08
-26.947166,153.085227,-2.11
-26.946980,153.084999,-1.63
-26.946950,153.085525,-2.04
-26.946951,153.085272,-2.04
-26.946948,153.085215,-2.09
-26.946945,153.084997,-2.08
-26.946746,153.084747,-1.50
-26.946725,153.085517,-2.03
-26.946725,153.085293,-2.02
-26.946697,153.085163,-2.00
-26.946711,153.084993,-2.08
-26.946723,153.084738,-1.62
-26.946500,153.085508,-2.01
-26.946500,153.085270,-1.99
-26.946504,153.084493,-1.60
-26.946353,153.085082,-1.98
-26.946482,153.084864,-1.95
-26.946478,153.084749,-2.12
-26.946272,153.085563,-2.00
-26.946270,153.085265,-1.97
-26.946217,153.085090,-1.97
-26.946054,153.084753,-1.85
-26.946236,153.084642,-2.13
-26.946048,153.085510,-1.93
-26.946044,153.085257,-1.94
-26.946045,153.085105,-1.94
-26.945971,153.084805,-1.84
-26.946024,153.084635,-1.81
-26.945820,153.085511,-1.88
-26.945821,153.085254,-1.88
-26.945820,153.085083,-1.91
-26.945664,153.084882,-1.81
-26.945696,153.084677,-1.82
-26.945593,153.085579,-1.92
-26.945596,153.085265,-1.90
-26.945597,153.085057,-1.87
-26.945507,153.084868,-1.79
-26.945374,153.084505,-1.79
-26.945258,153.085589,-1.63
-26.945158,153.085257,-1.67
-26.945154,153.085212,-1.89
-26.945367,153.084751,-2.17
-26.945333,153.084749,-1.77
-26.944928,153.085515,-1.49
-26.944960,153.085311,-1.59
-26.944922,153.085223,-1.59
-26.944923,153.084939,-1.60
-26.945130,153.084636,-2.13
-26.944736,153.085529,-1.38
-26.944743,153.085270,-1.37
-26.944853,153.085039,-1.60
-26.944915,153.084937,-1.50
-26.944692,153.085630,-1.21
-26.944692,153.085503,-1.22
-26.944568,153.084279,-1.42
-26.944245,153.085285,-1.32
-26.944257,153.085200,-1.37
-26.944333,153.084890,-1.39
-26.944089,153.085332,-1.35
-26.944125,153.085100,-1.61
-26.944095,153.084770,-1.93
-26.944178,153.084660,-1.72
-26.944014,153.085024,-1.92
-26.943896,153.084763,-1.91
-26.943887,153.084535,-1.79
-26.943719,153.085727,-1.88
-26.943781,153.085464,-1.91
-26.943786,153.085010,-1.95
-26.943730,153.084813,-1.91
-26.943759,153.084612,-2.19
-26.943562,153.085505,-1.86
-26.943484,153.085266,-1.86
-26.943557,153.085009,-1.89
-26.943545,153.084750,-1.88
-26.943563,153.084715,-2.17
-26.943340,153.085511,-1.91
-26.943334,153.085259,-1.93
-26.943335,153.085004,-1.93
-26.943331,153.084754,-1.93
-26.943114,153.085508,-1.96
-26.943114,153.085332,-1.97
-26.943108,153.085021,-1.98
-26.943074,153.084765,-1.99
-26.942888,153.085532,-2.00
-26.946498,153.087777,-2.01
-26.946283,153.088178,-2.01
-26.946275,153.088279,-2.04
-26.946282,153.088528,-2.10
-26.946273,153.088787,-2.15
-26.946273,153.089033,-2.19
-26.946279,153.089291,-2.19
-26.946449,153.089544,-2.18
-26.946496,153.090027,-2.18
-26.946490,153.090288,-2.19
-26.946366,153.090521,-2.19
-26.946722,153.087805,-2.07
-26.946500,153.088200,-2.09
-26.946324,153.090546,-2.22
-26.946505,153.088277,-2.12
-26.946502,153.088529,-2.16
-26.946505,153.088782,-2.18
-26.946503,153.089034,-2.19
-26.946499,153.089288,-2.19
-26.946648,153.089541,-2.20
-26.946530,153.089869,-2.20
-26.946721,153.090279,-2.19
-26.946722,153.090492,-2.19
-26.946716,153.090668,-2.24
-26.946948,153.087776,-2.14
-26.946725,153.088218,-2.16
-26.946725,153.088280,-2.16
-26.946729,153.088531,-2.18
-26.946724,153.088785,-2.19
-26.946725,153.089034,-2.19
-26.946726,153.089288,-2.20
-26.946724,153.089561,-2.22
-26.946806,153.089794,-2.21
-26.946941,153.090285,-2.19
-26.946944,153.090525,-2.19
-26.946945,153.090668,-2.21
-26.947173,153.087774,-2.18
-26.946952,153.088242,-2.19
-26.946953,153.088299,-2.17
-26.946953,153.088532,-2.18
-26.946953,153.088781,-2.19
-26.946968,153.089034,-2.19
-26.946953,153.089288,-2.20
-26.946957,153.089568,-2.22
-26.946954,153.089826,-2.21
-26.947170,153.090281,-2.19
-26.947090,153.090528,-2.19
-26.947168,153.090647,-2.18
-26.947187,153.088276,-2.21
-26.947388,153.087976,-2.19
-26.947180,153.088277,-2.17
-26.947182,153.088530,-2.18
-26.947177,153.088782,-2.19
-26.947181,153.089041,-2.19
-26.947179,153.089296,-2.20
-26.947183,153.089539,-2.22
-26.947211,153.089826,-2.20
-26.947292,153.090083,-2.21
-26.947396,153.090516,-2.18
-26.947395,153.090655,-2.19
-26.947411,153.088027,-2.23
-26.947407,153.087979,-2.19
-26.947406,153.088302,-2.17
-26.947408,153.088537,-2.18
-26.947404,153.088784,-2.19
-26.947401,153.089044,-2.19
-26.947405,153.089292,-2.20
-26.947402,153.089550,-2.20
-26.947418,153.089958,-2.19
-26.947413,153.090041,-2.19
-26.947432,153.090376,-2.20
-26.947621,153.090658,-2.22
-26.947640,153.087975,-2.20
-26.947683,153.088039,-2.21
-26.947628,153.088550,-2.18
-26.947629,153.088312,-2.16
-26.947629,153.088797,-2.19
-26.947633,153.089062,-2.19
-26.947633,153.089301,-2.19
-26.947628,153.089794,-2.19
-26.947627,153.089539,-2.19
-26.947628,153.090107,-2.18
-26.947844,153.090540,-2.21
-26.947695,153.090670,-2.22
-26.947860,153.088341,-2.18
-26.947982,153.088032,-2.23
-26.947895,153.087905,-2.20
-26.947852,153.088532,-2.18
-26.947853,153.088811,-2.18
-26.947858,153.089047,-2.19
-26.947854,153.089544,-2.19
-26.947852,153.089305,-2.18
-26.947860,153.089791,-2.20
-26.947854,153.090194,-2.20
-26.947968,153.090543,-2.21
-26.947852,153.090653,-2.21
-26.948107,153.088044,-2.19
-26.948107,153.087945,-2.21
-26.948096,153.088316,-2.18
-26.948083,153.088530,-2.19
-26.948086,153.088801,-2.18
-26.948085,153.089041,-2.18
-26.948081,153.089287,-2.19
-26.948086,153.089551,-2.20
-26.948089,153.089800,-2.20
-26.948096,153.090179,-2.20
-26.948293,153.090544,-2.20
-26.948298,153.090664,-2.20
-26.948313,153.088025,-2.18
-26.948397,153.088112,-2.20
-26.948307,153.088391,-2.19
-26.948306,153.088531,-2.19
-26.948305,153.088800,-2.18
-26.948304,153.089039,-2.18
-26.948310,153.089289,-2.19
-26.948304,153.089556,-2.21
-26.948305,153.089789,-2.19
-26.948308,153.090052,-2.19
-26.948527,153.090540,-2.19
-26.948525,153.090666,-2.18
-26.948587,153.088013,-2.16
-26.948597,153.088031,-2.22
-26.948538,153.088413,-2.18
-26.948536,153.088534,-2.17
-26.948530,153.088785,-2.17
-26.948530,153.089073,-2.18
-26.948531,153.089299,-2.19
-26.948531,153.089547,-2.23
-26.948530,153.089801,-2.19
-26.948530,153.090042,-2.20
-26.948726,153.090338,-2.17
-26.948751,153.090670,-2.16
-26.948811,153.088188,-2.22
-26.948760,153.087965,-2.17
-26.948758,153.088446,-2.19
-26.948757,153.088533,-2.18
-26.948759,153.088801,-2.18
-26.948757,153.089048,-2.18
-26.948756,153.089289,-2.20
-26.948756,153.089561,-2.21
-26.948759,153.089792,-2.19
-26.948757,153.090041,-2.18
-26.948755,153.090345,-2.16
-26.948885,153.090560,-2.14
-26.948983,153.088250,-2.24
-26.949207,153.087779,-2.21
-26.948986,153.088353,-2.20
-26.948985,153.088538,-2.18
-26.948990,153.088786,-2.21
-26.948987,153.089042,-2.22
-26.948981,153.089291,-2.22
-26.948986,153.089553,-2.18
-26.948983,153.089799,-2.20
-26.948986,153.090045,-2.16
-26.948982,153.090293,-2.14
-26.949113,153.090610,-2.13
-26.949219,153.088143,-2.23
-26.949340,153.087841,-2.23
-26.949207,153.088469,-2.24
-26.949209,153.088531,-2.19
-26.949208,153.088788,-2.21
-26.949207,153.089037,-2.20
-26.949213,153.089287,-2.20
-26.949210,153.089539,-2.17
-26.949209,153.089795,-2.18
-26.949209,153.090045,-2.14
-26.949207,153.090298,-2.14
-26.949206,153.090546,-2.14
-26.949498,153.087815,-2.21
-26.949439,153.088030,-2.23
-26.949445,153.088787,-2.24
-26.949435,153.089035,-2.22
-26.949432,153.089289,-2.17
-26.949436,153.089544,-2.19
-26.949434,153.089794,-2.18
-26.949432,153.090052,-2.17
-26.949434,153.090299,-2.15
-26.949655,153.090669,-2.14
-26.949658,153.089299,-2.22
-26.949665,153.089538,-2.19
-26.949661,153.089791,-2.19
-26.949661,153.090053,-2.19
-26.949658,153.090296,-2.16
-26.949813,153.090548,-2.16
-26.950110,153.087794,-2.15
-26.949883,153.090042,-2.24
-26.949885,153.090301,-2.21
-26.949891,153.090594,-2.19
-26.950565,153.087510,-1.81
-26.950788,153.085875,-1.55
-26.950398,153.087526,-1.97
-26.950342,153.087497,-1.66
-26.950560,153.085972,-1.63
-26.950335,153.087811,-2.06
-26.950513,153.086013,-1.34
-26.950334,153.087565,-2.03
-26.950110,153.087426,-1.75
-26.950332,153.086050,-1.36
-26.950337,153.085954,-1.67
-26.950108,153.087567,-2.07
-26.949938,153.087435,-1.80
-26.950108,153.085987,-1.65
-26.949884,153.087554,-2.11
-26.949883,153.085848,-1.61
-26.949555,153.087532,-2.13
-26.949431,153.087549,-2.14
-26.949215,153.087142,-1.81
-26.949206,153.087530,-2.13
-26.949206,153.087287,-1.99
-26.949154,153.087199,-1.92
-26.948981,153.087534,-2.12
-26.948981,153.087305,-2.03
-26.948755,153.087557,-2.14
-26.948755,153.087276,-2.08
-26.948755,153.087041,-2.01
-26.948533,153.086768,-1.92
-26.948535,153.086764,-1.59
-26.948529,153.087546,-2.16
-26.948529,153.087309,-2.08
-26.948316,153.087030,-1.93
-26.948318,153.087008,-1.87
-26.948389,153.086648,-1.74
-26.948303,153.087629,-2.15
-26.948304,153.087303,-2.07
-26.948304,153.087052,-1.98
-26.948305,153.086805,-1.91
-26.948103,153.086525,-1.95
-26.948076,153.087534,-2.16
-26.948078,153.087276,-2.05
-26.947855,153.087025,-1.93
-26.947857,153.086830,-1.71
-26.947878,153.086578,-1.73
-26.947851,153.087542,-2.17
-26.947852,153.087320,-2.09
-26.947776,153.087021,-1.86
-26.947632,153.086768,-1.62
-26.947628,153.086765,-1.88
-26.947851,153.086272,-1.93
-26.947627,153.087574,-2.17
-26.947626,153.087302,-2.10
-26.947624,153.087060,-2.03
-26.947616,153.086785,-1.98
-26.947626,153.086519,-1.97
-26.947627,153.086272,-1.99
-26.947625,153.086028,-1.99
-26.947627,153.085886,-1.95
-26.947400,153.087551,-2.16
-26.947400,153.087285,-2.13
-26.947402,153.087022,-2.07
-26.947402,153.086789,-2.05
-26.947397,153.086520,-2.05
-26.947400,153.086306,-2.03
-26.947399,153.086018,-2.02
-26.947398,153.085778,-2.02
-26.947174,153.087533,-2.16
-26.947175,153.087272,-2.14
-26.947175,153.087037,-2.11
-26.947174,153.086788,-2.08
-26.947172,153.086515,-2.06
-26.947176,153.086314,-2.06
-26.947174,153.086024,-2.04
-26.947173,153.085779,-2.04
-26.946950,153.087561,-2.13
-26.946949,153.087286,-2.13
-26.946950,153.087036,-2.11
-26.946950,153.086785,-2.09
-26.946949,153.086527,-2.07
-26.946951,153.086288,-2.06
-26.946950,153.086015,-2.06
-26.946950,153.085775,-2.04
-26.946723,153.087564,-2.07
-26.946723,153.087291,-2.10
-26.946724,153.087038,-2.11
-26.946724,153.086792,-2.09
-26.946723,153.086520,-2.08
-26.946724,153.086298,-2.07
-26.946725,153.086032,-2.07
-26.946723,153.085772,-2.04
-26.946498,153.087523,-2.04
-26.946499,153.087289,-2.06
-26.946497,153.087046,-2.07
-26.946498,153.086800,-2.07
-26.946499,153.086552,-2.06
-26.946499,153.086300,-2.06
-26.946499,153.086019,-2.05
-26.946499,153.085758,-2.03
-26.944237,153.090626,-2.21
-26.944013,153.090658,-2.22
-26.943786,153.090655,-2.20
-26.943437,153.090412,-2.19
-26.943332,153.090538,-2.22
-26.943107,153.090538,-2.23
-26.942198,153.089027,-2.15
-26.942209,153.088764,-2.09
-26.942208,153.088523,-2.09
-26.942433,153.088521,-2.10
-26.942435,153.088766,-2.10
-26.942217,153.088023,-2.11
-26.942433,153.089009,-2.10
-26.942240,153.089210,-2.12
-26.942323,153.089430,-2.19
-26.942211,153.087844,-2.11
-26.942210,153.087518,-2.12
-26.942213,153.087271,-2.09
-26.942610,153.087755,-2.10
-26.942661,153.087277,-2.08
-26.942440,153.087913,-2.09
-26.942442,153.088076,-2.09
-26.942625,153.088278,-2.10
-26.942658,153.088777,-2.10
-26.942641,153.089028,-2.10
-26.942655,153.089281,-2.11
-26.942449,153.089422,-2.12
-26.942448,153.089562,-2.16
-26.942886,153.087278,-2.06
-26.942693,153.087752,-2.06
-26.942662,153.087981,-2.05
-26.942665,153.088025,-2.06
-26.942666,153.088284,-2.08
-26.942883,153.088773,-2.09
-26.942882,153.089012,-2.10
-26.942884,153.089278,-2.12
-26.942884,153.089526,-2.14
-26.942877,153.089769,-2.16
-26.942881,153.089961,-2.18
-26.942881,153.090287,-2.23
-26.943111,153.087530,-2.06
-26.943110,153.087339,-2.04
-26.943111,153.088015,-2.03
-26.942889,153.088055,-2.05
-26.942892,153.088279,-2.07
-26.943108,153.088769,-2.09
-26.943111,153.089017,-2.11
-26.943109,153.089247,-2.14
-26.943110,153.089501,-2.15
-26.943108,153.089782,-2.17
-26.943110,153.089965,-2.20
-26.943110,153.090259,-2.21
-26.943331,153.087533,-2.06
-26.943337,153.088017,-2.04
-26.943335,153.087274,-2.01
-26.943116,153.088153,-2.03
-26.943118,153.088280,-2.05
-26.943338,153.088774,-2.06
-26.943335,153.089023,-2.09
-26.943329,153.089265,-2.14
-26.943337,153.089529,-2.16
-26.943330,153.089785,-2.17
-26.943332,153.089959,-2.20
-26.943331,153.090275,-2.21
-26.943564,153.087536,-2.02
-26.943563,153.088018,-2.03
-26.943343,153.088208,-2.02
-26.943339,153.088297,-2.03
-26.943441,153.088535,-2.03
-26.943560,153.089028,-2.06
-26.943561,153.089268,-2.12
-26.943560,153.089529,-2.15
-26.943561,153.089780,-2.17
-26.943544,153.090032,-2.21
-26.943424,153.090207,-2.22
-26.943789,153.087534,-1.98
-26.943786,153.087999,-2.05
-26.943564,153.088265,-2.00
-26.943565,153.088289,-2.01
-26.943564,153.088570,-2.00
-26.943789,153.089013,-2.02
-26.943785,153.089281,-2.09
-26.943787,153.089523,-2.15
-26.943783,153.089772,-2.17
-26.943666,153.089955,-2.19
-26.943783,153.090233,-2.21
-26.943775,153.090537,-2.20
-26.944012,153.087530,-1.93
-26.944009,153.087983,-2.01
-26.944014,153.088267,-1.99
-26.943790,153.088343,-1.99
-26.943799,153.088550,-1.98
-26.944013,153.089028,-1.99
-26.944013,153.089276,-2.05
-26.944011,153.089527,-2.15
-26.944005,153.089762,-2.17
-26.944000,153.090033,-2.19
-26.943972,153.090255,-2.20
-26.944010,153.090537,-2.22
-26.944241,153.087565,-1.90
-26.944211,153.088014,-1.96
-26.944241,153.088265,-1.98
-26.944016,153.088416,-1.96
-26.944021,153.088536,-1.96
-26.944228,153.088781,-1.97
-26.944238,153.089277,-2.01
-26.944240,153.089534,-2.12
-26.944235,153.089779,-2.16
-26.944036,153.090034,-2.19
-26.944234,153.090281,-2.21
-26.944235,153.090458,-2.21
-26.944436,153.087875,-1.91
-26.944464,153.087556,-1.89
-26.944461,153.088251,-1.98
-26.944244,153.088475,-1.95
-26.944246,153.088556,-1.93
-26.944262,153.088792,-1.94
-26.944463,153.089278,-2.00
-26.944462,153.089525,-2.09
-26.944460,153.089778,-2.16
-26.944451,153.089956,-2.17
-26.944456,153.090277,-2.20
-26.944462,153.090539,-2.20
-26.944461,153.090658,-2.20
-26.944692,153.087573,-1.94
-26.944469,153.087859,-1.76
-26.944635,153.088246,-1.96
-26.944681,153.088491,-1.96
-26.944469,153.088546,-1.89
-26.944471,153.088781,-1.93
-26.944688,153.089276,-2.00
-26.944686,153.089523,-2.08
-26.944691,153.089779,-2.15
-26.944689,153.090007,-2.18
-26.944687,153.090288,-2.19
-26.944683,153.090529,-2.20
-26.944684,153.090637,-2.20
-26.944884,153.088012,-1.92
-26.944895,153.087520,-1.94
-26.944900,153.088231,-2.08
-26.944912,153.088443,-1.98
-26.944694,153.088644,-1.86
-26.944697,153.088779,-1.88
-26.944819,153.089031,-2.00
-26.944916,153.089529,-2.11
-26.944909,153.089752,-2.15
-26.944868,153.089962,-2.18
-26.944752,153.090048,-2.19
-26.944912,153.090535,-2.21
-26.944916,153.090659,-2.21
-26.945050,153.087775,-1.46
-26.944929,153.087523,-1.60
-26.945050,153.088094,-1.87
-26.944918,153.088682,-1.82
-26.945072,153.088461,-2.00
-26.944922,153.088786,-1.87
-26.945102,153.089032,-1.99
-26.945141,153.089526,-2.12
-26.945139,153.089785,-2.16
-26.944991,153.090017,-2.19
-26.944968,153.090039,-2.21
-26.945139,153.090493,-2.21
-26.945137,153.090667,-2.21
-26.945146,153.087812,-1.44
-26.945366,153.087557,-1.95
-26.945204,153.088149,-1.46
-26.945148,153.088523,-1.98
-26.945157,153.088665,-1.73
-26.945144,153.088779,-1.81
-26.945148,153.089048,-1.96
-26.945365,153.089528,-2.12
-26.945365,153.089779,-2.16
-26.945222,153.089865,-2.18
-26.945362,153.090286,-2.20
-26.945365,153.090508,-2.20
-26.945365,153.090642,-2.20
-26.945593,153.087876,-1.94
-26.945593,153.087534,-1.92
-26.945378,153.088084,-1.68
-26.945382,153.088280,-1.64
-26.945392,153.088589,-1.73
-26.945378,153.088831,-1.88
-26.945370,153.089032,-2.00
-26.945594,153.089528,-2.13
-26.945592,153.089785,-2.17
-26.945589,153.090003,-2.18
-26.945429,153.090167,-2.19
-26.945594,153.090542,-2.20
-26.945592,153.090648,-2.20
-26.945815,153.087555,-1.90
-26.945820,153.087776,-1.89
-26.945598,153.088106,-1.78
-26.945601,153.088287,-1.76
-26.945597,153.088558,-1.81
-26.945598,153.088819,-1.88
-26.945595,153.089052,-2.03
-26.945817,153.089529,-2.15
-26.945817,153.089767,-2.16
-26.945808,153.090020,-2.17
-26.945806,153.090284,-2.18
-26.945814,153.090538,-2.19
-26.945819,153.090644,-2.19
-26.946044,153.087532,-1.97
-26.946045,153.087780,-1.93
-26.945830,153.088122,-1.83
-26.945822,153.088276,-1.84
-26.945821,153.088528,-1.88
-26.945826,153.088780,-2.00
-26.945825,153.089035,-2.09
-26.945857,153.089288,-2.16
-26.946045,153.089772,-2.16
-26.946045,153.090036,-2.17
-26.946042,153.090280,-2.18
-26.946043,153.090537,-2.18
-26.946043,153.090659,-2.19
-26.946273,153.087781,-1.97
-26.946050,153.088152,-1.92
-26.946273,153.087557,-2.01
-26.946047,153.088278,-1.96
-26.946050,153.088539,-2.04
-26.946050,153.088780,-2.09
-26.946051,153.089034,-2.16
-26.946049,153.089286,-2.17
-26.946262,153.089786,-2.17
-26.946267,153.090033,-2.17
-26.946271,153.090268,-2.19
-26.946115,153.090531,-2.19
-26.946270,153.090667,-2.22
-26.946273,153.087273,-2.02
-26.946269,153.087030,-2.03
-26.946273,153.086766,-2.03
-26.946272,153.086541,-2.03
-26.946271,153.086277,-2.02
-26.946272,153.086043,-2.00
-26.946272,153.085763,-1.99
-26.946047,153.087281,-2.00
-26.946039,153.087018,-2.01
-26.946048,153.086767,-2.02
-26.946047,153.086538,-1.99
-26.946045,153.086268,-1.95
-26.946046,153.086017,-1.94
-26.946046,153.085784,-1.93
-26.945819,153.087285,-1.96
-26.945821,153.087056,-1.97
-26.945820,153.086783,-1.95
-26.945820,153.086534,-1.90
-26.945821,153.086299,-1.87
-26.945822,153.086068,-1.90
-26.945822,153.085787,-1.88
-26.945382,153.087279,-1.90
-26.945378,153.087232,-1.93
-26.945594,153.086778,-1.90
-26.945590,153.086528,-1.90
-26.945593,153.086264,-1.92
-26.945425,153.086119,-1.63
-26.945391,153.085893,-1.70
-26.945247,153.087278,-1.82
-26.945197,153.087203,-1.85
-26.945370,153.086808,-1.92
-26.945146,153.086709,-1.75
-26.945227,153.086492,-1.89
-26.945209,153.086010,-1.61
-26.945207,153.085985,-1.61
-26.944921,153.087484,-1.52
-26.945037,153.087041,-1.72
-26.944924,153.086767,-1.87
-26.944919,153.086550,-1.70
-26.944922,153.086264,-1.50
-26.944966,153.086010,-1.48
-26.945011,153.085871,-1.54
-26.944858,153.087272,-1.61
-26.944833,153.087019,-1.42
-26.944894,153.086768,-1.48
-26.944696,153.086640,-1.44
-26.944715,153.086262,-1.42
-26.944694,153.086011,-1.38
-26.944715,153.085764,-1.36
-26.944653,153.087354,-1.91
-26.944672,153.087022,-1.90
-26.944517,153.086764,-1.87
-26.944690,153.086010,-1.32
-26.944691,153.085978,-1.34
-26.944466,153.087330,-1.91
-26.944467,153.087056,-1.92
-26.944466,153.086900,-1.89
-26.944337,153.086596,-1.43
-26.944468,153.086221,-1.19
-26.944056,153.087020,-1.92
-26.944238,153.087282,-1.88
-26.944052,153.086911,-1.67
-26.944124,153.086640,-1.69
-26.944019,153.086262,-1.37
-26.944013,153.087319,-1.89
-26.943996,153.087094,-1.97
-26.943997,153.086783,-1.94
-26.944016,153.086554,-1.91
-26.944015,153.086275,-1.89
-26.943897,153.085963,-1.45
-26.943786,153.087360,-1.89
-26.943779,153.087099,-1.93
-26.943789,153.086811,-1.91
-26.943787,153.086537,-1.91
-26.943790,153.086277,-1.91
-26.943786,153.086097,-1.92
-26.943715,153.085761,-1.89
-26.943561,153.087271,-1.92
-26.943560,153.087039,-1.88
-26.943565,153.086782,-1.89
-26.943563,153.086571,-1.90
-26.943560,153.086280,-1.88
-26.943559,153.086093,-1.91
-26.943563,153.085781,-1.85
-26.943339,153.087035,-1.92
-26.943338,153.086788,-1.90
-26.943339,153.086513,-1.94
-26.943339,153.086269,-1.91
-26.943338,153.086024,-1.88
-26.943339,153.085789,-1.89
-26.943113,153.087023,-2.00
-26.943109,153.086798,-1.99
-26.943113,153.086534,-1.98
-26.943111,153.086261,-1.96
-26.943111,153.086007,-1.94
-26.943113,153.085759,-1.95
-26.942886,153.087015,-2.04
-26.942887,153.086789,-2.04
-26.942887,153.086521,-2.03
-26.942887,153.086288,-2.00
-26.942884,153.086015,-2.00
-26.942888,153.085773,-2.00
-26.942659,153.087027,-2.08
-26.942659,153.086771,-2.07
-26.942661,153.086527,-2.06
-26.950789,153.083635,-1.03
-26.950786,153.083491,-1.05
-26.950790,153.083227,-1.07
-26.950788,153.082749,-1.06
-26.950790,153.082669,-1.04
-26.950788,153.082468,-1.12
-26.950787,153.082197,-1.22
-26.950562,153.083545,-1.04
-26.950564,153.083449,-1.02
-26.950564,153.083180,-1.07
-26.950563,153.082987,-1.08
-26.950561,153.082738,-1.03
-26.950560,153.082483,-1.06
-26.950559,153.082229,-1.12
-26.950337,153.082981,-1.06
-26.950338,153.082722,-1.03
-26.950337,153.082485,-1.06
-26.950338,153.082233,-1.10
-26.950187,153.083616,-1.03
-26.950112,153.083556,-1.03
-26.950109,153.083472,-1.06
-26.950113,153.082944,-1.08
-26.950113,153.082709,-1.09
-26.950113,153.082476,-1.09
-26.950107,153.082232,-1.16
-26.949883,153.083457,-1.14
-26.949887,153.083235,-1.09
-26.949884,153.082986,-1.11
-26.949885,153.082738,-1.12
-26.949887,153.082444,-1.10
-26.949887,153.082214,-1.18
-26.949658,153.083280,-1.07
-26.949661,153.083195,-1.08
-26.949660,153.082970,-1.10
-26.949661,153.082730,-1.12
-26.949657,153.082484,-1.12
-26.949658,153.082231,-1.19
-26.949435,153.083007,-1.06
-26.949435,153.082959,-1.01
-26.949435,153.082729,-1.07
-26.949431,153.082475,-1.12
-26.949431,153.082234,-1.21
-26.949207,153.082680,-1.01
-26.949206,153.082473,-1.07
-26.949207,153.082231,-1.18
-26.948984,153.082274,-1.00
-26.948982,153.082227,-1.12
-26.948496,153.081885,-1.16
-26.946857,153.083598,-1.05
-26.946844,153.083423,-1.05
-26.946814,153.083239,-1.05
-26.946726,153.083612,-1.12
-26.946723,153.083486,-1.18
-26.946724,153.083238,-1.16
-26.946735,153.082980,-1.02
-26.946726,153.082985,-1.18
-26.946363,153.084492,-1.71
-26.946612,153.082731,-1.13
-26.946501,153.083410,-1.21
-26.946501,153.083239,-1.20
-26.946501,153.082939,-1.24
-26.946501,153.082701,-1.21
-26.946445,153.082477,-0.99
-26.948326,153.080842,-1.20
-26.948347,153.081043,-1.16
-26.948385,153.081479,-1.15
-26.948536,153.080731,-1.29
-26.948539,153.080975,-1.27
-26.948534,153.081348,-1.25
-26.948537,153.081481,-1.23
-26.948540,153.081734,-1.21
-26.948760,153.080762,-1.43
-26.948760,153.080974,-1.34
-26.948764,153.081229,-1.30
-26.948760,153.081548,-1.26
-26.948761,153.081746,-1.24
-26.948986,153.080739,-1.48
-26.948985,153.080977,-1.41
-26.948989,153.081230,-1.32
-26.948985,153.081539,-1.29
-26.948988,153.081747,-1.26
-26.949211,153.080890,-1.46
-26.949215,153.080976,-1.45
-26.949211,153.081326,-1.33
-26.949214,153.081486,-1.29
-26.949211,153.081732,-1.26
-26.949440,153.081232,-1.32
-26.949437,153.081536,-1.28
-26.949439,153.081734,-1.25
-26.949663,153.081520,-1.27
-26.949665,153.081753,-1.24
-26.949892,153.081002,-1.51
-26.949889,153.081479,-1.30
-26.949894,153.081737,-1.24
-26.950116,153.081237,-1.43
-26.950114,153.081845,-1.19
-26.950340,153.081252,-1.51
-26.950343,153.081732,-1.26
-26.950568,153.081234,-1.58
-26.950567,153.081485,-1.51
-26.946278,153.084245,-1.41
-26.946274,153.084494,-2.13
-26.946169,153.084222,-1.62
-26.946275,153.083164,-1.21
-26.946276,153.082919,-1.27
-26.946275,153.082735,-1.25
-26.946050,153.083959,-1.41
-26.946023,153.084494,-1.83
-26.946043,153.084217,-2.14
-26.946016,153.083983,-1.49
-26.945775,153.084269,-1.80
-26.945823,153.084207,-2.15
-26.945777,153.083894,-1.43
-26.945563,153.084326,-1.78
-26.945592,153.084155,-2.16
-26.945428,153.083847,-1.41
-26.945598,153.083704,-1.23
-26.945214,153.084347,-1.76
-26.945362,153.084232,-1.57
-26.945150,153.083935,-1.41
-26.945370,153.083719,-1.06
-26.945257,153.083375,-1.17
-26.945131,153.084456,-1.73
-26.945146,153.084226,-1.85
-26.944924,153.083946,-1.46
-26.944923,153.083521,-1.46
-26.944940,153.083483,-1.41
-26.944699,153.083995,-1.46
-26.944695,153.083873,-1.46
-26.944698,153.083611,-1.56
-26.944843,153.083450,-1.42
-26.944697,153.083230,-1.37
-26.944620,153.083822,-1.59
-26.944606,153.083707,-1.78
-26.944680,153.083356,-1.49
-26.944615,153.083153,-2.07
-26.944265,153.084444,-1.81
-26.944429,153.084070,-2.13
-26.944458,153.083985,-1.90
-26.944445,153.083692,-2.17
-26.944395,153.083459,-2.14
-26.944495,153.082985,-1.11
-26.944434,153.083094,-1.64
-26.944382,153.082977,-1.39
-26.944026,153.084247,-1.83
-26.944020,153.084219,-1.86
-26.944238,153.083763,-1.88
-26.944242,153.083708,-1.87
-26.944242,153.083419,-1.83
-26.944183,153.083226,-2.10
-26.943796,153.084246,-1.84
-26.943872,153.084093,-1.89
-26.943820,153.083969,-1.89
-26.943796,153.083504,-1.88
-26.944082,153.082730,-1.20
-26.943794,153.083251,-1.83
-26.944002,153.083181,-1.79
-26.944016,153.082864,-2.07
-26.943907,153.082690,-1.42
-26.943709,153.084384,-2.09
-26.943704,153.083740,-1.89
-26.943567,153.083245,-1.85
-26.943567,153.083041,-1.79
-26.943788,153.082789,-2.07
-26.943787,153.082722,-1.44
-26.943554,153.083733,-2.14
-26.943363,153.083329,-1.86
-26.943363,153.083172,-1.82
-27.036779,153.095501,-2.54
-27.036773,153.095904,-2.43
-27.036996,153.095908,-2.40
-27.037004,153.095654,-2.52
-27.037096,153.095657,-2.44
-27.037227,153.095906,-2.26
-27.037453,153.095905,-2.23
-27.037453,153.095654,-2.37
-27.037677,153.095906,-2.26
-27.037681,153.095653,-2.44
-27.037865,153.095909,-2.47
-27.037906,153.095645,-2.53
-27.038127,153.095906,-2.56
-27.038359,153.095909,-2.57
-27.038579,153.095902,-2.51
-27.038805,153.095892,-2.44
-27.039200,153.095876,-2.22
-27.039484,153.095869,-2.37
-27.039660,153.095870,-2.37
-27.039898,153.095893,-2.38
-27.041182,153.093390,-2.78
-27.041179,153.093136,-2.61
-27.041180,153.092883,-2.17
-27.041068,153.094142,-2.81
-27.041069,153.093893,-2.76
-27.041069,153.093627,-2.76
-27.041066,153.093388,-2.66
-27.041065,153.093139,-2.56
-27.041067,153.092884,-2.18
-27.040840,153.095903,-2.77
-27.040835,153.095659,-2.75
-27.040841,153.095400,-2.64
-27.040841,153.095137,-2.57
-27.040841,153.094871,-2.57
-27.040840,153.094644,-2.60
-27.040839,153.094395,-2.69
-27.040843,153.094147,-2.71
-27.040843,153.093895,-2.67
-27.040836,153.093635,-2.58
-27.040842,153.093377,-2.60
-27.040841,153.093132,-2.49
-27.040840,153.092887,-2.21
-27.040609,153.095906,-2.46
-27.040616,153.095643,-2.43
-27.040613,153.095406,-2.41
-27.040614,153.095146,-2.39
-27.040616,153.094901,-2.41
-27.040617,153.094647,-2.45
-27.040614,153.094385,-2.52
-27.040616,153.094144,-2.53
-27.040615,153.093895,-2.53
-27.040616,153.093642,-2.58
-27.040618,153.093389,-2.56
-27.040618,153.093137,-2.51
-27.040618,153.092885,-2.20
-27.040390,153.095909,-2.39
-27.040210,153.095505,-2.36
-27.040309,153.095170,-2.35
-27.040341,153.095086,-2.35
-27.040388,153.094895,-2.35
-27.040391,153.094651,-2.35
-27.040389,153.094393,-2.37
-27.040391,153.094132,-2.41
-27.040388,153.093893,-2.44
-27.040388,153.093640,-2.51
-27.040389,153.093384,-2.53
-27.040389,153.093129,-2.44
-27.040392,153.092886,-2.22
-27.040144,153.095734,-2.36
-27.039969,153.095517,-2.37
-27.040149,153.095403,-2.38
-27.040142,153.095029,-2.40
-27.040118,153.094887,-2.40
-27.040163,153.094634,-2.37
-27.040156,153.094389,-2.37
-27.040160,153.094141,-2.35
-27.040164,153.093887,-2.39
-27.040164,153.093637,-2.42
-27.040163,153.093385,-2.36
-27.040166,153.093137,-2.30
-27.040166,153.092884,-2.25
-27.039868,153.095614,-2.37
-27.039888,153.095253,-2.39
-27.039910,153.095122,-2.38
-27.039934,153.094903,-2.36
-27.039937,153.094583,-2.38
-27.039937,153.094387,-2.37
-27.039926,153.094105,-2.35
-27.039932,153.093882,-2.33
-27.039937,153.093589,-2.34
-27.039941,153.093389,-2.32
-27.039939,153.093137,-2.31
-27.039941,153.092886,-2.30
-27.039510,153.095609,-2.39
-27.039707,153.095404,-2.38
-27.039707,153.095151,-2.38
-27.039564,153.094654,-2.36
-27.039714,153.094582,-2.36
-27.039703,153.094387,-2.37
-27.039713,153.094089,-2.35
-27.039703,153.093887,-2.34
-27.039714,153.093619,-2.34
-27.039707,153.093386,-2.34
-27.039708,153.093135,-2.33
-27.039709,153.092882,-2.31
-27.039274,153.095538,-2.38
-27.039330,153.095330,-2.39
-27.039392,153.095102,-2.38
-27.039445,153.094842,-2.37
-27.039483,153.094543,-2.37
-27.039488,153.094391,-2.35
-27.039482,153.094134,-2.35
-27.039487,153.093867,-2.35
-27.039481,153.093642,-2.35
-27.039489,153.093367,-2.35
-27.039488,153.093129,-2.34
-27.039485,153.092877,-2.33
-27.039242,153.095656,-2.23
-27.039161,153.095336,-2.25
-27.039218,153.095125,-2.35
-27.039240,153.094891,-2.36
-27.039191,153.094426,-2.36
-27.039037,153.094305,-2.35
-27.039259,153.094096,-2.34
-27.039259,153.093869,-2.36
-27.039257,153.093637,-2.36
-27.039261,153.093158,-2.37
-27.039263,153.093090,-2.35
-27.039261,153.092847,-2.33
-27.038962,153.095642,-2.37
-27.039027,153.095399,-2.37
-27.039032,153.095135,-2.34
-27.039035,153.094880,-2.33
-27.039016,153.094421,-2.33
-27.039032,153.094290,-2.35
-27.038909,153.094008,-2.34
-27.039034,153.093892,-2.35
-27.039035,153.093631,-2.37
-27.039009,153.093383,-2.36
-27.039015,153.093089,-2.39
-27.039038,153.092785,-2.34
-27.038802,153.095658,-2.49
-27.038809,153.095401,-2.49
-27.038811,153.095150,-2.44
-27.038808,153.094898,-2.36
-27.038809,153.094638,-2.32
-27.038731,153.094351,-2.34
-27.038714,153.094070,-2.35
-27.038811,153.093891,-2.35
-27.038806,153.093601,-2.34
-27.038809,153.093371,-2.34
-27.038805,153.093116,-2.36
-27.038795,153.092870,-2.35
-27.038580,153.095653,-2.54
-27.038583,153.095398,-2.54
-27.038584,153.095151,-2.51
-27.038582,153.094899,-2.47
-27.038582,153.094645,-2.45
-27.038584,153.094397,-2.44
-27.038585,153.094138,-2.43
-27.038584,153.093884,-2.47
-27.038578,153.093641,-2.48
-27.038583,153.093384,-2.52
-27.038584,153.093131,-2.53
-27.038580,153.092877,-2.52
-27.038358,153.095649,-2.57
-27.038358,153.095388,-2.58
-27.038349,153.095150,-2.59
-27.038358,153.094892,-2.57
-27.038357,153.094640,-2.60
-27.038359,153.094395,-2.65
-27.038356,153.094141,-2.63
-27.038359,153.093892,-2.65
-27.038360,153.093638,-2.66
-27.038360,153.093342,-2.71
-27.038359,153.093136,-2.70
-27.038361,153.092873,-2.69
-27.038578,153.092620,-2.47
-27.038360,153.092619,-2.65
-27.038130,153.095650,-2.58
-27.038128,153.095404,-2.60
-27.038133,153.095152,-2.61
-27.038133,153.094892,-2.68
-27.038133,153.094642,-2.74
-27.038132,153.094394,-2.73
-27.038130,153.094142,-2.74
-27.038134,153.093886,-2.77
-27.038131,153.093640,-2.77
-27.038132,153.092629,-2.79
-27.037907,153.095389,-2.62
-27.037904,153.095152,-2.66
-27.037899,153.094876,-2.73
-27.037904,153.094635,-2.77
-27.037908,153.094387,-2.75
-27.037907,153.094135,-2.77
-27.037909,153.093890,-2.78
-27.037680,153.095404,-2.59
-27.037680,153.095150,-2.65
-27.037680,153.094895,-2.73
-27.037682,153.094649,-2.75
-27.037682,153.094393,-2.77
-27.037681,153.094137,-2.79
-27.037449,153.095396,-2.54
-27.037455,153.095152,-2.64
-27.037453,153.094900,-2.73
-27.037451,153.094646,-2.73
-27.037455,153.094386,-2.75
-27.037454,153.094144,-2.77
-27.037220,153.095401,-2.51
-27.037231,153.095153,-2.61
-27.037226,153.094895,-2.69
-27.037228,153.094644,-2.69
-27.037230,153.094395,-2.68
-27.037232,153.094140,-2.68
-27.037225,153.093888,-2.74
-27.037229,153.093626,-2.76
-27.037000,153.095391,-2.56
-27.037000,153.095150,-2.59
-27.037002,153.094895,-2.62
-27.037001,153.094636,-2.62
-27.037001,153.094393,-2.60
-27.037002,153.094140,-2.61
-27.036999,153.093887,-2.65
-27.037006,153.093634,-2.67
-27.037005,153.093375,-2.74
-27.037003,153.093120,-2.80
-27.036779,153.095376,-2.51
-27.036777,153.095137,-2.56
-27.036775,153.094900,-2.56
-27.036778,153.094641,-2.55
-27.036780,153.094385,-2.55
-27.036779,153.094142,-2.58
-27.036780,153.093877,-2.62
-27.036780,153.093631,-2.58
-27.036778,153.093377,-2.60
-27.036778,153.093134,-2.62
-27.036778,153.092878,-2.60
-27.036781,153.092624,-2.65
-27.032256,153.095399,-2.50
-27.032263,153.095137,-2.70
-27.032258,153.095652,-2.44
-27.032262,153.095905,-2.39
-27.032485,153.095394,-2.57
-27.032483,153.095651,-2.47
-27.032487,153.095903,-2.38
-27.032488,153.095146,-2.62
-27.032715,153.095399,-2.68
-27.032714,153.095630,-2.56
-27.032689,153.095902,-2.48
-27.032940,153.095391,-2.75
-27.032935,153.095903,-2.77
-27.033613,153.095898,-2.77
-27.033845,153.095651,-2.78
-27.033843,153.095400,-2.79
-27.033830,153.095903,-2.79
-27.034067,153.095401,-2.79
-27.034295,153.095396,-2.80
-27.034296,153.095653,-2.81
-27.034503,153.095654,-2.76
-27.034518,153.095399,-2.77
-27.034509,153.095905,-2.75
-27.034743,153.095651,-2.65
-27.034728,153.095398,-2.64
-27.034747,153.095904,-2.66
-27.034973,153.095649,-2.54
-27.034973,153.095403,-2.57
-27.034971,153.095907,-2.55
-27.035196,153.095649,-2.53
-27.035183,153.095402,-2.56
-27.035195,153.095907,-2.49
-27.035354,153.095471,-2.57
-27.035417,153.095398,-2.63
-27.035423,153.095907,-2.49
-27.035646,153.095650,-2.61
-27.035643,153.095890,-2.55
-27.035868,153.095653,-2.60
-27.035866,153.095905,-2.46
-27.036097,153.095644,-2.50
-27.036097,153.095893,-2.43
-27.036318,153.095653,-2.38
-27.036318,153.095904,-2.39
-27.036552,153.095650,-2.38
-27.036536,153.095905,-2.36
-27.036552,153.095357,-2.38
-27.036553,153.095140,-2.44
-27.036551,153.094900,-2.44
-27.036548,153.094647,-2.48
-27.036550,153.094394,-2.51
-27.036552,153.094144,-2.50
-27.036551,153.093886,-2.48
-27.036552,153.093638,-2.58
-27.036551,153.093386,-2.46
-27.036553,153.093134,-2.51
-27.036553,153.092875,-2.54
-27.036555,153.092628,-2.54
-27.036328,153.095180,-2.35
-27.036314,153.095148,-2.47
-27.036328,153.094900,-2.51
-27.036324,153.094621,-2.45
-27.036326,153.094387,-2.47
-27.036328,153.094137,-2.45
-27.036328,153.093877,-2.42
-27.036327,153.093622,-2.42
-27.036327,153.093381,-2.42
-27.036325,153.093134,-2.40
-27.036329,153.092883,-2.40
-27.036329,153.092628,-2.41
-27.036046,153.095262,-2.56
-27.036093,153.095093,-2.56
-27.036098,153.094899,-2.54
-27.036079,153.094621,-2.44
-27.036099,153.094374,-2.47
-27.036093,153.094140,-2.51
-27.036102,153.093886,-2.47
-27.036102,153.093637,-2.48
-27.036101,153.093383,-2.41
-27.036100,153.093133,-2.36
-27.036102,153.092882,-2.39
-27.036102,153.092629,-2.39
-27.035873,153.095398,-2.63
-27.035877,153.094957,-2.61
-27.035876,153.094872,-2.57
-27.035876,153.094634,-2.46
-27.035876,153.094385,-2.54
-27.035867,153.094143,-2.52
-27.035872,153.093889,-2.46
-27.035878,153.093628,-2.44
-27.035874,153.093384,-2.38
-27.035874,153.093134,-2.36
-27.035877,153.092881,-2.36
-27.035878,153.092624,-2.33
-27.035642,153.095400,-2.67
-27.035638,153.095144,-2.64
-27.035650,153.094812,-2.52
-27.035650,153.094641,-2.56
-27.035648,153.094392,-2.52
-27.035652,153.094140,-2.50
-27.035652,153.093883,-2.43
-27.035646,153.093638,-2.43
-27.035652,153.093379,-2.44
-27.035647,153.093128,-2.41
-27.035649,153.092880,-2.37
-27.035651,153.092615,-2.27
-27.035421,153.095142,-2.59
-27.035424,153.094663,-2.43
-27.035426,153.094637,-2.46
-27.035425,153.094392,-2.45
-27.035424,153.094138,-2.43
-27.035423,153.093887,-2.35
-27.035426,153.093622,-2.31
-27.035425,153.093386,-2.31
-27.035422,153.093125,-2.31
-27.035424,153.092860,-2.66
-27.035419,153.092624,-2.39
-27.035194,153.095143,-2.48
-27.035197,153.094699,-2.41
-27.035194,153.094517,-2.45
-27.035200,153.094392,-2.46
-27.035193,153.094133,-2.45
-27.035194,153.093885,-2.35
-27.035196,153.093618,-2.36
-27.035194,153.093376,-2.33
-27.035200,153.093107,-2.35
-27.035198,153.092882,-2.38
-27.035173,153.092626,-2.35
-27.034970,153.095146,-2.49
-27.034972,153.094892,-2.45
-27.034972,153.094484,-2.44
-27.034974,153.094358,-2.45
-27.034974,153.094142,-2.45
-27.034975,153.093885,-2.35
-27.034973,153.093637,-2.36
-27.034971,153.093383,-2.36
-27.034974,153.093132,-2.36
-27.034975,153.092880,-2.34
-27.034972,153.092628,-2.32
-27.034745,153.095140,-2.57
-27.034744,153.094896,-2.53
-27.034716,153.094636,-2.50
-27.034745,153.094225,-2.44
-27.034748,153.094136,-2.47
-27.034748,153.093882,-2.43
-27.034746,153.093638,-2.41
-27.034747,153.093383,-2.42
-27.034747,153.093132,-2.35
-27.034747,153.092881,-2.32
-27.034747,153.092628,-2.31
-27.034516,153.095150,-2.73
-27.034509,153.094890,-2.65
-27.034522,153.094642,-2.57
-27.034746,153.092378,-2.31
-27.034514,153.094386,-2.47
-27.034518,153.094077,-2.45
-27.034521,153.093882,-2.41
-27.034522,153.093635,-2.41
-27.034523,153.093378,-2.42
-27.034520,153.093131,-2.34
-27.034519,153.092881,-2.33
-27.034520,153.092627,-2.31
-27.034287,153.095145,-2.76
-27.034521,153.092365,-2.25
-27.034293,153.094897,-2.71
-27.034749,153.092116,-2.31
-27.034297,153.094640,-2.69
-27.034517,153.092121,-2.31
-27.034297,153.094389,-2.54
-27.034294,153.093952,-2.47
-27.034293,153.093887,-2.44
-27.034297,153.093634,-2.42
-27.034297,153.093382,-2.42
-27.034295,153.093133,-2.35
-27.034298,153.092879,-2.34
-27.034066,153.095149,-2.76
-27.034298,153.092619,-2.34
-27.034063,153.094894,-2.77
-27.034287,153.092222,-2.30
-27.034064,153.094645,-2.73
-27.034294,153.092069,-2.31
-27.034067,153.094393,-2.65
-27.034071,153.094136,-2.58
-27.034070,153.093814,-2.53
-27.034072,153.093616,-2.37
-27.034068,153.093385,-2.38
-27.034067,153.093124,-2.34
-27.034068,153.092878,-2.34
-27.033840,153.095140,-2.81
-27.034071,153.092629,-2.32
-27.033841,153.094898,-2.80
-27.034072,153.092370,-2.29
-27.033841,153.094640,-2.78
-27.033845,153.094391,-2.72
-27.033842,153.094140,-2.67
-27.033840,153.093670,-2.64
-27.033844,153.093635,-2.61
-27.033845,153.093360,-2.44
-27.033846,153.093121,-2.37
-27.033844,153.092875,-2.35
-27.033842,153.092629,-2.33
-27.033847,153.092372,-2.30
-27.033615,153.094897,-2.81
-27.033613,153.093865,-2.75
-27.033617,153.093520,-2.59
-27.033619,153.093383,-2.53
-27.033619,153.093129,-2.49
-27.033618,153.092881,-2.46
-27.033618,153.092627,-2.45
-27.033616,153.092373,-2.42
-27.033392,153.093889,-2.72
-27.033392,153.093634,-2.63
-27.033395,153.093373,-2.54
-27.033394,153.093133,-2.51
-27.033392,153.092881,-2.49
-27.033394,153.092628,-2.47
-27.033391,153.092376,-2.41
-27.033167,153.093888,-2.78
-27.033166,153.093635,-2.66
-27.033168,153.093221,-2.56
-27.033166,153.093130,-2.54
-27.033164,153.092875,-2.55
-27.033163,153.092629,-2.55
-27.033170,153.092374,-2.52
-27.032937,153.093383,-2.70
-27.032943,153.093069,-2.56
-27.032942,153.092876,-2.60
-27.032943,153.092624,-2.59
-27.032943,153.092348,-2.56
-27.032484,153.094897,-2.63
-27.032476,153.094641,-2.63
-27.032487,153.094390,-2.70
-27.032447,153.094139,-2.69
-27.032480,153.093888,-2.73
-27.032483,153.093633,-2.81
-27.032196,153.094852,-2.56
-27.032258,153.094643,-2.63
-27.032259,153.094390,-2.66
-27.032258,153.094133,-2.68
-27.032260,153.093886,-2.68
-27.032262,153.093632,-2.67
-27.032264,153.093376,-2.72
-27.032265,153.093123,-2.75
-27.032266,153.092880,-2.75
-27.032265,153.092621,-2.78
-27.041177,153.097383,-2.56
-27.041171,153.097675,-2.56
-27.039710,153.099184,-2.78
-27.039483,153.099688,-2.79
-27.039481,153.099437,-2.73
-27.039484,153.099185,-2.58
-27.039255,153.099939,-2.76
-27.039256,153.099690,-2.70
-27.039259,153.099436,-2.65
-27.039257,153.099185,-2.48
-27.039032,153.099934,-2.75
-27.039032,153.099689,-2.67
-27.039034,153.099439,-2.64
-27.039032,153.099168,-2.56
-27.039032,153.098933,-2.64
-27.038805,153.099687,-2.77
-27.038805,153.099185,-2.70
-27.038805,153.098931,-2.64
-27.038580,153.098932,-2.77
-27.036999,153.100191,-2.78
-27.036977,153.099941,-2.77
-27.036975,153.099689,-2.72
-27.036995,153.099291,-2.70
-27.037002,153.099179,-2.63
-27.037002,153.098929,-2.73
-27.036723,153.100192,-2.65
-27.036772,153.099939,-2.74
-27.036775,153.099157,-2.78
-27.036776,153.098869,-2.53
-27.036777,153.096157,-2.31
-27.036779,153.096386,-2.31
-27.036777,153.096645,-2.46
-27.036771,153.096916,-2.61
-27.036769,153.097168,-2.69
-27.036778,153.097397,-2.71
-27.036778,153.097672,-2.70
-27.036776,153.097842,-2.73
-27.036777,153.098157,-2.81
-27.037000,153.096157,-2.24
-27.036998,153.096411,-2.30
-27.036774,153.098665,-2.59
-27.037001,153.096663,-2.54
-27.037003,153.096917,-2.68
-27.037001,153.097670,-2.76
-27.037001,153.097922,-2.78
-27.037003,153.098166,-2.79
-27.037230,153.096160,-2.21
-27.037225,153.096409,-2.30
-27.037229,153.096656,-2.54
-27.037222,153.096915,-2.71
-27.037453,153.096157,-2.27
-27.037451,153.096409,-2.33
-27.037453,153.096665,-2.48
-27.037452,153.096907,-2.65
-27.037680,153.096160,-2.31
-27.037679,153.096407,-2.35
-27.037680,153.096662,-2.43
-27.037680,153.096905,-2.55
-27.037677,153.097169,-2.70
-27.037680,153.097391,-2.73
-27.037678,153.097673,-2.78
-27.037904,153.096158,-2.35
-27.037896,153.096410,-2.34
-27.037907,153.096662,-2.40
-27.037906,153.096917,-2.46
-27.037905,153.097159,-2.58
-27.037902,153.097422,-2.59
-27.037902,153.097672,-2.69
-27.037905,153.097926,-2.79
-27.037904,153.098175,-2.80
-27.038132,153.096158,-2.51
-27.038132,153.096406,-2.39
-27.038128,153.096660,-2.34
-27.038130,153.096906,-2.43
-27.038131,153.097168,-2.48
-27.038130,153.097415,-2.51
-27.038132,153.097673,-2.57
-27.038132,153.097925,-2.73
-27.038131,153.098175,-2.72
-27.038129,153.098428,-2.72
-27.038131,153.098682,-2.78
-27.038352,153.096155,-2.53
-27.038357,153.096405,-2.44
-27.038356,153.096540,-2.30
-27.038354,153.097166,-2.44
-27.038357,153.097419,-2.49
-27.038355,153.097674,-2.54
-27.038355,153.097920,-2.55
-27.038357,153.098177,-2.58
-27.038356,153.098426,-2.64
-27.038353,153.098682,-2.75
-27.038583,153.096161,-2.48
-27.038579,153.096414,-2.41
-27.038580,153.097169,-2.37
-27.038583,153.097391,-2.53
-27.038582,153.097673,-2.52
-27.038581,153.097924,-2.54
-27.038581,153.098173,-2.56
-27.038582,153.098429,-2.57
-27.038581,153.098664,-2.60
-27.038643,153.096158,-2.39
-27.038805,153.097166,-2.37
-27.038808,153.097419,-2.47
-27.038806,153.097673,-2.60
-27.038809,153.097924,-2.56
-27.038808,153.098176,-2.63
-27.038806,153.098431,-2.68
-27.038808,153.098682,-2.66
-27.038790,153.096888,-2.21
-27.039029,153.096883,-2.21
-27.039033,153.097135,-2.40
-27.039035,153.097225,-2.53
-27.039032,153.098177,-2.42
-27.039033,153.098429,-2.66
-27.039031,153.098678,-2.70
-27.039230,153.096081,-2.32
-27.039255,153.096648,-2.24
-27.039253,153.096918,-2.38
-27.039260,153.096413,-2.24
-27.039207,153.097663,-2.19
-27.039258,153.098431,-2.62
-27.039258,153.098677,-2.66
-27.039258,153.098932,-2.49
-27.039316,153.096058,-2.38
-27.039419,153.096404,-2.38
-27.039487,153.096648,-2.38
-27.039481,153.096910,-2.39
-27.039484,153.098179,-2.20
-27.039483,153.098428,-2.40
-27.039485,153.098682,-2.40
-27.039483,153.098928,-2.50
-27.039489,153.095970,-2.38
-27.039693,153.096386,-2.38
-27.039698,153.096663,-2.38
-27.039706,153.096913,-2.41
-27.039709,153.097169,-2.43
-27.039711,153.097421,-2.18
-27.039704,153.097675,-2.21
-27.039711,153.097923,-2.46
-27.039709,153.098171,-2.55
-27.039708,153.098411,-2.58
-27.039700,153.098662,-2.64
-27.039711,153.098929,-2.71
-27.039842,153.096100,-2.37
-27.039936,153.096403,-2.35
-27.039937,153.096663,-2.35
-27.039936,153.096916,-2.36
-27.039933,153.097165,-2.41
-27.039933,153.097419,-2.40
-27.039937,153.097673,-2.52
-27.039937,153.097921,-2.67
-27.039937,153.098172,-2.74
-27.040165,153.096159,-2.37
-27.040163,153.096402,-2.37
-27.040160,153.096667,-2.39
-27.040164,153.096919,-2.40
-27.040161,153.097158,-2.53
-27.040160,153.097409,-2.55
-27.040161,153.097672,-2.69
-27.040160,153.097926,-2.79
-27.040156,153.098431,-1.99
-27.040387,153.096158,-2.39
-27.040389,153.096404,-2.48
-27.040231,153.096665,-2.56
-27.040386,153.096896,-2.55
-27.040389,153.097150,-2.70
-27.040382,153.097423,-2.69
-27.040388,153.097675,-2.77
-27.040616,153.096160,-2.58
-27.040613,153.096403,-2.61
-27.040614,153.096662,-2.65
-27.040614,153.096918,-2.68
-27.040614,153.097171,-2.78
-27.040614,153.097393,-2.79
-27.040838,153.096159,-2.74
-27.040840,153.096396,-2.75
-27.040838,153.096667,-2.79
-27.040832,153.096916,-2.79
-27.041061,153.097423,-2.37
-27.036550,153.100444,-2.81
-27.036549,153.100190,-2.79
-27.036550,153.099927,-2.77
-27.036547,153.099684,-2.81
-27.036548,153.099003,-2.77
-27.036551,153.098928,-2.36
-27.036312,153.099936,-2.08
-27.036318,153.099688,-2.09
-27.036550,153.098677,-2.29
-27.036320,153.099435,-2.02
-27.036304,153.099177,-2.48
-27.036325,153.098878,-2.73
-27.036098,153.100809,-2.50
-27.036093,153.100696,-2.08
-27.036095,153.100443,-2.03
-27.036088,153.100190,-1.84
-27.036097,153.099938,-1.92
-27.036095,153.099689,-1.96
-27.036099,153.099433,-1.96
-27.035994,153.099020,-2.01
-27.036099,153.098714,-2.01
-27.035873,153.100806,-1.91
-27.035869,153.100695,-1.92
-27.035866,153.100443,-1.97
-27.035870,153.100186,-1.99
-27.035849,153.099940,-2.01
-27.035872,153.099682,-1.95
-27.035684,153.099190,-1.99
-27.035873,153.099064,-2.01
-27.035871,153.098624,-1.77
-27.035640,153.100693,-2.09
-27.035641,153.100444,-1.98
-27.035641,153.100191,-1.91
-27.035639,153.099939,-1.96
-27.035638,153.099684,-1.97
-27.035647,153.099204,-2.06
-27.035645,153.099181,-2.04
-27.035646,153.098929,-2.02
-27.035874,153.098416,-2.00
-27.035648,153.098676,-1.98
-27.035420,153.100415,-2.58
-27.035418,153.100190,-1.77
-27.035204,153.099696,-1.91
-27.035390,153.099451,-1.83
-27.035418,153.099424,-2.01
-27.035421,153.099183,-2.03
-27.035419,153.098917,-2.04
-27.035422,153.098662,-2.05
-27.035106,153.100742,-2.23
-27.035181,153.100480,-1.55
-27.035191,153.100341,-1.63
-27.035048,153.099948,-1.85
-27.035177,153.099740,-2.02
-27.035196,153.099680,-2.05
-27.035196,153.099436,-2.00
-27.035195,153.099180,-2.04
-27.035194,153.098912,-2.17
-27.035197,153.098679,-2.19
-27.034970,153.100817,-1.60
-27.034966,153.100696,-1.70
-27.034889,153.100206,-1.88
-27.034970,153.100072,-1.96
-27.034968,153.099933,-2.02
-27.034970,153.099684,-2.51
-27.034971,153.099424,-2.44
-27.034968,153.099174,-2.45
-27.034969,153.098926,-2.66
-27.034956,153.098675,-2.65
-27.034551,153.100764,-1.99
-27.034744,153.099316,-2.64
-27.034516,153.099938,-2.78
-27.034517,153.099684,-2.69
-27.034513,153.099369,-2.69
-27.034510,153.099145,-2.78
-27.034289,153.100185,-2.81
-27.034291,153.099935,-2.76
-27.034290,153.099683,-2.70
-27.034292,153.099397,-2.72
-27.034293,153.099178,-2.79
-27.034063,153.100189,-2.75
-27.034065,153.099937,-2.70
-27.034065,153.099677,-2.72
-27.034062,153.099434,-2.76
-27.034065,153.099179,-2.78
-27.033840,153.100439,-2.78
-27.033840,153.099937,-2.73
-27.033839,153.099676,-2.68
-27.033841,153.099434,-2.70
-27.033614,153.100816,-2.76
-27.033601,153.100692,-2.75
-27.033616,153.100366,-2.74
-27.033615,153.100189,-2.75
-27.033616,153.099922,-2.76
-27.033606,153.099651,-2.72
-27.033617,153.099433,-2.75
-27.033320,153.100804,-1.45
-27.033388,153.100688,-2.67
-27.033390,153.100309,-2.70
-27.033389,153.099433,-2.80
-27.033158,153.100724,-1.33
-27.033060,153.100473,-2.71
-27.033165,153.099181,-2.74
-27.033166,153.098919,-2.66
-27.033163,153.098641,-2.69
-27.032911,153.100740,-1.39
-27.032934,153.100665,-1.74
-27.032936,153.100387,-2.73
-27.032939,153.099682,-2.73
-27.032937,153.099431,-2.78
-27.032936,153.099174,-2.58
-27.032937,153.098928,-2.54
-27.032923,153.098622,-2.61
-27.032711,153.100817,-1.15
-27.032712,153.100611,-1.32
-27.032711,153.100439,-2.62
-27.032713,153.100187,-2.62
-27.032695,153.099923,-2.60
-27.032713,153.099684,-2.56
-27.032711,153.099260,-2.79
-27.032939,153.098418,-2.64
-27.032710,153.099180,-2.76
-27.032712,153.098827,-2.81
-27.032714,153.098676,-2.61
-27.032712,153.098423,-2.57
-27.032482,153.100819,-0.93
-27.032485,153.100691,-1.06
-27.032486,153.100224,-1.26
-27.032485,153.100185,-1.84
-27.032488,153.099934,-2.72
-27.032486,153.099683,-2.69
-27.032483,153.098929,-2.60
-27.032486,153.098650,-2.55
-27.032487,153.098425,-2.55
-27.032259,153.100015,-1.20
-27.032261,153.099916,-1.27
-27.032257,153.099683,-2.68
-27.032239,153.099433,-2.75
-27.032237,153.099178,-2.62
-27.032259,153.098928,-2.56
-27.032262,153.098677,-2.58
-27.032260,153.098424,-2.62
-27.032261,153.096156,-2.33
-27.032263,153.096409,-2.26
-27.032260,153.096643,-2.27
-27.032260,153.097843,-2.58
-27.032263,153.098167,-2.81
-27.032487,153.096157,-2.32
-27.032488,153.096402,-2.31
-27.032488,153.096658,-2.32
-27.032486,153.096910,-2.46
-27.032487,153.097921,-2.54
-27.032488,153.098023,-2.63
-27.032708,153.096150,-2.38
-27.032516,153.096405,-2.35
-27.032715,153.096659,-2.36
-27.032714,153.096907,-2.36
-27.032708,153.097157,-2.49
-27.032712,153.097921,-2.54
-27.032713,153.098166,-2.62
-27.032915,153.096661,-2.56
-27.032938,153.096854,-2.47
-27.032939,153.097163,-2.46
-27.032938,153.097417,-2.57
-27.032940,153.097644,-2.69
-27.032937,153.097921,-2.64
-27.032939,153.098171,-2.64
-27.033167,153.096659,-2.76
-27.033163,153.097150,-2.70
-27.033166,153.097400,-2.78
-27.033164,153.097914,-2.75
-27.033165,153.098158,-2.75
-27.033163,153.098425,-2.72
-27.033384,153.098073,-2.80
-27.033391,153.098331,-2.79
-27.034293,153.096912,-2.79
-27.034291,153.097167,-2.77
-27.034293,153.097416,-2.78
-27.034522,153.096158,-2.77
-27.034517,153.096411,-2.77
-27.034510,153.096662,-2.75
-27.034516,153.096912,-2.72
-27.034519,153.097165,-2.69
-27.034452,153.097413,-2.70
-27.034741,153.096158,-2.64
-27.034741,153.096407,-2.66
-27.034742,153.096662,-2.62
-27.034746,153.096912,-2.62
-27.034742,153.097162,-2.58
-27.034706,153.097384,-2.57
-27.034973,153.096157,-2.54
-27.034966,153.096404,-2.51
-27.034968,153.096662,-2.50
-27.034972,153.096911,-2.48
-27.034965,153.097167,-2.45
-27.034942,153.097417,-2.46
-27.034941,153.097660,-2.69
-27.034937,153.097916,-2.74
-27.034967,153.098426,-2.68
-27.035197,153.096159,-2.50
-27.035190,153.096409,-2.50
-27.035189,153.096661,-2.44
-27.035195,153.096910,-2.41
-27.035196,153.097167,-2.39
-27.035191,153.097416,-2.35
-27.035193,153.097670,-2.35
-27.035195,153.097898,-2.61
-27.035196,153.098425,-2.25
-27.035419,153.096159,-2.48
-27.035420,153.096410,-2.41
-27.035423,153.096661,-2.39
-27.035424,153.096915,-2.41
-27.035416,153.097167,-2.38
-27.035419,153.097417,-2.32
-27.035421,153.097662,-2.33
-27.035420,153.097921,-2.66
-27.035417,153.098058,-2.58
-27.035646,153.096158,-2.45
-27.035646,153.096410,-2.43
-27.035640,153.096640,-2.38
-27.035640,153.096906,-2.34
-27.035644,153.097165,-2.30
-27.035647,153.097416,-2.28
-27.035648,153.097666,-2.29
-27.035648,153.097921,-2.68
-27.035645,153.098173,-2.72
-27.035876,153.096159,-2.41
-27.035871,153.096408,-2.37
-27.035876,153.096652,-2.35
-27.035874,153.096910,-2.33
-27.035867,153.097151,-2.29
-27.035872,153.097420,-2.21
-27.035873,153.097670,-2.16
-27.035874,153.097924,-2.81
-27.036099,153.096143,-2.39
-27.036074,153.096410,-2.35
-27.036100,153.096664,-2.32
-27.036100,153.096916,-2.30
-27.036100,153.097158,-2.29
-27.036096,153.097417,-2.24
-27.036100,153.097643,-2.20
-27.036096,153.098677,-2.77
-27.036320,153.096160,-2.33
-27.036327,153.096408,-2.33
-27.036326,153.096661,-2.28
-27.036323,153.096916,-2.25
-27.036323,153.097165,-2.24
-27.036324,153.097419,-2.25
-27.036325,153.097663,-2.20
-27.036323,153.097923,-2.68
-27.036322,153.098175,-2.71
-27.036547,153.096155,-2.31
-27.036545,153.096406,-2.27
-27.036550,153.096663,-2.38
-27.036550,153.096913,-2.45
-27.036549,153.097167,-2.46
-27.036550,153.097416,-2.50
-27.036547,153.097673,-2.45
-27.036548,153.097913,-2.47
-27.036548,153.098175,-2.34
-27.036549,153.098429,-2.29
-27.041071,153.090858,-2.15
-27.040840,153.090844,-2.15
-27.040162,153.090849,-2.20
-27.039716,153.090865,-2.26
-27.039484,153.090861,-2.28
-27.039255,153.090853,-2.29
-27.038908,153.090745,-2.31
-27.038806,153.090847,-2.33
-27.038406,153.090835,-2.35
-27.036555,153.090867,-2.35
-27.036330,153.090859,-2.39
-27.036104,153.090866,-2.40
-27.035654,153.090863,-2.31
-27.034966,153.090853,-2.33
-27.041181,153.092632,-2.06
-27.041169,153.092373,-2.13
-27.041167,153.092115,-2.33
-27.041182,153.091737,-2.17
-27.041183,153.091613,-2.08
-27.041067,153.092633,-2.08
-27.041181,153.091358,-2.11
-27.041180,153.091112,-2.14
-27.041064,153.092345,-2.12
-27.041058,153.092121,-2.23
-27.041179,153.090870,-2.15
-27.041066,153.091789,-2.20
-27.041064,153.091626,-2.10
-27.041068,153.091355,-2.12
-27.041064,153.091103,-2.14
-27.040837,153.092634,-2.14
-27.040841,153.092357,-2.13
-27.040839,153.092128,-2.12
-27.040825,153.091800,-2.11
-27.040843,153.091551,-2.12
-27.040832,153.091374,-2.13
-27.040843,153.091092,-2.15
-27.040617,153.092634,-2.13
-27.040617,153.092365,-2.18
-27.040598,153.092130,-2.15
-27.040613,153.091871,-2.14
-27.040614,153.091627,-2.15
-27.040615,153.091364,-2.17
-27.040613,153.091094,-2.17
-27.040620,153.090862,-2.17
-27.040392,153.092630,-2.16
-27.040392,153.092320,-2.20
-27.040385,153.092111,-2.20
-27.040390,153.091831,-2.19
-27.040392,153.091617,-2.17
-27.040384,153.091329,-2.19
-27.040386,153.091111,-2.19
-27.040375,153.090852,-2.20
-27.040166,153.092625,-2.23
-27.040165,153.092367,-2.21
-27.039951,153.092055,-2.23
-27.040148,153.091871,-2.21
-27.040163,153.091619,-2.20
-27.040163,153.091371,-2.19
-27.040167,153.091108,-2.19
-27.039939,153.092630,-2.26
-27.039936,153.092375,-2.24
-27.039916,153.092110,-2.23
-27.039936,153.091844,-2.23
-27.039940,153.091621,-2.22
-27.039942,153.091370,-2.21
-27.039937,153.091116,-2.23
-27.039941,153.090856,-2.21
-27.039711,153.092631,-2.29
-27.039714,153.092355,-2.26
-27.039610,153.091936,-2.28
-27.039714,153.091857,-2.30
-27.039713,153.091618,-2.27
-27.039706,153.091372,-2.25
-27.039708,153.091113,-2.26
-27.039489,153.092619,-2.32
-27.039490,153.092378,-2.29
-27.039490,153.092102,-2.26
-27.039479,153.091837,-2.29
-27.039484,153.091619,-2.28
-27.039483,153.091373,-2.27
-27.039489,153.091104,-2.28
-27.039261,153.092630,-2.33
-27.039257,153.092371,-2.32
-27.039264,153.092128,-2.34
-27.039259,153.091861,-2.33
-27.039263,153.091619,-2.31
-27.039261,153.091361,-2.30
-27.039259,153.091119,-2.29
-27.039024,153.092624,-2.33
-27.039035,153.092381,-2.33
-27.039036,153.092128,-2.33
-27.039037,153.091874,-2.33
-27.039038,153.091624,-2.31
-27.039039,153.091371,-2.31
-27.039034,153.091121,-2.31
-27.038810,153.092630,-2.34
-27.038801,153.092364,-2.33
-27.038807,153.092123,-2.33
-27.038795,153.091870,-2.35
-27.038809,153.091624,-2.34
-27.038808,153.091352,-2.33
-27.038812,153.091097,-2.35
-27.038582,153.092377,-2.40
-27.038585,153.092128,-2.37
-27.038578,153.091865,-2.35
-27.038584,153.091620,-2.35
-27.038587,153.091371,-2.33
-27.038457,153.090873,-2.34
-27.038357,153.092378,-2.61
-27.038360,153.092127,-2.54
-27.038359,153.091873,-2.39
-27.038352,153.091624,-2.32
-27.038360,153.091362,-2.35
-27.038360,153.091081,-2.35
-27.038356,153.090852,-2.37
-27.038135,153.092376,-2.76
-27.038131,153.092126,-2.67
-27.038136,153.091864,-2.51
-27.038030,153.091412,-2.37
-27.037963,153.091233,-2.35
-27.038133,153.091111,-2.34
-27.038136,153.090822,-2.37
-27.037908,153.092126,-2.78
-27.037910,153.091870,-2.61
-27.037907,153.091624,-2.40
-27.037742,153.091149,-2.36
-27.037903,153.091098,-2.36
-27.037782,153.090788,-2.38
-27.037680,153.091873,-2.62
-27.037678,153.091606,-2.41
-27.037535,153.091195,-2.38
-27.037473,153.091015,-2.40
-27.037685,153.090830,-2.37
-27.037454,153.091862,-2.71
-27.037453,153.091624,-2.41
-27.037459,153.091362,-2.34
-27.037450,153.091100,-2.39
-27.037454,153.090809,-2.36
-27.037228,153.091868,-2.73
-27.037229,153.091623,-2.46
-27.037070,153.091122,-2.34
-27.037049,153.091045,-2.37
-27.037234,153.090817,-2.39
-27.037005,153.092123,-2.81
-27.037004,153.091874,-2.75
-27.037006,153.091623,-2.58
-27.037005,153.091369,-2.40
-27.036895,153.091109,-2.31
-27.036995,153.090788,-2.38
-27.036780,153.092369,-2.68
-27.036781,153.092124,-2.69
-27.036779,153.091872,-2.67
-27.036781,153.091607,-2.59
-27.036777,153.091368,-2.50
-27.036660,153.090976,-2.39
-27.036598,153.090757,-2.33
-27.036555,153.092372,-2.56
-27.036553,153.092125,-2.57
-27.036554,153.091866,-2.60
-27.036553,153.091616,-2.61
-27.036549,153.091371,-2.58
-27.036553,153.091116,-2.48
-27.036328,153.092360,-2.45
-27.036327,153.092121,-2.47
-27.036326,153.091869,-2.54
-27.036329,153.091616,-2.50
-27.036329,153.091359,-2.47
-27.036325,153.091116,-2.39
-27.036103,153.092367,-2.41
-27.036104,153.092124,-2.40
-27.036103,153.091873,-2.47
-27.036104,153.091597,-2.46
-27.036102,153.091368,-2.42
-27.036100,153.091118,-2.41
-27.035876,153.092376,-2.39
-27.035876,153.092123,-2.42
-27.035874,153.091873,-2.43
-27.035878,153.091621,-2.41
-27.035877,153.091368,-2.40
-27.035879,153.091100,-2.37
-27.035876,153.090863,-2.35
-27.035652,153.092375,-2.38
-27.035646,153.092122,-2.36
-27.035653,153.091875,-2.36
-27.035649,153.091622,-2.30
-27.035653,153.091367,-2.31
-27.035651,153.091115,-2.31
-27.035425,153.092368,-2.35
-27.035425,153.092126,-2.34
-27.035427,153.091869,-2.31
-27.035423,153.091622,-2.31
-27.035427,153.091317,-2.32
-27.035200,153.092375,-2.35
-27.035201,153.092121,-2.33
-27.035201,153.091860,-2.31
-27.035198,153.091617,-2.32
-27.035200,153.091103,-2.32
-27.035200,153.090860,-2.32
-27.034975,153.092376,-2.34
-27.034972,153.092123,-2.32
-27.034973,153.091853,-2.32
-27.034975,153.091362,-2.33
-27.034748,153.091820,-2.32
-27.034749,153.091621,-2.32
-27.034521,153.091868,-2.31
-27.034746,153.091362,-2.32
-27.034525,153.091612,-2.32
-27.034296,153.091866,-2.31
-27.034296,153.091609,-2.31
-27.034299,153.091345,-2.20
-27.034067,153.092119,-2.30
-27.034071,153.091866,-2.27
-27.034072,153.091602,-2.31
-27.034072,153.091313,-2.32
-27.034073,153.090860,-2.40
-27.033844,153.092124,-2.33
-27.033844,153.091871,-2.36
-27.033843,153.091615,-2.36
-27.033846,153.091361,-2.41
-27.033618,153.092125,-2.42
-27.033620,153.091870,-2.37
-27.033617,153.091617,-2.42
-27.033620,153.091360,-2.47
-27.033622,153.091106,-2.43
-27.033621,153.090863,-2.51
-27.033392,153.092124,-2.42
-27.033394,153.091869,-2.42
-27.033391,153.091618,-2.46
-27.033396,153.091369,-2.45
-27.033393,153.091114,-2.48
-27.033390,153.090864,-2.53
-27.033170,153.092124,-2.47
-27.033170,153.091864,-2.44
-27.033170,153.091620,-2.43
-27.033170,153.091357,-2.47
-27.033170,153.091112,-2.58
-27.033170,153.090863,-2.62
-27.032941,153.092124,-2.54
-27.032944,153.091870,-2.51
-27.032944,153.091609,-2.51
-27.032943,153.091364,-2.53
-27.032944,153.091115,-2.66
-27.032942,153.090859,-2.67
-27.032716,153.091865,-2.80
-27.032718,153.091614,-2.57
-27.032717,153.091361,-2.66
-27.032716,153.091112,-2.69
-27.032715,153.090862,-2.73
-27.027946,153.094790,-0.99
-27.027980,153.094819,-1.06
-27.028036,153.094893,-0.98
-27.028203,153.094977,-1.04
-27.028207,153.094883,-1.20
-27.028294,153.095146,-0.90
-27.028428,153.095022,-1.21
-27.028428,153.095238,-0.98
-27.028508,153.095398,-0.88
-27.028879,153.094884,-2.59
-27.028654,153.095314,-1.16
-27.028654,153.095523,-1.04
-27.028780,153.095650,-1.00
-27.029103,153.095145,-2.67
-27.029103,153.094886,-2.67
-27.029102,153.095391,-2.27
-27.029105,153.095452,-1.60
-27.028879,153.095696,-1.05
-27.029305,153.095146,-2.61
-27.029327,153.095394,-2.62
-27.029554,153.095111,-2.61
-27.029553,153.095336,-2.61
-27.029555,153.095648,-2.72
-27.029549,153.095899,-2.68
-27.029782,153.095318,-2.57
-27.029782,153.095039,-2.71
-27.029782,153.095625,-2.68
-27.029780,153.095900,-2.66
-27.030006,153.095143,-2.41
-27.030004,153.095399,-2.62
-27.030006,153.095646,-2.69
-27.030005,153.095900,-2.72
-27.030228,153.095140,-2.44
-27.030231,153.095648,-2.74
-27.030230,153.095396,-2.46
-27.030232,153.095888,-2.79
-27.030376,153.095143,-2.39
-27.030459,153.095398,-2.45
-27.030457,153.095648,-2.41
-27.030455,153.095884,-2.65
-27.030679,153.095146,-2.37
-27.030681,153.095396,-2.38
-27.030679,153.095650,-2.34
-27.030682,153.095902,-2.30
-27.030909,153.095147,-2.30
-27.030798,153.095398,-2.29
-27.030910,153.095650,-2.29
-27.030909,153.095902,-2.31
-27.031129,153.095143,-2.24
-27.031130,153.095399,-2.12
-27.031134,153.095646,-2.21
-27.031133,153.095900,-2.60
-27.031354,153.095146,-2.24
-27.031350,153.095400,-2.07
-27.031252,153.095649,-2.04
-27.031361,153.095902,-2.10
-27.031581,153.095393,-2.19
-27.031576,153.095140,-2.33
-27.031582,153.095649,-1.95
-27.031584,153.095900,-1.93
-27.031807,153.095146,-2.42
-27.031812,153.095393,-2.37
-27.031811,153.095647,-2.16
-27.031696,153.095904,-1.99
-27.032035,153.095144,-2.48
-27.032030,153.095652,-2.35
-27.032033,153.095396,-2.44
-27.032033,153.095905,-2.27
-27.032036,153.094895,-2.54
-27.032034,153.094636,-2.57
-27.032038,153.094390,-2.59
-27.032039,153.094136,-2.62
-27.032038,153.093888,-2.68
-27.032035,153.093631,-2.68
-27.032034,153.093383,-2.69
-27.032037,153.093128,-2.74
-27.032032,153.092865,-2.73
-27.032040,153.092463,-2.74
-27.032038,153.092372,-2.75
-27.031811,153.094893,-2.50
-27.031813,153.094641,-2.53
-27.032041,153.092110,-2.80
-27.031809,153.094387,-2.55
-27.031813,153.094136,-2.59
-27.031809,153.093881,-2.66
-27.031809,153.093635,-2.67
-27.031803,153.093382,-2.69
-27.031807,153.093127,-2.71
-27.031806,153.092874,-2.73
-27.031814,153.092620,-2.72
-27.031815,153.092327,-2.74
-27.031579,153.094893,-2.45
-27.031815,153.092112,-2.73
-27.031586,153.094640,-2.51
-27.031581,153.094384,-2.57
-27.031581,153.094137,-2.56
-27.031588,153.093882,-2.60
-27.031589,153.093630,-2.61
-27.031589,153.093379,-2.68
-27.031578,153.093117,-2.72
-27.031588,153.092877,-2.72
-27.031584,153.092626,-2.68
-27.031587,153.092165,-2.68
-27.031362,153.094885,-2.41
-27.031587,153.092119,-2.70
-27.031343,153.094639,-2.46
-27.031361,153.094382,-2.50
-27.031351,153.094130,-2.52
-27.031363,153.093884,-2.56
-27.031360,153.093635,-2.58
-27.031361,153.093375,-2.60
-27.031359,153.093129,-2.63
-27.031356,153.092874,-2.64
-27.031364,153.092616,-2.64
-27.031360,153.092362,-2.63
-27.031135,153.094885,-2.34
-27.031361,153.092020,-2.63
-27.031122,153.094641,-2.41
-27.031136,153.094388,-2.46
-27.031132,153.094135,-2.49
-27.031131,153.093882,-2.48
-27.031134,153.093635,-2.38
-27.031135,153.093374,-2.52
-27.031120,153.093131,-2.54
-27.031136,153.092874,-2.55
-27.031135,153.092627,-2.55
-27.031138,153.092360,-2.51
-27.030911,153.094895,-2.36
-27.031136,153.091875,-2.51
-27.030901,153.094643,-2.39
-27.030901,153.094386,-2.39
-27.030910,153.094138,-2.35
-27.030906,153.093886,-2.36
-27.030748,153.093629,-2.31
-27.030905,153.093381,-2.33
-27.030894,153.093127,-2.49
-27.030910,153.092872,-2.52
-27.030905,153.092617,-2.51
-27.030910,153.092366,-2.50
-27.030685,153.094894,-2.26
-27.030906,153.092121,-2.47
-27.030684,153.094638,-2.35
-27.030679,153.094385,-2.34
-27.030670,153.094137,-2.33
-27.030678,153.093886,-2.32
-27.030681,153.093634,-2.31
-27.030676,153.093372,-2.31
-27.030686,153.093127,-2.30
-27.030686,153.092876,-2.50
-27.030687,153.092626,-2.52
-27.030680,153.092369,-2.51
-27.030273,153.094644,-2.25
-27.030683,153.092115,-2.48
-27.030270,153.094638,-2.25
-27.030459,153.094384,-2.23
-27.030455,153.094138,-2.27
-27.030448,153.093885,-2.25
-27.030458,153.093628,-2.25
-27.030455,153.093383,-2.23
-27.030455,153.093122,-2.32
-27.030460,153.092873,-2.31
-27.030454,153.092626,-2.30
-27.030461,153.092369,-2.36
-27.030230,153.094890,-2.32
-27.030459,153.092120,-2.32
-27.030207,153.094634,-2.29
-27.030233,153.094389,-2.29
-27.030225,153.094125,-2.23
-27.030228,153.093886,-2.26
-27.030234,153.093634,-2.31
-27.030230,153.093378,-2.33
-27.030235,153.093119,-2.30
-27.030228,153.092878,-2.34
-27.030228,153.092623,-2.29
-27.030232,153.092366,-2.28
-27.029989,153.094893,-2.36
-27.030008,153.094641,-2.30
-27.030232,153.092122,-2.24
-27.029999,153.094389,-2.29
-27.029999,153.094136,-2.33
-27.030006,153.093886,-2.33
-27.030008,153.093631,-2.30
-27.030003,153.093381,-2.29
-27.030002,153.093129,-2.29
-27.030008,153.092876,-2.28
-27.030004,153.092623,-2.27
-27.029780,153.094886,-2.77
-27.030008,153.092369,-2.23
-27.030007,153.092122,-2.18
-27.029561,153.094633,-2.39
-27.029774,153.094390,-2.37
-27.029779,153.094137,-2.36
-27.029781,153.093882,-2.34
-27.029781,153.093632,-2.31
-27.029783,153.093380,-2.30
-27.029783,153.093128,-2.29
-27.029784,153.092872,-2.27
-27.029783,153.092625,-2.17
-27.029780,153.092373,-2.15
-27.029552,153.094863,-2.78
-27.029784,153.092121,-2.13
-27.029553,153.094387,-2.37
-27.029553,153.094136,-2.37
-27.029554,153.093881,-2.35
-27.029558,153.093631,-2.32
-27.029558,153.093380,-2.32
-27.029558,153.093128,-2.29
-27.029549,153.092878,-2.23
-27.029557,153.092619,-2.16
-27.029552,153.092372,-2.15
-27.029330,153.094893,-2.72
-27.029558,153.092119,-2.14
-27.029330,153.094608,-2.75
-27.029166,153.094389,-2.71
-27.029331,153.094135,-2.52
-27.029330,153.093881,-2.39
-27.029327,153.093633,-2.35
-27.029330,153.093380,-2.35
-27.029326,153.093125,-2.29
-27.029329,153.092872,-2.26
-27.029331,153.092624,-2.22
-27.029329,153.092373,-2.60
-27.029328,153.092122,-2.79
-27.029101,153.094518,-2.70
-27.029076,153.094337,-2.80
-27.029105,153.094103,-2.78
-27.029103,153.093885,-2.76
-27.029104,153.093631,-2.75
-27.029102,153.093381,-2.74
-27.029103,153.093124,-2.39
-27.028879,153.094641,-2.72
-27.028879,153.094389,-2.79
-27.028741,153.094136,-2.81
-27.028877,153.093882,-2.80
-27.028880,153.093633,-2.72
-27.028870,153.093367,-2.76
-27.028650,153.094637,-2.73
-27.028202,153.094622,-1.18
-27.028192,153.094335,-2.64
-27.027977,153.094603,-1.10
-27.027968,153.094198,-1.71
-27.027977,153.094126,-2.76
-27.027975,153.093876,-2.78
-27.027751,153.094568,-0.90
-27.027751,153.094352,-1.02
-27.027750,153.094059,-1.27
-27.027751,153.093879,-1.74
-27.027523,153.094363,-0.87
-27.027524,153.093626,-2.21
-27.027300,153.094029,-0.90
-27.027238,153.094549,-0.75
-27.027300,153.093507,-1.40
-27.027298,153.093374,-1.86
-27.027213,153.093126,-2.16
-27.027202,153.094376,-0.80
-27.027074,153.094391,-0.77
-27.027072,153.094383,-0.83
-27.027058,153.094065,-0.81
-27.027072,153.093747,-1.62
-27.027072,153.093626,-1.62
-27.027073,153.093191,-1.20
-27.027073,153.093124,-1.79
-27.027050,153.092874,-1.69
-27.027073,153.092611,-1.37
-27.026849,153.094052,-0.80
-27.026845,153.093767,-1.59
-27.026843,153.093626,-0.92
-27.026848,153.093346,-0.95
-27.027059,153.091590,-1.76
-27.026850,153.092956,-1.19
-27.026847,153.092875,-1.62
-27.026843,153.092621,-1.24
-27.026847,153.092368,-1.25
-27.026830,153.092113,-1.32
-27.026850,153.091855,-1.60
-27.026848,153.091615,-1.49
-27.026623,153.093709,-1.61
-27.026620,153.093620,-0.79
-27.026618,153.093363,-0.87
-27.026621,153.093125,-0.92
-27.026620,153.092871,-1.15
-27.026618,153.092622,-1.45
-27.026621,153.092371,-1.24
-27.026621,153.092114,-1.24
-27.026623,153.091862,-1.17
-27.026618,153.091610,-1.22
-27.026397,153.093374,-0.78
-27.026397,153.093421,-0.67
-27.026391,153.093126,-0.89
-27.026386,153.092872,-0.96
-27.026395,153.092622,-1.15
-27.026395,153.092370,-1.34
-27.026398,153.092106,-1.13
-27.026388,153.091864,-1.13
-27.026387,153.091614,-1.16
-27.026119,153.093034,-0.73
-27.026171,153.092874,-0.86
-27.026167,153.092621,-1.04
-27.026171,153.092368,-1.12
-27.026169,153.092119,-1.04
-27.026171,153.091860,-1.04
-27.026165,153.091612,-1.08
-27.025937,153.092868,-0.73
-27.025937,153.092623,-0.82
-27.025947,153.092370,-0.90
-27.025938,153.092109,-0.95
-27.025946,153.091854,-0.98
-27.025945,153.091614,-1.01
-27.025718,153.092370,-0.82
-27.025720,153.092108,-0.87
-27.025722,153.091862,-0.86
-27.025720,153.091614,-0.92
-27.024043,153.093634,-0.81
-27.024040,153.093628,-0.86
-27.023686,153.093374,-0.85
-27.023687,153.093123,-0.87
-27.023464,153.093073,-0.86
-27.032023,153.100440,-0.77
-27.032029,153.100184,-0.96
-27.032034,153.099931,-1.07
-27.032037,153.099554,-1.28
-27.032034,153.099426,-2.70
-27.032035,153.099173,-2.76
-27.032035,153.098897,-2.62
-27.032032,153.098660,-2.44
-27.032033,153.098361,-2.54
-27.031806,153.100168,-0.78
-27.031810,153.099431,-2.25
-27.031809,153.098674,-2.80
-27.031770,153.098424,-2.63
-27.031585,153.099326,-2.71
-27.031578,153.098916,-1.73
-27.031355,153.099411,-1.90
-27.031358,153.099180,-2.45
-27.031339,153.099433,-0.85
-27.031360,153.098630,-1.07
-27.031133,153.098704,-0.90
-27.031134,153.098632,-0.89
-27.031133,153.098423,-1.07
-27.030759,153.098172,-1.01
-27.030573,153.097909,-1.03
-27.028988,153.095910,-0.97
-27.029106,153.095915,-1.06
-27.029198,153.096163,-0.96
-27.029556,153.095963,-2.68
-27.029332,153.096155,-1.02
-27.029502,153.096514,-0.90
-27.029779,153.096153,-2.69
-27.029775,153.096196,-1.64
-27.029556,153.096450,-0.97
-27.029604,153.096659,-0.96
-27.030005,153.096153,-2.70
-27.030002,153.096404,-2.73
-27.030003,153.096629,-2.81
-27.029783,153.096660,-0.99
-27.029797,153.096918,-0.97
-27.030230,153.096154,-2.69
-27.030233,153.096403,-2.74
-27.029981,153.097178,-0.88
-27.030233,153.096653,-2.74
-27.030231,153.096892,-2.78
-27.030007,153.097030,-0.98
-27.030009,153.097167,-0.91
-27.030457,153.096090,-2.67
-27.030456,153.096407,-2.64
-27.030455,153.096657,-2.67
-27.030455,153.096909,-2.69
-27.030457,153.097153,-2.74
-27.030236,153.097171,-0.97
-27.030262,153.097550,-0.97
-27.030393,153.097679,-0.90
-27.030683,153.096115,-2.65
-27.030680,153.096404,-2.67
-27.030684,153.096657,-2.61
-27.030681,153.096911,-2.59
-27.030680,153.097163,-2.70
-27.030683,153.097399,-2.72
-27.030465,153.097419,-1.02
-27.030586,153.097928,-0.92
-27.030908,153.096154,-2.38
-27.030908,153.096369,-2.46
-27.030909,153.096659,-2.69
-27.030906,153.096882,-2.64
-27.030908,153.097071,-2.65
-27.030909,153.097413,-2.76
-27.030905,153.097639,-2.78
-27.030688,153.097669,-1.17
-27.031133,153.096656,-2.60
-27.031133,153.097111,-2.41
-27.031132,153.097370,-2.72
-27.031134,153.097665,-2.75
-27.031131,153.097914,-2.75
-27.031134,153.097967,-1.61
-27.031360,153.096149,-2.33
-27.031360,153.096908,-2.64
-27.031359,153.097164,-2.63
-27.031361,153.097346,-2.71
-27.031358,153.097664,-2.74
-27.031359,153.097920,-2.75
-27.031354,153.098171,-2.76
-27.031586,153.096153,-2.01
-27.031586,153.096407,-2.10
-27.031583,153.097164,-2.66
-27.031582,153.097415,-2.81
-27.031586,153.097913,-2.65
-27.031582,153.098171,-2.70
-27.031811,153.096155,-1.89
-27.031806,153.096406,-1.94
-27.031808,153.097416,-2.78
-27.031807,153.097667,-2.63
-27.031810,153.097902,-2.58
-27.031809,153.098171,-2.54
-27.032037,153.096155,-2.21
-27.032034,153.096405,-2.20
-27.032036,153.096657,-2.50
-27.032035,153.097914,-2.58
-27.032035,153.098033,-2.69
-27.032041,153.091867,-2.76
-27.032038,153.091616,-2.71
-27.032039,153.091364,-2.69
-27.032041,153.091113,-2.81
-27.031816,153.091864,-2.76
-27.031814,153.091616,-2.73
-27.031816,153.091350,-2.64
-27.031807,153.091109,-2.70
-27.031589,153.091865,-2.73
-27.031585,153.091618,-2.73
-27.031589,153.091361,-2.46
-27.031591,153.091106,-2.07
-27.031358,153.091866,-2.58
-27.031358,153.091616,-2.61
-27.031361,153.091358,-2.10
-27.031364,153.091114,-2.21
-27.031133,153.091868,-2.52
-27.031136,153.091612,-2.56
-27.031134,153.091366,-2.67
-27.031135,153.091111,-2.04
-27.030912,153.091731,-2.48
-27.030913,153.091611,-2.48
-27.030912,153.091325,-2.60
-27.030913,153.091090,-2.56
-27.030678,153.091868,-2.50
-27.030685,153.091576,-2.54
-27.030682,153.091355,-2.53
-27.030684,153.091097,-2.49
-27.030461,153.091869,-2.31
-27.030459,153.091429,-2.26
-27.030458,153.091365,-2.29
-27.030460,153.091107,-2.17
-27.030235,153.091853,-2.20
-27.030233,153.091616,-2.15
-27.030211,153.091202,-2.13
-27.030226,153.091107,-2.21
-27.030008,153.091866,-2.14
-27.029994,153.091617,-2.12
-27.030010,153.091121,-2.13
-27.030010,153.091087,-2.16
-27.029784,153.091869,-2.14
-27.029781,153.091616,-2.12
-27.029783,153.091363,-2.13
-27.029784,153.090979,-2.13
-27.029553,153.091860,-2.14
-27.029554,153.091606,-2.11
-27.029549,153.091363,-2.13
-27.029553,153.091113,-2.13
-27.029333,153.091608,-2.70
-27.029333,153.091356,-2.12
-27.029326,153.091109,-2.05
-27.029107,153.091113,-1.85
-27.028855,153.091111,-1.79
-27.028645,153.091360,-2.00
-27.028651,153.091104,-1.83
-27.028426,153.091343,-1.90
-27.028425,153.091112,-1.60
-27.028202,153.091615,-2.81
-27.028199,153.091356,-1.75
-27.028199,153.091110,-1.50
-27.027975,153.091614,-2.34
-27.027972,153.091357,-1.52
-27.027957,153.091111,-1.76
-27.027753,153.091615,-1.75
-27.027753,153.091364,-1.73
-27.027751,153.091080,-1.99
-27.027510,153.091613,-1.58
-27.027515,153.091358,-1.90
-27.027520,153.091111,-2.00
-27.027296,153.091613,-1.74
-27.027302,153.091357,-1.94
-27.027295,153.091106,-1.99
-27.027076,153.091361,-1.92
-27.027076,153.091102,-1.95
-27.026837,153.091359,-1.78
-27.026828,153.091109,-1.83
-27.026621,153.091360,-1.31
-27.026612,153.091101,-1.63
-27.026399,153.091363,-1.19
-27.026395,153.091111,-1.21
-27.026170,153.091360,-1.12
-27.026168,153.091102,-1.15
-27.025943,153.091361,-1.04
-27.025939,153.091108,-1.08
-27.025711,153.091358,-0.98
-27.025716,153.091102,-1.02
-27.025488,153.091361,-0.87
-27.025496,153.091103,-0.95
-27.025199,153.091388,-0.80
-27.025173,153.091300,-0.81
-27.025067,153.091061,-0.85
-27.024998,153.091431,-1.65
-27.025044,153.091140,-0.82
-27.025022,153.091054,-0.83
-27.024592,153.091064,-0.75
-27.014658,153.099751,-1.34
-27.014758,153.100170,-1.81
-27.014883,153.099830,-1.29
-27.014884,153.100034,-1.32
-27.015108,153.099943,-1.32
-27.015109,153.099920,-1.29
-27.015108,153.100195,-1.35
-27.015310,153.100803,-1.91
-27.015334,153.099903,-1.28
-27.015334,153.099924,-1.33
-27.015335,153.100180,-1.35
-27.015336,153.100428,-1.36
-27.015554,153.100929,-1.76
-27.015560,153.099881,-1.23
-27.015560,153.099923,-1.27
-27.015559,153.100364,-1.26
-27.015559,153.100608,-1.33
-27.015676,153.100925,-1.77
-27.015786,153.099766,-1.15
-27.015785,153.099959,-1.19
-27.015786,153.100178,-1.24
-27.015785,153.100562,-1.25
-27.015784,153.100742,-1.31
-27.016011,153.099882,-1.06
-27.016011,153.100037,-1.14
-27.016012,153.100183,-1.18
-27.016011,153.100486,-1.22
-27.016011,153.100683,-1.26
-27.016237,153.100010,-1.13
-27.016243,153.099898,-1.05
-27.016237,153.100195,-1.17
-27.016236,153.100469,-1.23
-27.016237,153.100744,-1.26
-27.016462,153.100247,-1.16
-27.016462,153.100535,-1.20
-27.016462,153.100680,-1.24
-27.016688,153.100306,-1.16
-27.016688,153.100466,-1.15
-27.016687,153.100687,-1.17
-27.016009,153.099618,-1.10
-27.016011,153.099346,-1.05
-27.015784,153.099670,-1.18
-27.015784,153.099418,-1.08
-27.015688,153.099166,-1.04
-27.015559,153.099643,-1.28
-27.015559,153.099407,-1.26
-27.015560,153.099163,-1.13
-27.015333,153.099622,-1.39
-27.015332,153.099377,-1.49
-27.015334,153.099082,-1.14
-27.015108,153.099659,-1.30
-27.015108,153.099416,-1.23
-27.015107,153.099143,-1.29
-27.014882,153.099560,-1.26
-27.014882,153.099411,-1.24
-27.014882,153.099158,-1.13
-27.014850,153.098914,-1.02
-27.014511,153.099669,-1.68
-27.014657,153.099395,-1.37
-27.014657,153.099142,-1.35
-27.014430,153.099652,-1.90
-27.014429,153.098911,-1.22
-27.023113,153.091144,-0.71
-27.023123,153.090976,-0.71
-27.023008,153.091180,-0.68
-27.023013,153.091044,-0.70
-27.023012,153.090801,-0.71
-27.022780,153.090973,-0.72
-27.022787,153.090828,-0.73
-27.022750,153.091164,-0.67
-27.022560,153.090968,-0.71
-27.022532,153.091146,-0.86
-27.022543,153.090846,-0.71
-27.022335,153.090798,-0.73
-27.022302,153.091125,-0.77
-27.022293,153.091009,-0.69
-27.022069,153.091195,-0.83
-27.022003,153.090827,-0.74
-27.021773,153.090751,-0.74
-27.021492,153.090815,-0.76
-27.021320,153.090896,-0.62
-27.021143,153.090974,-0.73
-27.021079,153.090832,-0.68
-27.020606,153.090984,-0.73
-27.020460,153.090914,-0.75
-27.020432,153.090755,-0.74
-27.020149,153.090860,-0.79
-27.020127,153.090736,-0.74
-27.019642,153.091003,-0.72
-27.018644,153.090863,-0.66
-27.011951,153.091095,-0.93
-27.011727,153.091573,-0.94
-27.011723,153.091350,-0.90
-27.011728,153.091099,-0.96
-27.011502,153.091561,-1.02
-27.011499,153.091348,-0.97
-27.011501,153.091081,-1.01
-27.011276,153.091848,-1.09
-27.011276,153.091601,-1.05
-27.011276,153.091308,-1.06
-27.011272,153.090996,-1.02
-27.011048,153.091854,-1.13
-27.011048,153.091588,-1.09
-27.011050,153.091346,-1.05
-27.011051,153.091079,-1.07
-27.010821,153.091850,-1.17
-27.010822,153.091600,-1.14
-27.010823,153.091349,-1.08
-27.010822,153.091094,-1.11
-27.010599,153.092007,-1.11
-27.010596,153.091852,-1.22
-27.010595,153.091601,-1.17
-27.010594,153.091347,-1.14
-27.010599,153.091091,-1.11
-27.010373,153.091797,-1.23
-27.010373,153.091601,-1.19
-27.010372,153.091348,-1.14
-27.010372,153.091094,-1.12
-27.010147,153.091585,-1.24
-27.010148,153.091303,-1.17
-27.010146,153.091089,-1.15
-27.009921,153.091710,-0.99
-27.009920,153.091597,-1.19
-27.009922,153.091340,-1.22
-27.009922,153.091094,-1.13
-27.009692,153.091344,-1.17
-27.009696,153.091080,-1.06
-27.005407,153.092286,-0.89
-27.005179,153.091846,-0.95
-27.005179,153.091594,-0.93
-27.013511,153.098661,-0.95
-27.013301,153.098912,-1.28
-27.013301,153.098651,-1.02
-27.013041,153.098907,-1.89
-27.013077,153.098652,-1.11
-27.012852,153.098589,-1.16
-27.012400,153.098636,-1.15
-27.012076,153.098658,-1.86
-27.012014,153.098406,-0.93
-27.011948,153.098656,-2.16
-27.011947,153.098380,-1.04
-27.011721,153.098352,-0.94
-27.011076,153.098396,-1.47
-27.011025,153.098372,-1.69
-27.010373,153.098156,-1.68
-27.010377,153.097991,-1.02
-27.010147,153.098155,-1.78
-27.010146,153.097947,-0.96
-27.009923,153.098159,-1.38
-27.010061,153.097931,-0.99
-27.009692,153.098158,-1.43
-27.009883,153.097903,-1.00
-27.009468,153.098156,-1.52
-27.005150,153.099374,-2.23
-27.005175,153.099908,-1.98
-27.005160,153.100157,-1.99
-27.005177,153.098884,-2.14
-27.005378,153.098889,-2.05
-27.005401,153.100143,-2.00
-27.005395,153.100339,-1.99
-27.005396,153.100665,-2.09
-27.005401,153.100789,-2.13
-27.005628,153.099100,-2.22
-27.005627,153.098845,-2.02
-27.005621,153.100662,-2.00
-27.005626,153.100756,-2.06
-27.005854,153.099138,-1.98
-27.005849,153.099355,-2.21
-27.005851,153.099900,-2.24
-27.005847,153.100644,-2.20
-27.005848,153.100784,-2.09
-27.006069,153.099137,-1.99
-27.006079,153.099660,-2.03
-27.006079,153.099900,-2.07
-27.006071,153.100166,-2.06
-27.006070,153.100375,-2.14
-27.006056,153.100794,-2.01
-27.006304,153.099389,-2.22
-27.006302,153.099158,-1.98
-27.006304,153.099660,-2.07
-27.006305,153.099914,-2.21
-27.006301,153.100395,-2.11
-27.006477,153.099137,-1.97
-27.006527,153.099407,-2.20
-27.006530,153.099626,-2.16
-27.006528,153.100608,-2.16
-27.006537,153.098913,-1.95
-27.006752,153.099407,-1.98
-27.006752,153.099652,-2.24
-27.006769,153.098907,-1.96
-27.006882,153.099406,-2.00
-27.006974,153.099654,-2.11
-27.006984,153.099160,-2.06
-27.006989,153.098909,-2.05
-27.007203,153.099651,-2.09
-27.007212,153.098910,-2.13
-27.007212,153.099160,-2.12
-27.007269,153.099662,-2.11
-27.007432,153.099912,-2.18
-27.007439,153.098908,-2.16
-27.007437,153.099162,-2.16
-27.007441,153.099415,-2.16
-27.007638,153.099911,-2.15
-27.007663,153.099666,-2.20
-27.009244,153.098154,-2.04
-27.007664,153.098658,-2.21
-27.007665,153.098404,-2.19
-27.007662,153.098154,-2.22
-27.007662,153.097902,-1.70
-27.007444,153.098659,-2.13
-27.007450,153.098405,-2.12
-27.007435,153.098156,-2.18
-27.007213,153.098657,-2.06
-27.007214,153.098404,-2.10
-27.006984,153.098678,-1.99
-27.006989,153.098403,-2.11
-27.006777,153.098658,-1.94
-27.006763,153.098405,-2.11
-27.006760,153.098154,-1.97
-27.006758,153.097901,-2.16
-27.006759,153.097651,-1.01
-27.006535,153.098659,-1.91
-27.006541,153.098404,-1.94
-27.006540,153.098166,-1.83
-27.006318,153.098656,-1.97
-27.006309,153.098405,-2.02
-27.006319,153.098155,-2.03
-27.006308,153.097900,-1.96
-27.006322,153.097647,-1.29
-27.006082,153.098655,-2.01
-27.006081,153.098407,-2.03
-27.006082,153.098153,-1.96
-27.006081,153.097900,-1.77
-27.006049,153.098885,-2.01
-27.005855,153.098407,-2.03
-27.005855,153.098153,-2.10
-27.005860,153.097900,-1.85
-27.005854,153.098793,-2.02
-27.005728,153.098654,-2.09
-27.005631,153.098151,-2.14
-27.005630,153.097906,-2.20
-27.005685,153.097806,-1.53
-27.005636,153.097395,-1.13
-27.005628,153.098650,-2.13
-27.005398,153.098653,-2.05
-27.005174,153.098636,-1.97
-27.005172,153.098298,-1.98
-27.005174,153.098146,-2.06
-27.005175,153.097893,-2.10
-27.005067,153.097240,-0.87
-27.004955,153.091940,-0.90
-27.004956,153.091813,-0.96
-27.004956,153.091568,-0.98
-27.004956,153.091318,-0.97
-27.004728,153.091592,-1.01
-27.004730,153.091337,-1.03
-27.004731,153.091086,-0.99
-27.004502,153.091590,-1.04
-27.004505,153.091343,-1.04
-27.004504,153.091068,-1.02
-27.004279,153.091345,-1.01
-27.004279,153.091089,-1.05
-26.997003,153.095874,-2.04
-26.996823,153.095615,-1.15
-26.996594,153.095870,-2.21
-26.996597,153.095616,-1.30
-26.996374,153.095621,-1.45
-26.995992,153.095620,-1.91
-26.996148,153.095366,-1.25
-26.996043,153.095041,-1.10
-27.000654,153.098885,-1.94
-27.000652,153.098646,-1.92
-27.000662,153.099151,-1.94
-27.000655,153.099347,-1.92
-27.000660,153.099607,-1.93
-27.000661,153.099906,-1.94
-27.000651,153.100141,-2.02
-27.000656,153.100412,-2.23
-27.000843,153.098855,-1.98
-27.000870,153.098579,-1.86
-27.000887,153.099112,-2.00
-27.000885,153.099383,-2.01
-27.000886,153.099655,-2.08
-27.000886,153.099898,-2.15
-27.000875,153.100144,-2.16
-27.000883,153.100398,-2.01
-27.000883,153.100664,-2.13
-27.001111,153.098643,-2.03
-27.001109,153.098826,-2.03
-27.001103,153.099135,-2.02
-27.001098,153.099355,-2.03
-27.001110,153.099621,-2.11
-27.001097,153.099879,-2.10
-27.001101,153.100156,-2.12
-27.001105,153.100413,-2.09
-27.001330,153.098646,-2.00
-27.001330,153.098900,-1.97
-27.001317,153.099102,-2.02
-27.001331,153.099266,-2.09
-27.001327,153.099641,-2.06
-27.001338,153.099794,-2.00
-27.001324,153.100162,-2.09
-27.001335,153.100382,-1.99
-27.001335,153.100429,-1.98
-27.001338,153.100792,-2.01
-27.001516,153.098633,-2.07
-27.001542,153.098718,-2.05
-27.001506,153.099154,-1.98
-27.001564,153.099188,-2.19
-27.001440,153.099519,-2.00
-27.001563,153.099888,-1.98
-27.001552,153.100115,-1.99
-27.001563,153.100331,-2.03
-27.001550,153.100652,-1.98
-27.001564,153.100789,-1.93
-27.001566,153.098605,-1.32
-27.001569,153.098728,-1.42
-27.001790,153.099094,-2.08
-27.001778,153.099307,-2.08
-27.001786,153.099636,-2.16
-27.001787,153.099868,-2.05
-27.001787,153.100101,-1.98
-27.001788,153.100413,-1.98
-27.001785,153.100663,-1.97
-27.001788,153.100792,-1.96
-27.002002,153.098587,-1.93
-27.002016,153.098826,-1.98
-27.002000,153.099154,-2.03
-27.002002,153.099273,-2.07
-27.002010,153.099634,-2.04
-27.002014,153.099836,-2.08
-27.002001,153.100160,-1.98
-27.002013,153.100412,-1.97
-27.002008,153.100666,-1.97
-27.002013,153.100792,-1.97
-27.002240,153.098853,-1.96
-27.002241,153.099039,-2.08
-27.002230,153.099258,-2.15
-27.002221,153.099656,-2.07
-27.002234,153.099860,-2.09
-27.002235,153.099931,-2.00
-27.002241,153.100413,-1.98
-27.002238,153.100658,-1.98
-27.002239,153.100779,-1.98
-27.002464,153.098890,-1.96
-27.002468,153.099126,-1.94
-27.002439,153.099403,-2.09
-27.002464,153.099649,-2.10
-27.002462,153.099892,-2.07
-27.002465,153.100368,-1.98
-27.002455,153.100139,-2.11
-27.002446,153.100659,-1.98
-27.002459,153.100792,-1.99
-27.002692,153.098903,-2.05
-27.002688,153.099153,-1.97
-27.002691,153.099348,-1.99
-27.002667,153.099489,-2.06
-27.002692,153.099813,-2.05
-27.002693,153.099980,-2.05
-27.002679,153.100311,-2.14
-27.002683,153.100661,-1.99
-27.002693,153.100750,-1.99
-27.002919,153.098904,-2.07
-27.002912,153.099148,-2.00
-27.002915,153.099403,-2.02
-27.002907,153.099654,-2.07
-27.002919,153.099812,-2.06
-27.002919,153.100160,-2.07
-27.002902,153.100349,-2.14
-27.002916,153.100622,-2.01
-27.002909,153.100792,-2.00
-27.003143,153.099109,-1.99
-27.003139,153.098903,-2.09
-27.003145,153.099365,-2.08
-27.003132,153.099650,-2.10
-27.003145,153.099909,-2.12
-27.003091,153.100089,-2.12
-27.002990,153.100346,-2.07
-27.003109,153.100568,-2.00
-27.003142,153.100767,-1.99
-27.003369,153.098902,-2.07
-27.003361,153.099150,-1.98
-27.003356,153.099281,-2.11
-27.003364,153.099604,-2.10
-27.003367,153.099801,-2.10
-27.003319,153.099958,-2.07
-27.003345,153.100338,-2.11
-27.003368,153.100623,-2.12
-27.003347,153.100768,-2.10
-27.003593,153.099062,-2.00
-27.003595,153.098898,-2.02
-27.003568,153.099375,-2.13
-27.003594,153.099632,-2.11
-27.003580,153.099735,-2.12
-27.003586,153.100155,-2.11
-27.003585,153.100381,-2.08
-27.003584,153.100637,-2.15
-27.003592,153.100714,-2.10
-27.003807,153.099105,-2.13
-27.003818,153.098855,-1.99
-27.003819,153.099380,-2.12
-27.003737,153.099526,-2.12
-27.003819,153.099817,-2.16
-27.003783,153.100133,-2.07
-27.003821,153.100408,-2.06
-27.003820,153.100665,-2.21
-27.004047,153.099140,-2.18
-27.004031,153.098898,-2.12
-27.004045,153.099320,-1.82
-27.004043,153.099597,-2.07
-27.004042,153.099898,-2.08
-27.004047,153.100146,-2.15
-27.004036,153.100414,-2.02
-27.004270,153.098904,-2.22
-27.004271,153.099120,-2.10
-27.004270,153.099397,-2.12
-27.004273,153.099642,-2.10
-27.004272,153.099900,-2.12
-27.004258,153.100037,-2.17
-27.004272,153.100413,-2.16
-27.004492,153.098904,-2.12
-27.004490,153.099138,-2.10
-27.004469,153.099334,-2.10
-27.004490,153.099632,-2.11
-27.004493,153.099810,-2.17
-27.004497,153.100065,-2.15
-27.004493,153.100415,-2.09
-27.004723,153.099131,-2.12
-27.004707,153.098876,-2.16
-27.004718,153.099402,-2.13
-27.004721,153.099410,-2.19
-27.004718,153.099880,-2.21
-27.004719,153.100159,-2.06
-27.004941,153.099136,-2.20
-27.004950,153.099387,-2.24
-27.004946,153.099639,-2.20
-27.004950,153.099749,-1.95
-27.004946,153.100164,-2.07
-27.004938,153.098880,-2.22
-27.004935,153.098634,-2.22
-27.004942,153.098366,-2.14
-27.004949,153.098112,-2.01
-27.004949,153.097894,-2.02
-27.004918,153.097645,-1.58
-27.004731,153.097204,-0.93
-27.004720,153.098647,-2.21
-27.004720,153.098146,-2.01
-27.004724,153.097893,-2.07
-27.004724,153.097640,-1.80
-27.004505,153.097170,-0.96
-27.004490,153.098527,-2.24
-27.004498,153.098398,-2.21
-27.004433,153.098146,-1.99
-27.004498,153.097884,-2.03
-27.004497,153.097641,-1.88
-27.004278,153.097147,-0.95
-27.004272,153.098485,-2.17
-27.004255,153.098380,-2.08
-27.004266,153.098144,-2.00
-27.004275,153.097893,-2.07
-27.004274,153.097633,-2.06
-27.004057,153.097144,-0.96
-27.004046,153.098652,-1.99
-27.004047,153.098395,-2.04
-27.004044,153.098140,-2.09
-27.004048,153.097892,-2.12
-27.004047,153.097641,-1.58
-27.003828,153.097145,-0.94
-27.003821,153.098640,-2.03
-27.003822,153.098399,-2.12
-27.003819,153.098134,-2.18
-27.003821,153.097637,-1.86
-27.003592,153.098645,-2.13
-27.003384,153.096909,-0.80
-27.003149,153.097150,-1.15
-27.002999,153.097391,-1.21
-27.002696,153.097146,-1.22
-27.002696,153.096891,-1.01
-27.002470,153.097144,-1.28
-27.002476,153.096661,-0.90
-27.002466,153.098644,-1.99
-27.002466,153.098392,-2.07
-27.002464,153.098143,-2.15
-27.002245,153.097142,-1.32
-27.002252,153.096891,-1.17
-27.002344,153.096638,-0.94
-27.002238,153.098639,-1.93
-27.002240,153.098398,-1.96
-27.002240,153.098147,-2.00
-27.002242,153.097889,-2.08
-27.002222,153.097324,-1.41
-27.002106,153.096889,-1.26
-27.002240,153.096747,-1.11
-27.002015,153.098381,-1.91
-27.002014,153.098146,-1.93
-27.002017,153.097880,-1.99
-27.002017,153.097640,-2.14
-27.002009,153.097389,-1.52
-27.002006,153.096995,-1.39
-27.002013,153.096887,-1.08
-27.001787,153.098333,-1.97
-27.001783,153.098117,-1.93
-27.001787,153.097894,-1.96
-27.001758,153.097383,-1.93
-27.001793,153.097110,-1.10
-27.001792,153.096823,-1.01
-27.001552,153.098219,-2.06
-27.001559,153.098097,-1.97
-27.001559,153.097891,-2.22
-27.001564,153.097389,-1.22
-27.001562,153.097137,-1.00
-27.001214,153.098147,-1.94
-27.001338,153.097640,-1.86
-27.001340,153.097388,-1.10
-27.001386,153.096631,-1.01
-27.001341,153.096745,-1.10
-27.001340,153.096631,-1.09
-27.001238,153.096892,-1.01
-27.001039,153.098358,-1.96
-27.000990,153.098052,-1.97
-27.000907,153.097572,-2.04
-27.000955,153.097887,-2.00
-27.001114,153.097046,-1.02
-27.001114,153.096881,-1.01
-27.001077,153.097296,-1.07
-27.001115,153.096611,-1.03
-27.000879,153.098388,-1.83
-27.000862,153.098142,-1.95
-27.000865,153.097868,-1.92
-27.000867,153.097533,-2.09
-27.000889,153.097329,-1.07
-27.000890,153.096993,-0.95
-27.000890,153.096882,-0.99
-27.000887,153.096624,-1.00
-27.000658,153.098380,-1.88
-27.000647,153.098144,-1.90
-27.000650,153.097801,-2.02
-27.000660,153.097631,-1.37
-27.000661,153.097388,-1.10
-27.000661,153.096926,-0.97
-27.000664,153.096831,-1.00
-27.000664,153.096597,-1.02
-26.997726,153.098390,-2.24
-26.997949,153.098341,-2.21
-26.998180,153.098395,-2.24
-26.998406,153.098395,-2.23
-26.998854,153.098395,-2.23
-26.999083,153.098386,-2.19
-26.999308,153.098384,-2.20
-26.999981,153.099654,-2.21
-27.000211,153.098646,-2.21
-27.000208,153.099401,-2.13
-27.000210,153.099650,-2.09
-27.000207,153.099905,-2.17
-27.000437,153.098645,-2.04
-27.000435,153.099152,-2.04
-27.000431,153.099402,-2.00
-27.000435,153.099647,-1.97
-27.000435,153.099907,-2.00
-27.000434,153.100154,-2.22
-27.000433,153.098394,-1.97
-27.000437,153.098141,-1.96
-27.000437,153.097875,-1.91
-27.000347,153.097622,-2.00
-27.000438,153.097319,-1.18
-27.000438,153.096583,-1.04
-27.000207,153.098397,-2.07
-27.000205,153.098137,-2.04
-27.000208,153.097880,-2.02
-27.000201,153.097640,-2.06
-27.000212,153.097375,-1.24
-27.000213,153.097101,-1.09
-27.000213,153.096713,-1.01
-27.000211,153.096599,-1.01
-26.999982,153.098396,-2.15
-26.999982,153.098143,-2.07
-26.999979,153.097868,-2.03
-26.999985,153.097638,-2.08
-26.999986,153.097388,-1.23
-26.999987,153.097117,-1.11
-26.999913,153.096845,-1.00
-26.999759,153.098396,-2.24
-26.999759,153.098135,-2.13
-26.999758,153.097886,-2.06
-26.999759,153.097638,-1.93
-26.999704,153.097348,-2.04
-26.999761,153.097112,-1.15
-26.999761,153.096811,-1.06
-26.999533,153.098388,-2.24
-26.999534,153.098141,-2.13
-26.999534,153.097889,-2.09
-26.999535,153.097637,-1.93
-26.999525,153.097308,-2.10
-26.999534,153.097129,-1.20
-26.999535,153.096876,-1.07
-26.999305,153.098144,-2.13
-26.999306,153.097890,-2.10
-26.999307,153.097632,-2.05
-26.999302,153.097364,-2.08
-26.999346,153.096545,-0.97
-26.999310,153.097088,-1.29
-26.999309,153.096881,-1.16
-26.999310,153.096513,-1.04
-26.999295,153.096379,-0.97
-26.999081,153.098140,-2.15
-26.999080,153.097888,-2.08
-26.999076,153.097631,-2.04
-26.999079,153.097382,-2.12
-26.999070,153.097124,-2.03
-26.999084,153.096876,-1.22
-26.999084,153.096575,-1.07
-26.999081,153.096374,-0.98
-26.998850,153.098142,-2.17
-26.998853,153.097891,-2.08
-26.998855,153.097635,-1.99
-26.998855,153.097385,-2.16
-26.998858,153.097129,-2.16
-26.998741,153.096879,-1.98
-26.998857,153.096569,-1.17
-26.998858,153.096332,-1.06
-26.998630,153.098143,-2.20
-26.998631,153.097862,-2.15
-26.998731,153.096125,-0.95
-26.998631,153.097618,-2.09
-26.998630,153.097386,-2.14
-26.998629,153.097124,-2.06
-26.998633,153.096884,-2.14
-26.998429,153.096619,-2.08
-26.998633,153.096340,-1.10
-26.998406,153.098137,-2.22
-26.998402,153.097890,-2.21
-26.998369,153.097586,-2.20
-26.998402,153.096883,-2.16
-26.998369,153.096616,-1.99
-26.998404,153.096366,-1.16
-26.998178,153.098139,-2.24
-26.998178,153.097822,-2.22
-26.998177,153.097639,-2.21
-26.998179,153.097382,-2.23
-26.998163,153.097128,-2.24
-26.998180,153.096628,-2.16
-26.998177,153.096378,-1.30
-26.997950,153.097358,-2.21
-26.997952,153.097121,-2.21
-26.997950,153.096847,-2.24
-26.997956,153.096101,-1.24
-26.997959,153.095856,-1.07
-26.997723,153.098120,-2.24
-26.997727,153.097859,-2.20
-26.997727,153.097316,-2.21
-26.997717,153.097127,-2.21
-26.997730,153.096084,-1.30
-26.997501,153.098139,-2.21
-26.997498,153.097887,-2.20
-26.997499,153.097376,-2.23
-26.997503,153.097130,-2.23
-26.997275,153.097889,-2.24
-26.997277,153.097635,-2.24
-26.997269,153.097336,-2.22
-26.997275,153.097032,-2.21
-26.997048,153.096975,-2.22
-26.997053,153.096876,-2.22
-26.996825,153.097104,-2.22
-26.996824,153.096858,-2.23
-26.996600,153.096880,-2.23
-26.995919,153.095603,-1.85
-26.995924,153.095369,-1.26
-26.995651,153.095619,-1.92
-26.995694,153.095368,-1.18
-26.995468,153.095620,-2.20
-26.995473,153.095312,-1.21
-26.995245,153.095867,-2.23
-26.995247,153.095572,-1.41
-26.995243,153.095365,-1.19
-26.995020,153.095872,-1.92
-26.994905,153.095545,-2.04
-26.994824,153.095368,-1.77
-26.994796,153.095626,-1.89
-26.994795,153.095616,-2.12
-26.994789,153.095361,-2.09
-26.994549,153.095861,-2.19
-26.994384,153.095580,-2.13
-26.994566,153.095336,-1.99
-26.994449,153.095117,-2.02
-26.994318,153.095855,-2.14
-26.994224,153.095377,-2.04
-26.994345,153.095166,-1.92
-26.994112,153.095800,-2.06
-26.994030,153.095421,-2.10
-26.994118,153.095148,-1.92
-26.993862,153.095865,-2.10
-26.993877,153.095380,-2.10
-26.993891,153.095158,-1.95
-26.993668,153.095779,-2.09
-26.993620,153.095604,-1.99
-26.993662,153.095360,-2.09
-26.993419,153.095821,-2.09
-26.993433,153.095553,-2.00
-26.993202,153.095857,-1.94
-26.993211,153.095577,-2.17
-26.992989,153.095773,-2.02
-26.991525,153.093009,-1.20
-26.991614,153.093351,-2.10
-26.991634,153.093601,-2.20
-26.991639,153.093164,-1.37
-26.992085,153.093601,-2.22
-26.992090,153.093242,-1.18
-26.992615,153.093852,-2.06
-26.992776,153.094106,-1.80
-26.993223,153.094114,-1.26
-26.993447,153.094366,-1.36
-26.993673,153.094861,-2.13
-26.993892,153.095113,-2.14
-26.993894,153.094665,-1.37
-26.994115,153.095115,-2.02
-26.994343,153.095112,-2.06
-26.994346,153.094740,-1.12
-26.989395,153.094857,-2.02
-26.988921,153.095097,-2.22
-26.988928,153.094838,-2.16
-26.988699,153.095355,-2.15
-26.988698,153.095107,-2.04
-26.988701,153.094856,-2.04
-26.988475,153.095362,-2.03
-26.988475,153.095107,-1.94
-26.988476,153.094848,-1.92
-26.988477,153.094608,-1.97
-26.988251,153.095606,-2.15
-26.988249,153.095360,-1.96
-26.988241,153.095083,-1.96
-26.988240,153.094830,-2.10
-26.988024,153.095596,-2.04
-26.988021,153.095360,-1.90
-26.988013,153.095089,-2.04
-26.988001,153.094745,-2.04
-26.987797,153.095849,-2.08
-26.987797,153.095615,-1.96
-26.987647,153.095330,-2.15
-26.987588,153.094790,-2.00
-26.987572,153.095866,-1.99
-26.987573,153.095607,-1.98
-26.987544,153.095239,-1.99
-26.987538,153.094948,-2.03
-26.987520,153.094800,-2.03
-26.987453,153.094228,-2.16
-26.987548,153.094101,-1.60
-26.987345,153.095863,-1.99
-26.987317,153.095475,-2.06
-26.987322,153.095257,-2.01
-26.987334,153.095029,-1.98
-26.987338,153.094804,-2.01
-26.987118,153.095684,-2.01
-26.987064,153.095576,-2.02
-26.987112,153.095346,-2.01
-26.987101,153.095102,-2.00
-26.987119,153.094820,-2.04
-26.987120,153.091553,-1.88
-26.987112,153.091330,-1.89
-26.987122,153.091751,-1.87
-26.987122,153.092010,-1.88
-26.987067,153.092089,-2.08
-26.987015,153.092344,-1.32
-26.987011,153.093415,-1.52
-26.987014,153.093331,-1.21
-26.987015,153.093716,-1.81
-26.987117,153.094338,-2.00
-26.987118,153.094550,-2.08
-26.987350,153.091579,-1.89
-26.987345,153.091330,-1.89
-26.987349,153.091789,-1.91
-26.987342,153.091964,-1.87
-26.987349,153.092271,-1.85
-26.987330,153.092569,-2.02
-26.987128,153.093359,-1.40
-26.987133,153.093343,-1.05
-26.987128,153.093646,-1.72
-26.987164,153.094080,-2.15
-26.987348,153.094352,-2.01
-26.987328,153.094584,-2.00
-26.987567,153.091330,-1.90
-26.987573,153.091577,-1.93
-26.987563,153.091836,-1.92
-26.987573,153.092072,-1.88
-26.987570,153.092333,-1.86
-26.987575,153.092392,-1.81
-26.987352,153.092593,-1.59
-26.987572,153.093802,-1.99
-26.987555,153.094531,-2.14
-26.987792,153.091562,-1.90
-26.987797,153.091321,-1.92
-26.987801,153.091798,-1.92
-26.987799,153.092086,-1.91
-26.987788,153.092316,-1.88
-26.987799,153.092414,-1.85
-26.987578,153.092596,-1.56
-26.987580,153.093490,-1.16
-26.987796,153.093850,-2.15
-26.987794,153.094016,-2.07
-26.987726,153.094320,-2.19
-26.987641,153.094374,-2.08
-26.988013,153.091559,-1.91
-26.988013,153.091272,-1.95
-26.988027,153.091831,-1.91
-26.988022,153.092082,-1.93
-26.988006,153.092322,-1.89
-26.988023,153.092586,-1.81
-26.987802,153.092593,-1.38
-26.987801,153.093481,-1.17
-26.987897,153.093850,-2.23
-26.988024,153.094099,-2.08
-26.988018,153.094331,-1.92
-26.988010,153.094603,-2.14
-26.988234,153.091578,-1.92
-26.988251,153.091832,-1.92
-26.988249,153.092080,-1.91
-26.988249,153.092241,-1.89
-26.988041,153.092581,-1.95
-26.988029,153.092594,-1.23
-26.988026,153.093629,-1.32
-26.988215,153.094101,-2.09
-26.988247,153.094346,-1.99
-26.988251,153.094590,-2.13
-26.988469,153.091568,-1.93
-26.988477,153.091823,-1.94
-26.988476,153.092082,-1.89
-26.988474,153.092090,-1.87
-26.988255,153.092341,-1.31
-26.988252,153.093705,-1.16
-26.988256,153.093852,-1.30
-26.988434,153.094353,-2.03
-26.988693,153.091567,-1.94
-26.988701,153.091771,-1.95
-26.988682,153.091921,-1.89
-26.988613,153.092295,-1.83
-26.988509,153.092391,-1.80
-26.988481,153.093789,-1.06
-26.988478,153.093931,-1.15
-26.988478,153.094157,-1.36
-26.988703,153.094607,-2.05
-26.988926,153.091565,-1.95
-26.988929,153.091776,-1.91
-26.988924,153.091843,-1.85
-26.988705,153.092191,-1.44
-26.988705,153.092418,-1.20
-26.988704,153.092646,-1.12
-26.988722,153.094607,-1.88
-26.989121,153.091578,-1.96
-26.989156,153.091616,-1.83
-26.988947,153.091843,-1.86
-26.988931,153.092126,-1.28
-26.988930,153.092438,-1.26
-26.988930,153.092607,-1.18
-26.988932,153.094274,-1.07
-26.988929,153.094400,-1.24
-26.989272,153.091597,-1.83
-26.989271,153.091582,-1.95
-26.989159,153.091913,-1.40
-26.989157,153.092152,-1.25
-26.989156,153.092353,-1.24
-26.989157,153.092593,-1.16
-26.989383,153.091564,-1.59
-26.989588,153.091706,-1.83
-26.989464,153.091860,-1.82
-26.989382,153.092149,-1.20
-26.989385,153.092342,-1.22
-26.989382,153.092692,-1.12
-26.989610,153.091538,-1.15
-26.989672,153.091588,-1.85
-26.989608,153.091897,-1.19
-26.989609,153.092089,-1.18
-26.989607,153.092391,-1.16
-26.989608,153.092597,-1.13
-26.989606,153.094271,-1.21
-26.989607,153.094363,-1.45
-26.989834,153.091614,-1.18
-26.989835,153.091585,-1.17
-26.989833,153.091933,-1.17
-26.989834,153.092094,-1.17
-26.989833,153.092425,-1.14
-26.989836,153.092597,-1.11
-26.990050,153.094602,-1.96
-26.990059,153.091553,-1.15
-26.990059,153.091704,-1.16
-26.990059,153.091865,-1.15
-26.990059,153.092173,-1.13
-26.990061,153.092342,-1.10
-26.990063,153.094044,-1.20
-26.990282,153.094353,-2.12
-26.990276,153.094559,-2.20
-26.990285,153.091646,-1.09
-26.990289,153.091586,-1.09
-26.990285,153.091911,-1.08
-26.990265,153.093851,-1.11
-26.990284,153.093844,-1.22
-26.990506,153.094089,-2.23
-26.990503,153.094352,-2.13
-26.990508,153.094584,-2.08
-26.990511,153.091684,-1.07
-26.990732,153.093849,-2.15
-26.990727,153.094323,-2.13
-26.990730,153.094604,-2.08
-26.990681,153.093349,-1.09
-26.990958,153.093347,-1.86
-26.990941,153.093602,-2.24
-26.990861,153.093850,-2.24
-26.990949,153.094074,-2.13
-26.991173,153.093843,-2.07
-26.991181,153.093990,-2.10
-26.991402,153.093474,-2.23
-26.991401,153.093829,-2.08
-26.990285,153.091331,-1.13
-26.990059,153.091282,-1.16
-26.990059,153.091073,-1.11
-26.989832,153.091333,-1.13
-26.989834,153.091031,-1.12
-26.989502,153.091275,-1.82
-26.989608,153.091075,-1.15
-26.989373,153.091230,-1.82
-26.989250,153.091060,-1.83
-26.989148,153.091323,-1.86
-26.989130,153.090860,-1.81
-26.988923,153.091319,-1.95
-26.988847,153.091074,-1.83
-26.988702,153.091287,-1.97
-26.988693,153.091079,-1.91
-26.988476,153.091332,-1.96
-26.988467,153.091079,-1.95
-26.988254,153.091260,-1.96
-26.988248,153.091079,-1.94
-26.988024,153.091058,-1.95
-26.987801,153.091050,-1.95
-26.987575,153.091080,-1.95
-26.987351,153.091079,-1.92
-26.987120,153.091075,-1.91
-26.992086,153.097885,-2.10
-26.992307,153.097838,-2.09
-26.992311,153.098046,-2.10
-26.992307,153.098390,-2.13
-26.992537,153.097884,-2.18
-26.992524,153.098074,-2.12
-26.992535,153.098390,-2.12
-26.992763,153.098125,-2.13
-26.992758,153.097884,-2.15
-26.992757,153.098373,-2.12
-26.992984,153.098086,-2.14
-26.992987,153.097863,-2.15
-26.992987,153.098306,-2.12
-26.992982,153.098552,-2.13
-26.992978,153.098889,-2.24
-26.993212,153.098139,-2.15
-26.993211,153.097885,-2.18
-26.993212,153.098390,-2.14
-26.993208,153.098640,-2.14
-26.993214,153.098890,-2.16
-26.993109,153.098979,-2.17
-26.993211,153.099396,-2.21
-26.993436,153.098139,-2.20
-26.993440,153.097887,-2.20
-26.993438,153.098388,-2.22
-26.993439,153.098622,-2.23
-26.993436,153.098885,-2.21
-26.993434,153.099147,-2.18
-26.993435,153.099395,-2.18
-26.995471,153.096376,-2.15
-26.995247,153.096626,-2.02
-26.995246,153.096376,-1.92
-26.995242,153.096123,-1.98
-26.995020,153.096880,-2.00
-26.995021,153.096625,-1.92
-26.994806,153.096305,-2.00
-26.995022,153.095907,-2.05
-26.994792,153.097128,-2.15
-26.994795,153.096864,-1.95
-26.994785,153.096612,-2.02
-26.994791,153.096289,-2.02
-26.994635,153.095980,-1.93
-26.994567,153.097127,-2.22
-26.994565,153.096873,-1.99
-26.994567,153.096618,-1.91
-26.994565,153.096348,-1.82
-26.994562,153.096109,-2.01
-26.994338,153.097130,-2.20
-26.994342,153.096877,-2.07
-26.994341,153.096627,-2.03
-26.994345,153.096375,-1.95
-26.994343,153.096110,-2.00
-26.994115,153.097380,-2.23
-26.994117,153.097130,-2.20
-26.994117,153.096877,-2.15
-26.994116,153.096627,-2.12
-26.994118,153.096348,-2.14
-26.994102,153.096122,-1.93
-26.993889,153.097380,-2.21
-26.993890,153.097122,-2.19
-26.993887,153.096878,-2.18
-26.993889,153.096605,-2.15
-26.993893,153.096356,-2.09
-26.993890,153.096116,-1.94
-26.993661,153.097886,-2.24
-26.993664,153.097634,-2.22
-26.993665,153.097377,-2.21
-26.993666,153.097125,-2.19
-26.993664,153.096879,-2.18
-26.993666,153.096611,-2.13
-26.993664,153.096370,-2.10
-26.993664,153.096120,-1.94
-26.993440,153.097635,-2.20
-26.993439,153.097376,-2.20
-26.993441,153.097129,-2.19
-26.993433,153.096875,-2.11
-26.993442,153.096609,-2.10
-26.993440,153.096373,-1.98
-26.993440,153.096119,-1.91
-26.993215,153.097630,-2.18
-26.993214,153.097376,-2.18
-26.993214,153.097116,-2.13
-26.993211,153.096873,-2.05
-26.993213,153.096627,-1.96
-26.993213,153.096375,-1.88
-26.993154,153.096117,-2.07
-26.992989,153.097630,-2.17
-26.992988,153.097376,-2.14
-26.992990,153.097131,-2.10
-26.992988,153.096869,-2.02
-26.992988,153.096618,-1.92
-26.992977,153.096308,-2.05
-26.992948,153.096099,-2.00
-26.992760,153.097635,-2.24
-26.992763,153.097369,-2.14
-26.992760,153.097125,-2.06
-26.992764,153.096875,-1.95
-26.992752,153.096479,-2.19
-26.992748,153.096321,-2.04
-26.992760,153.096123,-2.19
-26.992538,153.097627,-2.14
-26.992530,153.097383,-2.06
-26.992536,153.097128,-1.97
-26.992536,153.096862,-2.19
-26.992534,153.096617,-2.07
-26.992308,153.097627,-2.05
-26.992307,153.097380,-2.00
-26.992312,153.097060,-1.99
-26.992294,153.096869,-1.97
-26.992310,153.096621,-2.23
-26.992082,153.097632,-2.04
-26.992081,153.097380,-2.01
-26.992077,153.097095,-2.02
-26.992085,153.096864,-2.04
-26.992084,153.096626,-2.24
-26.991856,153.097632,-2.07
-26.991854,153.097374,-2.06
-26.991859,153.097120,-2.09
-26.991859,153.096872,-2.12
-26.987795,153.096119,-2.24
-26.987573,153.096117,-2.05
-26.987347,153.096354,-2.06
-26.987344,153.096114,-1.99
-26.987120,153.096860,-2.13
-26.987118,153.096622,-2.03
-26.987112,153.096355,-1.99
-26.987041,153.096116,-2.05
-27.045801,153.102466,-2.81
-27.045801,153.102706,-2.71
-27.045802,153.102969,-2.64
-27.045798,153.103226,-2.66
-27.045800,153.103478,-2.66
-27.045800,153.103671,-2.63
-27.045798,153.103963,-2.66
-27.045797,153.104234,-2.74
-27.046027,153.102469,-2.69
-27.046027,153.102718,-2.45
-27.046028,153.102944,-2.43
-27.046025,153.103221,-2.80
-27.046023,153.103478,-2.60
-27.046026,153.103716,-2.67
-27.046026,153.103983,-2.75
-27.046253,153.102719,-2.50
-27.046251,153.102466,-2.57
-27.046253,153.102975,-2.60
-27.046251,153.103218,-2.70
-27.046251,153.103979,-2.80
-27.046472,153.102714,-2.77
-27.046475,153.102468,-2.47
-27.046472,153.103224,-2.71
-27.046477,153.103473,-2.78
-27.047379,153.103945,-2.00
-27.047380,153.104235,-2.32
-27.047831,153.104487,-2.66
-27.048053,153.104741,-2.75
-27.047609,153.101453,-2.79
-27.047383,153.102448,-2.80
-27.047378,153.102215,-2.78
-27.047377,153.101945,-2.64
-27.047384,153.101711,-2.68
-27.047375,153.101462,-2.75
-27.047150,153.102468,-2.79
-27.047156,153.102186,-2.56
-27.047154,153.101954,-2.62
-27.046924,153.102463,-2.58
-27.046925,153.102206,-2.52
-27.046702,153.102469,-2.50
-27.046702,153.102217,-2.46
-27.046474,153.102215,-2.62
-27.046478,153.101951,-2.79
-27.046475,153.101712,-2.80
-27.046255,153.102203,-2.78
-27.044445,153.105746,-2.66
-27.044220,153.105997,-2.81
-27.044219,153.105740,-2.71
-27.043991,153.105995,-2.57
-27.043988,153.105746,-2.69
-27.043990,153.105491,-2.44
-27.043762,153.105994,-2.15
-27.043762,153.105734,-2.20
-27.043766,153.105490,-2.58
-27.043764,153.105234,-2.17
-27.043766,153.104986,-2.67
-27.043540,153.105988,-1.84
-27.043539,153.105736,-1.95
-27.043541,153.105480,-2.09
-27.043544,153.105235,-2.47
-27.043306,153.105995,-1.73
-27.043316,153.105742,-1.87
-27.043315,153.105486,-2.00
-27.043087,153.105996,-1.57
-27.043092,153.105736,-1.73
-27.043086,153.105472,-1.96
-27.042832,153.105743,-1.48
-27.042859,153.105470,-1.81
-27.042630,153.105491,-1.55
-27.042410,153.105866,-1.17
-27.042414,153.105733,-1.28
-27.042184,153.105858,-1.05
-27.042189,153.105710,-1.20
-27.041958,153.105738,-1.06
-27.041962,153.105492,-1.22
-27.041737,153.105547,-1.02
-27.041735,153.105472,-1.16
-27.041509,153.105432,-1.08
-27.041286,153.105321,-1.03
-27.041287,153.104480,-2.76
-27.041181,153.104994,-1.18
-27.041509,153.104481,-2.78
-27.041510,153.104723,-2.50
-27.041287,153.105030,-1.21
-27.041734,153.104720,-2.80
-27.042182,153.104987,-1.96
-27.042412,153.104983,-2.63
-27.042411,153.105236,-1.51
-27.042641,153.102434,-2.81
-27.042637,153.104988,-2.63
-27.042632,153.105203,-2.03
-27.042867,153.102464,-2.71
-27.042869,153.102210,-2.71
-27.042867,153.102707,-2.75
-27.042867,153.102969,-2.78
-27.042865,153.104988,-2.57
-27.042861,153.105236,-2.29
-27.043092,153.102711,-2.71
-27.043093,153.102966,-2.71
-27.043092,153.103203,-2.80
-27.043092,153.102214,-2.59
-27.043086,153.104735,-2.72
-27.043088,153.104986,-2.57
-27.043075,153.105239,-2.47
-27.043316,153.102467,-2.69
-27.043314,153.102599,-2.55
-27.043320,153.102971,-2.66
-27.043317,153.103223,-2.70
-27.043317,153.103360,-2.81
-27.043314,153.104736,-2.68
-27.043313,153.104988,-2.64
-27.043316,153.105239,-2.57
-27.043542,153.102466,-2.51
-27.043392,153.102666,-2.53
-27.043542,153.102971,-2.63
-27.043545,153.103223,-2.67
-27.043544,153.103476,-2.64
-27.043544,153.103502,-2.73
-27.043541,153.103962,-2.70
-27.043543,153.104231,-2.68
-27.043543,153.104483,-2.68
-27.043540,153.104736,-2.64
-27.043542,153.104986,-2.61
-27.043766,153.102462,-2.40
-27.043771,153.102721,-2.43
-27.043770,153.102970,-2.55
-27.043764,153.103220,-2.57
-27.043768,153.103470,-2.61
-27.043769,153.103664,-2.59
-27.043764,153.103976,-2.55
-27.043770,153.104230,-2.54
-27.043767,153.104484,-2.55
-27.043751,153.104734,-2.54
-27.043995,153.102717,-2.36
-27.043996,153.102468,-2.39
-27.043995,153.102969,-2.36
-27.043996,153.103216,-2.44
-27.043997,153.103469,-2.48
-27.043995,153.103727,-2.52
-27.043994,153.103817,-2.47
-27.043991,153.104231,-2.30
-27.043990,153.104482,-2.27
-27.043981,153.104531,-2.36
-27.043992,153.104988,-2.43
-27.043990,153.105239,-2.50
-27.044222,153.102468,-2.66
-27.044221,153.102721,-2.62
-27.044222,153.102970,-2.53
-27.044222,153.103225,-2.45
-27.044219,153.103410,-2.29
-27.044217,153.103725,-2.31
-27.044219,153.103960,-2.29
-27.044215,153.104221,-2.31
-27.044220,153.104989,-2.54
-27.044221,153.105239,-2.61
-27.044219,153.105493,-2.69
-27.044218,153.104485,-2.23
-27.044220,153.104735,-2.40
-27.044445,153.102720,-2.68
-27.044445,153.102465,-2.71
-27.044447,153.102970,-2.67
-27.044434,153.103099,-2.37
-27.044445,153.103727,-2.55
-27.044447,153.103980,-2.51
-27.044445,153.104067,-2.71
-27.044445,153.104484,-2.81
-27.044441,153.104738,-2.68
-27.044446,153.104987,-2.60
-27.044444,153.105241,-2.57
-27.044442,153.105492,-2.58
-27.044672,153.102717,-2.76
-27.044673,153.102968,-2.71
-27.044636,153.103101,-2.12
-27.044670,153.103472,-2.70
-27.044670,153.103728,-2.72
-27.044671,153.103980,-2.62
-27.044576,153.104202,-2.69
-27.044630,153.104672,-1.93
-27.044591,153.104885,-1.98
-27.044672,153.105237,-2.65
-27.044672,153.105491,-2.74
-27.044898,153.102966,-2.75
-27.044801,153.103163,-2.51
-27.044898,153.103475,-2.56
-27.044896,153.103727,-2.60
-27.044898,153.103972,-2.66
-27.044897,153.104233,-2.70
-27.045125,153.102966,-2.74
-27.044996,153.103195,-2.57
-27.045124,153.103466,-2.48
-27.045121,153.103717,-2.57
-27.045121,153.103979,-2.65
-27.045121,153.104234,-2.72
-27.045122,153.104482,-2.74
-27.045351,153.102973,-2.67
-27.045350,153.103223,-2.59
-27.045349,153.103728,-2.52
-27.045350,153.103477,-2.24
-27.045350,153.103972,-2.59
-27.045349,153.104224,-2.67
-27.045347,153.104483,-2.71
-27.045350,153.104634,-2.80
-27.045577,153.102712,-2.74
-27.045576,153.102951,-2.63
-27.045573,153.103226,-2.57
-27.045576,153.103475,-2.47
-27.045573,153.103728,-2.61
-27.045574,153.103980,-2.66
-27.045576,153.104230,-2.72
-27.045573,153.104484,-2.78
-27.044449,153.102212,-2.71
-27.044448,153.101962,-2.76
-27.044222,153.102216,-2.66
-27.044223,153.101965,-2.70
-27.044223,153.101711,-2.68
-27.043993,153.102216,-2.51
-27.043995,153.101962,-2.61
-27.043996,153.101711,-2.66
-27.043995,153.101456,-2.75
-27.043771,153.102214,-2.48
-27.043772,153.101964,-2.54
-27.043772,153.101711,-2.57
-27.043768,153.101448,-2.64
-27.043543,153.102204,-2.65
-27.043545,153.101957,-2.46
-27.043546,153.101710,-2.56
-27.043541,153.101456,-2.60
-27.043545,153.101207,-2.81
-27.043320,153.102208,-2.63
-27.043319,153.101959,-2.61
-27.043318,153.101705,-2.62
-27.043317,153.101458,-2.68
-27.043093,153.101963,-2.63
-27.043092,153.101708,-2.67
-27.043094,153.101455,-2.74
-27.042866,153.101958,-2.73
-27.049858,153.107513,-2.80
-27.049858,153.106456,-1.44
-27.049632,153.107513,-2.74
-27.049401,153.107469,-2.73
-27.049411,153.107231,-2.74
-27.049407,153.107000,-2.81
-27.049183,153.107513,-2.70
-27.045118,153.107253,-2.16
-27.044895,153.107259,-2.01
-27.044893,153.107004,-2.14
-27.044670,153.107256,-1.87
-27.044668,153.106998,-2.01
-27.044658,153.106747,-2.61
-27.044438,153.107258,-1.65
-27.044441,153.107004,-2.03
-27.044439,153.106752,-2.09
-27.044440,153.106473,-2.69
-27.044217,153.107257,-1.43
-27.044211,153.107004,-1.95
-27.044217,153.106752,-2.10
-27.044214,153.106501,-2.19
-27.044220,153.106249,-2.64
-27.043989,153.107003,-1.49
-27.043993,153.106731,-1.85
-27.043994,153.106487,-2.10
-27.043978,153.106246,-2.10
-27.043704,153.106750,-1.46
-27.043768,153.106500,-1.82
-27.043760,153.106247,-2.01
-27.043516,153.106491,-1.39
-27.043538,153.106242,-1.70
-27.043317,153.106968,-1.14
-27.043310,153.106246,-1.61
-27.043088,153.106936,-1.05
-27.043090,153.106752,-1.11
-27.042865,153.106449,-1.11
-27.042640,153.106248,-1.08
-27.041963,153.105850,-0.98
-27.041737,153.105819,-0.94
-27.041512,153.105786,-0.92
-27.041511,153.105719,-0.98
-27.041286,153.105723,-0.93
-27.041282,153.105745,-0.91
-27.045694,153.109765,-1.25
-27.045693,153.109789,-1.21
-27.045689,153.110047,-1.18
-27.045686,153.110302,-1.16
-27.045687,153.110913,-1.14
-27.045689,153.110788,-1.15
-27.045810,153.109751,-1.26
-27.045809,153.109835,-1.22
-27.045806,153.110034,-1.18
-27.045803,153.110286,-1.16
-27.045799,153.110539,-1.15
-27.045803,153.110914,-1.14
-27.046033,153.109764,-1.28
-27.046032,153.109803,-1.22
-27.046029,153.110041,-1.19
-27.046025,153.110295,-1.17
-27.046026,153.110907,-1.15
-27.046028,153.110788,-1.15
-27.046259,153.109726,-1.30
-27.046258,153.109783,-1.23
-27.046254,153.110034,-1.21
-27.046251,153.110293,-1.17
-27.046250,153.110913,-1.14
-27.046252,153.110785,-1.16
-27.046476,153.109806,-1.29
-27.046474,153.110711,-1.15
-27.046490,153.110034,-1.19
-27.046486,153.110286,-1.17
-27.046480,153.110790,-1.14
-27.046538,153.109769,-1.31
-27.046706,153.109810,-1.31
-27.046702,153.110035,-1.18
-27.046700,153.110913,-1.13
-27.046702,153.110788,-1.15
-27.046713,153.110300,-1.16
-27.046782,153.109752,-1.32
-27.046937,153.109798,-1.36
-27.046933,153.110034,-1.21
-27.046930,153.110289,-1.17
-27.046926,153.110541,-1.16
-27.046931,153.110886,-1.14
-27.047153,153.109892,-1.33
-27.047163,153.110034,-1.24
-27.047159,153.110288,-1.17
-27.047156,153.110547,-1.16
-27.047152,153.110792,-1.15
-27.047384,153.109876,-1.32
-27.047381,153.110037,-1.26
-27.047378,153.110289,-1.18
-27.047379,153.110908,-1.15
-27.047391,153.110540,-1.18
-27.047617,153.109853,-1.35
-27.047615,153.110035,-1.26
-27.047612,153.110287,-1.22
-27.047609,153.110540,-1.17
-27.047605,153.110792,-1.14
-27.047830,153.109923,-1.38
-27.047840,153.110035,-1.29
-27.047836,153.110303,-1.26
-27.047833,153.110539,-1.25
-27.047830,153.110799,-1.15
-27.048062,153.109920,-1.38
-27.048060,153.110036,-1.32
-27.048057,153.110308,-1.28
-27.048069,153.110548,-1.27
-27.048066,153.110793,-1.20
-27.048291,153.109932,-1.38
-27.048290,153.110037,-1.35
-27.048287,153.110292,-1.30
-27.048284,153.110542,-1.27
-27.048281,153.110793,-1.24
-27.048511,153.110036,-1.34
-27.048508,153.110293,-1.30
-27.048508,153.110917,-1.25
-27.048517,153.110549,-1.29
-27.048742,153.110038,-1.34
-27.048738,153.110305,-1.29
-27.048735,153.110543,-1.28
-27.048748,153.110799,-1.26
-27.049176,153.110009,-1.64
-27.049177,153.110206,-1.56
-27.048970,153.110303,-1.34
-27.048966,153.110554,-1.28
-27.048963,153.110795,-1.28
-27.049400,153.110026,-1.87
-27.049400,153.110283,-1.65
-27.049408,153.110406,-1.57
-27.049183,153.110547,-1.29
-27.049198,153.110793,-1.27
-27.049633,153.110279,-1.95
-27.049410,153.110795,-1.27
-27.049629,153.110032,-2.00
-27.049858,153.110280,-2.05
-27.049859,153.110534,-2.04
-27.050080,153.110287,-2.02
-27.050078,153.110541,-2.02
-27.050079,153.110790,-1.82
-27.050085,153.110902,-1.54
-27.050198,153.110279,-2.01
-27.050197,153.110539,-2.00
-27.050197,153.110749,-1.85
-27.050197,153.110882,-1.61
-27.046940,153.109778,-1.38
-27.049858,153.110036,-2.05
-27.050198,153.110026,-2.06
-27.050082,153.110036,-2.08
-27.049632,153.109783,-2.81
-27.049861,153.107759,-2.72
-27.049408,153.109780,-2.44
-27.049635,153.107766,-2.77
-27.049181,153.109776,-2.09
-27.049407,153.107764,-2.80
-27.049180,153.108773,-2.20
-27.049184,153.108515,-1.95
-27.048957,153.109784,-1.63
-27.049182,153.108257,-2.12
-27.048957,153.109525,-2.80
-27.049182,153.108010,-2.26
-27.049182,153.107765,-2.20
-27.048957,153.108772,-2.81
-27.048730,153.109530,-1.76
-27.048730,153.109266,-1.99
-27.048957,153.107536,-2.24
-27.048875,153.107868,-2.44
-27.048503,153.109526,-1.56
-27.048506,153.109228,-2.00
-27.048504,153.109014,-2.79
-27.048280,153.109277,-1.83
-27.048279,153.109024,-2.67
-27.048054,153.109781,-1.50
-27.048054,153.109275,-1.84
-27.048054,153.109024,-2.18
-27.047826,153.109780,-1.46
-27.047825,153.109277,-1.74
-27.047828,153.109026,-1.91
-27.047595,153.109780,-1.42
-27.047601,153.109019,-1.92
-27.047603,153.108774,-2.63
-27.047369,153.109782,-1.38
-27.047377,153.109026,-1.89
-27.047371,153.108771,-2.53
-27.047151,153.109524,-1.44
-27.047147,153.109021,-1.69
-27.047148,153.108769,-1.94
-27.046911,153.109520,-1.37
-27.046925,153.108772,-1.83
-27.046927,153.108519,-2.70
-27.046695,153.109522,-1.30
-27.046700,153.108766,-1.74
-27.046700,153.108512,-2.07
-27.046470,153.109517,-1.29
-27.046468,153.109270,-1.36
-27.046470,153.108771,-1.70
-27.046471,153.108517,-1.93
-27.046474,153.108268,-2.66
-27.046241,153.109525,-1.29
-27.046238,153.109271,-1.31
-27.046245,153.108518,-1.72
-27.046248,153.108267,-2.12
-27.046022,153.109524,-1.29
-27.046017,153.109274,-1.29
-27.046020,153.108993,-1.37
-27.046021,153.108518,-1.68
-27.046020,153.108264,-2.13
-27.045785,153.109522,-1.28
-27.045795,153.109275,-1.28
-27.045798,153.109015,-1.31
-27.045786,153.108267,-1.94
-27.045799,153.108012,-2.22
-27.041170,153.110183,-1.11
-27.041173,153.110026,-1.05
-27.041189,153.109356,-1.03
-27.041186,153.109526,-0.99
-27.041173,153.110282,-1.14
-27.041170,153.110901,-1.14
-27.041172,153.110782,-1.15
-27.041286,153.109492,-0.99
-27.041285,153.109575,-0.94
-27.041283,153.110117,-1.09
-27.041285,153.110024,-0.98
-27.041283,153.110787,-1.14
-27.041283,153.110784,-1.14
-27.041288,153.110532,-1.13
-27.041512,153.109777,-0.91
-27.041508,153.110427,-1.11
-27.041512,153.110278,-1.05
-27.041512,153.110538,-1.14
-27.041516,153.110909,-1.13
-27.041734,153.110645,-1.13
-27.041737,153.110532,-1.10
-27.041737,153.110788,-1.13
-27.041960,153.110290,-1.07
-27.041960,153.110278,-1.00
-27.041960,153.110691,-1.10
-27.041966,153.110786,-1.11
-27.042186,153.110670,-1.07
-27.042190,153.110801,-1.07
-27.042411,153.110531,-1.00
-27.042414,153.110535,-1.03
-27.042413,153.110911,-1.04
-27.042640,153.110894,-1.01
-27.042869,153.110907,-0.98
-27.042871,153.110785,-0.97
-27.044004,153.109603,-1.04
-27.044098,153.110417,-0.98
-27.044222,153.109623,-1.10
-27.044219,153.109780,-1.11
-27.044452,153.109643,-1.19
-27.044449,153.109781,-1.21
-27.044445,153.110039,-1.14
-27.044443,153.110782,-1.12
-27.044448,153.110533,-1.09
-27.044446,153.110790,-1.07
-27.044669,153.109662,-1.21
-27.044680,153.109790,-1.17
-27.044676,153.110040,-1.15
-27.044671,153.110288,-1.15
-27.044670,153.110909,-1.14
-27.044673,153.110788,-1.14
-27.044907,153.109691,-1.21
-27.044905,153.109819,-1.18
-27.044901,153.110050,-1.17
-27.044896,153.110285,-1.16
-27.044894,153.110742,-1.15
-27.044898,153.110793,-1.14
-27.045124,153.109699,-1.23
-27.045122,153.109786,-1.19
-27.045120,153.110573,-1.15
-27.045121,153.110535,-1.16
-27.045133,153.110044,-1.18
-27.045126,153.110901,-1.14
-27.045348,153.109717,-1.24
-27.045347,153.109780,-1.20
-27.045355,153.110094,-1.18
-27.045351,153.110290,-1.16
-27.045347,153.110538,-1.15
-27.045349,153.110910,-1.14
-27.045567,153.109510,-1.27
-27.045560,153.109275,-1.28
-27.045572,153.109014,-1.29
-27.045572,153.108769,-1.38
-27.045571,153.108260,-1.89
-27.045572,153.108013,-2.02
-27.045334,153.109523,-1.28
-27.045341,153.109273,-1.29
-27.045567,153.107761,-2.31
-27.045339,153.109024,-1.28
-27.045347,153.108724,-1.31
-27.045339,153.108014,-1.97
-27.045106,153.109526,-1.27
-27.045119,153.109271,-1.27
-27.045347,153.107732,-2.10
-27.045118,153.109022,-1.26
-27.045347,153.107495,-2.27
-27.045121,153.108739,-1.28
-27.045121,153.108468,-1.35
-27.045118,153.108015,-1.70
-27.044885,153.109519,-1.25
-27.044890,153.109272,-1.25
-27.045118,153.107761,-1.86
-27.044886,153.109021,-1.22
-27.045122,153.107508,-2.00
-27.044893,153.108770,-1.25
-27.044895,153.108502,-1.33
-27.044659,153.109526,-1.20
-27.044668,153.109266,-1.15
-27.044896,153.107759,-1.70
-27.044669,153.108974,-1.17
-27.044895,153.107508,-1.85
-27.044669,153.108701,-1.18
-27.044670,153.108506,-1.24
-27.044670,153.108221,-1.29
-27.044435,153.109519,-1.11
-27.044442,153.109269,-1.11
-27.044443,153.108999,-1.13
-27.044670,153.107510,-1.64
-27.044443,153.108753,-1.13
-27.044444,153.108468,-1.17
-27.044444,153.108210,-1.24
-27.044216,153.109517,-1.07
-27.044444,153.107968,-1.31
-27.044210,153.109274,-1.09
-27.044218,153.108998,-1.11
-27.044439,153.107508,-1.39
-27.044218,153.108737,-1.11
-27.044218,153.108481,-1.12
-27.044218,153.108264,-1.13
-27.043989,153.109520,-1.01
-27.044214,153.108015,-1.24
-27.043982,153.109270,-1.04
-27.044212,153.107753,-1.31
-27.043992,153.109020,-1.06
-27.043988,153.108769,-1.07
-27.043993,153.108493,-1.07
-27.043993,153.108249,-1.06
-27.043993,153.107974,-1.13
-27.043993,153.107740,-1.23
-27.043766,153.108981,-0.99
-27.043993,153.107509,-1.30
-27.043766,153.108761,-1.00
-27.043767,153.108486,-1.02
-27.043767,153.108234,-1.00
-27.043767,153.107973,-1.00
-27.043767,153.107733,-1.11
-27.043765,153.107507,-1.23
-27.043541,153.108733,-1.01
-27.043541,153.108477,-1.03
-27.043541,153.108225,-0.99
-27.043536,153.107508,-1.08
-27.043315,153.108704,-1.04
-27.043542,153.107250,-1.21
-27.043310,153.108516,-1.05
-27.043316,153.108234,-1.02
-27.043085,153.108769,-1.03
-27.043312,153.107257,-1.06
-27.043086,153.108515,-1.04
-27.043090,153.108242,-1.01
-27.042864,153.108766,-1.00
-27.042860,153.108515,-1.01
-27.042862,153.108262,-1.00
-27.042857,153.107003,-1.02
-27.042640,153.107004,-0.99
-27.042640,153.106728,-1.01
-27.042398,153.106994,-0.93
-27.042413,153.106751,-0.97
-27.042414,153.106447,-1.03
-27.042188,153.106455,-0.97
-27.042189,153.106213,-0.98
-27.041733,153.108516,-1.03
-27.041962,153.106974,-0.97
-27.041735,153.108261,-1.03
-27.041963,153.106454,-0.94
-27.041505,153.109020,-1.04
-27.041963,153.106188,-0.93
-27.041510,153.108757,-1.07
-27.041736,153.107253,-1.01
-27.041510,153.108483,-1.08
-27.041731,153.107002,-1.04
-27.041510,153.108229,-1.09
-27.041509,153.108011,-1.08
-27.041728,153.106751,-1.02
-27.041274,153.109271,-1.06
-27.041737,153.106498,-0.97
-27.041506,153.107758,-1.05
-27.041284,153.108976,-1.08
-27.041284,153.108766,-1.10
-27.041504,153.107506,-1.03
-27.041737,153.106153,-0.90
-27.041284,153.108512,-1.12
-27.041504,153.107254,-1.04
-27.041284,153.108259,-1.12
-27.041504,153.107004,-1.07
-27.041511,153.106751,-1.07
-27.041282,153.108011,-1.12
-27.041280,153.107758,-1.10
-27.041501,153.106500,-1.03
-27.041510,153.106209,-0.93
-27.041285,153.107466,-1.08
-27.041285,153.107233,-1.07
-27.041285,153.106980,-1.09
-27.041286,153.106147,-1.00
-27.041060,153.105292,-1.00
-27.040917,153.105156,-1.12
-27.040833,153.105107,-1.06
-27.040155,153.104941,-1.10
-27.039932,153.104898,-1.10
-27.039701,153.104829,-1.07
-27.039479,153.104775,-1.02
-27.039397,153.104732,-1.14
-27.039254,153.104693,-1.15
-27.039027,153.105862,-1.32
-27.039024,153.105736,-1.26
-27.039029,153.105425,-1.21
-27.038801,153.105738,-1.32
-27.038803,153.105445,-1.26
-27.038799,153.105235,-1.20
-27.038524,153.105672,-1.38
-27.038574,153.105233,-1.22
-27.038351,153.105965,-1.74
-27.038325,153.105727,-1.61
-27.038226,153.105384,-1.40
-27.038352,153.105236,-1.25
-27.038125,153.105979,-1.86
-27.038125,153.105675,-1.76
-27.038125,153.105472,-1.69
-27.037984,153.105225,-1.39
-27.037890,153.105723,-1.84
-27.037894,153.105992,-1.88
-27.037888,153.105472,-1.78
-27.037898,153.105219,-1.59
-27.037667,153.105976,-1.92
-27.037671,153.105481,-1.84
-27.037672,153.105201,-1.75
-27.037664,153.105738,-1.89
-27.037449,153.105967,-1.92
-27.037446,153.105735,-1.92
-27.037446,153.105479,-1.88
-27.037449,153.105198,-1.77
-27.037371,153.104981,-1.41
-27.037217,153.105977,-1.90
-27.037220,153.105726,-1.91
-27.037222,153.105461,-1.88
-27.037223,153.105226,-1.78
-27.037223,153.104967,-1.47
-27.036995,153.105731,-1.88
-27.036996,153.105449,-1.91
-27.036993,153.105988,-1.89
-27.036998,153.105194,-1.82
-27.036994,153.104975,-1.68
-27.036771,153.105715,-1.86
-27.036761,153.105990,-1.90
-27.036766,153.105461,-1.85
-27.036771,153.105173,-1.74
-27.036762,153.104920,-1.68
-27.036664,153.103480,-1.14
-27.036664,153.103727,-1.10
-27.036663,153.103977,-1.06
-27.036660,153.104573,-1.22
-27.036774,153.103510,-1.15
-27.036774,153.103734,-1.08
-27.036774,153.104080,-1.04
-27.036773,153.104629,-1.21
-27.036902,153.104227,-1.04
-27.037219,153.103217,-2.81
-27.037210,153.103362,-1.93
-27.037001,153.103478,-1.15
-27.037001,153.103725,-1.09
-27.037002,153.103977,-1.05
-27.036999,153.104607,-1.17
-27.037083,153.104234,-1.04
-27.037226,153.103474,-1.18
-27.037225,153.103754,-1.09
-27.037225,153.103995,-1.06
-27.037323,153.104230,-1.06
-27.037451,153.103724,-1.09
-27.037451,153.103994,-1.06
-27.037451,153.104335,-1.05
-27.037455,153.104727,-1.04
-27.037677,153.103777,-1.13
-27.037677,153.104009,-1.06
-27.037733,153.104296,-1.08
-27.037902,153.103802,-1.18
-27.037904,153.104013,-1.06
-27.038334,153.103220,-2.78
-27.038128,153.103805,-1.23
-27.038128,153.103979,-1.14
-27.038354,153.103725,-1.26
-27.038353,153.104023,-1.17
-27.038388,153.104230,-1.10
-27.038798,153.103470,-2.67
-27.038579,153.103735,-1.30
-27.038579,153.103986,-1.19
-27.038579,153.104238,-1.15
-27.038659,153.104484,-1.09
-27.039030,153.103469,-2.08
-27.038805,153.103980,-1.24
-27.038805,153.104228,-1.15
-27.038816,153.104482,-1.05
-27.039244,153.103469,-2.00
-27.039031,153.103980,-1.27
-27.039031,153.104232,-1.18
-27.039480,153.103466,-2.51
-27.039482,153.103722,-1.70
-27.039256,153.104297,-1.21
-27.039706,153.103468,-2.60
-27.039704,153.103724,-2.00
-27.039698,153.103976,-1.80
-27.039482,153.104307,-1.26
-27.039482,153.104543,-1.16
-27.039929,153.103471,-2.74
-27.039927,153.103721,-2.09
-27.039923,153.103977,-1.90
-27.039707,153.104487,-1.18
-27.040152,153.103725,-2.58
-27.040150,153.103976,-1.98
-27.040153,153.104227,-1.66
-27.039939,153.104483,-1.22
-27.040380,153.103725,-2.73
-27.040383,153.103978,-2.53
-27.040369,153.104229,-1.74
-27.040605,153.103470,-2.80
-27.040608,153.103977,-2.77
-27.040608,153.104226,-1.95
-27.040831,153.104228,-2.69
-27.040832,153.104433,-1.65
-27.040612,153.104742,-1.21
-27.041061,153.104481,-2.59
-27.036544,153.105985,-1.81
-27.036545,153.105479,-1.77
-27.036541,153.105731,-1.80
-27.036546,153.105210,-1.69
-27.036529,153.104981,-1.67
-27.036315,153.105984,-1.65
-27.036320,153.105721,-1.69
-27.036314,153.105481,-1.66
-27.036320,153.105228,-1.66
-27.036321,153.104974,-1.45
-27.036089,153.105853,-1.33
-27.036094,153.105704,-1.36
-27.036092,153.105476,-1.39
-27.036093,153.104950,-1.36
-27.035869,153.105804,-1.22
-27.035867,153.105734,-1.24
-27.035869,153.105470,-1.30
-27.035867,153.105227,-1.30
-27.035864,153.104946,-1.27
-27.035643,153.105837,-1.15
-27.035639,153.105736,-1.18
-27.035643,153.105433,-1.26
-27.035639,153.105234,-1.26
-27.035644,153.104942,-1.25
-27.035418,153.105852,-1.10
-27.035418,153.105690,-1.13
-27.035414,153.105482,-1.16
-27.035418,153.105191,-1.16
-27.035415,153.104969,-1.21
-27.035192,153.105837,-1.03
-27.035192,153.105683,-1.09
-27.035189,153.105474,-1.13
-27.035192,153.105201,-1.13
-27.035191,153.104974,-1.13
-27.034967,153.105229,-1.08
-27.034966,153.104977,-1.11
-27.034923,153.104725,-1.08
-27.034741,153.104977,-1.02
-27.034741,153.104705,-1.04
-27.032912,153.101709,-0.88
-27.033159,153.101445,-1.16
-27.032939,153.101705,-0.98
-27.033383,153.101449,-1.24
-27.033166,153.101958,-0.99
-27.033578,153.101241,-1.37
-27.033606,153.101700,-1.21
-27.033389,153.102213,-1.05
-27.033836,153.101700,-1.28
-27.033837,153.101312,-1.83
-27.033797,153.101954,-1.20
-27.033618,153.102209,-1.09
-27.033615,153.102461,-1.05
-27.033615,153.102742,-1.03
-27.034066,153.101517,-1.45
-27.034066,153.101447,-2.65
-27.034056,153.101833,-1.41
-27.034042,153.101992,-1.23
-27.033975,153.102243,-1.14
-27.033840,153.102519,-1.10
-27.033840,153.102808,-1.07
-27.034292,153.101693,-2.65
-27.034291,153.101951,-2.59
-27.034289,153.102033,-1.56
-27.034283,153.102430,-1.23
-27.034288,153.102503,-1.65
-27.034067,153.102712,-1.10
-27.034070,153.102967,-1.05
-27.034512,153.101956,-2.63
-27.034516,153.102203,-2.59
-27.034516,153.102421,-1.48
-27.034443,153.102652,-1.28
-27.034292,153.102756,-1.17
-27.034291,153.103083,-1.09
-27.034292,153.103220,-1.00
-27.034718,153.101823,-2.79
-27.034741,153.102186,-2.62
-27.034741,153.102457,-2.67
-27.034743,153.102692,-2.65
-27.034695,153.102731,-1.61
-27.034517,153.102985,-1.17
-27.034517,153.103273,-1.05
-27.034856,153.101677,-2.46
-27.034967,153.102409,-2.71
-27.034966,153.102682,-2.68
-27.034963,153.102794,-1.69
-27.034743,153.103042,-1.22
-27.034747,153.103222,-1.10
-27.034742,153.104252,-1.07
-27.035191,153.101696,-2.60
-27.035190,153.102460,-2.74
-27.035192,153.102712,-2.72
-27.034969,153.103221,-1.13
-27.034968,153.104257,-1.09
-27.034970,153.104479,-1.10
-27.035415,153.101704,-2.10
-27.035419,153.102459,-2.76
-27.035417,153.102709,-2.79
-27.035197,153.103219,-1.15
-27.035198,153.104480,-1.13
-27.035634,153.101705,-2.11
-27.035645,153.102914,-2.73
-27.035557,153.103052,-1.32
-27.035420,153.103219,-1.18
-27.035424,153.104486,-1.22
-27.035871,153.103045,-1.34
-27.035646,153.103220,-1.21
-27.035646,153.103470,-1.08
-27.035648,153.104488,-1.19
-27.035873,153.103478,-1.09
-27.036311,153.103026,-1.44
-27.036097,153.103377,-1.31
-27.036098,153.103472,-1.13
-27.036326,153.103479,-1.14
-27.036323,153.103747,-1.10
-27.035871,153.101449,-2.41
-27.035864,153.101190,-2.05
-27.035603,153.101452,-1.94
-27.035643,153.101199,-1.90
-27.035414,153.101443,-1.95
-27.035176,153.101436,-2.12
-27.035190,153.101196,-2.23
-27.034937,153.101403,-1.71
-27.034955,153.101173,-1.61
-27.034738,153.101452,-2.15
-27.034744,153.101200,-1.94
-27.034292,153.101447,-2.73
-27.034292,153.101153,-2.79
-27.033939,153.101193,-2.75
-27.033838,153.101199,-2.69
-27.033612,153.101182,-1.55
-27.033361,153.101090,-1.28
-27.033164,153.101193,-1.27
-27.032930,153.101195,-1.26
-27.039254,153.106224,-1.34
-27.038814,153.106839,-1.59
-27.038809,153.106708,-1.73
-27.039029,153.106438,-1.43
-27.039026,153.106243,-1.37
-27.038790,153.106736,-1.65
-27.038775,153.106496,-1.65
-27.038575,153.106740,-1.71
-27.038561,153.106486,-1.76
-27.038576,153.106239,-1.74
-27.038349,153.106748,-1.80
-27.038346,153.106490,-1.83
-27.038347,153.106243,-1.85
-27.038123,153.106700,-1.86
-27.038126,153.106494,-1.88
-27.038124,153.106240,-1.91
-27.037891,153.106740,-1.89
-27.037896,153.106241,-1.94
-27.037883,153.106473,-1.92
-27.037667,153.106489,-1.91
-27.037669,153.106234,-1.93
-27.037447,153.106495,-1.92
-27.037448,153.106222,-1.93
-27.037223,153.106491,-1.93
-27.037222,153.106232,-1.92
-27.036993,153.106484,-1.93
-27.036989,153.106241,-1.93
-27.036763,153.106486,-1.94
-27.036766,153.106241,-1.93
-27.036540,153.106225,-1.83
-27.036538,153.106489,-1.75
-27.036318,153.106418,-1.63
-27.036316,153.106224,-1.65
-27.036094,153.106169,-1.32
-27.036090,153.106245,-1.22
-27.035869,153.106134,-1.20
-27.035643,153.106093,-1.19
-27.035418,153.106022,-1.07
-27.041060,153.105832,-0.99
-27.041059,153.105650,-0.91
-27.040834,153.105848,-1.05
-27.040835,153.105656,-0.97
-27.040835,153.105408,-0.93
-27.040609,153.105781,-1.08
-27.040609,153.105716,-1.04
-27.040609,153.105456,-0.96
-27.040383,153.105388,-1.04
-27.040384,153.105219,-0.98
-27.040158,153.105161,-0.98
-27.037765,153.104730,-1.03
-27.036677,153.108903,-1.03
-27.036675,153.109016,-1.00
-27.036670,153.109271,-0.99
-27.036775,153.108928,-1.05
-27.036773,153.109018,-1.06
-27.036786,153.109271,-1.04
-27.037012,153.108936,-1.09
-27.037010,153.109017,-1.13
-27.037006,153.109272,-1.11
-27.037002,153.109524,-1.09
-27.036998,153.109775,-1.05
-27.037223,153.108974,-1.09
-27.037223,153.109024,-1.14
-27.037228,153.109272,-1.15
-27.037224,153.109521,-1.14
-27.037224,153.110273,-1.10
-27.037229,153.110014,-1.12
-27.037448,153.108991,-1.06
-27.037447,153.109017,-1.12
-27.037461,153.109274,-1.16
-27.037457,153.109523,-1.18
-27.037453,153.109775,-1.19
-27.037449,153.110031,-1.16
-27.037445,153.110722,-1.13
-27.037449,153.110524,-1.18
-27.037447,153.110786,-1.14
-27.037677,153.108999,-1.06
-27.037676,153.109020,-1.11
-27.037673,153.109270,-1.14
-27.037678,153.109602,-1.17
-27.037675,153.109775,-1.19
-27.037671,153.110609,-1.18
-27.037673,153.110528,-1.20
-27.037677,153.110267,-1.20
-27.037674,153.110783,-1.18
-27.037912,153.109027,-1.12
-27.037908,153.109270,-1.15
-27.037904,153.109523,-1.17
-27.037900,153.109774,-1.18
-27.037897,153.110268,-1.20
-27.037904,153.110280,-1.21
-27.037901,153.110530,-1.21
-27.037897,153.110786,-1.20
-27.038073,153.108981,-1.07
-27.038125,153.109044,-1.12
-27.038137,153.109279,-1.15
-27.038132,153.109535,-1.17
-27.038128,153.109794,-1.18
-27.038123,153.110083,-1.19
-27.038123,153.110659,-1.20
-27.038125,153.110528,-1.20
-27.038128,153.110783,-1.18
-27.038355,153.109055,-1.14
-27.038351,153.109279,-1.16
-27.038354,153.109540,-1.17
-27.038350,153.109775,-1.19
-27.038349,153.110463,-1.19
-27.038353,153.110276,-1.20
-27.038354,153.110530,-1.17
-27.038349,153.110784,-1.16
-27.038585,153.109180,-1.14
-27.038582,153.109352,-1.17
-27.038579,153.109549,-1.19
-27.038574,153.110496,-1.19
-27.038579,153.110267,-1.19
-27.038584,153.110023,-1.19
-27.038577,153.110537,-1.17
-27.038574,153.110825,-1.15
-27.038803,153.109102,-1.16
-27.038810,153.109374,-1.18
-27.038807,153.109524,-1.19
-27.038802,153.109776,-1.19
-27.038800,153.110432,-1.18
-27.038804,153.110275,-1.18
-27.038806,153.110532,-1.17
-27.038801,153.110783,-1.16
-27.039033,153.109160,-1.17
-27.039030,153.109298,-1.18
-27.039026,153.110242,-1.18
-27.039031,153.110021,-1.19
-27.039044,153.109525,-1.19
-27.039030,153.110280,-1.17
-27.039026,153.110658,-1.17
-27.039030,153.110785,-1.17
-27.039261,153.109163,-1.18
-27.039259,153.109274,-1.19
-27.039254,153.109546,-1.18
-27.039252,153.110143,-1.18
-27.039255,153.110015,-1.18
-27.039253,153.110285,-1.18
-27.039251,153.110766,-1.17
-27.039261,153.110783,-1.17
-27.039482,153.109254,-1.17
-27.039481,153.109334,-1.18
-27.039488,153.109561,-1.18
-27.039484,153.109793,-1.18
-27.039479,153.110031,-1.18
-27.039477,153.110768,-1.17
-27.039482,153.110530,-1.18
-27.039485,153.110785,-1.17
-27.039711,153.109208,-1.15
-27.039710,153.109274,-1.17
-27.039706,153.109536,-1.18
-27.039703,153.110371,-1.18
-27.039705,153.110267,-1.18
-27.039710,153.110014,-1.18
-27.039705,153.110537,-1.18
-27.039703,153.110904,-1.17
-27.039945,153.109232,-1.14
-27.039944,153.109284,-1.16
-27.039940,153.109523,-1.17
-27.039936,153.109779,-1.18
-27.039932,153.110049,-1.18
-27.039928,153.110817,-1.17
-27.039929,153.110782,-1.17
-27.039934,153.110530,-1.18
-27.040155,153.109947,-1.17
-27.040170,153.109256,-1.14
-27.040170,153.109275,-1.14
-27.040166,153.109527,-1.16
-27.040159,153.110030,-1.17
-27.040155,153.110281,-1.17
-27.040154,153.110558,-1.17
-27.040156,153.110784,-1.16
-27.040382,153.109287,-1.12
-27.040395,153.109266,-1.12
-27.040391,153.109539,-1.14
-27.040387,153.109789,-1.15
-27.040384,153.110051,-1.16
-27.040380,153.110282,-1.16
-27.040383,153.110905,-1.16
-27.040385,153.110783,-1.17
-27.040617,153.109317,-1.08
-27.040612,153.109590,-1.11
-27.040609,153.109787,-1.13
-27.040605,153.110647,-1.16
-27.040608,153.110525,-1.16
-27.040612,153.110278,-1.15
-27.040612,153.110786,-1.16
-27.040845,153.109323,-1.05
-27.040842,153.109529,-1.06
-27.040839,153.109777,-1.11
-27.040835,153.110030,-1.13
-27.040831,153.110635,-1.16
-27.040833,153.110519,-1.15
-27.040834,153.110786,-1.15
-27.038173,153.108979,-1.07
-27.041048,153.109269,-1.09
-27.041057,153.108977,-1.11
-27.041058,153.108735,-1.12
-27.041057,153.108514,-1.14
-27.041059,153.108244,-1.15
-27.041059,153.108008,-1.16
-27.040828,153.109270,-1.11
-27.040828,153.109020,-1.13
-27.041050,153.107755,-1.14
-27.040831,153.108760,-1.14
-27.041052,153.107506,-1.12
-27.041059,153.107216,-1.11
-27.040830,153.108483,-1.16
-27.041059,153.106983,-1.12
-27.040833,153.108236,-1.17
-27.040833,153.107952,-1.18
-27.040831,153.107759,-1.18
-27.040588,153.109017,-1.15
-27.040606,153.108760,-1.16
-27.040828,153.107505,-1.16
-27.040606,153.108506,-1.18
-27.040823,153.107253,-1.15
-27.040607,153.108255,-1.19
-27.040821,153.107001,-1.14
-27.040607,153.107979,-1.20
-27.040607,153.107744,-1.20
-27.040370,153.109018,-1.16
-27.040607,153.107488,-1.19
-27.040381,153.108740,-1.17
-27.040608,153.107241,-1.18
-27.040381,153.108483,-1.19
-27.040608,153.106993,-1.17
-27.040381,153.108240,-1.21
-27.040381,153.107990,-1.22
-27.040382,153.107721,-1.22
-27.040149,153.108979,-1.17
-27.040154,153.108766,-1.18
-27.040381,153.107505,-1.22
-27.040151,153.108513,-1.20
-27.040379,153.107251,-1.21
-27.040155,153.108256,-1.22
-27.040156,153.107990,-1.23
-27.039923,153.109003,-1.16
-27.040148,153.107758,-1.23
-27.040156,153.107496,-1.23
-27.039919,153.108763,-1.19
-27.040156,153.107248,-1.23
-27.039929,153.108477,-1.20
-27.039929,153.108261,-1.22
-27.039927,153.108010,-1.23
-27.039696,153.109006,-1.17
-27.039924,153.107756,-1.24
-27.039699,153.108761,-1.19
-27.039927,153.107506,-1.24
-27.039703,153.108501,-1.20
-27.039923,153.107253,-1.24
-27.039704,153.108244,-1.21
-27.039704,153.107988,-1.23
-27.039704,153.107745,-1.24
-27.039468,153.109014,-1.17
-27.039705,153.107474,-1.23
-27.039466,153.108761,-1.18
-27.039705,153.107229,-1.23
-27.039478,153.108480,-1.19
-27.039479,153.108216,-1.19
-27.039477,153.108008,-1.20
-27.039479,153.107753,-1.22
-27.039248,153.109013,-1.17
-27.039479,153.107476,-1.23
-27.039243,153.108765,-1.18
-27.039253,153.108508,-1.16
-27.039475,153.107249,-1.23
-27.039253,153.108247,-1.18
-27.039252,153.107966,-1.19
-27.039253,153.107751,-1.23
-27.039018,153.108991,-1.15
-27.039253,153.107452,-1.26
-27.039018,153.108761,-1.15
-27.039245,153.107250,-1.28
-27.039027,153.108441,-1.14
-27.038901,153.107757,-1.33
-27.038795,153.109014,-1.11
-27.038791,153.108762,-1.09
-27.038801,153.108513,-1.11
-27.038702,153.108156,-1.20
-27.038788,153.107795,-1.48
-27.038577,153.107736,-1.46
-27.038569,153.109014,-1.09
-27.038574,153.108758,-1.05
-27.038684,153.107081,-1.55
-27.038566,153.108504,-1.07
-27.038801,153.106901,-1.63
-27.038562,153.108194,-1.18
-27.038574,153.107760,-1.46
-27.038576,153.107756,-1.59
-27.038562,153.107440,-1.67
-27.038350,153.108764,-1.05
-27.038573,153.107180,-1.67
-27.038344,153.108511,-1.05
-27.038570,153.106926,-1.70
-27.038295,153.107883,-1.29
-27.038340,153.107625,-1.69
-27.038345,153.107483,-1.72
-27.038120,153.108763,-1.03
-27.038337,153.107245,-1.76
-27.038117,153.108513,-1.03
-27.038349,153.106984,-1.78
-27.038118,153.108163,-1.07
-27.038109,153.107766,-1.32
-27.038118,153.107594,-1.71
-27.038121,153.107442,-1.79
-27.037885,153.108763,-1.02
-27.038119,153.107247,-1.81
-27.038124,153.106968,-1.83
-27.037891,153.107712,-1.74
-27.037896,153.107501,-1.82
-27.037660,153.108764,-1.01
-27.037899,153.107229,-1.85
-27.037897,153.106999,-1.86
-27.037670,153.107556,-1.52
-27.037673,153.107483,-1.81
-27.037666,153.107239,-1.87
-27.037671,153.106992,-1.87
-27.037671,153.106715,-1.90
-27.037448,153.107407,-1.71
-27.037439,153.107221,-1.84
-27.037448,153.106966,-1.87
-27.037448,153.106745,-1.90
-27.037221,153.107297,-1.38
-27.037219,153.107234,-1.75
-27.037221,153.106952,-1.87
-27.037213,153.106730,-1.90
-27.036992,153.107137,-1.56
-27.036996,153.106984,-1.83
-27.036993,153.106715,-1.91
-27.036767,153.107745,-1.25
-27.036760,153.106985,-1.70
-27.036767,153.106727,-1.90
-27.036544,153.107710,-1.16
-27.036545,153.107472,-1.17
-27.036540,153.106807,-1.37
-27.036536,153.106740,-1.71
-27.036319,153.107443,-1.14
-27.036309,153.107250,-1.13
-27.036094,153.106974,-1.08
-27.036094,153.106700,-1.17
-27.035868,153.106733,-1.07
-27.035868,153.106462,-1.15
-27.035643,153.106492,-1.07
-27.027969,153.108298,-0.79
-27.026387,153.108734,-1.18
-27.026393,153.108500,-1.15
-27.026393,153.108756,-1.18
-27.026613,153.108515,-1.21
-27.027061,153.108244,-1.70
-27.024513,153.106459,-1.07
-27.019102,153.101562,-1.19
-27.018039,153.104095,-1.38
-27.017810,153.103953,-1.43
-27.017813,153.103675,-1.31
-27.017811,153.103450,-1.27
-27.017461,153.103704,-1.81
-27.016054,153.101182,-1.74
-27.016237,153.100940,-1.27
-27.016461,153.100988,-1.25
-27.016688,153.100969,-1.24
-27.016690,153.101187,-1.26
-27.016687,153.101531,-1.27
-27.016763,153.101935,-1.79
-27.016913,153.101263,-1.26
-27.016913,153.101450,-1.26
-27.016915,153.101706,-1.27
-27.016936,153.102174,-1.58
-27.016939,153.102210,-1.85
-27.017139,153.101444,-1.25
-27.017138,153.101763,-1.27
-27.017138,153.101971,-1.27
-27.017177,153.102688,-1.66
-27.017364,153.101540,-1.21
-27.017364,153.101773,-1.25
-27.017364,153.102003,-1.26
-27.017364,153.102227,-1.27
-27.017370,153.102454,-1.26
-27.017370,153.102703,-1.32
-27.017591,153.101691,-1.20
-27.017589,153.101944,-1.24
-27.017589,153.102256,-1.26
-27.017589,153.102455,-1.26
-27.017593,153.102699,-1.26
-27.017592,153.102953,-1.27
-27.017818,153.101941,-1.16
-27.017815,153.102196,-1.21
-27.017815,153.102468,-1.24
-27.017818,153.102698,-1.25
-27.018040,153.102462,-1.20
-27.022552,153.105787,-1.12
-27.022552,153.105725,-1.06
-27.022326,153.105835,-1.09
-27.022319,153.105721,-1.06
-27.021728,153.104507,-0.99
-27.021190,153.105211,-1.21
-27.021194,153.104967,-1.24
-27.020963,153.105465,-1.21
-27.020968,153.105217,-1.28
-27.020973,153.104925,-1.31
-27.020742,153.105847,-1.08
-27.020746,153.105658,-1.20
-27.020746,153.105449,-1.26
-27.020735,153.105216,-1.29
-27.020860,153.104306,-1.24
-27.020746,153.104941,-1.33
-27.020521,153.105835,-1.11
-27.020518,153.105722,-1.16
-27.020521,153.105412,-1.24
-27.020521,153.105209,-1.30
-27.020520,153.104964,-1.32
-27.020510,153.104714,-1.27
-27.020295,153.105212,-1.12
-27.020295,153.104937,-1.14
-27.020069,153.105188,-1.13
-27.020070,153.104966,-1.16
-27.020025,153.104382,-1.13
-27.020059,153.104155,-1.14
-27.020114,153.103774,-1.21
-27.019838,153.105218,-1.11
-27.019842,153.104963,-1.16
-27.019618,153.105820,-1.17
-27.019618,153.105662,-1.14
-27.019618,153.105467,-1.08
-27.019618,153.105188,-1.08
-27.019607,153.104965,-1.09
-27.019391,153.105849,-1.25
-27.019392,153.105701,-1.19
-27.019384,153.105469,-1.20
-27.019674,153.103535,-1.10
-27.019391,153.105210,-1.16
-27.019387,153.104967,-1.12
-27.019163,153.105720,-1.34
-27.019167,153.105443,-1.19
-27.019158,153.105218,-1.23
-27.019166,153.104966,-1.25
-27.018939,153.105964,-2.19
-27.018798,153.105699,-1.75
-27.018941,153.105451,-1.40
-27.018934,153.105216,-1.28
-27.018941,153.104933,-1.29
-27.018709,153.105718,-2.11
-27.018711,153.105215,-1.41
-27.018715,153.104964,-1.26
-27.018715,153.104707,-1.27
-27.018724,153.104045,-1.14
-27.018709,153.104060,-1.14
-27.018490,153.104956,-1.42
-27.018148,153.104962,-1.84
-27.018261,153.104713,-1.45
-27.018034,153.104961,-2.22
-27.022325,153.110768,-1.13
-27.022335,153.110515,-1.02
-27.022097,153.110526,-1.61
-27.020306,153.107415,-1.31
-27.020523,153.107431,-1.21
-27.020521,153.107544,-1.44
-27.020741,153.107990,-1.93
-27.020752,153.107399,-1.08
-27.020751,153.107517,-1.21
-27.020903,153.107990,-1.73
-27.020975,153.107960,-1.24
-27.021152,153.108240,-1.87
-27.021402,153.108492,-1.76
-27.021488,153.108655,-1.36
-27.021425,153.108755,-1.90
-27.021423,153.109002,-2.19
-27.021649,153.109254,-2.18
-27.021654,153.109004,-1.30
-27.021878,153.109506,-1.22
-27.021873,153.109758,-1.34
-27.021875,153.110012,-1.91
-27.022104,153.110011,-1.06
-27.022100,153.110262,-1.13
-27.019948,153.106982,-2.09
-27.020519,153.107228,-1.17
-27.020074,153.107155,-1.47
-27.020273,153.106981,-1.11
-27.020293,153.106671,-1.13
-27.020061,153.106730,-1.16
-27.020068,153.106402,-1.15
-27.019843,153.106441,-1.25
-27.019842,153.106226,-1.15
-27.019612,153.106226,-1.29
-27.019215,153.106221,-1.81
-27.008559,153.103947,-2.23
-27.008333,153.103915,-2.23
-27.007203,153.103190,-2.23
-27.006979,153.102926,-2.14
-27.006978,153.102676,-2.13
-27.006750,153.102936,-2.13
-27.006742,153.102686,-2.09
-27.006753,153.102432,-2.12
-27.006525,153.102938,-2.18
-27.006527,153.102683,-2.07
-27.006526,153.102432,-2.06
-27.006297,153.102676,-2.06
-27.006298,153.102427,-2.05
-27.006076,153.102684,-2.08
-27.006077,153.102430,-2.09
-27.005850,153.102683,-2.08
-27.006056,153.102172,-2.14
-27.005845,153.102330,-2.23
-27.005846,153.102172,-2.24
-27.005623,153.102934,-2.22
-27.005624,153.102670,-2.09
-27.005617,153.102386,-2.21
-27.005398,153.102678,-2.16
-27.005398,153.102430,-2.08
-27.005398,153.102151,-2.21
-27.005174,153.102426,-2.13
-27.005174,153.102172,-2.09
-27.005170,153.101424,-2.15
-27.005174,153.101676,-2.09
-27.005159,153.101924,-2.17
-27.005398,153.101173,-2.19
-27.005399,153.101425,-2.12
-27.005397,153.101674,-2.09
-27.005391,153.101921,-2.10
-27.005626,153.101160,-2.10
-27.005619,153.101411,-2.09
-27.005624,153.101675,-2.10
-27.005625,153.101873,-2.10
-27.005850,153.101172,-2.08
-27.005849,153.101413,-2.10
-27.005851,153.101673,-2.11
-27.005851,153.101907,-2.10
-27.006067,153.101118,-2.02
-27.006076,153.101416,-2.11
-27.006075,153.101626,-2.22
-27.006072,153.101918,-2.10
-27.006267,153.101160,-2.24
-27.006289,153.101407,-2.00
-27.006303,153.101667,-2.10
-27.006302,153.101800,-2.12
-27.006299,153.102173,-2.10
-27.006529,153.101111,-2.23
-27.006515,153.101384,-2.01
-27.006521,153.101627,-2.00
-27.006524,153.101929,-2.13
-27.006524,153.102173,-2.09
-27.006751,153.101168,-2.12
-27.006753,153.101381,-2.07
-27.006748,153.101673,-2.03
-27.006752,153.101928,-2.20
-27.008555,153.104451,-2.24
-27.008549,153.104197,-2.23
-27.008330,153.104195,-2.20
-27.007429,153.103945,-2.24
-27.005394,153.104449,-2.23
-27.005063,153.106721,-2.21
-27.005175,153.106720,-2.23
-27.063844,153.121016,-2.37
-27.063841,153.120890,-2.33
-27.063843,153.120636,-2.28
-27.063610,153.121011,-1.93
-27.063615,153.120887,-1.91
-27.063615,153.120637,-1.93
-27.063387,153.121013,-1.79
-27.063390,153.120890,-1.80
-27.063394,153.120630,-1.82
-27.063161,153.120988,-1.64
-27.063164,153.120884,-1.66
-27.063160,153.120636,-1.65
-27.062942,153.120882,-1.35
-27.062941,153.120891,-1.33
-27.062943,153.120637,-1.31
-27.062716,153.120973,-1.16
-27.062717,153.120836,-1.16
-27.062717,153.120614,-1.15
-27.062489,153.121014,-1.10
-27.062491,153.120832,-1.10
-27.062491,153.120598,-1.08
-27.062255,153.121014,-1.04
-27.062265,153.120807,-1.05
-27.062265,153.120577,-1.04
-27.062040,153.121002,-0.95
-27.062040,153.120798,-0.98
-27.062039,153.120621,-0.98
-27.059669,153.119817,-0.86
-27.062043,153.119882,-1.01
-27.062048,153.120134,-1.03
-27.062267,153.119614,-1.03
-27.062278,153.119637,-1.05
-27.062270,153.119884,-1.06
-27.062266,153.120231,-1.07
-27.062493,153.118434,-1.03
-27.062496,153.118361,-0.99
-27.062495,153.118624,-1.07
-27.062493,153.118927,-1.08
-27.062493,153.119331,-1.09
-27.062503,153.119379,-1.12
-27.062495,153.119632,-1.13
-27.062492,153.119957,-1.14
-27.062494,153.120135,-1.14
-27.062733,153.117616,-0.98
-27.062726,153.117865,-1.00
-27.062725,153.118120,-1.04
-27.062719,153.118728,-1.14
-27.062722,153.118620,-1.08
-27.062721,153.118875,-1.20
-27.062718,153.119185,-1.20
-27.062719,153.119379,-1.30
-27.062718,153.119882,-1.41
-27.062726,153.120176,-1.38
-27.062950,153.117496,-0.99
-27.062946,153.117621,-1.02
-27.062954,153.117881,-1.10
-27.062946,153.118121,-1.18
-27.062945,153.118453,-1.29
-27.063168,153.119116,-1.65
-27.063164,153.119376,-1.66
-27.063167,153.119619,-1.70
-27.063167,153.119874,-1.74
-27.063169,153.120112,-1.71
-27.063149,153.120381,-1.69
-27.063175,153.117506,-1.15
-27.063172,153.117618,-1.26
-27.063392,153.118359,-1.68
-27.063391,153.118611,-1.71
-27.063386,153.118862,-1.74
-27.063392,153.119122,-1.78
-27.063392,153.119357,-1.81
-27.063393,153.119626,-1.85
-27.063394,153.119880,-1.87
-27.063392,153.120132,-1.86
-27.063393,153.120370,-1.84
-27.063621,153.117591,-1.71
-27.063615,153.117853,-1.71
-27.063620,153.118105,-1.76
-27.063611,153.118343,-1.81
-27.063618,153.118872,-1.88
-27.063620,153.118616,-1.87
-27.063619,153.119121,-1.90
-27.063615,153.119377,-1.96
-27.063616,153.119871,-1.98
-27.063612,153.119626,-1.99
-27.063615,153.120123,-1.97
-27.063619,153.120382,-1.95
-27.063837,153.117611,-1.66
-27.063847,153.117860,-1.83
-27.063841,153.118113,-1.89
-27.063842,153.118369,-1.91
-27.063846,153.118620,-1.95
-27.063843,153.118869,-1.98
-27.063844,153.119122,-2.02
-27.063841,153.119375,-2.08
-27.063846,153.119621,-2.24
-27.063846,153.119869,-2.34
-27.063846,153.120131,-2.40
-27.063843,153.120378,-2.31
-27.063704,153.117334,-1.54
-27.063829,153.117101,-1.53
-27.063839,153.116819,-1.53
-27.063622,153.117341,-1.20
-27.063843,153.116602,-1.49
-27.063602,153.117108,-1.20
-27.063732,153.116353,-1.35
-27.063610,153.116833,-1.17
-27.063849,153.116084,-1.47
-27.063621,153.116599,-1.12
-27.063618,153.116353,-1.12
-27.063384,153.117361,-1.06
-27.063385,153.117106,-1.05
-27.060805,153.116270,-1.03
-27.060688,153.116093,-1.10
-27.060461,153.116745,-1.06
-27.060453,153.116600,-1.09
-27.060447,153.116345,-1.09
-27.060458,153.116098,-1.07
-27.060232,153.116733,-1.09
-27.060228,153.116601,-1.11
-27.060225,153.116347,-1.18
-27.060238,153.116068,-1.24
-27.060002,153.116720,-1.18
-27.060005,153.116601,-1.19
-27.064509,153.120984,-2.50
-27.064516,153.120878,-2.42
-27.064284,153.120882,-2.68
-27.064295,153.120624,-2.63
-27.064071,153.117607,-1.70
-27.064071,153.117334,-1.68
-27.064069,153.117863,-1.87
-27.064073,153.118111,-1.93
-27.064069,153.118621,-2.11
-27.064064,153.118369,-2.03
-27.064072,153.118874,-2.15
-27.064066,153.119125,-2.19
-27.064069,153.119378,-2.43
-27.064071,153.119629,-2.68
-27.064065,153.119871,-2.80
-27.064296,153.117612,-1.83
-27.064290,153.117861,-1.91
-27.064294,153.118109,-2.19
-27.064298,153.117361,-1.86
-27.064294,153.120369,-2.54
-27.064522,153.117614,-2.09
-27.064524,153.117866,-2.64
-27.064521,153.117357,-2.71
-27.064524,153.117106,-2.81
-27.064299,153.117091,-1.85
-27.064291,153.116846,-1.89
-27.064296,153.116587,-1.92
-27.064300,153.116352,-1.94
-27.064294,153.116099,-1.98
-27.064073,153.117091,-1.72
-27.064073,153.116834,-1.73
-27.064075,153.116605,-1.70
-27.064071,153.116339,-1.73
-27.064075,153.116083,-1.67
-27.062721,153.114830,-1.17
-27.062722,153.114545,-1.22
-27.062626,153.114334,-1.24
-27.062496,153.115055,-1.12
-27.062496,153.114816,-1.16
-27.062496,153.114560,-1.22
-27.062493,153.114326,-1.23
-27.062264,153.115340,-1.07
-27.062270,153.115088,-1.08
-27.062267,153.114839,-1.16
-27.062265,153.114580,-1.21
-27.062268,153.114324,-1.23
-27.062045,153.114811,-1.15
-27.062044,153.114523,-1.16
-27.062039,153.114325,-1.22
-27.061812,153.114835,-1.11
-27.061819,153.114568,-1.16
-27.061813,153.114334,-1.21
-27.061590,153.114580,-1.05
-27.061585,153.114328,-1.07
-27.060687,153.115835,-1.05
-27.060916,153.114315,-1.09
-27.060689,153.115320,-1.04
-27.060688,153.115087,-1.05
-27.060682,153.114835,-1.09
-27.060691,153.114564,-1.11
-27.060463,153.115845,-1.12
-27.060688,153.114333,-1.14
-27.060464,153.115570,-1.14
-27.060463,153.114561,-1.10
-27.060236,153.115840,-1.15
-27.060462,153.114323,-1.05
-27.060235,153.115588,-1.11
-27.060235,153.115341,-1.05
-27.060466,153.113722,-1.10
-27.060474,153.113831,-1.11
-27.060696,153.113339,-1.14
-27.060695,153.113578,-1.14
-27.060694,153.113847,-1.11
-27.060921,153.112074,-1.14
-27.060920,153.112319,-1.15
-27.060919,153.112573,-1.17
-27.060918,153.114076,-1.09
-27.060920,153.113828,-1.15
-27.060922,153.113577,-1.15
-27.060924,153.113323,-1.16
-27.060926,153.113071,-1.17
-27.061149,153.111309,-1.17
-27.061146,153.111817,-1.15
-27.061145,153.112069,-1.18
-27.061143,153.113204,-1.18
-27.061144,153.113068,-1.20
-27.061147,153.112811,-1.21
-27.061149,153.112568,-1.21
-27.061152,153.113328,-1.15
-27.061151,153.113580,-1.10
-27.061370,153.112357,-1.22
-27.061370,153.112313,-1.21
-27.061372,153.112060,-1.18
-27.061384,153.111052,-1.18
-27.061384,153.111057,-1.18
-27.061383,153.111309,-1.15
-27.061382,153.111561,-1.14
-27.061377,153.112580,-1.22
-27.061375,153.112832,-1.20
-27.061374,153.113075,-1.18
-27.061373,153.113330,-1.13
-27.061371,153.113579,-1.08
-27.061603,153.111043,-1.29
-27.061603,153.111058,-1.27
-27.061601,153.111310,-1.27
-27.061599,153.111586,-1.26
-27.061598,153.111824,-1.26
-27.061596,153.112070,-1.26
-27.061595,153.113504,-1.17
-27.061596,153.113323,-1.19
-27.061599,153.113070,-1.19
-27.061601,153.112820,-1.22
-27.061603,153.112569,-1.24
-27.061606,153.113588,-1.14
-27.061604,153.113853,-1.19
-27.061830,153.111109,-1.33
-27.061829,153.111311,-1.33
-27.061827,153.111636,-1.33
-27.061826,153.111818,-1.31
-27.061824,153.112101,-1.31
-27.061823,153.112324,-1.30
-27.061821,153.112570,-1.28
-27.061820,153.114050,-1.26
-27.061822,153.113827,-1.26
-27.061825,153.113569,-1.24
-27.061827,153.113322,-1.25
-27.061830,153.113074,-1.27
-27.062219,153.111148,-1.70
-27.062048,153.111312,-1.32
-27.062047,153.112684,-1.33
-27.062048,153.112560,-1.35
-27.062051,153.112308,-1.34
-27.062054,153.112058,-1.34
-27.062064,153.111564,-1.32
-27.062054,153.112833,-1.32
-27.062052,153.113076,-1.32
-27.062051,153.113329,-1.33
-27.062049,153.113587,-1.31
-27.062047,153.113832,-1.25
-27.062493,153.111208,-1.63
-27.062474,153.111367,-1.62
-27.062274,153.111582,-1.32
-27.062272,153.113038,-1.39
-27.062275,153.112819,-1.37
-27.062278,153.112536,-1.36
-27.062280,153.112314,-1.36
-27.062283,153.112062,-1.35
-27.062280,153.113076,-1.40
-27.062278,153.113331,-1.41
-27.062276,153.113602,-1.39
-27.062273,153.113881,-1.27
-27.062690,153.111283,-1.63
-27.062722,153.111350,-1.60
-27.062500,153.111583,-1.34
-27.062497,153.113454,-1.39
-27.062499,153.113324,-1.42
-27.062501,153.113072,-1.42
-27.062504,153.112821,-1.41
-27.062507,153.112567,-1.40
-27.062509,153.112308,-1.38
-27.062512,153.112064,-1.37
-27.062503,153.113579,-1.32
-27.062501,153.113855,-1.25
-27.062855,153.111228,-1.61
-27.062724,153.112918,-1.38
-27.062724,153.112820,-1.38
-27.062727,153.112568,-1.37
-27.062729,153.112315,-1.36
-27.062731,153.112065,-1.34
-27.062795,153.111314,-1.60
-27.062736,153.111635,-1.30
-27.062725,153.113075,-1.37
-27.062723,153.113328,-1.34
-27.062723,153.113944,-1.23
-27.062724,153.113813,-1.29
-27.062732,153.114084,-1.23
-27.062950,153.112428,-1.24
-27.062951,153.112306,-1.22
-27.062953,153.112064,-1.20
-27.062962,153.111197,-1.16
-27.062962,153.111313,-1.13
-27.062961,153.111562,-1.17
-27.062955,153.112575,-1.26
-27.062954,153.112825,-1.27
-27.062953,153.113077,-1.26
-27.062951,153.113332,-1.24
-27.062950,153.113586,-1.21
-27.062948,153.114333,-1.14
-27.062950,153.114082,-1.16
-27.063178,153.113073,-1.11
-27.062820,153.111000,-1.67
-27.062710,153.111045,-1.67
-27.062496,153.110965,-1.64
-27.062168,153.111040,-1.59
-27.062036,153.111056,-1.36
-27.064522,153.115587,-2.57
-27.064526,153.115310,-2.49
-27.064527,153.115092,-2.22
-27.064526,153.114825,-2.08
-27.064524,153.114585,-1.93
-27.064295,153.115842,-1.94
-27.064297,153.115593,-1.84
-27.064299,153.115313,-1.79
-27.064299,153.115058,-1.70
-27.064300,153.114839,-1.63
-27.064295,153.114586,-1.57
-27.064069,153.115843,-1.66
-27.064069,153.115577,-1.64
-27.064071,153.115328,-1.58
-27.064075,153.114771,-1.16
-27.064072,153.114578,-1.11
-27.064303,153.113831,-1.56
-27.064528,153.112572,-1.66
-27.064523,153.112821,-2.19
-27.064529,153.113068,-2.05
-27.064529,153.113279,-1.72
-27.064523,153.113580,-1.80
-27.064527,153.113817,-2.19
-27.064524,153.114015,-1.87
-27.064522,153.114331,-1.84
-27.064755,153.112313,-2.39
-27.064756,153.111768,-1.58
-27.064754,153.112067,-2.01
-27.064979,153.111559,-1.71
-27.064978,153.111784,-2.81
-27.065206,153.111311,-2.54
-27.065205,153.111058,-1.92
-27.064981,153.111311,-1.69
-27.064969,153.111057,-1.20
-27.060021,153.117240,-0.98
-27.060017,153.117359,-0.95
-27.060027,153.117612,-0.92
-27.060019,153.117862,-0.90
-27.060011,153.118116,-0.93
-27.060252,153.117193,-0.98
-27.060247,153.117360,-0.94
-27.060239,153.117613,-0.91
-27.060237,153.118367,-0.94
-27.060238,153.118621,-0.95
-27.060479,153.117263,-0.99
-27.060476,153.117360,-0.93
-27.060461,153.117104,-1.02
-27.060230,153.117103,-1.05
-27.059997,153.117100,-1.10
-27.050982,153.120390,-0.92
-27.050987,153.120124,-0.94
-27.050756,153.120386,-1.15
-27.050760,153.120124,-1.17
-27.050760,153.120007,-1.07
-27.050532,153.120632,-0.84
-27.050531,153.120519,-1.17
-27.050621,153.120311,-1.15
-27.050725,153.120073,-1.01
-27.050490,153.120606,-0.94
-27.050526,153.120372,-0.99
-27.050527,153.120115,-1.04
-27.050526,153.119868,-1.09
-27.050294,153.120367,-1.18
-27.050299,153.120118,-0.98
-27.050303,153.119863,-0.93
-27.050303,153.119613,-0.88
-27.050340,153.119222,-0.83
-27.056858,153.117105,-1.01
-27.057092,153.116946,-1.15
-27.057087,153.117107,-1.10
-27.057079,153.117355,-1.07
-27.057309,153.116983,-1.14
-27.057305,153.117103,-1.11
-27.057313,153.117364,-1.09
-27.057305,153.117608,-1.02
-27.057303,153.117900,-1.00
-27.057537,153.117008,-1.14
-27.057533,153.117107,-1.10
-27.057536,153.117399,-1.08
-27.057529,153.117615,-1.06
-27.057533,153.117860,-1.11
-27.057528,153.118324,-1.12
-27.057534,153.118366,-1.08
-27.057766,153.117028,-1.12
-27.057763,153.117104,-1.05
-27.057767,153.117366,-1.10
-27.057757,153.117620,-1.12
-27.057754,153.118019,-1.20
-27.057756,153.118112,-1.21
-27.057753,153.118396,-1.12
-27.057753,153.118809,-1.08
-27.057758,153.118875,-1.00
-27.057978,153.116830,-1.22
-27.057974,153.116599,-1.21
-27.057977,153.116347,-1.23
-27.057980,153.116084,-1.21
-27.057746,153.116840,-1.17
-27.057750,153.116598,-1.22
-27.057751,153.116345,-1.27
-27.057753,153.116095,-1.27
-27.057514,153.116850,-1.19
-27.057513,153.116597,-1.22
-27.057529,153.116303,-1.27
-27.057528,153.116088,-1.24
-27.057288,153.116849,-1.19
-27.057301,153.116598,-1.18
-27.057303,153.116339,-1.19
-27.057298,153.116056,-1.20
-27.057071,153.116850,-1.14
-27.057073,153.116598,-1.15
-27.057076,153.116344,-1.14
-27.057078,153.116046,-1.17
-27.056848,153.116596,-1.10
-27.056852,153.116291,-1.08
-27.056850,153.116087,-1.11
-27.056625,153.116343,-1.05
-27.056625,153.116090,-1.09
-27.056398,153.116344,-1.03
-27.056400,153.116029,-1.05
-27.054705,153.114578,-1.09
-27.054705,153.114325,-1.15
-27.054701,153.114064,-1.18
-27.054594,153.114567,-1.08
-27.054710,153.113815,-1.21
-27.054595,153.114324,-1.15
-27.054594,153.114074,-1.18
-27.054593,153.113818,-1.22
-27.054370,153.114576,-1.07
-27.054371,153.114326,-1.14
-27.054369,153.114053,-1.19
-27.054371,153.113822,-1.21
-27.054363,153.113569,-1.21
-27.054145,153.114319,-1.14
-27.054145,153.114056,-1.19
-27.054145,153.113816,-1.20
-27.054143,153.113568,-1.19
-27.053920,153.114312,-1.07
-27.053917,153.114072,-1.15
-27.053914,153.113820,-1.19
-27.053908,153.113569,-1.18
-27.053694,153.114309,-1.05
-27.053693,153.114066,-1.09
-27.053694,153.113820,-1.14
-27.053691,153.113567,-1.16
-27.053460,153.114060,-1.05
-27.053468,153.113805,-1.11
-27.053461,153.113553,-1.15
-27.053240,153.113819,-1.09
-27.053243,153.113558,-1.13
-27.053006,153.113821,-1.08
-27.053015,153.113554,-1.13
-27.052783,153.113819,-1.07
-27.052791,153.113566,-1.12
-27.052560,153.113784,-1.07
-27.052558,153.113562,-1.12
-27.052340,153.113535,-1.08
-27.052114,153.113565,-1.09
-27.051867,153.113314,-1.10
-27.051662,153.113315,-1.07
-27.051437,153.113311,-1.02
-27.052136,153.113313,-1.12
-27.050301,153.111134,-1.52
-27.050200,153.111551,-1.21
-27.050198,153.111807,-1.18
-27.050197,153.112417,-1.06
-27.050198,153.112304,-1.15
-27.050200,153.112559,-0.99
-27.050533,153.111038,-1.72
-27.050310,153.111672,-1.27
-27.050523,153.111203,-1.45
-27.050314,153.111809,-1.18
-27.050311,153.112056,-1.14
-27.050310,153.112485,-1.06
-27.050318,153.112560,-1.02
-27.050753,153.111288,-1.64
-27.050755,153.111045,-1.78
-27.050537,153.111807,-1.22
-27.050535,153.112417,-1.10
-27.050537,153.112304,-1.14
-27.050540,153.112560,-1.06
-27.050986,153.111529,-1.56
-27.050986,153.111275,-1.69
-27.050985,153.111040,-1.80
-27.050763,153.111804,-1.31
-27.050761,153.112433,-1.12
-27.050763,153.112292,-1.18
-27.050772,153.112559,-1.07
-27.051210,153.111045,-1.80
-27.051206,153.111537,-1.63
-27.051212,153.111285,-1.72
-27.051208,153.111790,-1.52
-27.051206,153.111861,-1.50
-27.050991,153.112058,-1.22
-27.050988,153.112325,-1.15
-27.050992,153.112810,-1.11
-27.051437,153.111538,-1.61
-27.051439,153.111290,-1.67
-27.051435,153.111044,-1.84
-27.051404,153.111551,-1.51
-27.051212,153.112675,-1.13
-27.051214,153.112559,-1.18
-27.051218,153.112302,-1.29
-27.051223,153.112811,-1.09
-27.051657,153.111046,-1.87
-27.051664,153.111597,-1.52
-27.051662,153.111538,-1.62
-27.051658,153.111294,-1.77
-27.051440,153.112315,-1.21
-27.051438,153.112912,-1.11
-27.051439,153.112809,-1.14
-27.051881,153.111751,-1.59
-27.051887,153.111550,-1.70
-27.051887,153.111288,-1.80
-27.051887,153.111043,-1.91
-27.051799,153.111830,-1.45
-27.051848,153.112203,-1.32
-27.051667,153.112309,-1.23
-27.051665,153.112569,-1.16
-27.051666,153.113060,-1.13
-27.052111,153.111796,-1.60
-27.052112,153.111546,-1.74
-27.052114,153.111292,-1.83
-27.052110,153.111033,-1.92
-27.052112,153.112039,-1.43
-27.051982,153.112137,-1.38
-27.051893,153.112313,-1.24
-27.051891,153.112561,-1.18
-27.051889,153.113233,-1.09
-27.051891,153.113059,-1.14
-27.052341,153.111044,-1.94
-27.052336,153.111291,-1.88
-27.052340,153.112011,-1.53
-27.052341,153.111796,-1.64
-27.052336,153.111551,-1.78
-27.052250,153.112101,-1.40
-27.052115,153.112957,-1.15
-27.052117,153.112805,-1.21
-27.052568,153.111532,-1.83
-27.052566,153.111280,-1.92
-27.052568,153.111042,-1.95
-27.052564,153.111755,-1.74
-27.052550,153.112066,-1.40
-27.052554,153.112053,-1.54
-27.052417,153.112355,-1.39
-27.052344,153.112562,-1.23
-27.052341,153.112812,-1.15
-27.052341,153.113156,-1.14
-27.052790,153.111774,-1.77
-27.052783,153.111550,-1.87
-27.052787,153.111294,-1.93
-27.052789,153.111047,-1.97
-27.052784,153.112049,-1.68
-27.052793,153.112126,-1.43
-27.052790,153.112359,-1.38
-27.052573,153.112562,-1.25
-27.052570,153.112815,-1.17
-27.052568,153.113316,-1.14
-27.053018,153.111551,-1.88
-27.053019,153.111295,-1.94
-27.053013,153.111044,-1.97
-27.053016,153.111797,-1.80
-27.053014,153.112391,-1.49
-27.053009,153.112266,-1.60
-27.053003,153.112053,-1.73
-27.052799,153.112562,-1.26
-27.052795,153.112816,-1.18
-27.052792,153.113294,-1.14
-27.053240,153.111548,-1.90
-27.053243,153.111299,-1.96
-27.053241,153.111036,-1.98
-27.053230,153.111799,-1.81
-27.053239,153.112041,-1.72
-27.053239,153.112399,-1.51
-27.053242,153.112306,-1.62
-27.053021,153.112814,-1.18
-27.053018,153.113267,-1.14
-27.053467,153.111047,-2.00
-27.053461,153.111542,-1.91
-27.053465,153.111299,-1.97
-27.053469,153.111776,-1.82
-27.053470,153.112053,-1.76
-27.053469,153.112524,-1.50
-27.053463,153.112292,-1.60
-27.053248,153.112815,-1.18
-27.053245,153.113066,-1.16
-27.053692,153.111788,-1.83
-27.053696,153.111539,-1.92
-27.053695,153.111294,-1.97
-27.053691,153.111047,-2.01
-27.053691,153.112041,-1.77
-27.053693,153.112280,-1.67
-27.053691,153.112619,-1.52
-27.053691,153.112538,-1.59
-27.053478,153.112814,-1.25
-27.053475,153.113066,-1.17
-27.053920,153.111045,-2.00
-27.053918,153.111299,-1.97
-27.053919,153.111522,-1.93
-27.053916,153.111783,-1.84
-27.053919,153.112527,-1.60
-27.053920,153.112298,-1.66
-27.053920,153.112044,-1.77
-27.053916,153.112567,-1.48
-27.053700,153.112819,-1.26
-27.053697,153.113070,-1.18
-27.054140,153.111045,-2.00
-27.054143,153.111275,-1.97
-27.054145,153.111788,-1.85
-27.054142,153.111549,-1.93
-27.054146,153.112050,-1.76
-27.054132,153.112270,-1.69
-27.054142,153.112525,-1.60
-27.053921,153.113005,-1.26
-27.054135,153.112664,-1.55
-27.053932,153.113080,-1.20
-27.054370,153.111050,-1.99
-27.054373,153.111294,-1.96
-27.054369,153.112046,-1.75
-27.054370,153.111800,-1.85
-27.054365,153.111548,-1.94
-27.054364,153.112552,-1.59
-27.054364,153.112285,-1.68
-27.054372,153.112582,-1.52
-27.054147,153.112832,-1.28
-27.054146,153.113231,-1.22
-27.054598,153.111028,-1.98
-27.054595,153.111299,-1.96
-27.054592,153.111805,-1.86
-27.054596,153.111518,-1.94
-27.054596,153.112055,-1.77
-27.054590,153.112282,-1.68
-27.054593,153.112547,-1.59
-27.054580,153.112568,-1.52
-27.054381,153.112820,-1.28
-27.054377,153.113068,-1.24
-27.054372,153.113320,-1.21
-27.054824,153.111048,-1.97
-27.054821,153.111299,-1.97
-27.054820,153.111804,-1.85
-27.054823,153.111543,-1.94
-27.054822,153.112030,-1.76
-27.054820,153.112309,-1.68
-27.054599,153.112566,-1.39
-27.054598,153.112953,-1.28
-27.054603,153.113069,-1.25
-27.054598,153.113321,-1.22
-27.057981,153.115807,-1.20
-27.057979,153.115331,-1.16
-27.057979,153.115084,-1.20
-27.057981,153.114833,-1.28
-27.057755,153.115842,-1.26
-27.057982,153.114552,-1.28
-27.057982,153.114320,-1.25
-27.057756,153.115552,-1.30
-27.057982,153.114068,-1.24
-27.057755,153.115303,-1.25
-27.057756,153.115070,-1.25
-27.057756,153.114834,-1.27
-27.057528,153.115842,-1.25
-27.057756,153.114561,-1.33
-27.057526,153.115584,-1.32
-27.057747,153.114326,-1.33
-27.057530,153.115329,-1.32
-27.057750,153.114078,-1.32
-27.057529,153.115068,-1.29
-27.057530,153.114816,-1.27
-27.057302,153.115802,-1.21
-27.057523,153.114566,-1.31
-27.057302,153.115590,-1.26
-27.057531,153.114326,-1.32
-27.057304,153.115294,-1.26
-27.057523,153.114076,-1.34
-27.057304,153.115067,-1.27
-27.057297,153.114832,-1.28
-27.057078,153.115809,-1.20
-27.057300,153.114582,-1.29
-27.057077,153.115570,-1.20
-27.057301,153.114327,-1.30
-27.057079,153.115323,-1.25
-27.057304,153.114078,-1.31
-27.057079,153.115084,-1.26
-27.057078,153.114828,-1.27
-27.056852,153.115834,-1.15
-27.057078,153.114582,-1.28
-27.056853,153.115577,-1.20
-27.057076,153.114325,-1.29
-27.056853,153.115314,-1.24
-27.057075,153.114077,-1.30
-27.056853,153.115065,-1.25
-27.056852,153.114823,-1.26
-27.056626,153.115802,-1.14
-27.056844,153.114577,-1.27
-27.056626,153.115578,-1.18
-27.056850,153.114325,-1.29
-27.056919,153.113817,-1.29
-27.056622,153.115319,-1.22
-27.056852,153.114067,-1.31
-27.056628,153.115064,-1.23
-27.056846,153.113818,-1.31
-27.056627,153.114818,-1.25
-27.056628,153.114571,-1.27
-27.056401,153.115783,-1.10
-27.056401,153.115544,-1.14
-27.056619,153.114326,-1.29
-27.056400,153.115335,-1.18
-27.056621,153.114076,-1.31
-27.056402,153.115081,-1.21
-27.056620,153.113824,-1.31
-27.056400,153.114828,-1.22
-27.056400,153.114581,-1.24
-27.056175,153.115580,-1.08
-27.056402,153.114292,-1.27
-27.056170,153.115334,-1.12
-27.056402,153.114059,-1.29
-27.056176,153.115081,-1.15
-27.056403,153.113812,-1.29
-27.056169,153.114830,-1.19
-27.056171,153.114573,-1.21
-27.056171,153.114321,-1.24
-27.055950,153.115298,-1.06
-27.056172,153.114076,-1.27
-27.055950,153.115050,-1.10
-27.056172,153.113824,-1.27
-27.055951,153.114798,-1.14
-27.055950,153.114555,-1.18
-27.055950,153.114310,-1.22
-27.055950,153.114071,-1.25
-27.055722,153.115084,-1.05
-27.055942,153.113823,-1.26
-27.055724,153.114829,-1.12
-27.055721,153.114579,-1.16
-27.055723,153.114326,-1.21
-27.055725,153.114073,-1.24
-27.055498,153.115084,-1.05
-27.055725,153.113823,-1.26
-27.055490,153.114831,-1.10
-27.055499,153.114571,-1.16
-27.055499,153.114302,-1.20
-27.055499,153.114072,-1.23
-27.055496,153.113821,-1.25
-27.055265,153.114831,-1.10
-27.055265,153.114576,-1.15
-27.055274,153.114307,-1.18
-27.055274,153.114057,-1.22
-27.055272,153.113820,-1.23
-27.055047,153.114827,-1.08
-27.055048,153.114565,-1.12
-27.055048,153.114298,-1.16
-27.055045,153.114073,-1.19
-27.055046,153.113821,-1.22
-27.055043,153.111045,-1.98
-27.055048,153.111296,-1.98
-27.055046,153.111550,-1.92
-27.055048,153.112020,-1.74
-27.055048,153.111805,-1.85
-27.055047,153.112208,-1.69
-27.054824,153.112970,-1.29
-27.054832,153.113073,-1.26
-27.054827,153.113319,-1.23
-27.055274,153.111038,-2.01
-27.055275,153.111299,-1.98
-27.055272,153.112039,-1.75
-27.055274,153.111800,-1.84
-27.055274,153.111547,-1.93
-27.055275,153.112309,-1.66
-27.055053,153.112822,-1.30
-27.055049,153.113354,-1.24
-27.055050,153.113317,-1.27
-27.055497,153.111547,-1.91
-27.055496,153.111050,-2.04
-27.055501,153.111270,-1.98
-27.055498,153.111793,-1.84
-27.055494,153.112058,-1.78
-27.055455,153.112506,-1.53
-27.055482,153.112304,-1.65
-27.055278,153.112825,-1.31
-27.055275,153.113195,-1.28
-27.055277,153.113320,-1.26
-27.055724,153.111045,-2.04
-27.055727,153.111296,-1.97
-27.055723,153.111552,-1.92
-27.055720,153.111801,-1.85
-27.055719,153.112307,-1.65
-27.055727,153.112007,-1.74
-27.055697,153.112389,-1.56
-27.055505,153.112566,-1.35
-27.055501,153.113148,-1.29
-27.055502,153.113067,-1.32
-27.055508,153.113326,-1.27
-27.055948,153.111049,-2.01
-27.055942,153.111298,-1.98
-27.055942,153.111551,-1.90
-27.055953,153.111762,-1.78
-27.055930,153.112231,-1.60
-27.055827,153.112331,-1.56
-27.055727,153.112907,-1.33
-27.055728,153.112814,-1.35
-27.055730,153.113076,-1.30
-27.055726,153.113526,-1.28
-27.056176,153.111045,-1.99
-27.056174,153.111302,-1.92
-27.056156,153.111548,-1.82
-27.055955,153.112316,-1.38
-27.055952,153.113020,-1.34
-27.055956,153.112815,-1.35
-27.055963,153.113069,-1.31
-27.055959,153.113322,-1.29
-27.056400,153.111049,-1.98
-27.056403,153.111303,-1.90
-27.056184,153.112060,-1.41
-27.056180,153.112313,-1.38
-27.056178,153.112830,-1.35
-27.056178,153.112810,-1.37
-27.056182,153.113070,-1.33
-27.056178,153.113324,-1.31
-27.056628,153.111050,-1.77
-27.056404,153.112392,-1.38
-27.056405,153.112311,-1.39
-27.056409,153.112058,-1.43
-27.056405,153.112566,-1.37
-27.056404,153.112980,-1.36
-27.056414,153.113071,-1.34
-27.056411,153.113323,-1.32
-27.056630,153.112235,-1.37
-27.056632,153.112058,-1.41
-27.056636,153.111806,-1.43
-27.056633,153.112314,-1.38
-27.056630,153.112565,-1.38
-27.056629,153.113102,-1.35
-27.056630,153.113067,-1.36
-27.056637,153.113321,-1.33
-27.056856,153.112256,-1.36
-27.056858,153.112059,-1.37
-27.056861,153.111806,-1.41
-27.056871,153.111307,-1.38
-27.056861,153.112319,-1.38
-27.056859,153.112567,-1.38
-27.056857,153.112828,-1.37
-27.056855,153.113572,-1.31
-27.056858,153.113315,-1.35
-27.057090,153.110931,-1.29
-27.057088,153.111054,-1.29
-27.057086,153.111342,-1.31
-27.057084,153.111564,-1.33
-27.057081,153.112453,-1.36
-27.057083,153.112311,-1.36
-27.057086,153.112054,-1.34
-27.057088,153.112570,-1.35
-27.057086,153.112820,-1.35
-27.057084,153.113070,-1.32
-27.057082,153.113324,-1.29
-27.057083,153.113824,-1.28
-27.057318,153.110926,-1.25
-27.057317,153.111053,-1.24
-27.057315,153.111307,-1.25
-27.057313,153.111559,-1.27
-27.057311,153.111809,-1.30
-27.057309,153.112062,-1.33
-27.057306,153.113142,-1.28
-27.057307,153.113067,-1.30
-27.057310,153.112815,-1.32
-27.057313,153.112561,-1.34
-27.057310,153.113322,-1.26
-27.057308,153.113574,-1.30
-27.057539,153.110927,-1.20
-27.057538,153.111053,-1.21
-27.057535,153.111306,-1.22
-27.057532,153.112576,-1.28
-27.057533,153.112564,-1.30
-27.057536,153.112312,-1.30
-27.057539,153.112060,-1.27
-27.057542,153.111796,-1.25
-27.057540,153.112819,-1.25
-27.057538,153.113070,-1.25
-27.057536,153.113323,-1.24
-27.057533,153.113575,-1.29
-27.057761,153.110929,-1.14
-27.057760,153.111055,-1.14
-27.057759,153.111883,-1.26
-27.057760,153.111806,-1.23
-27.057769,153.111306,-1.19
-27.057762,153.112064,-1.28
-27.057760,153.112315,-1.24
-27.057757,153.113434,-1.16
-27.057759,153.113320,-1.16
-27.057762,153.113070,-1.18
-27.057765,153.112818,-1.19
-27.057764,153.113598,-1.21
-27.057994,153.110963,-1.04
-27.057993,153.111158,-1.07
-27.057991,153.111349,-1.11
-27.057990,153.111574,-1.20
-27.057988,153.111829,-1.19
-27.057986,153.112063,-1.18
-27.057984,153.112315,-1.12
-27.057983,153.113255,-1.08
-27.057985,153.113067,-1.10
-27.057988,153.112816,-1.11
-27.057989,153.113325,-1.09
-27.057987,153.113575,-1.12
-27.045573,153.120950,-1.26
-27.045675,153.120864,-1.31
-27.045676,153.120584,-1.47
-27.045663,153.120364,-1.02
-27.045344,153.120935,-1.39
-27.045338,153.120628,-1.23
-27.045338,153.120615,-1.25
-27.045563,153.120330,-1.13
-27.045127,153.120926,-1.88
-27.045244,153.120623,-1.25
-27.045222,153.120599,-1.57
-27.045337,153.120357,-1.34
-27.044887,153.120878,-1.70
-27.044890,153.120806,-2.40
-27.045111,153.120616,-1.75
-27.045108,153.120363,-1.34
-27.045112,153.120085,-1.20
-27.044668,153.120729,-1.76
-27.044884,153.120617,-1.52
-27.044886,153.120341,-1.06
-27.044886,153.120082,-1.08
-27.044526,153.120688,-1.19
-27.044660,153.120592,-1.27
-27.044660,153.120297,-1.19
-27.044651,153.120112,-0.96
-27.044430,153.120615,-1.15
-27.044433,153.120365,-1.20
-27.044429,153.120110,-1.10
-27.044435,153.119860,-1.13
-27.044209,153.120550,-1.10
-27.044209,153.120343,-1.18
-27.044209,153.120104,-1.16
-27.044208,153.119858,-1.04
-27.043974,153.120360,-1.22
-27.043977,153.120106,-1.20
-27.043978,153.119848,-1.12
-27.043975,153.119610,-1.11
-27.043752,153.120364,-1.15
-27.043751,153.120112,-1.26
-27.043758,153.119796,-1.17
-27.043756,153.119609,-1.10
-27.043529,153.120365,-1.10
-27.043532,153.120077,-1.16
-27.043532,153.119823,-1.14
-27.043529,153.119608,-1.06
-27.043306,153.120104,-1.10
-27.043301,153.119859,-1.08
-27.043306,153.119607,-1.11
-27.043080,153.120226,-1.05
-27.043075,153.120113,-1.08
-27.043078,153.119848,-1.03
-27.043080,153.119608,-0.98
-27.043081,153.119318,-0.90
-27.042851,153.119860,-1.04
-27.042846,153.119608,-1.00
-27.042850,153.119355,-0.93
-27.042624,153.119859,-1.03
-27.042621,153.119606,-0.99
-27.042626,153.119351,-0.93
-27.042397,153.119606,-0.99
-27.042396,153.119354,-0.94
-27.042177,153.119586,-0.97
-27.042178,153.119341,-0.94
-27.041953,153.119311,-0.92
-27.041714,153.119354,-0.90
-27.041718,153.119099,-0.87
-27.041501,153.119475,-1.01
-27.041501,153.119342,-0.89
-27.041501,153.119098,-0.84
-27.041275,153.119062,-0.83
-27.041506,153.115955,-1.15
-27.041511,153.116091,-0.99
-27.041732,153.115955,-1.31
-27.041746,153.116079,-0.99
-27.041966,153.115969,-1.27
-27.041963,153.116081,-1.15
-27.042185,153.115974,-1.04
-27.042182,153.116083,-1.08
-27.042408,153.115955,-1.02
-27.042413,153.116082,-0.99
-27.042643,153.116022,-1.00
-27.042640,153.116115,-0.97
-27.042633,153.116360,-0.92
-27.042870,153.115956,-0.95
-27.042866,153.116080,-0.92
-27.042859,153.116333,-0.90
-27.043626,153.117091,-0.93
-27.044226,153.115957,-0.96
-27.044222,153.116083,-1.00
-27.044215,153.116334,-1.03
-27.044212,153.116672,-1.00
-27.044444,153.115957,-0.97
-27.044439,153.116083,-1.04
-27.044443,153.116351,-1.05
-27.044438,153.116912,-1.08
-27.044440,153.116836,-1.04
-27.044671,153.115984,-0.88
-27.044667,153.116108,-0.97
-27.044675,153.116336,-1.04
-27.044666,153.116588,-1.09
-27.044664,153.116943,-1.17
-27.044668,153.117095,-1.17
-27.044897,153.115984,-0.93
-27.044894,153.116083,-0.95
-27.044902,153.116335,-1.11
-27.044893,153.116587,-1.19
-27.044889,153.116994,-1.21
-27.044892,153.117092,-1.13
-27.044889,153.117453,-1.09
-27.044893,153.117595,-1.03
-27.045131,153.115957,-1.04
-27.045126,153.116085,-1.01
-27.045117,153.116334,-1.13
-27.045115,153.116593,-1.15
-27.045115,153.116931,-1.14
-27.045115,153.117244,-1.13
-27.045118,153.117348,-1.07
-27.045350,153.115965,-1.08
-27.045342,153.116192,-1.06
-27.045341,153.116653,-1.17
-27.045344,153.116580,-1.15
-27.045340,153.116923,-1.15
-27.045340,153.117093,-1.12
-27.045340,153.117345,-1.05
-27.045340,153.117738,-0.96
-27.045349,153.117848,-1.06
-27.045571,153.115979,-1.10
-27.045567,153.116090,-1.10
-27.045566,153.116512,-1.15
-27.045570,153.116589,-1.17
-27.045566,153.116944,-1.12
-27.045566,153.117386,-1.07
-27.045567,153.117342,-1.13
-27.045567,153.117595,-1.24
-27.045568,153.117850,-1.26
-27.050075,153.120117,-1.00
-27.050074,153.119864,-0.95
-27.050065,153.119616,-0.89
-27.049851,153.119866,-0.94
-27.049848,153.119613,-1.00
-27.049400,153.119865,-0.93
-27.049401,153.119565,-0.95
-27.049347,153.119355,-0.96
-27.049172,153.120370,-0.98
-27.049174,153.120078,-1.00
-27.049175,153.119830,-0.95
-27.049175,153.119591,-0.97
-27.049147,153.119336,-0.99
-27.048949,153.120098,-0.94
-27.048944,153.119865,-0.97
-27.048945,153.119613,-0.98
-27.048948,153.119363,-1.00
-27.048721,153.120118,-0.92
-27.048723,153.119832,-0.97
-27.048724,153.119583,-0.96
-27.048724,153.119352,-1.00
-27.048497,153.119846,-1.01
-27.048498,153.119573,-0.93
-27.048497,153.119343,-0.96
-27.048265,153.119610,-0.92
-27.048268,153.119360,-0.92
-27.047820,153.119337,-1.06
-27.046920,153.120942,-1.36
-27.046695,153.120874,-1.37
-27.046702,153.120797,-1.21
-27.046468,153.120881,-1.29
-27.046394,153.120883,-1.29
-27.046016,153.121103,-1.28
-27.046239,153.120871,-1.48
-27.045806,153.120969,-1.28
-27.046006,153.120872,-1.47
-27.045888,153.120370,-1.18
-27.045814,153.120347,-1.14
-27.045808,153.115963,-1.12
-27.045804,153.116085,-1.11
-27.045796,153.116336,-1.14
-27.045795,153.116595,-1.16
-27.045792,153.117188,-1.15
-27.045795,153.117083,-1.17
-27.045795,153.117343,-1.11
-27.045791,153.117694,-1.11
-27.045794,153.117854,-1.17
-27.045791,153.118212,-1.23
-27.046018,153.115957,-1.15
-27.046024,153.116088,-1.13
-27.046018,153.116775,-1.16
-27.046035,153.116335,-1.14
-27.046020,153.116840,-1.16
-27.046017,153.117149,-1.17
-27.046019,153.117346,-1.14
-27.046017,153.117701,-1.09
-27.046017,153.118052,-1.10
-27.046028,153.118100,-1.18
-27.046020,153.118357,-1.23
-27.046251,153.115980,-1.16
-27.046248,153.116086,-1.14
-27.046262,153.116335,-1.15
-27.046254,153.116588,-1.16
-27.046247,153.116842,-1.17
-27.046243,153.117185,-1.16
-27.046243,153.117565,-1.17
-27.046253,153.117597,-1.13
-27.046245,153.117852,-1.06
-27.046242,153.118117,-1.08
-27.046472,153.116002,-1.15
-27.046487,153.116089,-1.12
-27.046479,153.116335,-1.13
-27.046470,153.116591,-1.15
-27.046469,153.116863,-1.16
-27.046469,153.117296,-1.17
-27.046475,153.117344,-1.21
-27.046468,153.117727,-1.18
-27.046470,153.117855,-1.07
-27.046468,153.118151,-1.10
-27.046469,153.118358,-1.04
-27.046701,153.116018,-1.13
-27.046699,153.116086,-1.10
-27.046709,153.116336,-1.12
-27.046700,153.116588,-1.13
-27.046695,153.116952,-1.14
-27.046695,153.117122,-1.17
-27.046694,153.117416,-1.17
-27.046694,153.117645,-1.16
-27.046697,153.117855,-1.10
-27.046694,153.118226,-1.00
-27.046696,153.118361,-1.01
-27.046702,153.118605,-1.14
-27.046926,153.116003,-1.11
-27.046923,153.116084,-1.09
-27.046929,153.116338,-1.10
-27.046921,153.116589,-1.12
-27.046920,153.116958,-1.14
-27.046920,153.117275,-1.16
-27.046925,153.117347,-1.16
-27.046920,153.117704,-1.18
-27.046920,153.118021,-1.14
-27.046927,153.118103,-1.05
-27.046919,153.118462,-1.02
-27.046920,153.118605,-0.99
-27.046934,153.118859,-1.18
-27.047160,153.116061,-1.09
-27.047159,153.116084,-1.07
-27.047150,153.116336,-1.08
-27.047147,153.116613,-1.10
-27.047146,153.116971,-1.12
-27.047150,153.117093,-1.14
-27.047146,153.117489,-1.15
-27.047148,153.117597,-1.18
-27.047145,153.117910,-1.15
-27.047145,153.118190,-1.07
-27.047145,153.118588,-1.02
-27.047158,153.118609,-0.98
-27.047149,153.118864,-1.03
-27.047379,153.116085,-1.04
-27.047394,153.116083,-1.06
-27.047383,153.116390,-1.07
-27.047374,153.116641,-1.10
-27.047378,153.116848,-1.11
-27.047371,153.117447,-1.13
-27.047375,153.117342,-1.12
-27.047372,153.117599,-1.15
-27.047373,153.117850,-1.17
-27.047371,153.118193,-1.08
-27.047374,153.118354,-1.03
-27.047378,153.118623,-1.02
-27.047610,153.116103,-1.02
-27.047600,153.116394,-1.05
-27.047606,153.116589,-1.08
-27.047598,153.117106,-1.11
-27.047599,153.117086,-1.10
-27.047598,153.117347,-1.12
-27.047598,153.117599,-1.12
-27.047604,153.117849,-1.14
-27.047596,153.118255,-1.07
-27.047599,153.118356,-1.00
-27.047608,153.118609,-0.97
-27.047599,153.118862,-0.96
-27.047744,153.116079,-1.03
-27.047829,153.116109,-0.99
-27.047832,153.116344,-1.02
-27.047824,153.116592,-1.06
-27.047829,153.116849,-1.09
-27.047823,153.117294,-1.11
-27.047826,153.117347,-1.12
-27.047823,153.117777,-1.12
-27.047886,153.116065,-0.99
-27.047829,153.117849,-1.11
-27.047822,153.118159,-1.08
-27.047822,153.118490,-1.01
-27.047827,153.118631,-0.96
-27.047822,153.118890,-0.93
-27.048059,153.116148,-0.96
-27.048052,153.116365,-0.98
-27.048063,153.116590,-1.03
-27.048054,153.116841,-1.08
-27.048049,153.117133,-1.10
-27.048048,153.117636,-1.12
-27.048050,153.117595,-1.11
-27.048048,153.117852,-1.11
-27.048048,153.118115,-1.10
-27.048122,153.116082,-0.96
-27.048052,153.118357,-1.09
-27.048048,153.118721,-1.01
-27.048048,153.118860,-0.96
-27.048284,153.116155,-0.91
-27.048278,153.116340,-0.95
-27.048284,153.116617,-1.00
-27.048277,153.116843,-1.05
-27.048274,153.117398,-1.10
-27.048276,153.117337,-1.08
-27.048274,153.117713,-1.11
-27.048276,153.117851,-1.11
-27.048278,153.118102,-1.09
-27.048273,153.118490,-1.09
-27.048282,153.118615,-1.08
-27.048274,153.118872,-1.04
-27.048503,153.116612,-0.96
-27.048511,153.116846,-1.01
-27.048502,153.117137,-1.04
-27.048500,153.117735,-1.09
-27.048505,153.117596,-1.07
-27.048508,153.117856,-1.09
-27.048500,153.118108,-1.08
-27.048499,153.118361,-1.07
-27.048499,153.118633,-1.06
-27.048500,153.118861,-1.05
-27.048744,153.116594,-0.89
-27.048736,153.116844,-0.94
-27.048728,153.117096,-0.99
-27.048730,153.117351,-1.03
-27.048725,153.117876,-1.07
-27.048726,153.117850,-1.06
-27.048725,153.118210,-1.06
-27.048728,153.118356,-1.05
-27.048725,153.118731,-1.04
-27.048730,153.118861,-1.03
-27.048963,153.116452,-1.00
-27.048963,153.116891,-0.87
-27.048956,153.117115,-0.96
-27.048951,153.117579,-1.00
-27.048954,153.117601,-1.03
-27.048951,153.117890,-1.04
-27.048952,153.118104,-1.04
-27.048951,153.118431,-1.03
-27.048953,153.118620,-1.02
-27.048950,153.118938,-1.01
-27.049177,153.117524,-0.94
-27.049181,153.117606,-0.98
-27.049177,153.117855,-1.00
-27.049176,153.118285,-1.01
-27.049184,153.118357,-1.01
-27.049176,153.118608,-1.00
-27.049180,153.118860,-0.98
-27.049403,153.117611,-0.91
-27.049403,153.117599,-0.89
-27.049402,153.118007,-0.94
-27.049407,153.118106,-0.96
-27.049402,153.118478,-0.97
-27.049403,153.118610,-0.96
-27.049408,153.118869,-0.96
-27.049401,153.119226,-0.95
-27.049633,153.117852,-0.89
-27.049628,153.118260,-0.90
-27.049630,153.118358,-0.92
-27.049628,153.118632,-0.93
-27.049633,153.118860,-0.93
-27.049627,153.119215,-0.92
-27.049853,153.118653,-0.86
-27.049857,153.118866,-0.87
-27.041180,153.115550,-1.10
-27.041180,153.115576,-1.01
-27.041279,153.115557,-1.15
-27.041279,153.115575,-1.08
-27.041516,153.115578,-1.28
-27.041732,153.115598,-1.32
-27.041962,153.115616,-1.19
-27.042186,153.115629,-1.07
-27.042417,153.115656,-1.06
-27.042640,153.115664,-1.04
-27.042878,153.115693,-1.00
-27.044448,153.115817,-0.94
-27.044614,153.115539,-0.96
-27.044678,153.115803,-0.95
-27.041507,153.115563,-1.32
-27.045661,153.115828,-1.15
-27.045676,153.115574,-1.12
-27.045678,153.115326,-1.05
-27.045557,153.115829,-1.14
-27.045565,153.115578,-1.08
-27.045552,153.115324,-1.01
-27.045341,153.115823,-1.03
-27.045329,153.115577,-0.98
-27.045329,153.115322,-0.97
-27.045109,153.115821,-1.00
-27.045101,153.115577,-0.97
-27.045462,153.113326,-0.96
-27.045465,153.113304,-0.95
-27.044889,153.115576,-1.02
-27.045338,153.112801,-0.95
-27.045118,153.113297,-0.96
-27.045117,153.113051,-0.97
-27.045112,153.112803,-0.96
-27.044892,153.112792,-0.97
-27.043538,153.112701,-0.94
-27.043534,153.112541,-0.92
-27.043311,153.113042,-0.95
-27.043312,153.112797,-0.96
-27.042857,153.115573,-1.10
-27.042854,153.115323,-1.09
-27.042841,153.115070,-1.06
-27.042849,153.114817,-1.01
-27.043080,153.113054,-0.96
-27.043146,153.112550,-0.94
-27.043086,153.112799,-0.98
-27.042627,153.115573,-1.12
-27.042617,153.115321,-1.12
-27.042627,153.115071,-1.11
-27.042622,153.114819,-1.03
-27.042630,153.114526,-1.01
-27.042851,153.113055,-0.97
-27.042861,153.112788,-1.00
-27.042394,153.115575,-1.14
-27.042398,153.115321,-1.15
-27.042396,153.115062,-1.13
-27.042791,153.112550,-1.00
-27.042404,153.114813,-1.07
-27.042408,153.114519,-1.03
-27.042628,153.113052,-0.97
-27.042622,153.112800,-1.01
-27.042170,153.115573,-1.15
-27.042630,153.112550,-1.02
-27.042177,153.115321,-1.14
-27.042171,153.115060,-1.12
-27.042176,153.114817,-1.11
-27.042182,153.114507,-1.03
-27.042407,153.113043,-0.97
-27.042409,153.112801,-1.01
-27.041947,153.115572,-1.30
-27.042402,153.112550,-1.02
-27.041943,153.115321,-1.25
-27.041952,153.115045,-1.19
-27.041956,153.114741,-1.19
-27.041956,153.114558,-1.04
-27.042183,153.113031,-0.97
-27.041956,153.114309,-1.01
-27.042172,153.112800,-1.00
-27.042176,153.112548,-1.02
-27.041717,153.115319,-1.31
-27.041725,153.115069,-1.24
-27.041730,153.114817,-1.20
-27.041952,153.113179,-0.93
-27.041730,153.114566,-1.08
-27.041957,153.113037,-0.96
-27.041731,153.114283,-1.02
-27.041955,153.112801,-0.99
-27.041953,153.112547,-1.02
-27.041493,153.115321,-1.16
-27.041505,153.115063,-1.15
-27.041495,153.114816,-1.13
-27.041731,153.113143,-0.93
-27.041503,153.114564,-1.09
-27.041732,153.113049,-0.95
-27.041500,153.114303,-1.01
-27.041730,153.112797,-0.98
-27.041505,153.114061,-0.99
-27.041732,153.112539,-1.00
-27.041262,153.115321,-1.13
-27.041269,153.115069,-1.13
-27.041270,153.114813,-1.13
-27.041278,153.114564,-1.17
-27.041506,153.113027,-0.95
-27.041279,153.114257,-1.03
-27.041492,153.112797,-0.98
-27.041275,153.114056,-1.00
-27.041499,153.112544,-1.00
-27.041280,153.113803,-0.97
-27.041280,153.113017,-0.96
-27.041274,153.112798,-0.99
-27.041278,153.112547,-1.01
-27.041175,153.111038,-1.12
-27.041171,153.111299,-1.09
-27.041169,153.111690,-1.07
-27.041170,153.111796,-1.04
-27.041169,153.112087,-1.02
-27.041288,153.111039,-1.12
-27.041283,153.111289,-1.09
-27.041282,153.111715,-1.07
-27.041285,153.111796,-1.04
-27.041281,153.112223,-1.02
-27.041508,153.111286,-1.11
-27.041515,153.111289,-1.09
-27.041510,153.111542,-1.06
-27.041507,153.111839,-1.05
-27.041512,153.112047,-1.03
-27.041734,153.111375,-1.09
-27.041735,153.111284,-1.11
-27.041734,153.111544,-1.08
-27.041745,153.111798,-1.06
-27.041740,153.112046,-1.04
-27.041961,153.111060,-1.10
-27.041959,153.111578,-1.09
-27.041960,153.111540,-1.10
-27.041963,153.111799,-1.07
-27.041960,153.112298,-1.04
-27.042185,153.111038,-1.08
-27.042185,153.111644,-1.08
-27.042187,153.111540,-1.09
-27.042191,153.111795,-1.07
-27.042186,153.112104,-1.04
-27.042420,153.111046,-1.05
-27.042415,153.111306,-1.06
-27.042412,153.111547,-1.06
-27.042410,153.112099,-1.04
-27.042411,153.112045,-1.06
-27.042637,153.111082,-1.02
-27.042643,153.111290,-1.02
-27.042639,153.111551,-1.02
-27.042636,153.112162,-1.02
-27.042638,153.112045,-1.03
-27.042862,153.111254,-0.98
-27.042871,153.111290,-0.98
-27.042867,153.111543,-0.98
-27.042863,153.111796,-0.98
-27.042868,153.112048,-0.98
-27.042864,153.112299,-0.97
-27.043088,153.111333,-0.96
-27.043089,153.111288,-0.97
-27.043090,153.111544,-0.95
-27.043087,153.112136,-0.93
-27.043089,153.112045,-0.93
-27.044675,153.111041,-1.12
-27.044671,153.111293,-1.10
-27.044667,153.111802,-1.04
-27.044667,153.111796,-1.07
-27.044667,153.112415,-0.99
-27.044893,153.111554,-1.08
-27.044894,153.111543,-1.11
-27.044899,153.111291,-1.13
-27.044896,153.111801,-1.04
-27.044893,153.112126,-1.00
-27.044899,153.112303,-0.96
-27.045119,153.111232,-1.14
-27.045127,153.111294,-1.11
-27.045123,153.111546,-1.08
-27.045119,153.112119,-1.00
-27.045120,153.112047,-1.05
-27.045121,153.112305,-0.96
-27.045345,153.111118,-1.14
-27.045348,153.111309,-1.11
-27.045344,153.111958,-1.06
-27.045348,153.111797,-1.09
-27.045353,153.112050,-1.00
-27.045349,153.112301,-0.97
-27.045577,153.111042,-1.13
-27.045573,153.111295,-1.12
-27.045570,153.111814,-1.05
-27.045571,153.111796,-1.10
-27.045574,153.112051,-1.00
-27.045570,153.112302,-0.96
-27.047821,153.115833,-0.99
-27.047820,153.115561,-0.97
-27.047584,153.115831,-1.03
-27.047730,153.114789,-1.00
-27.047599,153.115554,-1.00
-27.047597,153.115326,-0.99
-27.047370,153.115830,-1.07
-27.047363,153.115574,-1.04
-27.047366,153.115327,-1.03
-27.047373,153.115023,-1.01
-27.047365,153.114822,-1.00
-27.047142,153.115831,-1.10
-27.047136,153.115578,-1.09
-27.047141,153.115327,-1.03
-27.047147,153.115012,-1.03
-27.047147,153.114775,-1.01
-27.046912,153.115830,-1.12
-27.046919,153.115579,-1.12
-27.046915,153.115327,-1.09
-27.046921,153.115034,-1.03
-27.046694,153.115831,-1.15
-27.046692,153.115576,-1.14
-27.046686,153.115325,-1.09
-27.046696,153.115072,-1.02
-27.046467,153.115828,-1.16
-27.046462,153.115579,-1.14
-27.046462,153.115325,-1.08
-27.046470,153.115032,-1.01
-27.046234,153.115830,-1.17
-27.046227,153.115579,-1.14
-27.046229,153.115325,-1.08
-27.046002,153.115829,-1.16
-27.046013,153.115576,-1.13
-27.046019,153.115326,-1.07
-27.045796,153.111313,-1.12
-27.045797,153.111290,-1.14
-27.045798,153.111548,-1.08
-27.045796,153.112135,-1.00
-27.045797,153.112040,-1.05
-27.046022,153.111116,-1.13
-27.046029,153.111296,-1.10
-27.046025,153.111550,-1.08
-27.046026,153.112048,-1.04
-27.046254,153.111047,-1.12
-27.046251,153.111294,-1.10
-27.046247,153.111951,-1.03
-27.046250,153.111795,-1.07
-27.046252,153.112053,-0.99
-27.046476,153.111042,-1.11
-27.046473,153.111838,-1.01
-27.046474,153.111798,-1.05
-27.046478,153.111546,-1.08
-27.046702,153.111053,-1.11
-27.046699,153.111650,-1.04
-27.046701,153.111543,-1.07
-27.046704,153.111798,-1.01
-27.046700,153.112051,-0.99
-27.046925,153.111220,-1.11
-27.046930,153.111296,-1.06
-27.046927,153.111547,-1.02
-27.047150,153.111708,-1.01
-27.047153,153.111545,-1.06
-27.047158,153.111292,-1.12
-27.047158,153.111801,-1.00
-27.047377,153.111079,-1.13
-27.047381,153.111296,-1.09
-27.047377,153.111547,-1.02
-27.047602,153.111639,-1.03
-27.047603,153.111547,-1.09
-27.047607,153.111292,-1.13
-27.047828,153.111575,-1.05
-27.047828,153.111538,-1.10
-27.047832,153.111294,-1.12
-27.048054,153.111273,-1.15
-27.048060,153.111309,-1.11
-27.048057,153.111551,-1.07
-27.048054,153.111800,-1.04
-27.048279,153.111560,-1.09
-27.048279,153.111545,-1.15
-27.048283,153.111294,-1.19
-27.048282,153.111811,-1.05
-27.048279,153.112053,-1.02
-27.048505,153.111066,-1.22
-27.048507,153.111299,-1.17
-27.048504,153.112083,-1.02
-27.048505,153.112051,-1.07
-27.048509,153.111797,-1.11
-27.048731,153.111474,-1.20
-27.048734,153.111294,-1.23
-27.048738,153.111550,-1.16
-27.048734,153.111801,-1.10
-27.048730,153.112056,-1.04
-27.048960,153.111046,-1.26
-27.048956,153.111936,-1.13
-27.048958,153.111800,-1.16
-27.048962,153.111547,-1.22
-27.048964,153.112053,-1.06
-27.048960,153.112306,-1.01
-27.049182,153.111503,-1.24
-27.049185,153.111296,-1.26
-27.049189,153.111550,-1.19
-27.049185,153.111811,-1.13
-27.049183,153.112055,-1.07
-27.049408,153.111045,-1.26
-27.049407,153.112076,-1.07
-27.049408,153.112051,-1.15
-27.049410,153.111801,-1.20
-27.049413,153.111548,-1.23
-27.049411,153.112311,-1.02
-27.049636,153.111045,-1.29
-27.049635,153.111297,-1.22
-27.049636,153.112303,-1.13
-27.049638,153.112051,-1.18
-27.049640,153.111799,-1.20
-27.049864,153.111297,-1.27
-27.049862,153.111551,-1.21
-27.049860,153.111802,-1.19
-27.049863,153.112287,-1.15
-27.041049,153.119084,-0.87
-27.040820,153.119476,-0.95
-27.040821,153.119352,-0.97
-27.040824,153.119059,-0.86
-27.040596,153.119100,-0.90
-27.040598,153.118847,-0.83
-27.040372,153.118849,-0.84
-27.040140,153.118849,-0.90
-27.040140,153.118496,-0.86
-27.040147,153.118297,-0.86
-27.039922,153.118565,-0.87
-27.039686,153.118595,-0.93
-27.039220,153.118208,-0.90
-27.039019,153.118215,-0.92
-27.038921,153.117998,-0.86
-27.038657,153.118019,-0.86
-27.038119,153.115949,-1.07
-27.038118,153.116768,-0.87
-27.038121,153.116831,-0.97
-27.038126,153.117086,-1.07
-27.038117,153.117337,-1.11
-27.038117,153.117613,-1.19
-27.038355,153.115968,-1.10
-27.038351,153.116075,-1.17
-27.038343,153.117157,-1.02
-27.038343,153.117426,-1.09
-27.038351,153.117590,-1.14
-27.038343,153.117839,-0.97
-27.038350,153.118093,-0.93
-27.038570,153.116359,-1.00
-27.038572,153.116275,-0.98
-27.038589,153.115950,-0.98
-27.038573,153.116834,-0.89
-27.038569,153.117339,-1.07
-27.038569,153.117334,-0.99
-27.038571,153.117590,-1.09
-27.038571,153.118094,-0.96
-27.038805,153.115950,-0.92
-27.038798,153.116198,-0.92
-27.038795,153.116590,-0.98
-27.038795,153.116578,-0.92
-27.038797,153.116832,-0.96
-27.038794,153.117308,-0.96
-27.038798,153.117339,-1.03
-27.039027,153.115950,-0.92
-27.039023,153.116096,-0.87
-27.039021,153.116425,-0.87
-27.039023,153.116585,-0.90
-27.039021,153.117010,-0.91
-27.039024,153.117086,-0.92
-27.039268,153.115951,-0.92
-27.039265,153.116077,-0.87
-27.039246,153.116747,-0.92
-27.039246,153.116940,-0.91
-27.039246,153.117417,-0.90
-27.039248,153.117334,-0.90
-27.039707,153.115952,-0.91
-27.039703,153.116079,-0.90
-27.028863,153.120857,-1.47
-27.029091,153.120856,-0.79
-27.027516,153.119926,-2.43
-27.027519,153.119598,-1.53
-27.027512,153.119341,-1.31
-27.027511,153.119088,-0.96
-27.027514,153.118838,-0.86
-27.027282,153.119761,-2.49
-27.027517,153.118590,-0.83
-27.027295,153.119340,-2.25
-27.027284,153.119092,-1.32
-27.027289,153.118838,-1.00
-27.027282,153.118592,-0.99
-27.027282,153.118335,-0.97
-27.027286,153.118080,-0.85
-27.027062,153.119340,-2.43
-27.027070,153.119090,-2.29
-27.027059,153.118840,-1.37
-27.027283,153.117830,-0.76
-27.027059,153.118585,-1.13
-27.027067,153.118336,-1.18
-27.027062,153.118085,-1.00
-27.027063,153.117828,-0.92
-27.026830,153.119440,-2.58
-27.027057,153.117580,-0.86
-27.026831,153.119095,-2.34
-27.026834,153.118836,-2.13
-27.026833,153.118586,-1.48
-27.026835,153.118332,-1.25
-27.026834,153.118082,-1.20
-27.026835,153.117830,-1.07
-27.026832,153.117578,-1.06
-27.026844,153.117326,-1.02
-27.026619,153.118839,-2.30
-27.026606,153.118600,-2.12
-27.026609,153.118333,-2.24
-27.026607,153.118081,-1.39
-27.026612,153.117830,-1.31
-27.026612,153.117576,-1.24
-27.026614,153.117325,-1.19
-27.026383,153.118585,-2.20
-27.026380,153.118343,-2.10
-27.026391,153.118081,-2.15
-27.026381,153.117833,-1.73
-27.026385,153.117576,-1.48
-27.026382,153.117325,-1.31
-27.026156,153.118336,-2.12
-27.026391,153.117072,-1.31
-27.026159,153.118079,-2.09
-27.026169,153.117829,-2.01
-27.026161,153.117576,-2.04
-27.026156,153.117324,-1.71
-27.025930,153.118081,-2.08
-27.025943,153.117828,-2.06
-27.025930,153.117575,-2.07
-27.025943,153.117327,-2.11
-27.026160,153.117072,-1.36
-27.025707,153.117827,-2.12
-27.025705,153.117575,-2.09
-27.025708,153.117323,-2.09
-27.025487,153.117576,-2.08
-27.025510,153.117325,-2.07
-27.025480,153.117072,-2.14
-27.025253,153.117322,-2.18
-27.025257,153.117072,-2.14
-27.025029,153.117072,-2.23
-27.024822,153.115811,-1.34
-27.024803,153.116575,-2.24
-27.024810,153.116822,-2.24
-27.025176,153.115925,-1.12
-27.025045,153.116062,-2.08
-27.025031,153.116567,-2.21
-27.025027,153.116823,-2.21
-27.025258,153.115811,-1.05
-27.025257,153.116067,-1.24
-27.025262,153.116823,-2.15
-27.025479,153.115814,-1.02
-27.025488,153.116086,-1.04
-27.025499,153.116317,-1.13
-27.025483,153.116567,-1.48
-27.025709,153.115811,-1.02
-27.025707,153.116069,-1.04
-27.025706,153.116317,-1.05
-27.025704,153.116574,-1.13
-27.025935,153.115810,-0.99
-27.026106,153.116141,-1.01
-27.025932,153.116315,-1.03
-27.025933,153.116567,-1.05
-27.025931,153.116822,-1.23
-27.026169,153.115811,-1.02
-27.026156,153.116086,-1.10
-27.026161,153.116315,-1.02
-27.026157,153.116568,-1.09
-27.026160,153.116819,-1.19
-27.026385,153.116067,-1.04
-27.026384,153.116316,-1.16
-27.026387,153.116570,-1.27
-27.026385,153.116820,-1.27
-27.026607,153.116574,-0.88
-27.026619,153.116820,-1.04
-27.026608,153.117071,-1.17
-27.026835,153.117077,-0.90
-27.028414,153.120602,-1.63
-27.028635,153.120605,-1.35
-27.028635,153.120857,-2.07
-27.028863,153.120706,-0.89
-27.029091,153.120607,-0.70
-27.028635,153.120561,-0.94
-27.028411,153.120410,-1.29
-27.028420,153.120099,-1.08
-27.028417,153.119846,-0.91
-27.028184,153.120351,-1.97
-27.028186,153.120294,-1.43
-27.028185,153.119850,-1.13
-27.028184,153.119594,-0.93
-27.027967,153.120164,-1.48
-27.027966,153.119846,-1.18
-27.027961,153.119595,-0.97
-27.027959,153.119341,-0.83
-27.027734,153.120112,-2.72
-27.027736,153.120037,-1.57
-27.027733,153.119595,-1.02
-27.027742,153.119341,-0.91
-27.027750,153.119098,-0.81
-27.027743,153.118837,-0.78
-27.023449,153.113796,-1.98
-27.023678,153.113925,-1.34
-27.023696,153.114054,-1.59
-27.023675,153.114298,-2.16
-27.023906,153.114040,-1.20
-27.023902,153.114100,-1.25
-27.023902,153.114297,-1.36
-27.023900,153.114563,-2.12
-27.024126,153.113798,-1.16
-27.024143,153.114114,-1.15
-27.024129,153.114301,-1.18
-27.024127,153.114558,-1.30
-27.024130,153.114830,-1.68
-27.024357,153.114246,-1.12
-27.024356,153.114298,-1.15
-27.024357,153.114552,-1.16
-27.024354,153.114805,-1.22
-27.024353,153.113795,-1.14
-27.024360,153.115061,-1.33
-27.024360,153.115310,-1.43
-27.024578,153.114047,-1.07
-27.024581,153.114323,-1.12
-27.024581,153.114558,-1.12
-27.024587,153.114801,-1.11
-27.024579,153.115055,-1.12
-27.024585,153.115313,-1.18
-27.024579,153.115560,-1.32
-27.024808,153.114048,-1.05
-27.024803,153.114389,-1.12
-27.024804,153.114593,-1.11
-27.024807,153.114801,-1.10
-27.024807,153.115057,-1.10
-27.024806,153.115313,-1.08
-27.024802,153.115559,-1.15
-27.025032,153.114048,-1.14
-27.025029,153.114458,-1.07
-27.025039,153.114562,-1.07
-27.025203,153.114815,-1.05
-27.025029,153.115055,-1.08
-27.025031,153.115310,-1.08
-27.025033,153.115559,-1.07
-27.025259,153.114054,-1.09
-27.025257,153.114523,-1.03
-27.025258,153.114552,-1.00
-27.025258,153.114801,-1.00
-27.025255,153.115055,-1.03
-27.025254,153.115312,-1.04
-27.025256,153.115560,-1.04
-27.025527,153.114505,-0.86
-27.025480,153.114599,-0.91
-27.025486,153.114810,-0.93
-27.025480,153.115063,-0.95
-27.025481,153.115308,-0.99
-27.025483,153.115564,-1.01
-27.025789,153.115056,-1.10
-27.025709,153.115308,-1.10
-27.025707,153.115559,-1.03
-27.025991,153.115309,-0.99
-27.025934,153.115559,-1.03
-27.024808,153.113799,-1.01
-27.024583,153.113793,-1.08
-27.024579,153.113542,-1.12
-27.024362,153.113543,-1.13
-27.024355,153.113291,-1.06
-27.024131,153.113546,-1.16
-27.024133,153.113291,-1.09
-27.024128,153.113038,-0.98
-27.024353,153.112787,-0.76
-27.023903,153.113541,-1.21
-27.023901,153.113291,-1.18
-27.023903,153.113037,-1.08
-27.023904,153.112787,-0.99
-27.023680,153.113542,-1.27
-27.023676,153.113288,-1.26
-27.023677,153.113038,-1.23
-27.023679,153.112791,-1.11
-27.023676,153.112541,-1.00
-27.023902,153.112281,-0.72
-27.023452,153.113542,-1.55
-27.023450,153.113288,-1.37
-27.023452,153.113037,-1.25
-27.023453,153.112790,-1.16
-27.023454,153.112536,-1.10
-27.023457,153.112280,-1.01
-27.023231,153.113290,-1.87
-27.023226,153.113036,-1.28
-27.023228,153.112783,-1.20
-27.023228,153.112531,-1.17
-27.023225,153.112281,-1.11
-27.023228,153.112027,-1.03
-27.023117,153.113291,-2.22
-27.023232,153.111779,-0.96
-27.023114,153.113052,-1.61
-27.023115,153.112783,-1.37
-27.023113,153.112533,-1.24
-27.023114,153.112284,-1.18
-27.023116,153.112028,-1.12
-27.023121,153.111775,-1.07
-27.022789,153.112786,-1.69
-27.022788,153.112568,-1.48
-27.022774,153.112281,-1.37
-27.022778,153.112028,-1.26
-27.022777,153.111780,-1.18
-27.022778,153.111524,-1.11
-27.022774,153.111273,-1.02
-27.022553,153.111784,-1.53
-27.022555,153.111524,-1.30
-27.022553,153.111274,-1.15
-27.022551,153.111020,-1.06
-27.022333,153.111523,-2.15
-27.022326,153.111270,-1.42
-27.022326,153.111019,-1.22
-27.066092,153.131102,-1.14
-27.066318,153.131103,-1.92
-27.066993,153.131104,-2.14
-27.066535,153.131103,-2.10
-27.063617,153.126951,-1.31
-27.063390,153.126731,-1.26
-27.062253,153.126184,-0.90
-27.062486,153.126179,-0.90
-27.062712,153.126183,-1.24
-27.062933,153.126182,-1.65
-27.063161,153.126184,-2.08
-27.063158,153.126434,-1.69
-27.062939,153.126571,-0.60
-27.063385,153.126183,-2.00
-27.063389,153.126426,-2.03
-27.063592,153.125935,-2.00
-27.063604,153.126194,-2.01
-27.063612,153.126690,-2.39
-27.063616,153.126191,-2.14
-27.063618,153.125934,-2.03
-27.063835,153.126687,-2.78
-27.065643,153.129967,-1.20
-27.065640,153.130221,-0.86
-27.065858,153.130219,-1.88
-27.065862,153.130472,-1.03
-27.065866,153.130724,-0.88
-27.066092,153.130219,-2.09
-27.066090,153.130471,-2.10
-27.066091,153.130978,-1.39
-27.066086,153.130726,-1.97
-27.066310,153.130222,-2.09
-27.066311,153.130472,-2.09
-27.066315,153.130722,-2.08
-27.066308,153.130976,-2.07
-27.066539,153.130223,-2.10
-27.066538,153.130475,-2.09
-27.066538,153.130725,-2.09
-27.066542,153.130978,-2.10
-27.066765,153.130221,-2.13
-27.066763,153.130468,-2.12
-27.066766,153.130722,-2.11
-27.066770,153.131102,-2.11
-27.066769,153.130974,-2.11
-27.066989,153.130451,-2.14
-27.066990,153.130724,-2.14
-27.066981,153.130969,-2.14
-27.067215,153.130728,-2.22
-27.068138,153.127511,-2.38
-27.068169,153.127434,-2.32
-27.068013,153.127682,-2.60
-27.068125,153.127448,-2.37
-27.068124,153.127190,-2.37
-27.067899,153.127442,-2.41
-27.067896,153.127181,-2.36
-27.066541,153.129949,-2.12
-27.066535,153.129719,-2.52
-27.066319,153.129971,-2.11
-27.066312,153.129714,-2.09
-27.066080,153.129958,-2.10
-27.066094,153.129712,-2.07
-27.066091,153.129464,-2.07
-27.065852,153.129962,-2.09
-27.065856,153.129715,-2.06
-27.065851,153.129447,-2.07
-27.065869,153.129208,-2.08
-27.065632,153.129717,-2.12
-27.065626,153.129464,-2.08
-27.065643,153.129151,-2.06
-27.065639,153.128955,-2.05
-27.065414,153.129715,-0.99
-27.065415,153.129463,-1.29
-27.065415,153.129210,-2.05
-27.065415,153.128961,-1.99
-27.065414,153.128697,-1.99
-27.065415,153.128247,-2.49
-27.065415,153.128188,-2.79
-27.065189,153.129462,-0.94
-27.065187,153.129212,-1.57
-27.065191,153.128952,-1.76
-27.065191,153.128706,-1.92
-27.065185,153.128450,-1.97
-27.065193,153.128048,-2.04
-27.065193,153.127951,-2.09
-27.064963,153.129211,-1.04
-27.064962,153.128956,-1.23
-27.064968,153.127251,-2.77
-27.064775,153.128611,-1.78
-27.065193,153.127195,-2.77
-27.064963,153.128449,-1.99
-27.064967,153.127962,-2.02
-27.064961,153.127950,-2.06
-27.064748,153.127480,-2.08
-27.064738,153.128958,-1.00
-27.064749,153.127199,-2.12
-27.064737,153.128708,-1.07
-27.064739,153.128454,-1.20
-27.064735,153.128200,-2.04
-27.064741,153.127823,-2.04
-27.064668,153.127448,-2.09
-27.064527,153.127200,-2.09
-27.064958,153.126940,-2.70
-27.064519,153.127100,-2.10
-27.064506,153.128454,-0.93
-27.064740,153.126926,-2.17
-27.064516,153.128203,-1.10
-27.064511,153.127936,-2.02
-27.064516,153.127683,-2.66
-27.064515,153.126940,-2.62
-27.064288,153.127532,-1.41
-27.064289,153.126939,-2.67
-27.063842,153.126947,-2.77
-27.063842,153.126879,-2.75
-27.063841,153.125942,-2.05
-27.063852,153.126194,-2.05
-27.064062,153.126688,-2.58
-27.064072,153.125937,-2.04
-27.064074,153.126190,-2.05
-27.064289,153.126689,-2.11
-27.064294,153.125935,-2.08
-27.064513,153.126431,-2.05
-27.064513,153.126657,-2.10
-27.064743,153.126437,-2.18
-27.064743,153.126683,-2.30
-27.064966,153.126433,-2.36
-27.066995,153.126179,-2.45
-27.067220,153.126158,-2.38
-27.067224,153.126434,-2.46
-27.067450,153.126190,-2.40
-27.067447,153.126423,-2.41
-27.067449,153.126691,-2.44
-27.067675,153.126437,-2.44
-27.067675,153.126183,-2.46
-27.067670,153.126660,-2.41
-27.067671,153.126944,-2.39
-27.067903,153.126424,-2.45
-27.067899,153.126189,-2.57
-27.067901,153.126683,-2.40
-27.067900,153.126943,-2.36
-27.068126,153.126189,-2.77
-27.068125,153.126640,-2.44
-27.068125,153.126442,-2.62
-27.068125,153.126946,-2.42
-27.068237,153.126430,-2.79
-27.068234,153.126687,-2.64
-27.068236,153.126947,-2.46
-27.068240,153.127188,-2.37
-27.061824,153.124151,-0.72
-27.062257,153.125424,-0.91
-27.062260,153.125676,-0.89
-27.062254,153.125927,-0.97
-27.062259,153.124671,-0.82
-27.062482,153.123915,-0.84
-27.062481,153.124167,-0.85
-27.062480,153.124417,-0.86
-27.062484,153.125176,-0.82
-27.062398,153.124826,-0.86
-27.062483,153.125424,-0.87
-27.062485,153.125674,-1.02
-27.062483,153.125932,-1.10
-27.062714,153.123914,-0.89
-27.062704,153.124167,-0.91
-27.062702,153.124671,-0.93
-27.062708,153.124418,-0.91
-27.062711,153.124917,-0.93
-27.062704,153.125173,-0.91
-27.062539,153.125465,-0.96
-27.062636,153.125230,-0.92
-27.062710,153.125932,-0.99
-27.062936,153.123910,-0.95
-27.062935,153.124168,-1.00
-27.062938,153.124420,-1.03
-27.062938,153.124669,-1.04
-27.062938,153.124923,-1.06
-27.062933,153.125174,-1.04
-27.062931,153.125426,-1.03
-27.062934,153.125677,-1.26
-27.062933,153.125914,-1.67
-27.063154,153.123914,-1.07
-27.063162,153.124168,-1.13
-27.063158,153.124420,-1.18
-27.063164,153.124670,-1.22
-27.063162,153.124922,-1.28
-27.063157,153.125176,-1.75
-27.063160,153.125428,-2.32
-27.063163,153.125671,-2.33
-27.063126,153.125926,-2.02
-27.063376,153.123915,-1.27
-27.063375,153.124167,-1.28
-27.063391,153.124411,-1.87
-27.063365,153.124925,-2.27
-27.063383,153.124669,-2.09
-27.063374,153.125168,-2.29
-27.063370,153.125425,-2.08
-27.063299,153.125592,-1.98
-27.063380,153.125923,-1.96
-27.063613,153.123914,-2.14
-27.063612,153.124150,-2.04
-27.063601,153.124654,-1.91
-27.063614,153.124413,-2.01
-27.063610,153.125172,-1.96
-27.063613,153.124924,-1.90
-27.063594,153.125422,-1.95
-27.063456,153.125459,-1.97
-27.063613,153.125850,-1.96
-27.063818,153.124924,-2.48
-27.063828,153.125180,-1.97
-27.063836,153.125122,-2.13
-27.063678,153.125634,-1.98
-27.063643,153.125713,-1.99
-27.063044,153.123256,-1.07
-27.063843,153.123637,-2.80
-27.063842,153.123410,-2.06
-27.063843,153.123152,-2.01
-27.063841,153.122908,-2.65
-27.063616,153.123538,-1.97
-27.063609,153.123155,-1.72
-27.063616,153.122890,-2.00
-27.063835,153.121891,-2.78
-27.063613,153.122656,-2.32
-27.063842,153.121639,-2.55
-27.063618,153.122400,-2.32
-27.063843,153.121393,-2.42
-27.063616,153.122151,-2.35
-27.063380,153.123642,-1.15
-27.063613,153.121893,-2.35
-27.063619,153.121643,-2.39
-27.063615,153.121394,-1.98
-27.063386,153.123038,-1.32
-27.063384,153.122886,-1.64
-27.063386,153.122617,-1.71
-27.063389,153.122390,-1.75
-27.063389,153.122130,-1.79
-27.063392,153.121885,-1.79
-27.063386,153.121645,-1.79
-27.063393,153.121380,-1.80
-27.063163,153.123158,-1.14
-27.063165,153.122747,-1.26
-27.063163,153.122584,-1.41
-27.063164,153.122376,-1.61
-27.063160,153.122150,-1.60
-27.063164,153.121882,-1.63
-27.063166,153.121610,-1.65
-27.062747,153.123066,-0.99
-27.063164,153.121351,-1.63
-27.062937,153.122901,-1.02
-27.062935,153.122655,-1.11
-27.062908,153.122342,-1.20
-27.062923,153.122046,-1.37
-27.062936,153.121884,-1.53
-27.062941,153.121615,-1.33
-27.062941,153.121384,-1.31
-27.062714,153.123022,-0.95
-27.062712,153.122902,-0.97
-27.062715,153.122648,-1.00
-27.062704,153.122400,-1.03
-27.062630,153.122008,-1.05
-27.062713,153.121890,-1.14
-27.062716,153.121589,-1.15
-27.062486,153.123156,-0.89
-27.062714,153.121391,-1.15
-27.062476,153.122906,-0.90
-27.062488,153.122653,-0.93
-27.062300,153.122359,-0.96
-27.062483,153.121645,-1.08
-27.062486,153.121393,-1.09
-27.062261,153.122402,-0.88
-27.062254,153.122146,-0.90
-27.062258,153.121694,-0.93
-27.062265,153.121389,-1.03
-27.062035,153.121393,-0.96
-27.063844,153.125179,-2.65
-27.063842,153.125517,-2.02
-27.063846,153.125691,-2.02
-27.064290,153.123912,-1.57
-27.064086,153.124143,-1.65
-27.064147,153.124299,-1.63
-27.064070,153.125694,-2.05
-27.064102,153.123430,-1.64
-27.064518,153.123663,-1.98
-27.064515,153.123912,-1.99
-27.064304,153.124060,-1.98
-27.064294,153.124191,-1.81
-27.064308,153.124424,-1.92
-27.064294,153.124687,-2.17
-27.064299,153.124929,-2.69
-27.064744,153.123659,-2.07
-27.064745,153.123913,-1.99
-27.064523,153.124048,-1.92
-27.064521,153.124183,-1.82
-27.064526,153.124422,-1.91
-27.064523,153.124683,-2.42
-27.064971,153.123664,-2.07
-27.064969,153.123918,-2.04
-27.064780,153.124135,-1.97
-27.064747,153.124214,-2.02
-27.065869,153.124164,-2.61
-27.065873,153.124401,-2.36
-27.065871,153.124441,-2.23
-27.065871,153.124914,-2.66
-27.065867,153.125416,-2.64
-27.065868,153.125936,-2.78
-27.066099,153.124408,-2.51
-27.066098,153.124558,-2.23
-27.066088,153.124894,-2.17
-27.066092,153.125155,-2.42
-27.066095,153.125429,-2.41
-27.066096,153.125680,-2.70
-27.066318,153.124621,-2.50
-27.066111,153.124809,-2.22
-27.066321,153.125430,-2.36
-27.066314,153.125180,-2.18
-27.066319,153.125648,-2.59
-27.066316,153.123415,-2.72
-27.066551,153.123415,-2.79
-27.066549,153.124669,-2.64
-27.066545,153.125175,-2.47
-27.066548,153.124690,-2.55
-27.066540,153.125426,-2.44
-27.066549,153.125675,-2.53
-27.066776,153.123902,-2.80
-27.066636,153.124967,-2.57
-27.066774,153.124749,-2.68
-27.066769,153.125399,-2.47
-27.066774,153.125680,-2.41
-27.066771,153.125935,-2.47
-27.067000,153.125174,-2.60
-27.067000,153.125679,-2.45
-27.067000,153.125408,-2.50
-27.066994,153.125920,-2.41
-27.067044,153.125200,-2.62
-27.067226,153.125677,-2.49
-27.067224,153.125904,-2.44
-27.067271,153.125572,-2.54
-27.067448,153.125905,-2.48
-27.067669,153.125682,-2.74
-27.067670,153.125931,-2.50
-27.067903,153.125933,-2.69
-27.066322,153.123157,-2.71
-27.066326,153.122911,-2.76
-27.066318,153.122654,-2.77
-27.066323,153.122406,-2.76
-27.066316,153.122148,-2.78
-27.066088,153.123162,-2.76
-27.066098,153.122884,-2.75
-27.066098,153.122644,-2.70
-27.066098,153.122402,-2.66
-27.066097,153.122118,-2.71
-27.065868,153.122387,-2.77
-27.065871,153.122144,-2.71
-27.065875,153.121885,-2.81
-27.065645,153.122141,-2.80
-27.064970,153.123410,-2.14
-27.064969,153.123160,-2.59
-27.064968,153.122906,-2.77
-27.064742,153.123413,-2.11
-27.064743,153.123159,-2.20
-27.064743,153.122905,-2.25
-27.064747,153.122637,-2.34
-27.064744,153.122371,-2.40
-27.064742,153.122145,-2.46
-27.064740,153.121898,-2.77
-27.064513,153.123410,-2.15
-27.064517,153.123160,-2.68
-27.064521,153.122893,-2.68
-27.064516,153.122645,-2.46
-27.064520,153.122401,-2.35
-27.064517,153.122148,-2.41
-27.064513,153.121898,-2.45
-27.064521,153.121630,-2.45
-27.064294,153.123370,-1.80
-27.064518,153.121388,-2.47
-27.064291,153.122395,-2.64
-27.064294,153.122136,-2.67
-27.064062,153.123616,-2.15
-27.064069,153.123237,-1.77
-27.052789,153.123403,-0.69
-27.052784,153.123154,-0.64
-27.053010,153.123150,-0.67
-27.053239,153.123404,-0.67
-27.053462,153.123656,-0.68
-27.053915,153.123404,-0.81
-27.054138,153.123655,-1.00
-27.054140,153.123912,-0.91
-27.054368,153.123658,-1.20
-27.054363,153.123909,-0.94
-27.054365,153.124218,-0.83
-27.054592,153.123657,-0.85
-27.054592,153.123909,-0.88
-27.054597,153.124163,-1.09
-27.054819,153.123910,-0.89
-27.054816,153.124161,-1.25
-27.055042,153.124165,-1.24
-27.055267,153.123662,-0.78
-27.055275,153.124160,-1.28
-27.055494,153.123657,-0.77
-27.055493,153.124164,-1.06
-27.057300,153.124417,-0.65
-27.057311,153.124668,-0.74
-27.057298,153.124927,-0.74
-27.057519,153.125422,-1.24
-27.045110,153.128261,-0.91
-27.045345,153.128275,-0.88
-27.045559,153.128286,-0.83
-27.045548,153.127547,-0.77
-27.045653,153.128182,-0.82
-27.045657,153.127930,-0.81
-27.045541,153.128182,-0.83
-27.045554,153.127928,-0.84
-27.045324,153.128176,-0.90
-27.045323,153.127928,-0.83
-27.045099,153.128180,-0.91
-27.045101,153.127914,-0.82
-27.045783,153.128305,-0.80
-27.045783,153.128443,-0.85
-27.046016,153.128316,-0.79
-27.046016,153.128439,-0.79
-27.046235,153.128338,-0.79
-27.046235,153.128437,-0.77
-27.046461,153.128350,-0.77
-27.046460,153.128436,-0.76
-27.046679,153.127820,-0.78
-27.046695,153.127822,-0.77
-27.046692,153.128363,-0.77
-27.046692,153.128438,-0.75
-27.046691,153.128703,-0.73
-27.046918,153.128387,-0.77
-27.046917,153.128436,-0.75
-27.047150,153.128359,-0.78
-27.047149,153.128436,-0.75
-27.047366,153.128401,-0.78
-27.047366,153.128440,-0.74
-27.047589,153.128445,-0.71
-27.048265,153.128319,-0.71
-27.046525,153.127484,-0.78
-27.046571,153.127364,-0.79
-27.046695,153.127514,-0.77
-27.046755,153.127381,-0.78
-27.046928,153.127332,-0.80
-27.046927,153.127440,-0.77
-27.047139,153.127396,-0.81
-27.047152,153.127525,-0.79
-27.049170,153.127040,-0.85
-27.049168,153.127020,-0.88
-27.048487,153.127678,-0.80
-27.048489,153.127404,-0.81
-27.048262,153.127931,-0.80
-27.048265,153.127674,-0.80
-27.048262,153.127427,-0.81
-27.048028,153.128181,-0.79
-27.048032,153.127931,-0.79
-27.048036,153.127680,-0.80
-27.048040,153.127397,-0.80
-27.047793,153.128183,-0.79
-27.047804,153.127929,-0.78
-27.047812,153.127676,-0.79
-27.047814,153.127390,-0.80
-27.047580,153.128170,-0.78
-27.047571,153.127931,-0.78
-27.047588,153.127655,-0.78
-27.047588,153.127413,-0.81
-27.047586,153.127120,-0.82
-27.047350,153.128184,-0.77
-27.047355,153.127931,-0.78
-27.047129,153.128161,-0.77
-27.047135,153.127910,-0.77
-27.046893,153.128181,-0.77
-27.046679,153.128152,-0.77
-27.046445,153.128181,-0.79
-27.046459,153.127929,-0.79
-27.046440,153.127677,-0.79
-27.046455,153.127425,-0.79
-27.046230,153.128183,-0.79
-27.046223,153.127928,-0.80
-27.046223,153.127676,-0.79
-27.046006,153.128175,-0.81
-27.046006,153.127928,-0.80
-27.046007,153.127676,-0.81
-27.045593,153.121145,-1.29
-27.045361,153.121141,-1.35
-27.045124,153.121133,-1.44
-27.045006,153.121126,-1.33
-27.046679,153.121883,-1.38
-27.047374,153.121382,-0.96
-27.047385,153.121203,-1.38
-27.047481,153.121908,-0.87
-27.047356,153.122010,-0.91
-27.047153,153.121381,-0.92
-27.047151,153.121132,-1.15
-27.046918,153.121387,-0.97
-27.046918,153.121220,-1.16
-27.046691,153.121884,-1.24
-27.046696,153.121631,-1.17
-27.046699,153.121389,-1.27
-27.046691,153.121127,-1.12
-27.046650,153.121632,-1.43
-27.046480,153.121385,-1.09
-27.046500,153.121135,-1.06
-27.046460,153.121865,-1.45
-27.046246,153.121383,-1.50
-27.046246,153.121231,-1.28
-27.046047,153.121378,-1.52
-27.046016,153.121126,-1.29
-27.045790,153.121138,-1.38
-27.036533,153.130963,-1.13
-27.036527,153.130697,-1.15
-27.036528,153.130442,-1.12
-27.036306,153.130950,-1.46
-27.036303,153.130696,-1.41
-27.036307,153.130448,-1.39
-27.036077,153.130949,-1.90
-27.036074,153.130730,-2.12
-27.036076,153.130577,-2.00
-27.035849,153.131034,-2.71
-27.027520,153.130964,-2.60
-27.027653,153.130807,-2.65
-27.027660,153.130526,-2.73
-27.027446,153.130988,-2.58
-27.027272,153.130783,-2.63
-27.027292,153.130436,-2.70
-27.027513,153.129704,-2.77
-27.027290,153.129677,-2.76
-27.027055,153.130977,-2.62
-27.027255,153.130778,-2.66
-27.027233,153.130646,-2.70
-27.027119,153.130425,-2.81
-27.027068,153.129725,-2.78
-27.027287,153.129437,-2.58
-27.026831,153.130937,-2.67
-27.026827,153.130733,-2.73
-27.026827,153.130435,-2.72
-27.027055,153.129535,-2.52
-27.027005,153.130157,-2.77
-27.026838,153.129675,-2.50
-27.026740,153.131052,-2.71
-27.026594,153.130885,-2.75
-27.026621,153.130495,-2.77
-27.026607,153.130181,-2.81
-27.026820,153.130036,-2.76
-27.026875,153.129445,-2.60
-27.026600,153.129815,-2.51
-27.026383,153.130984,-2.79
-27.026594,153.130861,-2.76
-27.026603,153.129425,-2.65
-27.026430,153.130664,-2.74
-27.026595,153.129253,-2.49
-27.026423,153.130425,-2.75
-27.026374,153.129938,-2.58
-27.026393,153.129833,-2.56
-27.026151,153.130943,-2.75
-27.026188,153.130794,-2.79
-27.026155,153.130437,-2.74
-27.026507,153.129439,-2.66
-27.026153,153.130179,-2.63
-27.026154,153.129990,-2.57
-27.026185,153.129748,-2.59
-27.025944,153.131006,-2.76
-27.026019,153.130698,-2.77
-27.026020,153.130673,-2.70
-27.025919,153.130177,-2.52
-27.026162,153.129538,-2.68
-27.026010,153.129968,-2.56
-27.025945,153.129922,-2.57
-27.025965,153.129430,-2.58
-27.025691,153.130705,-2.77
-27.025702,153.130441,-2.68
-27.025694,153.130217,-2.57
-27.025699,153.129953,-2.60
-27.025702,153.129730,-2.52
-27.025730,153.129499,-2.46
-27.024569,153.127414,-2.23
-27.025773,153.129123,-2.56
-27.025932,153.128172,-2.67
-27.025926,153.128420,-2.57
-27.025953,153.128710,-2.57
-27.025924,153.128927,-2.53
-27.025920,153.129201,-2.49
-27.026171,153.128611,-2.49
-27.026151,153.128222,-2.66
-27.026152,153.128895,-2.43
-27.026167,153.128982,-2.46
-27.026174,153.129174,-2.44
-27.026379,153.128271,-2.79
-27.026374,153.128450,-2.76
-27.026431,153.128899,-2.48
-27.026399,153.128979,-2.47
-27.026383,153.129171,-2.47
-27.026689,153.128923,-2.45
-27.026650,153.128814,-2.58
-27.026864,153.128684,-2.69
-27.026840,153.128920,-2.49
-27.026821,153.129194,-2.55
-27.027052,153.128939,-2.45
-27.027061,153.129189,-2.54
-27.027302,153.128888,-2.64
-27.027333,153.128940,-2.42
-27.027287,153.129194,-2.48
-27.027508,153.128937,-2.44
-27.027509,153.129171,-2.39
-27.027502,153.129571,-2.75
-27.030422,153.131057,-2.79
-27.030232,153.130732,-2.79
-27.029983,153.131009,-2.74
-27.030023,153.130691,-2.78
-27.029784,153.130984,-2.38
-27.029780,153.130686,-2.58
-27.029758,153.130441,-2.73
-27.029552,153.130966,-2.29
-27.029529,153.130695,-2.37
-27.029535,153.130461,-2.36
-27.029529,153.130230,-2.54
-27.029539,153.129979,-2.70
-27.029316,153.130963,-2.45
-27.029394,153.130909,-2.41
-27.029304,153.130550,-2.41
-27.029310,153.130228,-2.38
-27.029306,153.129997,-2.35
-27.029240,153.130964,-2.36
-27.029344,153.129678,-2.66
-27.029198,153.130823,-2.47
-27.029094,153.130495,-2.41
-27.029081,153.130180,-2.40
-27.029093,153.129942,-2.38
-27.028860,153.130957,-2.51
-27.029051,153.130742,-2.55
-27.028901,153.130583,-2.54
-27.028875,153.130206,-2.54
-27.029103,153.129703,-2.32
-27.028857,153.129928,-2.54
-27.029095,153.129556,-2.50
-27.028631,153.130963,-2.54
-27.028850,153.130823,-2.53
-27.028852,153.129694,-2.39
-27.028628,153.130456,-2.58
-27.028636,153.130197,-2.60
-27.028631,153.129929,-2.59
-27.028629,153.129731,-2.48
-27.028412,153.130963,-2.51
-27.028400,153.130686,-2.50
-27.028412,153.130505,-2.59
-27.028408,153.130194,-2.64
-27.028441,153.129941,-2.66
-27.028401,153.129679,-2.63
-27.028191,153.130944,-2.59
-27.028190,153.130755,-2.61
-27.028393,153.130492,-2.60
-27.028177,153.130265,-2.67
-27.028188,153.130060,-2.72
-27.028175,153.129692,-2.69
-27.027962,153.131007,-2.60
-27.027962,153.130704,-2.60
-27.027964,153.130432,-2.67
-27.027951,153.130335,-2.70
-27.027954,153.129949,-2.75
-27.027951,153.129864,-2.78
-27.027931,153.131013,-2.57
-27.027725,153.130696,-2.63
-27.027789,153.130648,-2.66
-27.027729,153.129689,-2.76
-27.027789,153.129442,-2.71
-27.028197,153.129513,-2.49
-27.028002,153.129435,-2.74
-27.027727,153.129020,-2.59
-27.027726,153.129191,-2.46
-27.027951,153.128964,-2.54
-27.027966,153.129196,-2.41
-27.028183,153.129149,-2.67
-27.028177,153.129195,-2.45
-27.028406,153.129196,-2.43
-27.028410,153.129426,-2.44
-27.028638,153.129234,-2.63
-27.028644,153.129450,-2.37
-27.028854,153.129431,-2.32
-27.029089,153.121107,-1.50
-27.029314,153.121250,-0.81
-27.029537,153.121489,-1.15
-27.029538,153.121109,-0.77
-27.029540,153.121614,-2.06
-27.029763,153.121630,-1.20
-27.029942,153.121589,-0.81
-27.029989,153.121614,-1.18
-27.029990,153.121586,-0.70
-27.029989,153.121874,-1.56
-27.030216,153.121757,-0.71
-27.030219,153.121868,-1.26
-27.030216,153.122127,-2.29
-27.030442,153.122118,-1.37
-27.030906,153.122382,-1.54
-27.031120,153.122274,-0.79
-27.031119,153.122372,-1.34
-27.031343,153.122635,-1.69
-27.031569,153.122509,-1.01
-27.031573,153.122623,-1.43
-27.031793,153.122876,-1.54
-27.032132,153.122836,-0.80
-27.032135,153.122874,-1.39
-27.032136,153.123141,-1.83
-27.072852,153.140063,-1.03
-27.069883,153.136589,-0.93
-27.069941,153.136531,-1.89
-27.070153,153.136787,-1.65
-27.070380,153.137035,-1.31
-27.070378,153.137292,-0.95
-27.070502,153.137592,-0.75
-27.070546,153.137948,-0.73
-27.070547,153.138073,-0.74
-27.070603,153.137853,-0.92
-27.070602,153.137549,-0.98
-27.070606,153.137290,-1.22
-27.070608,153.138044,-0.95
-27.070833,153.137292,-2.19
-27.070831,153.137542,-1.21
-27.070829,153.138050,-1.08
-27.070827,153.137800,-1.09
-27.070834,153.138300,-1.02
-27.071043,153.138800,-0.91
-27.071056,153.137295,-2.62
-27.071055,153.137804,-1.25
-27.071053,153.137544,-1.58
-27.071278,153.138295,-1.19
-27.071271,153.138796,-1.05
-27.071272,153.138549,-1.14
-27.071270,153.139052,-0.87
-27.071486,153.137792,-2.52
-27.071330,153.137894,-1.31
-27.071297,153.138211,-1.21
-27.071501,153.138298,-1.21
-27.071501,153.138801,-1.12
-27.071501,153.139048,-0.95
-27.071724,153.138043,-1.77
-27.071717,153.137792,-2.67
-27.071505,153.138252,-1.26
-27.071728,153.138799,-1.20
-27.071513,153.138308,-1.25
-27.071724,153.139051,-1.04
-27.071722,153.139302,-0.89
-27.071955,153.138043,-2.66
-27.071948,153.138295,-1.38
-27.071950,153.138547,-1.20
-27.071952,153.138797,-1.18
-27.071949,153.139051,-1.08
-27.071950,153.139302,-0.96
-27.071952,153.139553,-0.83
-27.072178,153.138295,-2.63
-27.072176,153.138550,-1.32
-27.072168,153.139050,-1.11
-27.072178,153.138796,-1.25
-27.072172,153.139301,-0.97
-27.072173,153.139548,-0.90
-27.072168,153.140048,-0.64
-27.072400,153.138797,-1.68
-27.072389,153.139045,-1.19
-27.072293,153.139558,-0.91
-27.072404,153.139254,-1.00
-27.072283,153.139564,-0.77
-27.072406,153.139258,-1.99
-27.072625,153.139555,-1.05
-27.072448,153.139639,-0.84
-27.072856,153.139809,-1.48
-27.070386,153.136027,-2.48
-27.070157,153.136244,-0.91
-27.069909,153.136510,-0.93
-27.070609,153.135029,-2.78
-27.070543,153.135273,-2.79
-27.070593,153.135039,-2.46
-27.070530,153.134013,-2.74
-27.070273,153.133762,-2.75
-27.069701,153.135778,-1.06
-27.069702,153.135690,-0.91
-27.069653,153.136027,-0.82
-27.069480,153.135275,-2.55
-27.069478,153.135231,-0.90
-27.069254,153.135269,-2.58
-27.069250,153.135021,-1.26
-27.069256,153.134766,-1.56
-27.069251,153.134515,-1.62
-27.069251,153.134390,-2.00
-27.069476,153.134490,-0.62
-27.069493,153.134260,-0.78
-27.069472,153.134255,-2.43
-27.069506,153.134007,-0.80
-27.069027,153.135271,-1.02
-27.069476,153.134003,-2.34
-27.069024,153.135019,-2.61
-27.069029,153.134769,-2.76
-27.069029,153.134515,-2.79
-27.068801,153.135020,-1.30
-27.068801,153.134774,-2.80
-27.068574,153.134765,-2.30
-27.068796,153.133503,-2.79
-27.068349,153.134513,-2.76
-27.068571,153.133737,-2.76
-27.068556,153.133500,-2.62
-27.068236,153.134514,-1.63
-27.068740,153.133230,-2.68
-27.068999,153.132744,-2.80
-27.070150,153.132999,-2.75
-27.072410,153.131451,-2.62
-27.072413,153.131164,-2.71
-27.072393,153.131717,-2.62
-27.072638,153.131652,-2.81
-27.072639,153.131219,-2.73
-27.072632,153.131982,-2.67
-27.072827,153.131489,-2.75
-27.072865,153.131209,-2.66
-27.072855,153.131738,-2.64
-27.072864,153.131946,-2.61
-27.072859,153.132227,-2.74
-27.072914,153.131116,-2.70
-27.073087,153.131975,-2.61
-27.073087,153.131718,-2.47
-27.073090,153.131482,-2.68
-27.073307,153.131486,-2.59
-27.073303,153.131990,-2.71
-27.073311,153.131727,-2.45
-27.073322,153.131137,-2.81
-27.073539,153.131732,-2.47
-27.073338,153.131246,-2.57
-27.073537,153.131953,-2.61
-27.073759,153.131439,-2.59
-27.073766,153.131740,-2.40
-27.073765,153.131987,-2.67
-27.073977,153.131238,-2.76
-27.073991,153.131735,-2.37
-27.073981,153.131487,-2.59
-27.073992,153.131981,-2.70
-27.074195,153.131219,-2.67
-27.074212,153.131488,-2.52
-27.074210,153.131733,-2.38
-27.074438,153.131214,-2.54
-27.074441,153.131722,-2.69
-27.074444,153.131416,-2.45
-27.074664,153.131470,-2.51
-27.074667,153.131227,-2.49
-27.074896,153.131234,-2.69
-27.061119,153.141060,-1.14
-27.060894,153.141060,-2.39
-27.060927,153.140807,-2.08
-27.060894,153.140555,-1.43
-27.060668,153.141060,-2.79
-27.060667,153.140806,-2.44
-27.060673,153.140556,-1.55
-27.060671,153.140306,-1.23
-27.060446,153.140808,-2.69
-27.060551,153.140554,-2.48
-27.060444,153.140309,-1.75
-27.060446,153.140049,-1.39
-27.060445,153.139799,-1.19
-27.060218,153.140553,-2.69
-27.060220,153.140324,-2.38
-27.060218,153.139811,-2.15
-27.060218,153.139546,-1.18
-27.059996,153.139041,-1.12
-27.059772,153.138790,-1.69
-27.059541,153.138788,-2.46
-27.059318,153.138790,-2.12
-27.059202,153.138796,-2.60
-27.059205,153.138536,-1.87
-27.059319,153.138537,-2.27
-27.059545,153.138537,-1.89
-27.061346,153.136517,-0.84
-27.061343,153.136766,-0.76
-27.061569,153.136766,-0.97
-27.061573,153.137272,-1.01
-27.061570,153.137023,-1.10
-27.061796,153.137274,-1.50
-27.061800,153.137650,-0.70
-27.067899,153.134261,-2.32
-27.067672,153.134264,-1.28
-27.067445,153.134008,-1.76
-27.067452,153.133286,-2.70
-27.067223,153.133759,-1.90
-27.067222,153.133262,-2.66
-27.066996,153.133253,-1.91
-27.066997,153.133003,-2.38
-27.066318,153.131734,-1.09
-27.066313,153.131483,-1.34
-27.066542,153.131480,-2.38
-27.066541,153.131734,-1.95
-27.066542,153.131987,-1.59
-27.066766,153.131733,-2.79
-27.066764,153.131481,-2.11
-27.066755,153.131978,-2.33
-27.066764,153.132237,-1.98
-27.066765,153.132741,-1.00
-27.066767,153.132490,-1.66
-27.066995,153.132237,-2.28
-27.066991,153.132485,-2.07
-27.066947,153.132745,-2.17
-27.066773,153.132831,-1.80
-27.067218,153.132740,-2.03
-27.067216,153.132476,-2.12
-27.066996,153.132973,-2.02
-27.067445,153.132491,-2.80
-27.067442,153.132743,-2.09
-27.067446,153.132992,-2.02
-27.067221,153.133125,-2.00
-27.067669,153.132992,-2.03
-27.067664,153.132743,-2.64
-27.067660,153.133247,-1.99
-27.067892,153.133246,-2.65
-27.067897,153.132961,-2.69
-27.067854,153.132744,-2.70
-27.067959,153.132329,-2.81
-27.052080,153.141063,-1.08
-27.052533,153.140548,-2.71
-27.054333,153.141087,-2.80
-27.054345,153.141030,-2.69
-27.054132,153.140042,-2.74
-27.053908,153.140063,-2.78
-27.052676,153.140641,-2.79
-27.052764,153.140476,-1.28
-27.052529,153.141069,-2.71
-27.052393,153.140819,-1.08
-27.052316,153.138015,-0.75
-27.052084,153.138266,-0.86
-27.051853,153.138524,-0.91
-27.050742,153.137777,-0.83
-27.051649,153.136762,-0.84
-27.051871,153.136257,-0.92
-27.052496,153.137761,-0.88
-27.052909,153.136985,-0.84
-27.053212,153.136008,-0.82
-27.054577,153.137524,-2.69
-27.058864,153.138534,-2.02
-27.057960,153.141055,-2.81
-27.054807,153.136009,-1.56
-27.054805,153.136829,-2.73
-27.055049,153.136261,-2.16
-27.055480,153.136728,-1.55
-27.055727,153.136767,-2.15
-27.055714,153.136009,-0.71
-27.055932,153.136595,-0.87
-27.056151,153.136511,-0.87
-27.055932,153.136767,-1.07
-27.056157,153.136516,-0.87
-27.056158,153.136512,-0.74
-27.056159,153.136770,-0.74
-27.056160,153.137020,-1.22
-27.056384,153.137273,-1.68
-27.056835,153.137527,-1.20
-27.057061,153.137791,-2.18
-27.057289,153.136761,-0.91
-27.057284,153.137776,-1.22
-27.057511,153.136541,-0.92
-27.057744,153.138029,-2.54
-27.057964,153.138031,-1.23
-27.058193,153.138037,-1.11
-27.058418,153.138034,-1.13
-27.058413,153.138283,-1.88
-27.058639,153.138055,-1.07
-27.058640,153.138284,-1.72
-27.058867,153.138282,-1.63
-27.050178,153.134495,-2.29
-27.050295,153.134491,-2.61
-27.050745,153.134493,-2.56
-27.050970,153.134492,-2.58
-27.052100,153.136038,-0.75
-27.053219,153.135970,-0.79
-27.053349,153.135252,-1.20
-27.053376,153.135208,-0.61
-27.053454,153.135146,-1.06
-27.054356,153.135506,-0.89
-27.054585,153.135756,-1.06
-27.050520,153.134242,-2.29
-27.052326,153.135263,-0.74
-27.052101,153.134747,-1.06
-27.051648,153.134492,-1.09
-27.051419,153.134652,-1.80
-27.051196,153.134496,-2.72
-27.051199,153.134487,-1.25
-27.050969,153.134364,-2.34
-27.050747,153.134239,-2.48
-27.050746,153.134206,-1.12
-27.050295,153.134241,-2.31
-27.050179,153.134240,-2.39
-27.041928,153.140531,-0.80
-27.042278,153.140536,-0.96
-27.042607,153.140559,-0.80
-27.042431,153.141015,-0.73
-27.043961,153.140511,-1.35
-27.043964,153.140782,-1.24
-27.043954,153.141035,-1.09
-27.043964,153.141131,-0.88
-27.041237,153.140530,-0.66
-27.043955,153.139522,-0.82
-27.043514,153.138472,-1.19
-27.043101,153.139270,-0.82
-27.043288,153.137860,-1.05
-27.043284,153.137757,-1.50
-27.043063,153.137423,-1.56
-27.042835,153.137123,-0.99
-27.042395,153.138500,-0.79
-27.042611,153.136896,-1.50
-27.042387,153.136700,-1.84
-27.042158,153.136547,-1.14
-27.041481,153.138764,-0.83
-27.041254,153.139232,-0.82
-27.041709,153.136311,-1.01
-27.041265,153.138040,-0.95
-27.041265,153.137503,-0.63
-27.049390,153.139786,-0.64
-27.049389,153.139662,-0.61
-27.049408,153.138524,-0.70
-27.048257,153.138776,-0.62
-27.048035,153.138776,-0.63
-27.047861,153.138778,-0.63
-27.047583,153.138775,-0.69
-27.047381,153.138772,-0.69
-27.045556,153.133227,-1.70
-27.045329,153.133224,-2.12
-27.044877,153.132971,-1.48
-27.044877,153.132867,-0.78
-27.044650,153.132978,-1.80
-27.044425,153.132972,-2.34
-27.043977,153.132720,-1.85
-27.043748,153.132725,-1.70
-27.043523,153.132720,-1.87
-27.043522,153.132468,-1.50
-27.043299,153.132722,-2.68
-27.043299,153.132466,-1.47
-27.043299,153.132401,-1.20
-27.043074,153.132723,-2.79
-27.043073,153.132484,-1.57
-27.043178,153.132457,-1.06
-27.042844,153.132717,-2.78
-27.042845,153.132506,-1.61
-27.042623,153.132938,-2.79
-27.042631,153.132508,-2.15
-27.042621,153.132217,-1.44
-27.042395,153.132706,-2.55
-27.042550,153.132437,-1.43
-27.042167,153.132498,-2.73
-27.042169,153.132218,-1.33
-27.041944,153.132215,-1.41
-27.041947,153.132206,-0.96
-27.041716,153.132212,-1.60
-27.041501,153.132286,-2.28
-27.041602,153.132124,-1.08
-27.041284,153.132221,-2.63
-27.041265,153.132177,-1.13
-27.041153,153.132211,-2.61
-27.041153,153.132102,-1.50
-27.048713,153.134239,-2.49
-27.048939,153.134236,-2.66
-27.049162,153.134241,-2.55
-27.049389,153.134242,-2.55
-27.049616,153.134499,-2.17
-27.046458,153.133507,-1.79
-27.049842,153.134490,-2.17
-27.049841,153.134240,-2.50
-27.049845,153.133986,-1.59
-27.049614,153.134238,-2.55
-27.049617,153.133987,-1.95
-27.049389,153.133985,-2.29
-27.049163,153.133988,-2.31
-27.048938,153.133984,-2.38
-27.048715,153.133985,-2.49
-27.048716,153.133736,-1.02
-27.048486,153.133985,-2.62
-27.048262,153.133984,-2.71
-27.048263,153.133731,-1.48
-27.047810,153.133986,-2.74
-27.047811,153.133732,-2.07
-27.047585,153.134005,-2.76
-27.047812,153.133482,-0.88
-27.047584,153.133741,-2.22
-27.047361,153.133983,-2.78
-27.047360,153.133744,-2.23
-27.047359,153.133485,-1.14
-27.047132,153.133750,-2.61
-27.047133,153.133479,-1.81
-27.047133,153.133230,-0.85
-27.046906,153.133742,-2.05
-27.046907,153.133480,-1.85
-27.046682,153.133733,-2.38
-27.046683,153.133482,-1.80
-27.046459,153.133732,-2.33
-27.046230,153.133481,-1.85
-27.046004,153.133480,-2.29
-27.046006,153.133226,-1.59
-27.046005,153.133119,-0.92
-27.045782,153.133225,-1.65
-27.034245,153.139758,-0.96
-27.034702,153.139294,-0.84
-27.034363,153.139759,-0.91
-27.036505,153.137733,-0.80
-27.036541,153.136748,-0.93
-27.036290,153.138002,-0.82
-27.036337,153.136999,-0.90
-27.036149,153.137246,-1.07
-27.036061,153.137349,-2.80
-27.033808,153.136736,-1.94
-27.033575,153.136735,-1.88
-27.033810,153.136467,-1.88
-27.033355,153.136968,-2.35
-27.033358,153.136724,-1.87
-27.033130,153.136988,-2.01
-27.033130,153.136732,-1.92
-27.032908,153.136989,-2.06
-27.032905,153.136737,-1.89
-27.032906,153.136485,-1.76
-27.032678,153.137239,-1.99
-27.032681,153.136978,-1.92
-27.032677,153.136724,-1.78
-27.032679,153.136482,-1.68
-27.032455,153.137219,-1.99
-27.032455,153.136987,-1.83
-27.032455,153.136711,-1.73
-27.032454,153.136485,-1.62
-27.032229,153.137233,-1.99
-27.032229,153.136988,-1.82
-27.032230,153.136733,-1.65
-27.032229,153.136473,-1.58
-27.032221,153.136219,-1.23
-27.032451,153.136231,-1.34
-27.032679,153.136231,-1.57
-27.032908,153.136227,-1.69
-27.033131,153.136224,-1.71
-27.033132,153.136482,-1.79
-27.033360,153.136229,-1.63
-27.033357,153.136484,-1.76
-27.033584,153.136220,-1.76
-27.033583,153.136486,-1.80
-27.033806,153.136229,-1.85
-27.034030,153.136228,-1.94
-27.034034,153.136468,-1.98
-27.034259,153.136478,-2.73
-27.039218,153.140625,-1.27
-27.040595,153.140525,-0.81
-27.040583,153.140654,-0.78
-27.041031,153.139999,-2.75
-27.041027,153.140233,-1.02
-27.041089,153.141032,-1.10
-27.038547,153.139299,-0.80
-27.040123,153.137472,-0.91
-27.039233,153.137249,-0.74
-27.039285,153.136244,-0.69
-27.039210,153.136242,-1.18
-27.038999,153.136303,-1.46
-27.038772,153.136269,-1.10
-27.038323,153.138861,-0.82
-27.038134,153.139768,-2.04
-27.037193,153.137496,-0.82
-27.036958,153.136269,-1.50
-27.036750,153.136496,-0.81
-27.036990,153.136249,-0.78
-27.038761,153.136986,-0.82
-27.038882,153.136993,-0.82
-27.041033,153.136090,-1.52
-27.041094,153.137251,-0.78
-27.032233,153.133424,-2.76
-27.032226,153.133707,-2.38
-27.032234,153.133962,-2.33
-27.032222,153.134687,-2.28
-27.032223,153.134456,-2.28
-27.032226,153.134213,-2.27
-27.032229,153.134970,-2.15
-27.032228,153.135977,-1.74
-27.032151,153.135542,-2.19
-27.032129,153.135473,-2.15
-27.032231,153.135207,-2.14
-27.032455,153.133440,-2.44
-27.032457,153.133702,-2.37
-27.032451,153.133937,-2.28
-27.032450,153.134216,-2.31
-27.032455,153.134969,-2.19
-27.032456,153.134716,-2.27
-27.032454,153.134466,-2.31
-27.032454,153.135224,-2.14
-27.032454,153.135475,-2.24
-27.032236,153.135517,-2.21
-27.032457,153.135978,-1.26
-27.032681,153.133459,-2.38
-27.032683,153.133706,-2.30
-27.032683,153.133939,-2.26
-27.032683,153.134209,-2.28
-27.032681,153.134466,-2.26
-27.032684,153.134968,-2.17
-27.032680,153.134718,-2.17
-27.032681,153.135187,-2.19
-27.032683,153.135385,-2.22
-27.032683,153.135724,-1.19
-27.032681,153.135967,-1.20
-27.032908,153.133711,-2.26
-27.032908,153.134681,-2.15
-27.032910,153.134460,-2.17
-27.032911,153.133962,-2.22
-27.032910,153.134210,-2.22
-27.032908,153.134960,-2.23
-27.032906,153.135223,-1.76
-27.032909,153.135467,-1.74
-27.032907,153.135710,-1.19
-27.032907,153.135980,-1.46
-27.033134,153.134704,-2.14
-27.033135,153.134464,-2.14
-27.033135,153.133700,-2.21
-27.033133,153.133963,-2.18
-27.033134,153.134212,-2.19
-27.033131,153.134973,-1.64
-27.033134,153.135225,-1.58
-27.033135,153.135427,-1.66
-27.033134,153.135964,-1.49
-27.033134,153.135703,-1.24
-27.033358,153.133711,-2.17
-27.033359,153.133955,-2.19
-27.033359,153.134206,-2.21
-27.033361,153.134468,-2.19
-27.033361,153.134715,-1.87
-27.033359,153.134971,-1.47
-27.033354,153.135728,-1.29
-27.033358,153.135467,-1.38
-27.033359,153.135219,-1.37
-27.033357,153.135979,-1.59
-27.033499,153.133711,-2.16
-27.033582,153.133962,-2.17
-27.033585,153.134213,-1.89
-27.033587,153.134455,-1.69
-27.033584,153.134698,-1.59
-27.033584,153.135981,-1.74
-27.033584,153.135723,-1.60
-27.033585,153.135472,-1.21
-27.033585,153.135226,-1.21
-27.033583,153.134972,-1.18
-27.033593,153.133467,-1.89
-27.033809,153.134970,-1.13
-27.033810,153.134720,-1.24
-27.033812,153.134462,-1.55
-27.033813,153.133964,-1.80
-27.033808,153.134215,-1.65
-27.033811,153.135225,-1.31
-27.033809,153.135476,-1.66
-27.033811,153.135727,-1.77
-27.033811,153.135980,-1.81
-27.034035,153.134718,-1.12
-27.034036,153.134469,-1.26
-27.033822,153.133471,-1.75
-27.034038,153.133963,-1.65
-27.034035,153.134205,-1.37
-27.034026,153.134974,-1.39
-27.034035,153.135223,-1.65
-27.034038,153.135473,-1.77
-27.034037,153.135982,-1.88
-27.034037,153.135721,-1.80
-27.034043,153.133464,-1.76
-27.034230,153.133957,-1.29
-27.034260,153.134218,-1.15
-27.034265,153.134462,-1.39
-27.034264,153.134714,-1.54
-27.034263,153.134962,-1.65
-27.034262,153.135224,-1.68
-27.034255,153.135981,-1.95
-27.034262,153.135722,-1.87
-27.034259,153.135477,-1.78
-27.034485,153.134464,-1.64
-27.034486,153.133613,-1.40
-27.034401,153.133739,-1.17
-27.034485,153.134218,-1.32
-27.034484,153.134722,-1.75
-27.034484,153.134972,-1.79
-27.034490,153.135227,-1.79
-27.034487,153.135729,-1.89
-27.034487,153.135476,-1.83
-27.034486,153.135981,-2.26
-27.034564,153.133713,-1.17
-27.034500,153.133790,-1.47
-27.034714,153.134973,-1.85
-27.034715,153.134719,-1.82
-27.034714,153.134471,-1.78
-27.034715,153.134217,-1.67
-27.034715,153.135226,-1.87
-27.034712,153.135477,-1.88
-27.034712,153.135693,-1.92
-27.034722,153.133488,-1.56
-27.034721,153.133716,-1.70
-27.034939,153.134215,-1.79
-27.034939,153.134722,-1.88
-27.034940,153.134462,-1.85
-27.034939,153.134973,-1.91
-27.034940,153.135710,-2.06
-27.034940,153.135463,-1.95
-27.034939,153.135224,-1.95
-27.034880,153.133232,-1.11
-27.034944,153.133476,-1.73
-27.034947,153.133720,-1.74
-27.035166,153.134974,-1.98
-27.035167,153.134721,-1.95
-27.035167,153.134470,-1.90
-27.035027,153.134218,-1.80
-27.035164,153.135181,-2.03
-27.035162,153.135480,-2.48
-27.035172,153.133467,-1.80
-27.035169,153.133724,-1.87
-27.035390,153.134469,-1.99
-27.035171,153.133972,-1.86
-27.035397,153.133466,-1.83
-27.035396,153.133719,-1.90
-27.035621,153.133515,-1.87
-27.032744,153.133459,-2.30
-27.033142,153.133214,-2.20
-27.036533,153.132754,-2.08
-27.036524,153.132459,-1.55
-27.036525,153.131708,-0.94
-27.036528,153.131452,-1.18
-27.036525,153.131199,-1.13
-27.036303,153.131703,-1.15
-27.036301,153.131450,-1.17
-27.036300,153.131209,-1.21
-27.036075,153.131954,-0.81
-27.035851,153.133214,-1.77
-27.036078,153.131703,-1.26
-27.035849,153.132978,-1.69
-27.036076,153.131451,-1.35
-27.036077,153.131198,-1.63
-27.035961,153.132588,-2.71
-27.035849,153.131955,-1.80
-27.035850,153.131771,-1.68
-27.035625,153.133215,-1.78
-27.035851,153.131453,-1.96
-27.035622,153.132961,-1.71
-27.035849,153.131206,-2.52
-27.035623,153.132709,-1.68
-27.035622,153.132207,-0.90
-27.035652,153.131709,-2.64
-27.035398,153.133215,-1.78
-27.035625,153.131452,-2.59
-27.035398,153.132964,-1.72
-27.035623,153.131198,-2.61
-27.035397,153.132709,-1.72
-27.035396,153.132460,-1.23
-27.035396,153.132207,-1.30
-27.035398,153.131974,-1.92
-27.035177,153.133212,-1.73
-27.035171,153.132964,-1.62
-27.035397,153.131270,-2.80
-27.035169,153.132715,-1.21
-27.035174,153.132459,-1.10
-27.035173,153.132206,-1.87
-27.035171,153.131970,-1.95
-27.034946,153.133214,-1.59
-27.034946,153.132966,-1.16
-27.035179,153.131197,-2.74
-27.034947,153.132723,-1.17
-27.034947,153.132463,-1.42
-27.034945,153.132206,-1.98
-27.034945,153.131984,-2.04
-27.034948,153.131462,-2.72
-27.034721,153.132960,-1.10
-27.034948,153.131203,-2.47
-27.034719,153.132746,-1.48
-27.034726,153.132456,-2.01
-27.034720,153.132231,-2.28
-27.034725,153.131954,-2.17
-27.034723,153.131701,-2.59
-27.034688,153.133368,-1.14
-27.034719,153.131453,-2.43
-27.034495,153.132959,-1.39
-27.034734,153.131197,-2.34
-27.034496,153.132726,-1.81
-27.034492,153.132458,-1.95
-27.034498,153.132228,-2.18
-27.034493,153.131953,-2.20
-27.034501,153.131750,-2.55
-27.034267,153.133217,-1.70
-27.034500,153.131480,-2.47
-27.034269,153.132965,-1.64
-27.034270,153.132718,-1.79
-27.034499,153.131214,-2.37
-27.034270,153.132457,-1.92
-27.034268,153.132205,-2.06
-27.034269,153.131960,-2.13
-27.034271,153.131702,-2.34
-27.034046,153.133212,-1.84
-27.034045,153.132967,-1.82
-27.034269,153.131447,-2.34
-27.034269,153.131200,-2.41
-27.034051,153.132707,-1.83
-27.034043,153.132458,-1.93
-27.034046,153.132206,-2.02
-27.034049,153.131952,-2.11
-27.034046,153.131707,-2.28
-27.033815,153.133214,-1.87
-27.034055,153.131448,-2.41
-27.033819,153.132960,-1.90
-27.033816,153.132709,-1.92
-27.033821,153.132458,-1.98
-27.033818,153.132207,-2.08
-27.033820,153.131952,-2.15
-27.033817,153.131795,-2.38
-27.033589,153.133211,-1.90
-27.033594,153.132959,-1.94
-27.033826,153.131498,-2.72
-27.033590,153.132708,-1.99
-27.033591,153.132456,-2.05
-27.033591,153.132203,-2.13
-27.033593,153.131959,-2.32
-27.033367,153.133211,-2.12
-27.033367,153.132960,-2.06
-27.033367,153.132708,-2.16
-27.033369,153.132462,-2.18
-27.033369,153.132241,-2.34
-27.033376,153.131950,-2.58
-27.033141,153.132963,-2.19
-27.033143,153.132705,-2.22
-27.033140,153.132461,-2.35
-27.033140,153.132225,-2.45
-27.032914,153.133231,-2.21
-27.032916,153.132960,-2.21
-27.032921,153.132708,-2.26
-27.032922,153.132474,-2.46
-27.032687,153.132981,-2.36
-27.032689,153.132709,-2.47
-27.032689,153.132453,-2.75
-27.032465,153.132986,-2.48
-27.032243,153.132464,-2.79
-27.032140,153.132454,-2.68
-27.032124,153.131717,-2.78
-27.038325,153.136065,-1.36
-27.037649,153.135740,-1.31
-27.037345,153.135989,-1.46
-27.036880,153.133385,-1.40
-27.036979,153.133973,-1.51
-27.036975,153.134245,-1.54
-27.036974,153.134478,-2.42
-27.037380,153.134974,-1.96
-27.037423,153.135224,-2.16
-27.037646,153.135735,-1.41
-27.037871,153.135849,-1.32
-27.040357,153.136044,-1.81
-27.040582,153.136038,-1.32
-27.040803,153.136070,-1.23
-27.036751,153.132724,-2.50
-27.040815,153.132213,-2.64
-27.040815,153.131958,-1.72
-27.040818,153.131821,-1.17
-27.040588,153.132213,-2.74
-27.040593,153.131973,-1.83
-27.040589,153.131707,-1.35
-27.040590,153.131688,-0.96
-27.040365,153.132235,-2.77
-27.040368,153.131959,-2.56
-27.040362,153.131706,-1.51
-27.040364,153.131291,-0.61
-27.040141,153.131957,-2.55
-27.040136,153.131706,-1.50
-27.039912,153.132246,-2.74
-27.039912,153.131959,-2.35
-27.039910,153.131711,-1.37
-27.039689,153.131957,-2.53
-27.039459,153.132212,-2.73
-27.039461,153.131957,-2.56
-27.039461,153.131205,-0.76
-27.039236,153.131958,-2.67
-27.039238,153.131201,-0.76
-27.039234,153.130951,-0.80
-27.039009,153.131957,-2.11
-27.039011,153.131704,-0.96
-27.039010,153.131204,-0.77
-27.039008,153.130948,-0.82
-27.038782,153.131958,-2.64
-27.038784,153.131200,-0.78
-27.038785,153.130949,-0.85
-27.038559,153.132211,-2.77
-27.038556,153.131956,-2.67
-27.038560,153.131201,-0.81
-27.038559,153.130953,-0.89
-27.038330,153.132214,-2.74
-27.038333,153.131955,-2.30
-27.038333,153.131707,-1.51
-27.038333,153.131202,-0.83
-27.038333,153.130949,-0.91
-27.038106,153.131958,-2.25
-27.038106,153.131705,-1.51
-27.038108,153.131202,-0.85
-27.038110,153.130953,-0.94
-27.037878,153.132211,-2.74
-27.037881,153.131962,-2.30
-27.037883,153.131454,-0.78
-27.037883,153.131200,-0.89
-27.037881,153.130949,-0.98
-27.037656,153.132207,-2.73
-27.037655,153.131955,-1.66
-27.037658,153.131453,-0.88
-27.037657,153.131200,-0.95
-27.037427,153.132460,-2.74
-27.037659,153.130947,-1.01
-27.037429,153.132218,-2.66
-27.037431,153.131452,-0.89
-27.037201,153.132712,-2.79
-27.037429,153.131198,-1.00
-27.037203,153.132460,-2.66
-27.037431,153.130948,-1.02
-27.037202,153.132207,-2.56
-27.037205,153.131451,-0.93
-27.037203,153.131201,-1.03
-27.036977,153.132710,-2.63
-27.037206,153.130950,-1.06
-27.036977,153.132207,-2.25
-27.036749,153.133478,-1.58
-27.036977,153.131450,-1.06
-27.036977,153.131201,-1.05
-27.036753,153.132471,-2.44
-27.036979,153.130946,-1.07
-27.036751,153.132206,-2.28
-27.036758,153.131704,-0.83
-27.036755,153.131449,-1.18
-27.036751,153.131201,-1.08
-27.036752,153.130945,-1.08
-27.069914,153.151154,-0.80
-27.068781,153.149317,-2.75
-27.069009,153.149136,-2.23
-27.069063,153.149133,-0.83
-27.069230,153.149640,-2.39
-27.069461,153.150962,-2.74
-27.069687,153.150297,-0.71
-27.069690,153.150399,-1.26
-27.069691,153.150650,-1.74
-27.069686,153.150908,-2.46
-27.068856,153.148628,-1.06
-27.076919,153.146127,-0.93
-27.076471,153.146377,-0.63
-27.076237,153.146385,-0.77
-27.076011,153.146375,-0.74
-27.075784,153.146375,-0.72
-27.075653,153.146376,-0.67
-27.075557,153.146857,-0.74
-27.075548,153.146620,-0.75
-27.075326,153.146622,-0.73
-27.075333,153.146273,-0.75
-27.075786,153.146122,-0.89
-27.076011,153.146120,-0.84
-27.076239,153.146120,-0.77
-27.076464,153.146121,-0.78
-27.076689,153.146125,-0.83
-27.074213,153.143598,-1.10
-27.074212,153.143354,-1.33
-27.074436,153.143597,-2.19
-27.074435,153.143849,-0.97
-27.074668,153.143862,-1.22
-27.074664,153.144101,-0.89
-27.074660,153.144359,-0.80
-27.074659,153.143704,-2.73
-27.074885,153.144353,-0.81
-27.074885,153.144109,-1.09
-27.074885,153.143857,-2.63
-27.075112,153.144356,-0.98
-27.075115,153.144104,-1.33
-27.075111,153.145121,-1.02
-27.075110,153.145364,-1.07
-27.075109,153.145870,-0.76
-27.075335,153.144357,-0.88
-27.075346,153.144102,-1.58
-27.075337,153.145366,-1.05
-27.075563,153.144102,-1.28
-27.075565,153.144355,-0.79
-27.075561,153.145618,-1.02
-27.075564,153.145365,-1.05
-27.075562,153.145868,-0.97
-27.075788,153.144356,-0.81
-27.075787,153.144156,-0.97
-27.075792,153.144090,-2.71
-27.075787,153.145369,-1.05
-27.075787,153.145615,-1.01
-27.075785,153.145877,-0.96
-27.076017,153.144356,-0.85
-27.076027,153.144110,-0.86
-27.076043,153.143879,-1.30
-27.076014,153.144608,-0.84
-27.076012,153.144860,-0.85
-27.076014,153.145113,-0.91
-27.076015,153.145365,-0.93
-27.076011,153.145627,-0.92
-27.076014,153.145870,-0.90
-27.076239,153.143713,-1.45
-27.076239,153.143851,-0.92
-27.076239,153.144358,-0.91
-27.076240,153.144108,-0.87
-27.076240,153.144609,-0.84
-27.076244,153.144862,-0.84
-27.076240,153.145365,-0.91
-27.076240,153.145868,-0.84
-27.076236,153.145618,-0.90
-27.076509,153.143430,-1.71
-27.076465,153.143603,-0.98
-27.076464,153.144107,-0.90
-27.076465,153.143853,-0.93
-27.076466,153.144358,-0.92
-27.076463,153.145871,-0.87
-27.076691,153.143602,-0.98
-27.076693,153.143852,-0.95
-27.076689,153.144105,-0.98
-27.076699,153.144365,-0.90
-27.076691,153.144610,-0.86
-27.076699,153.143350,-1.04
-27.076689,153.145873,-1.04
-27.076916,153.143602,-1.00
-27.076918,153.143855,-1.00
-27.076915,153.144104,-1.01
-27.076915,153.144608,-0.89
-27.076923,153.144361,-0.88
-27.076918,153.143354,-1.01
-27.076920,153.145116,-0.90
-27.076915,153.145371,-1.04
-27.076919,153.145632,-1.02
-27.076914,153.145875,-1.00
-27.077145,153.143603,-1.01
-27.077141,153.143852,-1.00
-27.077143,153.144356,-0.89
-27.077142,153.144105,-0.97
-27.077141,153.144615,-0.91
-27.077145,153.144861,-0.82
-27.077143,153.145112,-0.83
-27.077140,153.145368,-0.83
-27.077141,153.145623,-0.79
-27.077142,153.143350,-1.01
-27.077144,153.143109,-1.04
-27.077251,153.143093,-1.26
-27.076917,153.143110,-1.09
-27.076921,153.142997,-2.48
-27.076696,153.143251,-1.61
-27.074212,153.143094,-2.79
-27.073986,153.143092,-1.07
-27.073984,153.142841,-2.62
-27.073760,153.142842,-1.02
-27.073761,153.142587,-1.95
-27.073536,153.142589,-1.00
-27.073535,153.142335,-1.87
-27.073311,153.142335,-1.02
-27.073310,153.142082,-1.08
-27.062007,153.151261,-2.30
-27.062233,153.151267,-1.65
-27.062459,153.151255,-1.73
-27.062685,153.151268,-1.70
-27.062908,153.151268,-1.62
-27.063136,153.151269,-1.72
-27.063360,153.151270,-1.72
-27.063590,153.151271,-1.76
-27.063815,153.151270,-1.76
-27.064040,153.151268,-1.82
-27.064265,153.151271,-2.03
-27.064488,153.151271,-1.99
-27.062009,153.150888,-1.83
-27.061775,153.149474,-2.17
-27.061566,153.149630,-2.59
-27.062007,153.149348,-2.70
-27.062010,153.150633,-1.73
-27.062007,153.151140,-2.22
-27.062230,153.150595,-1.42
-27.062223,153.150889,-1.44
-27.062232,153.151140,-1.57
-27.062220,153.150030,-1.10
-27.062459,153.150597,-1.31
-27.062460,153.150890,-1.51
-27.062457,153.151142,-1.63
-27.062688,153.150133,-1.11
-27.062686,153.151143,-1.62
-27.062688,153.150889,-1.54
-27.062682,153.150613,-1.35
-27.062912,153.149882,-1.92
-27.062913,153.150637,-1.57
-27.062912,153.150887,-2.07
-27.062913,153.151130,-1.61
-27.063138,153.151145,-2.13
-27.063134,153.150889,-2.54
-27.063140,153.150637,-1.70
-27.063138,153.149884,-2.44
-27.063365,153.150114,-1.74
-27.063332,153.149827,-1.76
-27.063363,153.150369,-1.83
-27.063362,153.150615,-1.72
-27.063361,153.150893,-1.88
-27.063363,153.151145,-1.71
-27.063590,153.150889,-1.79
-27.063587,153.150389,-2.14
-27.063590,153.150135,-1.78
-27.063587,153.149882,-1.62
-27.063525,153.149574,-1.64
-27.063473,153.149378,-2.26
-27.063586,153.151135,-1.71
-27.063816,153.149576,-2.39
-27.063807,153.148625,-2.07
-27.063818,153.149107,-1.41
-27.063814,153.150388,-2.43
-27.063814,153.151117,-1.79
-27.063818,153.149377,-2.14
-27.064040,153.151142,-1.28
-27.064039,153.148876,-2.20
-27.064268,153.150880,-1.85
-27.064266,153.151144,-1.87
-27.064492,153.150892,-2.69
-27.064493,153.151144,-2.18
-27.067668,153.148883,-2.75
-27.067432,153.146602,-1.80
-27.066748,153.147733,-2.10
-27.061118,153.142321,-2.80
-27.061118,153.141816,-2.66
-27.061343,153.142571,-2.66
-27.061343,153.142066,-1.21
-27.061347,153.142319,-2.02
-27.061571,153.142068,-0.86
-27.061569,153.142322,-1.05
-27.061569,153.142574,-1.15
-27.061572,153.143075,-2.68
-27.061578,153.142824,-1.76
-27.061570,153.141818,-0.77
-27.062005,153.143359,-2.76
-27.061797,153.143076,-1.77
-27.062019,153.143329,-1.73
-27.062250,153.143333,-1.22
-27.063152,153.143709,-0.82
-27.063378,153.143726,-0.71
-27.063376,153.143834,-2.73
-27.063599,153.143836,-1.64
-27.063657,153.143808,-0.80
-27.061347,153.141817,-1.02
-27.061343,153.141565,-0.92
-27.061119,153.141564,-2.20
-27.061122,153.141313,-1.34
-27.060893,153.141312,-2.72
-27.066766,153.145851,-0.81
-27.066755,153.145853,-1.40
-27.066530,153.145600,-1.56
-27.065064,153.145456,-2.79
-27.065182,153.144846,-2.43
-27.065111,153.145345,-2.74
-27.064509,153.144005,-0.95
-27.064506,153.144088,-1.90
-27.064733,153.144340,-1.86
-27.064733,153.144234,-0.77
-27.064795,153.145097,-2.81
-27.065177,153.144593,-2.04
-27.065857,153.144848,-1.58
-27.065854,153.144830,-0.66
-27.066082,153.145100,-1.66
-27.066083,153.145039,-0.82
-27.066308,153.145292,-0.88
-27.066552,153.145602,-0.84
-27.052306,153.149178,-0.70
-27.053212,153.148850,-2.71
-27.052748,153.146849,-1.14
-27.050737,153.147086,-0.77
-27.057496,153.151135,-2.77
-27.054994,153.150883,-0.79
-27.059075,153.150962,-2.78
-27.056150,153.148363,-2.79
-27.057046,153.150127,-2.76
-27.057266,153.150510,-2.68
-27.055702,153.147354,-2.73
-27.055475,153.147356,-2.76
-27.055474,153.147103,-2.81
-27.055487,153.147014,-2.79
-27.055245,153.147357,-2.80
-27.055466,153.146407,-2.78
-27.054573,153.144831,-2.69
-27.054572,153.144583,-2.68
-27.054565,153.143919,-2.81
-27.054015,153.145280,-2.67
-27.054342,153.143566,-2.81
-27.053884,153.145253,-2.46
-27.053218,153.144752,-0.60
-27.053001,153.144560,-0.61
-27.052572,153.144079,-0.63
-27.052306,153.145432,-0.81
-27.051635,153.144584,-1.33
-27.051406,153.145323,-0.79
-27.051388,153.142049,-1.35
-27.051611,153.141521,-0.97
-27.051576,153.141550,-2.56
-27.051638,153.141508,-1.16
-27.052100,153.141055,-1.87
-27.054847,153.145283,-2.76
-27.057508,153.141806,-2.74
-27.057752,153.141560,-2.76
-27.058186,153.141308,-2.74
-27.057960,153.141317,-2.75
-27.057738,153.141307,-2.72
-27.057510,153.141306,-2.75
-27.048711,153.147122,-0.90
-27.048696,153.149083,-0.76
-27.048783,153.146928,-1.36
-27.048895,153.148607,-0.78
-27.048928,153.143224,-0.82
-27.048941,153.143058,-0.86
-27.046631,153.142208,-2.76
-27.046895,153.141974,-2.78
-27.046893,153.142298,-2.79
-27.046895,153.142549,-2.79
-27.046893,153.142803,-2.79
-27.049155,153.141390,-0.79
-26.951182,153.151119,-2.16
-26.950959,153.151119,-1.78
-26.959747,153.148161,-2.19
-26.950731,153.151119,-1.42
-26.950507,153.151117,-1.26
-26.950507,153.150991,-2.16
-26.950278,153.151120,-1.17
-26.950278,153.150992,-1.89
-26.949604,153.150734,-2.18
-26.949593,153.150991,-1.21
-26.949372,153.150991,-1.03
-26.946216,153.149977,-1.27
-26.945989,153.149965,-1.16
-26.945991,153.149727,-2.09
-26.945766,153.149968,-0.94
-26.945314,153.149727,-1.42
-26.945082,153.149727,-0.99
-26.945089,153.149473,-2.05
-26.944412,153.149430,-1.18
-26.944415,153.149223,-2.20
-26.943734,153.149218,-1.27
-26.943506,153.149219,-1.04
-26.943511,153.148969,-1.96
-26.943279,153.149220,-0.88
-26.942835,153.148968,-1.18
-26.942834,153.148717,-2.17
-26.942605,153.148955,-1.10
-26.942610,153.148717,-1.88
-26.942158,153.148714,-1.30
-26.941932,153.148707,-1.05
-26.941929,153.148463,-2.02
-26.949137,153.150983,-0.85
-26.948938,153.148747,-2.21
-26.948711,153.148996,-2.16
-26.948699,153.150639,-1.03
-26.948461,153.150739,-0.93
-26.948247,153.150722,-0.87
-26.947798,153.150232,-2.04
-26.947108,153.150221,-1.36
-26.946896,153.150221,-1.16
-26.946896,153.149981,-1.92
-26.946907,153.147984,-2.18
-26.946665,153.150231,-1.03
-26.946677,153.147482,-2.16
-26.937418,153.147198,-1.73
-26.936963,153.147194,-1.26
-26.936740,153.146945,-1.92
-26.936063,153.146945,-1.25
-26.936065,153.146693,-2.19
-26.935840,153.146928,-1.04
-26.935839,153.146687,-1.99
-26.934256,153.146186,-2.14
-26.934255,153.146432,-0.77
-26.934480,153.146433,-1.09
-26.934937,153.146433,-1.93
-26.934933,153.146678,-0.80
-26.935160,153.146689,-1.07
-26.935381,153.146689,-1.40
-26.941702,153.148711,-0.88
-26.939677,153.147946,-1.36
-26.939448,153.147955,-1.03
-26.939450,153.147702,-2.18
-26.939218,153.147956,-0.88
-26.938543,153.147702,-1.06
-26.938545,153.147450,-1.98
-26.938322,153.147680,-0.90
-26.938089,153.147696,-0.84
-26.937646,153.147449,-0.96
-26.937643,153.147199,-2.05
-26.937414,153.147440,-0.81
-26.932905,153.145682,-2.21
-26.933358,153.145931,-1.72
-26.933348,153.146187,-0.87
-26.933584,153.145930,-2.16
-26.933576,153.146185,-1.02
-26.928617,153.144669,-1.70
-26.928844,153.144666,-1.91
-26.928844,153.144886,-1.00
-26.929069,153.144667,-2.15
-26.929743,153.144922,-1.88
-26.929747,153.145117,-1.08
-26.929970,153.145145,-1.13
-26.929971,153.144922,-2.12
-26.930647,153.145173,-2.00
-26.930646,153.145405,-0.91
-26.930876,153.145426,-1.23
-26.931553,153.145426,-1.86
-26.931549,153.145674,-0.97
-26.931777,153.145426,-2.12
-26.931779,153.145672,-1.22
-26.932451,153.145921,-0.97
-26.932681,153.145928,-1.03
-26.932680,153.145679,-1.92
-27.070923,153.161359,-2.33
-27.070590,153.160846,-1.65
-27.071932,153.158649,-2.54
-27.071440,153.159966,-2.19
-27.071272,153.158715,-2.32
-27.071049,153.159244,-2.50
-27.070805,153.160064,-2.37
-27.070149,153.160483,-1.71
-27.069900,153.158692,-2.41
-27.069440,153.159481,-1.71
-27.069224,153.159905,-2.34
-27.069379,153.158922,-2.28
-27.068998,153.159696,-2.49
-27.068778,153.159417,-1.96
-27.068659,153.159265,-2.72
-27.068794,153.158977,-2.26
-27.071254,153.160482,-2.42
-27.069686,153.158220,-2.43
-27.070804,153.158209,-1.69
-27.071706,153.156442,-1.65
-27.071922,153.156445,-1.03
-27.071937,153.156958,-2.25
-27.071969,153.156451,-0.77
-27.072158,153.158213,-2.62
-27.072384,153.157694,-2.79
-27.072383,153.156331,-1.23
-27.072382,153.157458,-1.58
-27.072386,153.156978,-1.67
-27.073292,153.156307,-2.75
-27.073972,153.156419,-2.74
-27.074867,153.157124,-2.53
-27.074865,153.156950,-2.56
-27.075094,153.156958,-2.57
-27.075095,153.157207,-2.35
-27.075318,153.157210,-2.51
-27.075319,153.156869,-2.61
-27.075546,153.157207,-2.71
-27.077121,153.157969,-2.73
-27.077108,153.156568,-1.04
-27.077239,153.157919,-2.64
-27.072385,153.155692,-1.05
-27.072388,153.155833,-0.79
-27.072388,153.156199,-1.01
-27.072396,153.155442,-1.35
-27.072409,153.154532,-1.00
-27.072398,153.154688,-0.64
-27.072393,153.154030,-0.83
-27.072167,153.153789,-0.72
-27.071267,153.153678,-1.37
-27.071045,153.153173,-1.17
-27.068778,153.154151,-2.79
-27.068552,153.154170,-2.68
-27.068326,153.153921,-2.78
-27.069913,153.151409,-1.17
-27.070139,153.151913,-1.25
-27.073749,153.155447,-1.98
-27.074420,153.155452,-1.68
-27.075112,153.155694,-0.68
-27.075767,153.155953,-0.81
-27.075991,153.156110,-1.36
-27.074426,153.155387,-0.65
-27.073971,153.155313,-0.69
-27.073298,153.155193,-1.37
-27.073069,153.155195,-2.60
-27.073073,153.154941,-2.39
-27.073067,153.154693,-1.56
-27.072842,153.154941,-2.46
-26.978714,153.155817,-2.10
-26.978713,153.155546,-2.09
-26.978491,153.155799,-1.80
-26.978259,153.155815,-1.83
-26.978038,153.156319,-1.79
-26.978038,153.156069,-1.62
-26.984362,153.161117,-2.02
-26.984131,153.161119,-1.62
-26.983679,153.160868,-2.13
-26.983455,153.160867,-1.76
-26.982777,153.160616,-1.96
-26.982549,153.160617,-1.64
-26.982774,153.157839,-2.12
-26.981876,153.160359,-1.90
-26.981649,153.160359,-1.62
-26.981198,153.160109,-2.17
-26.980973,153.160109,-1.79
-26.980744,153.160112,-1.45
-26.980294,153.159854,-1.83
-26.979844,153.159608,-2.17
-26.979619,153.159602,-1.74
-26.979169,153.159347,-2.20
-26.978942,153.159349,-1.77
-26.978266,153.159095,-1.87
-26.978037,153.156569,-1.62
-26.978037,153.156806,-1.68
-26.978039,153.157054,-1.92
-26.977926,153.159095,-1.33
-26.978255,153.157055,-2.01
-26.978038,153.159095,-1.55
-26.978477,153.157323,-2.13
-26.978489,153.157067,-2.13
-26.981870,153.158587,-2.13
-26.982091,153.158591,-1.99
-26.982100,153.158343,-1.94
-26.982321,153.158091,-2.14
-26.974439,153.155813,-2.15
-26.974652,153.155729,-2.16
-26.975554,153.156064,-2.10
-26.975553,153.156185,-2.20
-26.975556,153.155811,-2.12
-26.977584,153.155311,-1.96
-26.974653,153.155555,-2.21
-26.971736,153.155312,-2.04
-26.972176,153.155558,-2.23
-26.971500,153.155061,-2.15
-26.971499,153.155560,-1.96
-26.971283,153.154553,-2.19
-26.971266,153.154086,-2.22
-26.970839,153.154572,-1.71
-26.970600,153.155053,-1.84
-26.971040,153.153783,-2.04
-26.970369,153.155317,-1.78
-26.973300,153.157577,-1.56
-26.973527,153.157580,-1.91
-26.974203,153.157830,-1.75
-26.974206,153.156327,-1.96
-26.974435,153.157830,-2.09
-26.974453,153.156330,-2.02
-26.974655,153.156319,-2.21
-26.975109,153.158082,-1.94
-26.975110,153.156322,-2.20
-26.975782,153.158334,-1.75
-26.976008,153.158336,-2.06
-26.976459,153.158592,-1.67
-26.976687,153.158590,-2.00
-26.977134,153.158847,-1.50
-26.977365,153.158842,-1.81
-26.977811,153.157298,-2.23
-26.977591,153.158849,-2.10
-26.968899,153.156309,-1.26
-26.969017,153.156311,-1.51
-26.969242,153.156310,-1.76
-26.969468,153.156312,-1.99
-26.969463,153.156564,-1.09
-26.969690,153.156563,-1.30
-26.969914,153.156563,-1.45
-26.970143,153.156570,-1.73
-26.970365,153.156564,-2.00
-26.970596,153.156817,-1.29
-26.970817,153.156818,-1.51
-26.971047,153.156818,-1.77
-26.971268,153.156818,-1.97
-26.971494,153.157070,-1.27
-26.971724,153.157070,-1.49
-26.971944,153.157074,-1.81
-26.972172,153.157074,-2.19
-26.972398,153.157325,-1.38
-26.972625,153.157322,-1.71
-26.972850,153.157322,-2.06
-26.973074,153.157576,-1.32
-26.964276,153.154793,-1.85
-26.964500,153.154793,-2.09
-26.965177,153.155050,-1.79
-26.965855,153.155297,-1.54
-26.966079,153.155304,-1.89
-26.966308,153.155551,-1.20
-26.966531,153.155550,-1.45
-26.966761,153.155554,-1.74
-26.966984,153.155555,-2.01
-26.967208,153.155806,-1.30
-26.967432,153.155807,-1.55
-26.967658,153.155806,-1.91
-26.968112,153.156062,-1.48
-26.968338,153.156057,-1.75
-26.968561,153.156063,-2.10
-26.966982,153.154306,-2.03
-26.967663,153.154546,-1.73
-26.968563,153.154799,-2.03
-26.968563,153.154547,-2.00
-26.968344,153.154550,-2.09
-26.968343,153.154295,-2.07
-26.967888,153.154552,-1.80
-26.967211,153.154292,-2.03
-26.966757,153.154294,-2.10
-26.966533,153.154307,-1.60
-26.965630,153.155299,-1.27
-26.965856,153.153789,-2.23
-26.965402,153.155046,-2.09
-26.965402,153.155303,-1.08
-26.964955,153.155044,-1.49
-26.964728,153.155045,-1.28
-26.964725,153.154043,-2.24
-26.964048,153.154792,-1.57
-26.963822,153.154792,-1.39
-26.963597,153.154542,-2.20
-26.963828,153.153029,-2.20
-26.963826,153.152797,-2.19
-26.963598,153.153538,-2.14
-26.963374,153.154539,-1.88
-26.963604,153.152786,-2.19
-26.963608,153.152525,-2.19
-26.963376,153.153532,-1.98
-26.963150,153.154539,-1.66
-26.963372,153.152779,-2.21
-26.963373,153.152523,-2.17
-26.963376,153.152275,-2.21
-26.962919,153.154538,-1.51
-26.963157,153.152526,-2.20
-26.962922,153.153787,-2.20
-26.963151,153.152284,-2.22
-26.963151,153.152021,-2.24
-26.962930,153.153028,-1.94
-26.962693,153.154541,-1.33
-26.962926,153.152783,-2.04
-26.962922,153.152526,-2.11
-26.962701,153.153789,-2.22
-26.962925,153.152287,-2.21
-26.962694,153.153543,-2.19
-26.962934,153.152022,-2.20
-26.962698,153.153297,-2.18
-26.962697,153.153028,-2.07
-26.962470,153.154287,-1.88
-26.962697,153.152783,-2.01
-26.962706,153.152522,-2.11
-26.962704,153.152278,-2.13
-26.962468,153.153530,-2.15
-26.962703,153.152019,-2.21
-26.962469,153.153288,-2.18
-26.962475,153.153029,-2.07
-26.962473,153.152777,-2.06
-26.962244,153.154286,-1.66
-26.962476,153.152530,-2.14
-26.962478,153.152276,-2.09
-26.962474,153.152023,-2.13
-26.962251,153.153283,-2.23
-26.962247,153.153025,-2.20
-26.962246,153.152775,-2.09
-26.962017,153.154286,-1.45
-26.962247,153.152524,-2.16
-26.962261,153.152278,-2.22
-26.962246,153.152022,-2.10
-26.962245,153.151781,-2.17
-26.962019,153.152532,-2.23
-26.961793,153.154035,-2.19
-26.962024,153.152021,-2.20
-26.962021,153.151775,-2.16
-26.961569,153.154039,-1.83
-26.961343,153.154034,-1.60
-26.961282,153.154276,-1.38
-26.960892,153.153780,-2.06
-26.961109,153.154274,-1.22
-26.960664,153.153782,-1.82
-26.960436,153.153783,-1.57
-26.960674,153.151784,-2.24
-26.960213,153.153780,-1.33
-26.960664,153.151533,-2.18
-26.959985,153.153617,-2.15
-26.960631,153.151475,-2.19
-26.960631,153.151200,-2.18
-26.960437,153.151257,-2.23
-26.959756,153.153586,-1.50
-26.959533,153.153556,-1.39
-26.959306,153.153656,-1.31
-26.959085,153.153274,-2.10
-26.958862,153.153279,-1.84
-26.958760,153.153523,-1.55
-26.958630,153.153510,-1.33
-26.958400,153.153475,-1.19
-26.958181,153.153020,-2.11
-26.957960,153.153020,-1.91
-26.957731,153.153023,-1.57
-26.957453,153.153222,-1.16
-26.957278,153.152775,-2.19
-26.957053,153.152768,-1.84
-26.956828,153.152768,-1.57
-26.956600,153.152769,-1.35
-26.956376,153.152768,-1.21
-26.956376,153.152518,-2.18
-26.956151,153.152515,-1.90
-26.955697,153.152721,-1.25
-26.955248,153.152261,-1.96
-26.955466,153.152588,-1.06
-26.955221,153.152510,-1.72
-26.954792,153.152356,-1.16
-26.954570,153.152012,-2.15
-26.954344,153.152008,-1.77
-26.954119,153.152010,-1.50
-26.953667,153.151762,-2.08
-26.953666,153.152183,-1.16
-26.953443,153.151758,-1.89
-26.953216,153.151756,-1.74
-26.952984,153.151937,-1.27
-26.952684,153.151752,-2.13
-26.952764,153.151989,-1.16
-26.952535,153.151750,-1.85
-26.952083,153.151663,-1.30
-26.951861,153.151734,-1.05
-26.951861,153.151496,-2.03
-26.951635,153.151749,-0.93
-26.951181,153.151437,-1.25
-26.950956,153.151462,-1.05
-26.947726,153.151118,-1.41
-26.947566,153.151118,-1.49
-26.947337,153.151119,-1.52
-26.947110,153.151120,-1.38
-27.005337,153.166427,-2.24
-27.006909,153.170723,-1.67
-27.007140,153.170722,-2.06
-27.008037,153.171318,-1.00
-27.008265,153.171353,-1.21
-27.008262,153.171228,-2.01
-27.008492,153.171354,-1.42
-27.008717,153.171355,-1.78
-27.008943,153.171358,-2.20
-27.007589,153.170974,-1.84
-27.008039,153.171229,-1.61
-27.008038,153.169969,-2.12
-27.007362,153.170977,-1.46
-27.007137,153.171217,-0.77
-27.007365,153.169211,-2.22
-27.007139,153.169212,-2.20
-27.007138,153.168960,-2.14
-27.006684,153.170972,-0.86
-27.006909,153.169461,-2.24
-27.006915,153.169210,-2.09
-27.006911,153.168959,-2.08
-27.006914,153.168705,-2.16
-27.006459,153.170471,-1.86
-27.006689,153.169211,-2.13
-27.006687,153.168955,-2.02
-27.006686,153.168706,-2.12
-27.006236,153.170669,-0.93
-27.006461,153.169203,-2.17
-27.006460,153.168959,-2.00
-27.006460,153.168708,-2.19
-27.006239,153.169201,-2.21
-27.006006,153.170220,-2.11
-27.006235,153.168958,-1.97
-27.006239,153.168706,-2.15
-27.006010,153.168957,-1.91
-27.005781,153.168954,-1.87
-27.005556,153.168451,-2.22
-27.005335,153.168706,-1.84
-27.005332,153.168453,-2.16
-27.005108,153.168705,-2.10
-27.005109,153.166672,-2.22
-27.000600,153.165408,-1.92
-27.000826,153.165424,-1.86
-27.001051,153.166172,-2.15
-27.000824,153.165669,-1.69
-27.001047,153.164919,-2.10
-27.001047,153.165169,-2.21
-27.001046,153.165925,-1.67
-27.001276,153.165927,-2.05
-27.001501,153.165676,-1.98
-27.002179,153.165425,-2.18
-27.002404,153.165928,-2.22
-27.002402,153.165678,-2.17
-27.002625,153.165425,-2.17
-27.003079,153.166180,-2.23
-26.996531,153.166173,-1.93
-26.997209,153.166427,-2.00
-26.998791,153.165421,-1.89
-26.998792,153.164664,-1.90
-26.998793,153.165162,-2.02
-26.998796,153.164412,-2.04
-26.999018,153.165419,-2.17
-26.999019,153.164915,-1.97
-26.999013,153.164660,-1.92
-26.999246,153.165158,-1.97
-26.999247,153.164918,-1.74
-26.999697,153.165420,-2.24
-26.999691,153.166427,-2.12
-27.000145,153.165673,-2.11
-27.000147,153.165422,-1.89
-27.000370,153.165420,-1.71
-27.004881,153.169964,-1.19
-27.004883,153.169713,-2.16
-27.004659,153.167947,-2.00
-27.004657,153.168200,-1.90
-27.004199,153.169702,-1.21
-27.003755,153.169460,-1.32
-27.003527,153.169459,-1.15
-27.003752,153.167694,-1.77
-27.003755,153.167192,-1.70
-27.003757,153.167437,-1.97
-27.003078,153.169204,-1.25
-27.003075,153.168954,-2.13
-27.003305,153.167940,-2.20
-27.003080,153.167176,-1.69
-27.002625,153.168951,-1.36
-27.002399,153.168953,-1.13
-27.002402,153.168698,-1.94
-27.002855,153.167191,-1.70
-27.002853,153.167440,-1.68
-27.001950,153.168695,-1.24
-27.001946,153.168447,-2.16
-27.002174,153.167433,-1.94
-27.001722,153.168640,-1.08
-27.001270,153.168441,-1.16
-27.000823,153.168194,-1.26
-27.000819,153.167944,-2.18
-27.001724,153.166663,-2.20
-27.001726,153.166393,-1.72
-27.001948,153.167441,-1.83
-27.001930,153.166682,-1.75
-27.002176,153.167582,-1.78
-27.002629,153.167680,-1.84
-27.002847,153.167687,-1.95
-27.003305,153.166939,-1.68
-27.003528,153.167932,-2.23
-27.004645,153.166938,-2.00
-27.004885,153.166940,-2.19
-26.997211,153.166592,-1.17
-26.997890,153.166912,-1.16
-26.997888,153.166677,-2.14
-26.998338,153.167184,-1.04
-26.999015,153.167181,-2.02
-26.999016,153.167434,-1.14
-26.999465,153.167435,-1.79
-26.999448,153.167687,-1.00
-26.999689,153.167687,-1.21
-26.999692,153.167436,-2.24
-27.000145,153.167691,-1.97
-27.000146,153.167942,-1.10
-26.991799,153.164148,-2.23
-26.991798,153.164269,-1.22
-26.992246,153.164402,-2.02
-26.992249,153.164501,-1.16
-26.993377,153.164902,-2.03
-26.994053,153.165162,-2.02
-26.994503,153.165413,-1.71
-26.994729,153.165412,-2.10
-26.995406,153.165661,-2.20
-26.995858,153.165920,-1.84
-26.990666,153.163719,-1.21
-26.990215,153.163503,-1.40
-26.989994,153.163391,-2.07
-26.989542,153.163168,-1.38
-26.989316,153.163064,-2.00
-26.989090,153.162949,-1.69
-26.988638,153.162731,-2.08
-26.988192,153.162637,-1.70
-26.987963,153.162393,-2.12
-26.987517,153.162385,-1.71
-26.987065,153.162137,-2.06
-26.986953,153.162129,-1.61
-26.986386,153.161882,-1.98
-26.985710,153.161627,-1.93
-26.985483,153.161632,-1.53
-26.985031,153.161377,-1.87
-26.984809,153.161370,-1.54
-27.036918,153.181468,-2.77
-27.036919,153.181354,-2.76
-27.036916,153.181098,-2.79
-27.037143,153.181482,-2.69
-27.037145,153.181346,-2.70
-27.037142,153.181086,-2.72
-27.037370,153.181479,-2.55
-27.037367,153.181349,-2.68
-27.037371,153.181100,-2.64
-27.037369,153.180851,-2.66
-27.037595,153.181479,-2.32
-27.037588,153.181346,-2.55
-27.037595,153.181106,-2.67
-27.037597,153.180849,-2.57
-27.037596,153.180600,-2.80
-27.037822,153.181482,-2.30
-27.037821,153.181357,-2.52
-27.037823,153.181096,-2.59
-27.037822,153.180850,-2.59
-27.037803,153.180600,-2.71
-27.038047,153.181470,-2.39
-27.038046,153.181349,-2.53
-27.038048,153.181105,-2.55
-27.038042,153.180835,-2.63
-27.038039,153.180603,-2.78
-27.038272,153.181474,-2.52
-27.038272,153.181352,-2.53
-27.038267,153.181104,-2.49
-27.038272,153.180844,-2.65
-27.038274,153.180599,-2.71
-27.038489,153.181477,-2.55
-27.038499,153.181358,-2.57
-27.038499,153.181106,-2.53
-27.038500,153.180849,-2.69
-27.038496,153.180603,-2.73
-27.038718,153.181485,-2.59
-27.038720,153.181358,-2.59
-27.038724,153.181107,-2.53
-27.038725,153.180852,-2.63
-27.038722,153.180596,-2.70
-27.038950,153.181484,-2.60
-27.038952,153.181357,-2.59
-27.038945,153.180851,-2.66
-27.038950,153.181107,-2.59
-27.039173,153.181486,-2.63
-27.039175,153.181352,-2.65
-27.039172,153.181103,-2.70
-27.039402,153.181481,-2.73
-27.039401,153.181356,-2.58
-27.039403,153.181106,-2.76
-27.039623,153.181475,-2.65
-27.039623,153.181360,-2.72
-27.039616,153.181105,-2.65
-27.039627,153.180856,-2.50
-27.039853,153.181484,-2.57
-27.039851,153.181359,-2.55
-27.039854,153.181108,-2.50
-27.039852,153.180847,-2.40
-27.040080,153.181474,-2.54
-27.040078,153.181354,-2.51
-27.040077,153.181074,-2.47
-27.040078,153.180844,-2.52
-27.040077,153.180601,-2.68
-27.040302,153.181486,-2.53
-27.040295,153.181349,-2.49
-27.040304,153.181108,-2.48
-27.040307,153.180834,-2.57
-27.040307,153.180597,-2.56
-27.040529,153.181479,-2.52
-27.040530,153.181357,-2.54
-27.040527,153.181096,-2.67
-27.040526,153.180855,-2.59
-27.040528,153.180461,-2.52
-27.040748,153.181486,-2.51
-27.040755,153.181362,-2.78
-27.040754,153.181109,-2.76
-27.040758,153.180850,-2.58
-27.040756,153.180590,-2.54
-27.040981,153.181482,-2.52
-27.040973,153.181361,-2.81
-27.040979,153.180846,-2.58
-27.040968,153.181111,-2.81
-27.040974,153.180606,-2.51
-27.041091,153.181469,-2.49
-27.041096,153.181350,-2.79
-27.041096,153.180599,-2.45
-27.041094,153.180851,-2.58
-27.041095,153.180355,-2.56
-27.041027,153.179972,-2.61
-27.040985,153.180326,-2.54
-27.040982,153.180101,-2.59
-27.040753,153.180342,-2.53
-27.040696,153.179888,-2.57
-27.040531,153.180312,-2.58
-27.040525,153.180094,-2.60
-27.040306,153.180344,-2.70
-27.040301,153.180097,-2.77
-27.040081,153.180338,-2.79
-27.032100,153.181379,-1.70
-27.032405,153.181472,-1.90
-27.032632,153.181473,-2.74
-27.030373,153.176304,-1.68
-27.030151,153.176539,-1.74
-27.029924,153.176518,-1.67
-27.029702,153.176555,-1.73
-27.029474,153.176515,-1.83
-27.029243,153.176464,-1.78
-27.028575,153.176300,-1.75
-27.027892,153.175538,-1.94
-27.030377,153.175043,-2.04
-27.030597,153.176054,-1.83
-27.030605,153.175296,-2.71
-27.030829,153.175544,-2.81
-27.030827,153.175790,-1.78
-27.026313,153.176551,-2.68
-27.024727,153.176547,-2.66
-27.027210,153.175040,-2.56
-27.027446,153.180587,-1.56
-27.027445,153.180339,-2.51
-27.027672,153.180587,-1.95
-27.027894,153.179575,-2.57
-27.027894,153.180844,-1.56
-27.027895,153.180596,-2.63
-27.028116,153.179537,-2.33
-27.028120,153.180841,-1.94
-27.028344,153.179073,-2.44
-27.028342,153.179324,-1.78
-27.028347,153.181093,-1.51
-27.028348,153.180840,-2.62
-27.028570,153.179325,-2.07
-27.028573,153.181094,-1.89
-27.028569,153.179579,-1.79
-27.028795,153.179560,-2.44
-27.028795,153.181344,-1.50
-27.028798,153.181095,-2.57
-27.028807,153.180247,-1.95
-27.029025,153.181345,-1.87
-27.029248,153.181350,-2.44
-27.029475,153.180767,-1.88
-27.029693,153.180082,-2.06
-27.029925,153.180082,-2.46
-27.029913,153.180336,-2.56
-27.030377,153.180977,-2.13
-27.030602,153.181042,-1.84
-27.030995,153.180959,-1.91
-27.031489,153.181191,-1.80
-27.027665,153.179071,-2.07
-27.029252,153.180571,-1.66
-27.029019,153.177059,-2.32
-27.029017,153.176807,-1.69
-27.028797,153.177309,-2.40
-27.028570,153.177297,-1.86
-27.028580,153.176743,-1.68
-27.028343,153.177294,-1.73
-27.028342,153.176920,-1.80
-27.027894,153.178815,-2.31
-27.028117,153.177310,-1.64
-27.027670,153.178818,-2.14
-27.027890,153.177268,-1.66
-27.027896,153.177055,-1.85
-27.027667,153.177308,-1.75
-27.024287,153.178820,-1.40
-27.024513,153.178820,-1.72
-27.024739,153.179070,-1.37
-27.024737,153.178823,-2.30
-27.024962,153.179072,-1.72
-27.025187,153.179323,-1.36
-27.025190,153.179072,-2.29
-27.025416,153.179325,-1.72
-27.025638,153.179577,-1.28
-27.025638,153.179327,-2.25
-27.025863,153.179577,-1.76
-27.026089,153.179830,-1.45
-27.026093,153.179578,-2.34
-27.026315,153.179828,-1.82
-27.026543,153.180086,-1.48
-27.026545,153.179830,-2.36
-27.026769,153.180084,-1.84
-27.026994,153.180333,-1.52
-27.026997,153.180084,-2.42
-27.027222,153.180336,-1.89
-27.026990,153.178567,-2.54
-27.027217,153.179073,-1.84
-27.027438,153.177560,-2.21
-27.027215,153.177560,-1.87
-27.026989,153.177559,-1.87
-27.026765,153.178296,-2.14
-27.026541,153.177541,-1.90
-27.026313,153.176796,-2.54
-27.025409,153.177032,-1.99
-27.024962,153.176798,-2.76
-27.024286,153.178568,-2.30
-27.024061,153.178564,-1.73
-27.023834,153.178567,-1.39
-27.023835,153.178334,-2.36
-27.023610,153.178313,-1.78
-27.023385,153.178313,-1.42
-27.023384,153.178116,-2.45
-27.023158,153.178061,-1.85
-27.023044,153.178061,-1.47
-27.023045,153.177976,-2.64
-27.019768,153.176537,-1.86
-27.019319,153.176285,-2.11
-27.019096,153.176279,-1.69
-27.018420,153.176139,-1.11
-27.018643,153.176033,-1.91
-27.018415,153.176035,-1.60
-27.017967,153.175779,-1.87
-27.017515,153.175529,-2.09
-27.017286,153.175528,-1.74
-27.016836,153.175276,-1.95
-27.016614,153.175264,-1.57
-27.016161,153.175015,-1.73
-27.016388,153.175021,-2.12
-27.014356,153.174008,-2.11
-27.014580,153.174262,-1.60
-27.014807,153.174264,-2.01
-27.015033,153.174516,-1.50
-27.015260,153.174518,-1.93
-27.015707,153.174770,-1.83
-27.022706,153.178061,-1.17
-27.022709,153.177838,-1.91
-27.022485,153.177807,-1.54
-27.022258,153.177805,-1.24
-27.022257,153.177664,-2.17
-27.022029,153.177582,-1.60
-27.021805,153.177553,-1.29
-27.021806,153.177498,-2.24
-27.021578,153.177411,-1.69
-27.021353,153.177320,-1.33
-27.020903,153.177141,-1.40
-27.020676,153.177048,-1.14
-27.020898,153.177044,-2.04
-27.020227,153.176873,-1.21
-27.020448,153.176790,-2.15
-27.009619,153.172233,-0.86
-27.010071,153.171988,-2.11
-27.010418,153.172245,-1.20
-27.010480,153.172002,-1.92
-27.010745,153.172745,-0.82
-27.010970,153.172494,-1.73
-27.011197,153.172489,-2.12
-27.011380,153.172914,-1.03
-27.011429,153.172906,-1.17
-27.011650,153.172745,-1.92
-27.012324,153.172998,-2.21
-27.012779,153.173247,-2.08
-27.013230,153.173504,-1.94
-27.008942,153.171982,-0.81
-27.009395,153.171736,-1.93
-27.041429,153.181615,-2.49
-27.041494,153.181519,-2.47
-27.041661,153.181495,-2.46
-27.041893,153.181494,-2.46
-27.042115,153.181492,-2.43
-27.042340,153.181509,-2.36
-27.042568,153.181495,-2.34
-27.042797,153.181498,-2.36
-27.043020,153.181496,-2.32
-27.043251,153.181493,-2.36
-27.043467,153.181507,-2.31
-27.043693,153.181496,-2.30
-27.043921,153.181499,-2.37
-27.044146,153.181506,-2.51
-27.044592,153.181618,-2.59
-27.044818,153.181603,-2.65
-27.045044,153.181608,-2.58
-27.050008,153.186422,-2.67
-27.050007,153.186169,-2.67
-27.050013,153.185922,-2.69
-27.049782,153.186420,-2.68
-27.049786,153.186199,-2.66
-27.049782,153.185935,-2.60
-27.050011,153.185454,-2.81
-27.050013,153.185206,-2.77
-27.049786,153.185698,-2.81
-27.050019,153.184911,-2.75
-27.049807,153.185435,-2.75
-27.049555,153.186425,-2.68
-27.049784,153.185172,-2.71
-27.050015,153.184407,-2.78
-27.049555,153.186202,-2.50
-27.049827,153.184914,-2.75
-27.049568,153.185917,-2.66
-27.049801,153.184662,-2.68
-27.049559,153.185707,-2.70
-27.049569,153.185464,-2.69
-27.049568,153.185211,-2.68
-27.049335,153.186463,-2.29
-27.049332,153.186286,-2.71
-27.049556,153.184956,-2.54
-27.049335,153.185931,-2.75
-27.049557,153.184662,-2.68
-27.049366,153.185666,-2.59
-27.049572,153.184451,-2.81
-27.049340,153.185427,-2.65
-27.049334,153.185253,-2.75
-27.049107,153.186197,-2.75
-27.049330,153.184915,-2.57
-27.049120,153.186048,-2.80
-27.049334,153.184713,-2.53
-27.049110,153.185663,-2.62
-27.049332,153.184419,-2.59
-27.049107,153.185464,-2.55
-27.049106,153.185276,-2.66
-27.049335,153.184255,-2.74
-27.048889,153.186445,-2.54
-27.048885,153.186233,-2.76
-27.049132,153.184954,-2.58
-27.048898,153.185955,-2.68
-27.049105,153.184690,-2.50
-27.048903,153.185663,-2.46
-27.049123,153.184406,-2.51
-27.048894,153.185474,-2.47
-27.049130,153.184168,-2.64
-27.048889,153.185171,-2.50
-27.048658,153.186430,-2.49
-27.048655,153.186186,-2.51
-27.048905,153.184916,-2.60
-27.048656,153.185917,-2.34
-27.048949,153.184729,-2.60
-27.048658,153.185681,-2.35
-27.048884,153.184405,-2.62
-27.048656,153.185411,-2.41
-27.048659,153.185177,-2.41
-27.048427,153.186454,-2.44
-27.048450,153.186210,-2.42
-27.048895,153.184157,-2.54
-27.048882,153.183918,-2.68
-27.048657,153.184912,-2.53
-27.048429,153.185935,-2.36
-27.048658,153.184670,-2.51
-27.048431,153.185689,-2.41
-27.048657,153.184464,-2.67
-27.048433,153.185410,-2.39
-27.048200,153.186447,-2.41
-27.048660,153.184260,-2.49
-27.048443,153.185169,-2.45
-27.048206,153.186175,-2.42
-27.048429,153.184914,-2.48
-27.048201,153.185924,-2.46
-27.048660,153.183906,-2.54
-27.048433,153.184660,-2.49
-27.048211,153.185664,-2.45
-27.048438,153.184416,-2.48
-27.048219,153.185414,-2.39
-27.048434,153.184174,-2.50
-27.047976,153.186434,-2.44
-27.048203,153.185186,-2.34
-27.047976,153.186214,-2.45
-27.048211,153.184920,-2.41
-27.047976,153.185916,-2.42
-27.048431,153.183962,-2.50
-27.048207,153.184682,-2.47
-27.047986,153.185662,-2.42
-27.048218,153.184414,-2.53
-27.047990,153.185411,-2.38
-27.047753,153.186416,-2.43
-27.047977,153.185166,-2.35
-27.048203,153.184169,-2.51
-27.047757,153.186167,-2.38
-27.047980,153.184904,-2.35
-27.047754,153.185916,-2.37
-27.047983,153.184653,-2.38
-27.047760,153.185662,-2.43
-27.047981,153.184449,-2.46
-27.048212,153.183899,-2.49
-27.047754,153.185411,-2.44
-27.047978,153.184225,-2.48
-27.047751,153.185171,-2.37
-27.047558,153.186439,-2.47
-27.047532,153.186209,-2.48
-27.047752,153.184911,-2.34
-27.047985,153.183901,-2.46
-27.047525,153.185913,-2.41
-27.047756,153.184654,-2.34
-27.047981,153.183652,-2.52
-27.047525,153.185675,-2.42
-27.047755,153.184412,-2.35
-27.047535,153.185412,-2.38
-27.047753,153.184150,-2.46
-27.047318,153.186420,-2.67
-27.047540,153.185171,-2.36
-27.047300,153.186208,-2.70
-27.047527,153.184967,-2.38
-27.047771,153.183952,-2.49
-27.047299,153.185926,-2.45
-27.047531,153.184670,-2.36
-27.047303,153.185664,-2.47
-27.047532,153.184400,-2.36
-27.047299,153.185453,-2.38
-27.047528,153.184151,-2.39
-27.047073,153.186422,-2.51
-27.047311,153.185179,-2.36
-27.047076,153.186165,-2.65
-27.047300,153.184903,-2.40
-27.047074,153.185925,-2.56
-27.047306,153.184675,-2.38
-27.047090,153.185678,-2.46
-27.047300,153.184437,-2.36
-27.047077,153.185408,-2.39
-27.047311,153.184156,-2.38
-27.046845,153.186432,-2.47
-27.047074,153.185177,-2.40
-27.047531,153.183899,-2.42
-27.046850,153.186169,-2.51
-27.047306,153.183898,-2.39
-27.047081,153.184929,-2.41
-27.046861,153.185923,-2.53
-27.047079,153.184656,-2.43
-27.046847,153.185679,-2.63
-27.047076,153.184410,-2.39
-27.046849,153.185410,-2.48
-27.047081,153.184148,-2.37
-27.046622,153.186431,-2.45
-27.046852,153.185158,-2.42
-27.046622,153.186186,-2.44
-27.046865,153.184906,-2.42
-27.046625,153.185914,-2.46
-27.047075,153.183896,-2.39
-27.046849,153.184651,-2.43
-27.046622,153.185664,-2.48
-27.046860,153.184422,-2.40
-27.046621,153.185461,-2.60
-27.046849,153.184170,-2.41
-27.046395,153.186492,-2.52
-27.046625,153.185169,-2.47
-27.046397,153.186187,-2.50
-27.046855,153.183896,-2.40
-27.046627,153.184903,-2.46
-27.046400,153.185914,-2.50
-27.046623,153.184660,-2.42
-27.046854,153.183645,-2.40
-27.046406,153.185673,-2.52
-27.046623,153.184408,-2.42
-27.046401,153.185412,-2.57
-27.046624,153.184146,-2.41
-27.046175,153.186416,-2.63
-27.046401,153.185154,-2.50
-27.046183,153.186164,-2.61
-27.046629,153.183905,-2.38
-27.046409,153.184902,-2.49
-27.046173,153.185924,-2.61
-27.046630,153.183645,-2.39
-27.046397,153.184652,-2.42
-27.046180,153.185657,-2.58
-27.046401,153.184397,-2.41
-27.046178,153.185425,-2.59
-27.045955,153.186414,-2.64
-27.046397,153.184151,-2.39
-27.046174,153.185159,-2.52
-27.045943,153.186178,-2.60
-27.046401,153.183896,-2.40
-27.046171,153.184944,-2.50
-27.045947,153.185941,-2.64
-27.046175,153.184653,-2.42
-27.046409,153.183648,-2.40
-27.045957,153.185663,-2.57
-27.046173,153.184399,-2.40
-27.045945,153.185425,-2.66
-27.045718,153.186425,-2.62
-27.046175,153.184149,-2.43
-27.045948,153.185153,-2.60
-27.045720,153.186177,-2.58
-27.046175,153.183905,-2.41
-27.045945,153.184917,-2.51
-27.045726,153.185987,-2.61
-27.046196,153.183644,-2.44
-27.045951,153.184653,-2.41
-27.045728,153.185680,-2.61
-27.045948,153.184397,-2.43
-27.045740,153.185409,-2.70
-27.045496,153.186418,-2.61
-27.045949,153.184150,-2.44
-27.045720,153.185162,-2.66
-27.045506,153.186171,-2.61
-27.045723,153.184921,-2.59
-27.045498,153.185919,-2.59
-27.045952,153.183894,-2.45
-27.045725,153.184708,-2.44
-27.045507,153.185659,-2.59
-27.045955,153.183647,-2.50
-27.045721,153.184411,-2.42
-27.045505,153.185425,-2.61
-27.045721,153.184166,-2.46
-27.045495,153.185171,-2.63
-27.045496,153.184906,-2.62
-27.045722,153.183901,-2.51
-27.045494,153.184651,-2.47
-27.045725,153.183647,-2.78
-27.045498,153.184414,-2.42
-27.045495,153.184154,-2.46
-27.045496,153.183893,-2.51
-27.046173,153.183441,-2.75
-27.046412,153.183412,-2.38
-27.046631,153.183402,-2.58
-27.046629,153.183189,-2.75
-27.046859,153.183391,-2.63
-27.046851,153.183361,-2.69
-27.047079,153.183644,-2.42
-27.047079,153.183501,-2.61
-27.047313,153.183648,-2.50
-27.047326,153.183440,-2.50
-27.047526,153.183658,-2.52
-27.047533,153.183482,-2.56
-27.047753,153.183675,-2.57
-27.047753,153.183523,-2.59
-27.047754,153.183187,-2.73
-27.048005,153.183429,-2.62
-27.047990,153.183176,-2.80
-27.048208,153.183668,-2.54
-27.048204,153.183463,-2.67
-27.048432,153.183681,-2.61
-27.048889,153.183484,-2.81
-27.041425,153.186400,-2.70
-27.042555,153.186655,-2.48
-27.042327,153.186656,-2.49
-27.042548,153.186406,-2.49
-27.044367,153.186415,-2.45
-27.045269,153.186417,-2.52
-27.045272,153.186166,-2.59
-27.045268,153.185912,-2.57
-27.045268,153.185659,-2.61
-27.045280,153.185405,-2.62
-27.045041,153.186438,-2.50
-27.045277,153.185174,-2.64
-27.045051,153.186162,-2.46
-27.045045,153.185913,-2.45
-27.045276,153.184909,-2.62
-27.045045,153.185659,-2.48
-27.045275,153.184658,-2.50
-27.045268,153.184397,-2.43
-27.045042,153.185416,-2.62
-27.044818,153.186411,-2.49
-27.045273,153.184146,-2.45
-27.044818,153.186173,-2.45
-27.045043,153.185176,-2.62
-27.045270,153.183893,-2.55
-27.045053,153.184908,-2.61
-27.044816,153.185913,-2.43
-27.045045,153.184656,-2.48
-27.044816,153.185662,-2.49
-27.045043,153.184431,-2.47
-27.044816,153.185415,-2.58
-27.044596,153.186419,-2.44
-27.045049,153.184149,-2.47
-27.044599,153.186161,-2.38
-27.044820,153.185152,-2.59
-27.044818,153.184913,-2.56
-27.044589,153.185918,-2.40
-27.044820,153.184648,-2.48
-27.044598,153.185669,-2.50
-27.044818,153.184400,-2.49
-27.044602,153.185408,-2.63
-27.044823,153.184169,-2.55
-27.044593,153.185152,-2.54
-27.044366,153.186174,-2.44
-27.044365,153.185918,-2.43
-27.044593,153.184906,-2.52
-27.044599,153.184660,-2.54
-27.044369,153.185656,-2.48
-27.044595,153.184395,-2.51
-27.044375,153.185407,-2.63
-27.044138,153.186414,-2.47
-27.044593,153.184155,-2.53
-27.044375,153.185155,-2.60
-27.044137,153.186186,-2.49
-27.044374,153.184905,-2.58
-27.044140,153.185920,-2.47
-27.044368,153.184648,-2.54
-27.044140,153.185666,-2.49
-27.044144,153.185412,-2.55
-27.044372,153.184401,-2.50
-27.044045,153.186418,-2.49
-27.044372,153.184144,-2.50
-27.044144,153.185152,-2.58
-27.043917,153.186159,-2.54
-27.043916,153.185909,-2.51
-27.044139,153.184900,-2.58
-27.043916,153.185656,-2.50
-27.044145,153.184646,-2.54
-27.044143,153.184414,-2.49
-27.043913,153.185432,-2.51
-27.043910,153.186643,-2.45
-27.043914,153.185153,-2.54
-27.043690,153.186165,-2.58
-27.044144,153.184153,-2.47
-27.043702,153.185906,-2.53
-27.043917,153.184899,-2.57
-27.043694,153.185656,-2.51
-27.043918,153.184666,-2.56
-27.043688,153.185421,-2.54
-27.043918,153.184394,-2.50
-27.043678,153.186643,-2.47
-27.043691,153.185152,-2.55
-27.043465,153.186176,-2.57
-27.043917,153.184156,-2.48
-27.043919,153.183906,-2.68
-27.043691,153.184907,-2.57
-27.043461,153.185915,-2.59
-27.043461,153.185664,-2.58
-27.043692,153.184655,-2.55
-27.043463,153.185409,-2.58
-27.043695,153.184396,-2.51
-27.043459,153.186646,-2.49
-27.043462,153.185154,-2.45
-27.043235,153.186179,-2.42
-27.043690,153.184142,-2.48
-27.043237,153.185908,-2.56
-27.043464,153.184900,-2.59
-27.043692,153.183899,-2.51
-27.043243,153.185670,-2.54
-27.043474,153.184645,-2.59
-27.043239,153.185403,-2.56
-27.043465,153.184395,-2.49
-27.043226,153.186653,-2.51
-27.043014,153.186160,-2.58
-27.043236,153.185152,-2.56
-27.043471,153.184143,-2.46
-27.043016,153.185908,-2.57
-27.043468,153.183890,-2.47
-27.043241,153.184902,-2.57
-27.043011,153.185661,-2.54
-27.043243,153.184649,-2.56
-27.043465,153.183654,-2.60
-27.043242,153.184408,-2.49
-27.043011,153.185403,-2.56
-27.043007,153.186648,-2.53
-27.043467,153.183409,-2.72
-27.042953,153.186162,-2.56
-27.043011,153.185162,-2.55
-27.043250,153.184141,-2.47
-27.043239,153.183900,-2.40
-27.043013,153.184916,-2.54
-27.042790,153.185907,-2.59
-27.042787,153.185653,-2.53
-27.043015,153.184644,-2.54
-27.043239,153.183656,-2.45
-27.043471,153.183140,-2.80
-27.042786,153.185407,-2.54
-27.043012,153.184394,-2.50
-27.043241,153.183384,-2.56
-27.042781,153.186655,-2.53
-27.043020,153.184150,-2.44
-27.042796,153.185171,-2.53
-27.042777,153.186400,-2.52
-27.043246,153.183160,-2.59
-27.042560,153.185928,-2.54
-27.042796,153.184898,-2.53
-27.043013,153.183891,-2.49
-27.042560,153.185657,-2.53
-27.042790,153.184650,-2.51
-27.043015,153.183639,-2.50
-27.042573,153.185404,-2.47
-27.042789,153.184423,-2.49
-27.043012,153.183392,-2.50
-27.042562,153.185152,-2.53
-27.042788,153.184142,-2.53
-27.043027,153.183139,-2.58
-27.042789,153.183905,-2.54
-27.042562,153.184898,-2.52
-27.042439,153.185906,-2.47
-27.042567,153.184649,-2.54
-27.042795,153.183637,-2.51
-27.042336,153.185669,-2.48
-27.042564,153.184394,-2.51
-27.042336,153.185406,-2.50
-27.042796,153.183385,-2.59
-27.042331,153.186406,-2.49
-27.042341,153.185155,-2.48
-27.042561,153.184158,-2.53
-27.042795,153.183140,-2.73
-27.042562,153.183901,-2.57
-27.042337,153.184911,-2.49
-27.042129,153.185928,-2.48
-27.042336,153.184647,-2.56
-27.042562,153.183647,-2.49
-27.042111,153.185670,-2.50
-27.042111,153.185399,-2.44
-27.042345,153.184391,-2.54
-27.042568,153.183383,-2.65
-27.042114,153.185151,-2.45
-27.042335,153.184151,-2.53
-27.042104,153.186403,-2.81
-27.042112,153.184902,-2.48
-27.042337,153.183896,-2.54
-27.042105,153.186136,-2.57
-27.042340,153.183635,-2.49
-27.041897,153.185655,-2.51
-27.042115,153.184657,-2.56
-27.041889,153.185400,-2.48
-27.042112,153.184400,-2.55
-27.042343,153.183387,-2.58
-27.042116,153.184138,-2.55
-27.041886,153.185146,-2.49
-27.042110,153.183887,-2.54
-27.041883,153.184907,-2.50
-27.041880,153.186148,-2.62
-27.041884,153.184652,-2.51
-27.042114,153.183654,-2.51
-27.041706,153.185752,-2.50
-27.042111,153.183390,-2.50
-27.041666,153.185403,-2.47
-27.041884,153.184399,-2.56
-27.041886,153.184138,-2.56
-27.041656,153.185153,-2.47
-27.041883,153.183893,-2.55
-27.041658,153.184896,-2.52
-27.041651,153.186152,-2.67
-27.041657,153.184648,-2.53
-27.041884,153.183655,-2.54
-27.041431,153.185734,-2.49
-27.041660,153.184403,-2.56
-27.041430,153.185403,-2.45
-27.041886,153.183393,-2.46
-27.041661,153.184140,-2.53
-27.041436,153.185147,-2.50
-27.041660,153.183890,-2.52
-27.041885,153.183141,-2.65
-27.041428,153.186143,-2.51
-27.041439,153.184901,-2.57
-27.041660,153.183635,-2.54
-27.041205,153.185651,-2.48
-27.041442,153.184652,-2.62
-27.041662,153.183385,-2.46
-27.041214,153.185403,-2.47
-27.041433,153.184412,-2.56
-27.041432,153.184139,-2.50
-27.041212,153.185152,-2.49
-27.041194,153.186403,-2.70
-27.041660,153.183130,-2.53
-27.041433,153.183909,-2.51
-27.041208,153.184909,-2.52
-27.041202,153.186152,-2.51
-27.041437,153.183636,-2.52
-27.041206,153.184654,-2.53
-27.041093,153.185651,-2.52
-27.041122,153.185399,-2.53
-27.041208,153.184407,-2.50
-27.041433,153.183392,-2.49
-27.041212,153.184139,-2.50
-27.041097,153.185159,-2.47
-27.041440,153.183142,-2.49
-27.041211,153.183885,-2.50
-27.041098,153.184897,-2.53
-27.041208,153.183636,-2.51
-27.041094,153.184642,-2.51
-27.041096,153.184395,-2.50
-27.041094,153.184139,-2.51
-27.041096,153.183892,-2.51
-27.041216,153.183384,-2.51
-27.041100,153.183635,-2.54
-27.041098,153.183383,-2.55
-27.041099,153.183135,-2.53
-27.042113,153.183145,-2.73
-27.041096,153.182883,-2.51
-27.041104,153.182714,-2.54
-27.041198,153.182397,-2.55
-27.041207,153.182347,-2.62
-27.041201,153.182117,-2.59
-27.041203,153.181864,-2.51
-27.041209,153.183129,-2.47
-27.041213,153.182886,-2.54
-27.041213,153.182626,-2.56
-27.041217,153.182399,-2.56
-27.041212,153.182311,-2.64
-27.041277,153.182078,-2.52
-27.041367,153.181828,-2.44
-27.041436,153.182884,-2.56
-27.041441,153.182639,-2.57
-27.041437,153.182377,-2.58
-27.041439,153.182124,-2.60
-27.041434,153.181872,-2.43
-27.041467,153.181632,-2.42
-27.041663,153.182877,-2.67
-27.041666,153.182627,-2.65
-27.041661,153.182381,-2.55
-27.041663,153.182131,-2.56
-27.041664,153.181883,-2.43
-27.041665,153.181619,-2.41
-27.041886,153.182893,-2.73
-27.041887,153.182626,-2.67
-27.041887,153.182382,-2.50
-27.041886,153.182140,-2.50
-27.041886,153.181883,-2.40
-27.041887,153.181618,-2.45
-27.042114,153.182885,-2.77
-27.042114,153.182628,-2.55
-27.042113,153.182376,-2.49
-27.042115,153.182126,-2.44
-27.042113,153.181872,-2.42
-27.042115,153.181618,-2.42
-27.042346,153.183140,-2.78
-27.042342,153.182898,-2.70
-27.042340,153.182630,-2.54
-27.042342,153.182382,-2.57
-27.042337,153.182122,-2.42
-27.042341,153.181871,-2.39
-27.042339,153.181620,-2.35
-27.042563,153.182885,-2.79
-27.042566,153.182635,-2.62
-27.042567,153.182378,-2.52
-27.042569,153.182127,-2.47
-27.042563,153.181875,-2.41
-27.042564,153.181646,-2.34
-27.042788,153.182889,-2.74
-27.042792,153.182631,-2.66
-27.042792,153.182381,-2.48
-27.042793,153.182124,-2.49
-27.042792,153.181874,-2.35
-27.042790,153.181624,-2.33
-27.043025,153.182879,-2.72
-27.043014,153.182639,-2.73
-27.043018,153.182376,-2.53
-27.043015,153.182130,-2.44
-27.043019,153.181886,-2.30
-27.043016,153.181626,-2.29
-27.043248,153.182905,-2.76
-27.043250,153.182630,-2.70
-27.043246,153.182390,-2.52
-27.043241,153.182154,-2.48
-27.043246,153.181875,-2.34
-27.043241,153.181625,-2.32
-27.043471,153.182645,-2.69
-27.043465,153.182378,-2.51
-27.043466,153.182129,-2.41
-27.043467,153.181873,-2.32
-27.043471,153.181637,-2.33
-27.043693,153.182632,-2.69
-27.043697,153.182905,-2.78
-27.043693,153.182387,-2.50
-27.043693,153.182140,-2.41
-27.043699,153.181902,-2.31
-27.043695,153.181644,-2.32
-27.043932,153.182636,-2.68
-27.043923,153.182385,-2.50
-27.043923,153.182142,-2.42
-27.043921,153.181875,-2.35
-27.043918,153.181623,-2.33
-27.044142,153.182635,-2.60
-27.044148,153.182381,-2.55
-27.044147,153.182131,-2.45
-27.044143,153.181879,-2.33
-27.044146,153.181633,-2.34
-27.044378,153.182645,-2.75
-27.044368,153.182391,-2.50
-27.044369,153.182131,-2.41
-27.044373,153.181903,-2.36
-27.044374,153.181667,-2.44
-27.044595,153.182426,-2.42
-27.044594,153.182137,-2.39
-27.044605,153.181876,-2.28
-27.044599,153.181785,-2.45
-27.044822,153.182379,-2.43
-27.044830,153.182128,-2.41
-27.044821,153.181874,-2.32
-27.044821,153.181862,-2.51
-27.045049,153.182148,-2.41
-27.045060,153.181906,-2.43
-27.045271,153.181859,-2.61
-27.045283,153.182130,-2.79
-27.050106,153.191572,-2.40
-27.050108,153.191461,-2.35
-27.050105,153.191207,-2.21
-27.049997,153.191586,-2.42
-27.049998,153.191459,-2.36
-27.049997,153.191195,-2.40
-27.050112,153.190447,-2.75
-27.049769,153.191584,-2.43
-27.049769,153.191459,-2.41
-27.049773,153.191199,-2.43
-27.049994,153.190451,-2.70
-27.049773,153.190955,-2.44
-27.049728,153.190553,-2.37
-27.049544,153.191585,-2.54
-27.049546,153.191456,-2.43
-27.049545,153.191201,-2.44
-27.049542,153.190953,-2.43
-27.049774,153.190435,-2.73
-27.049544,153.190691,-2.36
-27.049315,153.191577,-2.63
-27.049320,153.191455,-2.60
-27.049548,153.190452,-2.81
-27.049320,153.191178,-2.54
-27.049320,153.190953,-2.41
-27.049266,153.190507,-2.10
-27.049092,153.191203,-2.61
-27.049090,153.190943,-2.23
-27.048869,153.191202,-2.36
-27.048635,153.191448,-2.74
-27.048444,153.191048,-1.95
-27.048643,153.190945,-2.52
-27.048417,153.191447,-2.64
-27.048353,153.191096,-2.11
-27.048418,153.190947,-2.62
-27.047958,153.191074,-2.47
-27.047733,153.190952,-2.65
-27.047380,153.190670,-2.21
-27.047291,153.190568,-2.38
-27.047188,153.190431,-2.45
-27.046838,153.190027,-2.26
-27.046383,153.191578,-2.38
-27.046494,153.189976,-2.16
-27.046161,153.191580,-1.78
-27.046264,153.189990,-2.18
-27.045933,153.191578,-1.23
-27.045935,153.191450,-2.21
-27.046143,153.189971,-1.91
-27.045706,153.191578,-0.81
-27.045708,153.191453,-1.65
-27.045707,153.191201,-2.78
-27.045712,153.189163,-2.50
-27.045712,153.188930,-2.42
-27.045707,153.188679,-2.44
-27.045713,153.188423,-2.39
-27.045711,153.188163,-2.38
-27.045712,153.187924,-2.40
-27.045714,153.187667,-2.43
-27.045709,153.187418,-2.50
-27.045934,153.189180,-2.45
-27.045495,153.186949,-2.63
-27.045930,153.188928,-2.44
-27.045939,153.188680,-2.44
-27.045930,153.188425,-2.42
-27.045933,153.188163,-2.41
-27.045937,153.187869,-2.43
-27.045935,153.187655,-2.49
-27.045859,153.187172,-2.44
-27.045720,153.186942,-2.52
-27.046159,153.189419,-2.47
-27.046161,153.189154,-2.42
-27.046155,153.188932,-2.45
-27.046165,153.188682,-2.39
-27.046164,153.188415,-2.40
-27.046160,153.188167,-2.40
-27.046164,153.187918,-2.49
-27.046159,153.187668,-2.59
-27.045953,153.186924,-2.62
-27.045952,153.187170,-2.60
-27.045959,153.186676,-2.55
-27.046385,153.189437,-2.49
-27.046388,153.189177,-2.43
-27.046386,153.188934,-2.46
-27.046373,153.188668,-2.42
-27.046385,153.188423,-2.43
-27.046386,153.188163,-2.40
-27.046392,153.187909,-2.46
-27.046368,153.187423,-2.57
-27.046170,153.187204,-2.59
-27.046615,153.189380,-2.47
-27.046171,153.186934,-2.54
-27.046616,153.189147,-2.39
-27.046604,153.188925,-2.47
-27.046616,153.188663,-2.41
-27.046615,153.188431,-2.36
-27.046608,153.188172,-2.39
-27.046609,153.187918,-2.47
-27.046410,153.187172,-2.54
-27.046407,153.187448,-2.55
-27.046396,153.186942,-2.45
-27.046837,153.189362,-2.71
-27.046831,153.189173,-2.44
-27.046836,153.188929,-2.42
-27.046832,153.188646,-2.44
-27.046826,153.188420,-2.44
-27.046839,153.188168,-2.42
-27.046841,153.187921,-2.45
-27.046623,153.187427,-2.51
-27.046619,153.187288,-2.62
-27.046407,153.186690,-2.58
-27.046621,153.186939,-2.44
-27.047064,153.189432,-2.76
-27.047064,153.189160,-2.49
-27.046624,153.186669,-2.50
-27.047067,153.188927,-2.48
-27.047062,153.188648,-2.46
-27.047063,153.188419,-2.46
-27.047053,153.188177,-2.41
-27.046905,153.187688,-2.40
-27.046846,153.187488,-2.51
-27.046851,153.186921,-2.43
-27.046846,153.187205,-2.58
-27.047274,153.189182,-2.48
-27.047292,153.188911,-2.44
-27.047294,153.188648,-2.48
-27.047294,153.188411,-2.42
-27.047292,153.188177,-2.45
-27.047072,153.187677,-2.42
-27.047071,153.187206,-2.50
-27.047071,153.187426,-2.48
-27.047080,153.186928,-2.47
-27.047072,153.186730,-2.42
-27.047513,153.189176,-2.64
-27.047512,153.188931,-2.43
-27.047507,153.188675,-2.40
-27.047518,153.188425,-2.38
-27.047513,153.188177,-2.37
-27.047299,153.187700,-2.45
-27.047298,153.187173,-2.44
-27.047296,153.187466,-2.45
-27.047297,153.186684,-2.59
-27.047298,153.186929,-2.49
-27.047740,153.188935,-2.56
-27.047744,153.188676,-2.46
-27.047744,153.188428,-2.39
-27.047545,153.187940,-2.37
-27.047529,153.187433,-2.45
-27.047524,153.187679,-2.45
-27.047522,153.187210,-2.46
-27.047966,153.188665,-2.51
-27.047942,153.188428,-2.43
-27.047748,153.187942,-2.44
-27.047748,153.187708,-2.46
-27.047757,153.187176,-2.48
-27.047749,153.187441,-2.52
-27.048163,153.188183,-2.62
-27.047981,153.187932,-2.53
-27.047974,153.187447,-2.46
-27.047984,153.187679,-2.44
-27.047975,153.187178,-2.44
-27.048204,153.188039,-2.70
-27.048206,153.187761,-2.51
-27.048203,153.187429,-2.46
-27.048216,153.187189,-2.48
-27.048435,153.187427,-2.48
-27.048436,153.187730,-2.60
-27.048433,153.187174,-2.44
-27.048664,153.187450,-2.70
-27.048662,153.187684,-2.72
-27.048652,153.187213,-2.71
-27.048879,153.187679,-2.80
-27.048883,153.187442,-2.74
-27.048880,153.187177,-2.74
-27.048877,153.186940,-2.71
-27.049102,153.187201,-2.73
-27.049102,153.187473,-2.80
-27.049336,153.187455,-2.63
-27.049336,153.187181,-2.44
-27.049566,153.187177,-2.80
-27.049563,153.186927,-2.71
-27.049780,153.187185,-2.79
-27.050010,153.186931,-2.76
-27.050010,153.186672,-2.73
-27.049780,153.186948,-2.75
-27.049781,153.186700,-2.73
-27.049560,153.186684,-2.77
-27.049335,153.186929,-2.41
-27.049342,153.186678,-2.52
-27.049107,153.186926,-2.78
-27.049104,153.186678,-2.79
-27.048878,153.186675,-2.47
-27.048658,153.186945,-2.49
-27.048652,153.186690,-2.37
-27.048425,153.186933,-2.38
-27.048427,153.186684,-2.40
-27.048209,153.186926,-2.42
-27.048208,153.186689,-2.41
-27.047976,153.186921,-2.46
-27.047978,153.186676,-2.40
-27.047749,153.186925,-2.46
-27.047748,153.186681,-2.46
-27.047526,153.186932,-2.45
-27.047526,153.186689,-2.47
-27.046848,153.186688,-2.43
-27.046170,153.186714,-2.53
-27.045718,153.186706,-2.61
-27.045494,153.186669,-2.64
-27.045482,153.191202,-2.08
-27.045258,153.191199,-1.60
-27.045259,153.190945,-2.65
-27.045033,153.190946,-1.99
-27.044803,153.190948,-1.56
-27.044805,153.190695,-2.51
-27.044579,153.190695,-1.94
-27.044354,153.190692,-1.46
-27.044355,153.190441,-2.36
-27.044127,153.190442,-1.85
-27.043902,153.190443,-1.30
-27.043902,153.190189,-2.20
-27.043680,153.190190,-1.73
-27.043226,153.189935,-1.62
-27.041195,153.188671,-1.48
-27.041196,153.188421,-2.51
-27.041422,153.188673,-2.05
-27.041648,153.188925,-1.50
-27.041648,153.188670,-2.57
-27.041686,153.188927,-2.23
-27.042099,153.189177,-1.65
-27.042101,153.188927,-2.65
-27.042324,153.189179,-2.36
-27.042326,153.188419,-2.45
-27.042324,153.186907,-2.51
-27.042325,153.187159,-2.57
-27.042548,153.189428,-1.78
-27.042553,153.187415,-2.66
-27.042554,153.187158,-2.46
-27.042551,153.186909,-2.45
-27.042776,153.189429,-2.16
-27.042776,153.188254,-1.77
-27.042774,153.187161,-2.47
-27.042781,153.187412,-2.51
-27.042778,153.186908,-2.49
-27.042999,153.189685,-1.95
-27.042799,153.188462,-2.58
-27.042961,153.188396,-2.30
-27.043006,153.187397,-2.52
-27.043002,153.187155,-2.47
-27.043005,153.186909,-2.61
-27.043227,153.189685,-2.51
-27.043184,153.188578,-2.25
-27.043231,153.187414,-2.50
-27.043227,153.187158,-2.48
-27.043229,153.186900,-2.51
-27.043454,153.189934,-2.08
-27.043332,153.188820,-2.27
-27.043455,153.187633,-2.55
-27.043458,153.187404,-2.52
-27.043456,153.187150,-2.50
-27.043446,153.186912,-2.49
-27.043680,153.189934,-2.71
-27.043679,153.188165,-2.59
-27.043680,153.187918,-2.52
-27.043677,153.187627,-2.47
-27.043674,153.187164,-2.50
-27.043681,153.187415,-2.51
-27.043683,153.186894,-2.48
-27.043902,153.188171,-2.50
-27.043907,153.187915,-2.47
-27.043902,153.187413,-2.49
-27.043910,153.187666,-2.47
-27.043906,153.187157,-2.46
-27.043910,153.186912,-2.45
-27.044126,153.188415,-2.48
-27.044125,153.188171,-2.49
-27.044135,153.187659,-2.48
-27.044133,153.187917,-2.47
-27.044129,153.187398,-2.46
-27.044133,153.187156,-2.42
-27.044125,153.186898,-2.46
-27.044359,153.188427,-2.50
-27.044350,153.188171,-2.48
-27.044355,153.187889,-2.47
-27.044352,153.187668,-2.48
-27.044360,153.187165,-2.50
-27.044357,153.187419,-2.48
-27.044357,153.186905,-2.50
-27.044578,153.189242,-1.90
-27.044578,153.188664,-2.51
-27.044584,153.188418,-2.44
-27.044583,153.188139,-2.42
-27.044585,153.187866,-2.43
-27.044584,153.187653,-2.50
-27.044586,153.187408,-2.50
-27.044580,153.187146,-2.35
-27.044581,153.186910,-2.46
-27.044685,153.189277,-2.40
-27.044810,153.188660,-2.47
-27.044811,153.188416,-2.47
-27.044800,153.188164,-2.42
-27.044805,153.187916,-2.43
-27.044812,153.187666,-2.50
-27.044809,153.187410,-2.49
-27.044804,153.187160,-2.46
-27.044812,153.186666,-2.44
-27.045033,153.188930,-2.56
-27.045035,153.188662,-2.45
-27.045036,153.188405,-2.40
-27.045032,153.188169,-2.37
-27.045033,153.187922,-2.39
-27.045036,153.187626,-2.41
-27.045038,153.187412,-2.43
-27.045036,153.187154,-2.46
-27.045209,153.189633,-2.03
-27.045259,153.189158,-2.59
-27.045253,153.188929,-2.45
-27.045256,153.188652,-2.39
-27.045262,153.188426,-2.38
-27.045263,153.188148,-2.39
-27.045257,153.187921,-2.37
-27.045257,153.187671,-2.38
-27.045257,153.187406,-2.45
-27.045261,153.187164,-2.48
-27.045483,153.189834,-2.29
-27.045479,153.189183,-2.52
-27.045481,153.188924,-2.42
-27.045485,153.188678,-2.42
-27.045480,153.188426,-2.41
-27.045480,153.188177,-2.37
-27.045485,153.187909,-2.38
-27.045488,153.187621,-2.41
-27.045484,153.187412,-2.54
-27.045386,153.186924,-2.59
-27.045273,153.186669,-2.59
-27.045043,153.186666,-2.59
-27.044818,153.186664,-2.48
-27.036917,153.186147,-1.12
-27.037140,153.186148,-1.48
-27.037593,153.186406,-1.49
-27.037818,153.186401,-1.83
-27.038047,153.186400,-2.50
-27.040975,153.186397,-2.80
-27.040976,153.186144,-2.53
-27.040758,153.185655,-2.51
-27.040759,153.185409,-2.50
-27.040756,153.185164,-2.50
-27.040755,153.184894,-2.50
-27.040746,153.186138,-2.62
-27.040757,153.184645,-2.47
-27.040530,153.185655,-2.73
-27.040765,153.184389,-2.48
-27.040760,153.184146,-2.51
-27.040528,153.185146,-2.57
-27.040529,153.184917,-2.52
-27.040759,153.183884,-2.51
-27.040530,153.184650,-2.46
-27.040764,153.183659,-2.57
-27.040535,153.184389,-2.54
-27.040533,153.184171,-2.51
-27.040558,153.184133,-2.51
-27.040305,153.184901,-2.50
-27.040309,153.184641,-2.51
-27.040680,153.183854,-2.53
-27.040309,153.184401,-2.53
-27.040078,153.185422,-2.80
-27.040742,153.183628,-2.53
-27.040309,153.184350,-2.52
-27.040743,153.183371,-2.53
-27.040077,153.184903,-2.66
-27.040520,153.184128,-2.50
-27.040529,153.183881,-2.51
-27.040083,153.184511,-2.53
-27.040525,153.183626,-2.49
-27.040240,153.184386,-2.53
-27.039865,153.185143,-2.77
-27.040302,153.184117,-2.50
-27.040295,153.183882,-2.50
-27.040299,153.183629,-2.49
-27.040070,153.184373,-2.56
-27.040073,153.184135,-2.56
-27.040074,153.183866,-2.51
-27.040074,153.183626,-2.52
-27.040303,153.183375,-2.49
-27.039843,153.184386,-2.08
-27.039851,153.184122,-2.49
-27.039838,153.183881,-1.76
-27.039848,153.183626,-2.53
-27.039623,153.183375,-2.54
-27.039175,153.182866,-2.54
-27.038945,153.182871,-2.44
-27.038049,153.184132,-2.30
-27.037594,153.186150,-2.40
-27.038495,153.183116,-1.80
-27.038050,153.183992,-1.77
-27.037368,153.186150,-1.81
-27.038272,153.183374,-1.77
-27.038045,153.183374,-1.90
-27.037146,153.185895,-2.37
-27.037818,153.183372,-1.91
-27.036919,153.185895,-1.81
-27.037592,153.183719,-1.82
-27.036692,153.185901,-1.46
-27.036690,153.185656,-2.36
-27.036468,153.185894,-1.12
-27.036466,153.185645,-1.80
-27.037368,153.183115,-2.13
-27.037135,153.183116,-2.04
-27.036695,153.183455,-1.78
-27.036468,153.183792,-1.86
-27.040076,153.183375,-2.52
-27.036693,153.182596,-2.42
-27.036693,153.182363,-2.45
-27.036694,153.182082,-2.75
-27.036694,153.181848,-2.74
-27.036916,153.182853,-2.50
-27.036918,153.182109,-2.71
-27.036907,153.181841,-2.76
-27.037143,153.182110,-2.71
-27.037142,153.181849,-2.71
-27.037369,153.181859,-2.38
-27.037594,153.183355,-2.34
-27.037592,153.182868,-1.86
-27.037591,153.182114,-2.40
-27.037597,153.181858,-2.30
-27.037821,153.182612,-1.88
-27.037821,153.181851,-2.30
-27.038043,153.182616,-1.80
-27.038045,153.181861,-2.43
-27.038273,153.182359,-2.47
-27.038270,153.182111,-2.50
-27.038269,153.181858,-2.49
-27.038498,153.182861,-2.39
-27.038494,153.182614,-2.42
-27.038498,153.182340,-2.49
-27.038495,153.182106,-2.53
-27.038497,153.181860,-2.54
-27.038718,153.183124,-1.70
-27.038725,153.182619,-2.50
-27.038725,153.182360,-2.51
-27.038725,153.182115,-2.56
-27.038725,153.181858,-2.57
-27.038945,153.182614,-2.51
-27.038947,153.182354,-2.54
-27.038944,153.182112,-2.53
-27.038949,153.181864,-2.58
-27.039168,153.182617,-2.53
-27.039174,153.182358,-2.54
-27.039170,153.182117,-2.56
-27.039173,153.181864,-2.59
-27.039396,153.183113,-2.56
-27.039401,153.182865,-2.57
-27.039392,153.182606,-2.55
-27.039392,153.182369,-2.57
-27.039394,153.182103,-2.61
-27.039396,153.181857,-2.66
-27.039622,153.183119,-2.55
-27.039624,153.182870,-2.57
-27.039626,153.182614,-2.58
-27.039618,153.182358,-2.66
-27.039626,153.182096,-2.75
-27.039625,153.181862,-2.79
-27.039851,153.183377,-2.51
-27.039850,153.183121,-2.53
-27.039853,153.182870,-2.54
-27.039848,153.182622,-2.57
-27.039850,153.182369,-2.59
-27.039853,153.182114,-2.62
-27.039850,153.181859,-2.58
-27.040075,153.183120,-2.51
-27.040077,153.182873,-2.54
-27.040077,153.182604,-2.58
-27.040078,153.182360,-2.59
-27.040078,153.182111,-2.58
-27.040078,153.181836,-2.55
-27.040302,153.183125,-2.50
-27.040302,153.182857,-2.56
-27.040301,153.182617,-2.57
-27.040304,153.182365,-2.58
-27.040300,153.182113,-2.58
-27.040303,153.181864,-2.53
-27.040524,153.183376,-2.49
-27.040528,153.183126,-2.50
-27.040527,153.182871,-2.55
-27.040528,153.182615,-2.57
-27.040526,153.182370,-2.60
-27.040531,153.182117,-2.57
-27.040531,153.181858,-2.56
-27.040753,153.183120,-2.51
-27.040752,153.182873,-2.52
-27.040751,153.182623,-2.56
-27.040755,153.182369,-2.57
-27.040749,153.182116,-2.57
-27.040757,153.181856,-2.58
-27.040795,153.183529,-2.54
-27.040893,153.183287,-2.54
-27.040961,153.183100,-2.52
-27.040978,153.182875,-2.55
-27.040979,153.182619,-2.55
-27.040979,153.182369,-2.59
-27.040977,153.182110,-2.59
-27.040979,153.181866,-2.57
-27.036241,153.185644,-1.44
-27.036240,153.185391,-2.35
-27.036015,153.185643,-1.11
-27.036014,153.185391,-1.77
-27.035790,153.185392,-1.43
-27.035789,153.185147,-2.32
-27.035564,153.185388,-1.12
-27.035565,153.185136,-1.77
-27.035339,153.185139,-1.47
-27.035341,153.184885,-2.32
-27.035565,153.183520,-1.85
-27.035113,153.185139,-1.13
-27.035116,153.184883,-1.78
-27.034885,153.184886,-1.44
-27.034887,153.184634,-2.24
-27.034663,153.184634,-1.75
-27.034436,153.184632,-1.45
-27.034985,153.182764,-2.28
-27.034439,153.184378,-2.21
-27.034213,153.184378,-1.74
-27.034885,153.182693,-1.78
-27.033985,153.184379,-1.45
-27.033985,153.184129,-2.16
-27.033758,153.184128,-1.71
-27.033534,153.184127,-1.38
-27.033535,153.183872,-2.07
-27.033308,153.183875,-1.64
-27.033312,153.183622,-2.78
-27.033755,153.182179,-1.87
-27.033081,153.183873,-1.35
-27.033082,153.183624,-1.99
-27.032858,153.183621,-1.61
-27.032861,153.183367,-2.67
-27.032631,153.183620,-1.32
-27.032632,153.183370,-1.94
-27.032406,153.183370,-1.57
-27.032407,153.183120,-2.64
-27.032182,153.183118,-1.89
-27.032071,153.183116,-1.51
-27.032070,153.182863,-2.53
-27.032406,153.181800,-1.88
-27.034889,153.183053,-1.73
-27.036463,153.182609,-2.62
-27.036465,153.182350,-2.62
-27.036467,153.182106,-2.73
-27.037817,153.186654,-1.16
-27.038043,153.186656,-1.53
-27.038273,153.186904,-1.18
-27.038269,153.186655,-1.88
-27.038494,153.186916,-1.56
-27.038495,153.186656,-2.61
-27.038723,153.187159,-1.23
-27.038720,153.186908,-1.93
-27.038948,153.187161,-1.61
-27.038946,153.186913,-2.59
-27.039171,153.187410,-1.33
-27.039174,153.187160,-2.01
-27.039398,153.187414,-1.66
-27.039402,153.187169,-2.73
-27.039634,153.187666,-1.31
-27.039625,153.187411,-2.22
-27.039805,153.187999,-0.81
-27.039847,153.188018,-1.02
-27.040070,153.187913,-1.79
-27.040296,153.187915,-2.37
-27.040523,153.188164,-1.88
-27.040744,153.188165,-2.44
-27.040971,153.188414,-1.93
-27.031728,153.182861,-1.83
-27.031502,153.182863,-1.48
-27.031277,153.182613,-1.82
-27.031052,153.182613,-1.47
-27.029250,153.181597,-1.47
-27.029474,153.181598,-1.81
-27.029702,153.181851,-1.46
-27.029703,153.181601,-2.34
-27.029927,153.181852,-1.83
-27.030150,153.182104,-1.47
-27.030150,153.181850,-2.42
-27.030379,153.182104,-1.80
-27.030600,153.182358,-1.44
-27.030602,153.182108,-2.37
-27.030828,153.182357,-1.80
-27.031051,153.182357,-2.43
-27.031281,153.181525,-1.81
-27.031503,153.182620,-2.43
-27.031505,153.181562,-1.73
-27.050110,153.191957,-2.51
-27.048190,153.193217,-1.63
-27.048864,153.193726,-1.46
-27.049092,153.193725,-1.99
-27.049316,153.193721,-2.71
-27.049316,153.193979,-1.69
-27.049542,153.193979,-2.24
-27.049766,153.194232,-1.89
-27.049991,153.194482,-1.53
-27.049991,153.194232,-2.54
-27.050104,153.194485,-1.98
-27.050107,153.194899,-0.59
-27.049997,153.191952,-2.70
-27.049771,153.191912,-2.73
-27.049198,153.191960,-2.80
-27.048865,153.193476,-2.43
-27.048639,153.193476,-1.83
-27.048415,153.193220,-2.16
-27.048187,153.192969,-2.61
-27.047963,153.192963,-1.94
-27.047739,153.192717,-2.29
-27.047514,153.192714,-1.73
-27.047511,153.192465,-2.73
-27.047285,153.192462,-2.01
-27.047062,153.192464,-1.43
-27.047062,153.192210,-2.33
-27.046836,153.192211,-1.72
-27.046834,153.191957,-2.72
-27.046611,153.191957,-1.98
-27.046381,153.191959,-1.40
-26.959946,153.055040,-2.00
-26.959947,153.055302,-1.98
-26.959947,153.055565,-1.88
-26.959948,153.055795,-1.68
-26.959948,153.056049,-1.54
-26.960059,153.055295,-2.01
-26.960058,153.055552,-1.97
-26.960060,153.055802,-1.87
-26.960058,153.056050,-1.70
-26.960288,153.055553,-2.03
-26.960286,153.055794,-1.99
-26.960285,153.056067,-1.91
-26.960288,153.056302,-1.73
-26.960301,153.056551,-1.57
-26.960512,153.055803,-2.04
-26.960514,153.056050,-2.00
-26.960510,153.056327,-1.87
-26.960510,153.056557,-1.72
-26.960607,153.056816,-1.55
-26.960735,153.056320,-1.98
-26.960736,153.056576,-1.86
-26.960738,153.056814,-1.72
-26.960747,153.057066,-1.59
-26.960965,153.056551,-2.00
-26.960906,153.057321,-1.52
-26.960962,153.056804,-1.92
-26.960965,153.057062,-1.80
-26.960961,153.057312,-1.64
-26.961045,153.057581,-1.51
-26.961190,153.056850,-2.02
-26.961191,153.057054,-1.96
-26.961187,153.057314,-1.89
-26.961192,153.057559,-1.69
-26.961413,153.057071,-2.03
-26.961413,153.057306,-1.96
-26.961641,153.057314,-2.18
-26.962765,153.059324,-2.20
-26.962763,153.059579,-2.23
-26.962764,153.059836,-2.15
-26.962764,153.060105,-2.10
-26.962539,153.058846,-2.19
-26.962539,153.059085,-2.08
-26.962764,153.060381,-2.00
-26.962539,153.059344,-1.93
-26.962313,153.058334,-2.17
-26.962535,153.059641,-1.91
-26.962538,153.059851,-1.92
-26.962313,153.058585,-2.11
-26.962536,153.060092,-1.93
-26.962313,153.058838,-1.89
-26.962538,153.060331,-1.94
-26.962313,153.059092,-1.84
-26.962086,153.057843,-2.04
-26.962088,153.058074,-1.95
-26.962306,153.059338,-1.85
-26.962310,153.059587,-1.89
-26.962088,153.058364,-1.85
-26.962312,153.059830,-1.89
-26.962083,153.058567,-1.76
-26.962312,153.060097,-1.91
-26.962085,153.058837,-1.69
-26.961862,153.057571,-1.95
-26.962313,153.060359,-1.93
-26.962087,153.059074,-1.72
-26.961862,153.057822,-1.91
-26.962088,153.059327,-1.72
-26.961861,153.058064,-1.80
-26.962087,153.059613,-1.83
-26.961862,153.058323,-1.69
-26.962087,153.059854,-1.88
-26.961861,153.058591,-1.59
-26.962087,153.060102,-1.89
-26.961858,153.058820,-1.53
-26.961636,153.057580,-1.87
-26.962087,153.060349,-1.91
-26.961860,153.059077,-1.51
-26.961636,153.057819,-1.75
-26.961861,153.059347,-1.55
-26.961636,153.058085,-1.60
-26.961860,153.059589,-1.65
-26.961635,153.058320,-1.54
-26.961862,153.059852,-1.72
-26.961634,153.058571,-1.49
-26.961861,153.060089,-1.79
-26.961861,153.060334,-1.83
-26.961408,153.057812,-1.54
-26.961410,153.058074,-1.46
-26.961634,153.059516,-1.49
-26.961636,153.059662,-1.49
-26.961634,153.059834,-1.52
-26.961635,153.060114,-1.51
-26.961634,153.060345,-1.53
-26.955093,153.051780,-2.23
-26.955274,153.052837,-2.20
-26.954868,153.051519,-2.20
-26.954866,153.051765,-2.20
-26.955033,153.053130,-2.20
-26.954636,153.051264,-2.22
-26.954642,153.051512,-2.22
-26.954640,153.051780,-2.21
-26.954413,153.051264,-2.22
-26.954416,153.051534,-2.22
-26.954413,153.051769,-2.24
-26.954191,153.051261,-2.23
-26.954190,153.051535,-2.24
-26.954188,153.051770,-2.24
-26.953964,153.051017,-2.23
-26.953964,153.051264,-2.24
-26.953964,153.051524,-2.24
-26.953965,153.051780,-2.24
-26.953738,153.051016,-2.22
-26.953738,153.051264,-2.22
-26.953737,153.051518,-2.23
-26.953737,153.051764,-2.21
-26.953511,153.051043,-2.22
-26.953513,153.051278,-2.22
-26.953513,153.051533,-2.20
-26.953513,153.051761,-2.19
-26.953287,153.050759,-2.21
-26.953288,153.051044,-2.20
-26.953287,153.051264,-2.19
-26.953287,153.051518,-2.18
-26.953287,153.051774,-2.19
-26.953061,153.050536,-2.24
-26.953060,153.050761,-2.19
-26.953062,153.051032,-2.19
-26.953201,153.052020,-2.19
-26.953060,153.051296,-2.18
-26.953061,153.051519,-2.19
-26.952836,153.050384,-2.23
-26.953058,153.051779,-2.20
-26.952836,153.050519,-2.19
-26.953061,153.052022,-2.18
-26.952835,153.050760,-2.19
-26.952833,153.051013,-2.19
-26.952836,153.051261,-2.21
-26.952836,153.051513,-2.20
-26.952610,153.050393,-2.17
-26.952834,153.051762,-2.04
-26.952609,153.050511,-2.18
-26.952825,153.052025,-1.98
-26.952611,153.050773,-2.19
-26.952610,153.051031,-2.21
-26.952606,153.051260,-2.18
-26.952608,153.051530,-2.02
-26.952610,153.051790,-1.88
-26.952383,153.050384,-2.18
-26.952384,153.050548,-2.19
-26.952610,153.052043,-1.79
-26.952385,153.050795,-2.17
-26.952380,153.051005,-2.06
-26.952384,153.051308,-1.87
-26.952384,153.051508,-1.75
-26.952383,153.051783,-1.70
-26.952159,153.050411,-2.07
-26.952158,153.050516,-1.95
-26.952379,153.052025,-1.61
-26.952155,153.050787,-1.78
-26.952157,153.051022,-1.73
-26.952159,153.051336,-1.62
-26.951933,153.050375,-1.70
-26.951933,153.050530,-1.66
-26.951932,153.050765,-1.60
-26.951827,153.051414,-1.61
-26.951799,153.051223,-1.59
-26.951721,153.051566,-1.66
-26.951704,153.051451,-1.60
-26.951672,153.051237,-1.60
-26.951633,153.050977,-1.60
-26.951598,153.050746,-1.60
-26.951558,153.050474,-1.59
-26.951706,153.051570,-1.60
-26.951482,153.050379,-1.59
-26.951482,153.050511,-1.59
-26.951480,153.050759,-1.60
-26.951480,153.051047,-1.59
-26.951480,153.051286,-1.60
-26.951475,153.051511,-1.60
-26.951257,153.050392,-1.58
-26.951253,153.050511,-1.58
-26.951249,153.050754,-1.59
-26.951256,153.051016,-1.59
-26.951345,153.051816,-1.59
-26.951256,153.051256,-1.59
-26.951245,153.051510,-1.60
-26.951029,153.050377,-1.59
-26.951030,153.050514,-1.59
-26.951219,153.051870,-1.60
-26.951026,153.050773,-1.59
-26.951029,153.051030,-1.59
-26.951030,153.051301,-1.59
-26.950976,153.051613,-1.61
-26.950940,153.052137,-1.60
-26.950926,153.052588,-1.60
-26.950946,153.052364,-1.58
-26.950924,153.053082,-1.58
-26.950920,153.053295,-1.59
-26.950935,153.052931,-1.58
-26.950922,153.053550,-1.58
-26.950918,153.053802,-1.57
-26.950982,153.051992,-1.57
-26.950918,153.054033,-1.56
-26.950920,153.054291,-1.56
-26.950920,153.054545,-1.55
-26.950919,153.054794,-1.55
-26.950919,153.055037,-1.55
-26.950919,153.055289,-1.54
-26.950918,153.055562,-1.55
-26.950918,153.055789,-1.55
-26.951031,153.052264,-1.61
-26.950919,153.056046,-1.55
-26.951049,153.052016,-1.56
-26.950918,153.056301,-1.55
-26.951034,153.052668,-1.60
-26.950922,153.056563,-1.55
-26.951039,153.052818,-1.59
-26.951033,153.053041,-1.59
-26.950922,153.056804,-1.56
-26.951035,153.053362,-1.58
-26.951031,153.053594,-1.58
-26.951033,153.053794,-1.57
-26.951030,153.054034,-1.56
-26.950922,153.057604,-1.58
-26.951030,153.054283,-1.56
-26.951030,153.054535,-1.55
-26.950928,153.057907,-1.58
-26.950919,153.058197,-1.59
-26.951030,153.054785,-1.55
-26.950921,153.058379,-1.57
-26.951030,153.055051,-1.55
-26.951031,153.055287,-1.55
-26.951029,153.055561,-1.55
-26.951030,153.055810,-1.55
-26.951030,153.056068,-1.55
-26.951031,153.056293,-1.55
-26.951031,153.056554,-1.56
-26.951030,153.056808,-1.56
-26.951257,153.052500,-1.59
-26.951260,153.052693,-1.60
-26.951257,153.052933,-1.59
-26.951260,153.053098,-1.58
-26.951258,153.053306,-1.58
-26.951258,153.053553,-1.59
-26.951259,153.053788,-1.57
-26.951258,153.054053,-1.57
-26.951322,153.052210,-1.60
-26.951256,153.054287,-1.56
-26.951255,153.054534,-1.55
-26.951255,153.054792,-1.55
-26.951255,153.055042,-1.55
-26.951483,153.052117,-1.58
-26.951490,153.052635,-1.59
-26.951490,153.052778,-1.58
-26.951484,153.053086,-1.58
-26.951485,153.053321,-1.59
-26.951486,153.053522,-1.58
-26.951584,153.052438,-1.59
-26.951607,153.051990,-1.60
-26.951717,153.052212,-1.61
-26.951718,153.052437,-1.59
-26.952395,153.052318,-1.67
-26.952487,153.052535,-1.62
-26.952614,153.052278,-1.89
-26.952611,153.052536,-1.76
-26.952612,153.052776,-1.64
-26.952837,153.052268,-2.10
-26.952839,153.052516,-1.94
-26.952839,153.052775,-1.82
-26.952859,153.053053,-1.71
-26.952940,153.053304,-1.62
-26.953064,153.052270,-2.19
-26.953065,153.052518,-2.08
-26.953062,153.052771,-1.94
-26.953063,153.053029,-1.86
-26.953048,153.053535,-1.54
-26.953062,153.053312,-1.80
-26.953064,153.053554,-1.71
-26.953148,153.053806,-1.65
-26.953186,153.054034,-1.58
-26.953292,153.052016,-2.16
-26.953288,153.052288,-2.17
-26.953289,153.052530,-2.17
-26.953290,153.052770,-2.05
-26.953290,153.053023,-1.99
-26.953291,153.053274,-1.95
-26.953291,153.053530,-1.90
-26.953290,153.053784,-1.84
-26.953273,153.054288,-1.54
-26.953291,153.054044,-1.78
-26.953288,153.054358,-1.71
-26.953317,153.054540,-1.67
-26.953517,153.052021,-2.17
-26.953517,153.052268,-2.16
-26.953517,153.052534,-2.17
-26.953518,153.052782,-2.18
-26.953514,153.053031,-2.14
-26.953518,153.053290,-2.08
-26.953514,153.053532,-2.03
-26.953469,153.054790,-1.59
-26.953514,153.053777,-1.99
-26.953515,153.054028,-1.99
-26.953515,153.054295,-1.94
-26.953516,153.054543,-1.89
-26.953517,153.054795,-1.79
-26.953523,153.055039,-1.72
-26.953568,153.055328,-1.64
-26.953742,153.052019,-2.21
-26.953742,153.052305,-2.19
-26.953739,153.052524,-2.17
-26.953740,153.052778,-2.17
-26.953741,153.053024,-2.17
-26.953742,153.053302,-2.16
-26.953739,153.053532,-2.14
-26.953740,153.053782,-2.10
-26.953741,153.054051,-2.07
-26.953739,153.054279,-2.04
-26.953741,153.054533,-2.03
-26.953743,153.054785,-2.00
-26.953739,153.055049,-1.90
-26.953742,153.055287,-1.70
-26.953967,153.052030,-2.23
-26.953966,153.052268,-2.23
-26.953967,153.052541,-2.21
-26.953966,153.052785,-2.20
-26.953965,153.053030,-2.17
-26.953967,153.053282,-2.16
-26.953966,153.053530,-2.14
-26.953965,153.053792,-2.12
-26.953968,153.054029,-2.09
-26.953967,153.054287,-2.07
-26.953966,153.054531,-2.07
-26.953964,153.054792,-2.03
-26.953964,153.055035,-1.97
-26.953968,153.055296,-1.80
-26.954194,153.052038,-2.23
-26.954194,153.052271,-2.24
-26.954194,153.052543,-2.23
-26.954195,153.052769,-2.23
-26.954191,153.053049,-2.23
-26.954193,153.053272,-2.22
-26.954193,153.053533,-2.18
-26.954193,153.053779,-2.15
-26.954194,153.054030,-2.14
-26.954190,153.054301,-2.13
-26.954192,153.054536,-2.14
-26.954192,153.054784,-2.15
-26.954193,153.055036,-1.99
-26.954193,153.055309,-1.83
-26.954417,153.052020,-2.23
-26.954418,153.052277,-2.24
-26.954419,153.052530,-2.24
-26.954416,153.052776,-2.24
-26.954419,153.053273,-2.24
-26.954416,153.053537,-2.24
-26.954418,153.053777,-2.21
-26.954419,153.054038,-2.21
-26.954417,153.054286,-2.19
-26.954418,153.054544,-2.18
-26.954420,153.054796,-2.15
-26.954417,153.055037,-2.04
-26.954418,153.055306,-1.87
-26.954646,153.052017,-2.21
-26.954643,153.052267,-2.23
-26.954644,153.052538,-2.23
-26.954645,153.052771,-2.23
-26.954642,153.053027,-2.24
-26.954643,153.053272,-2.24
-26.954644,153.053528,-2.23
-26.954645,153.053794,-2.23
-26.954642,153.054031,-2.22
-26.954643,153.054280,-2.22
-26.954644,153.054532,-2.19
-26.954644,153.054787,-2.13
-26.954645,153.055042,-2.06
-26.954641,153.055301,-1.88
-26.954641,153.055544,-1.70
-26.954873,153.052017,-2.20
-26.954872,153.052305,-2.21
-26.954868,153.052517,-2.21
-26.954872,153.052768,-2.19
-26.954871,153.053274,-2.24
-26.954871,153.053533,-2.23
-26.954869,153.053785,-2.22
-26.954868,153.054031,-2.22
-26.954867,153.054283,-2.22
-26.954870,153.054536,-2.16
-26.954867,153.054790,-2.11
-26.954870,153.055044,-2.09
-26.954867,153.055325,-1.98
-26.954869,153.055546,-1.79
-26.955094,153.052022,-2.20
-26.955093,153.052271,-2.22
-26.955097,153.052520,-2.19
-26.955094,153.053045,-2.23
-26.955093,153.053275,-2.23
-26.955095,153.053525,-2.20
-26.955096,153.053777,-2.21
-26.955093,153.054040,-2.21
-26.955094,153.054285,-2.20
-26.955094,153.054535,-2.12
-26.955094,153.054786,-2.10
-26.955093,153.055048,-2.07
-26.955095,153.055294,-1.95
-26.955093,153.055544,-1.79
-26.955320,153.052294,-2.20
-26.955320,153.052532,-2.22
-26.955320,153.052780,-2.23
-26.955319,153.053021,-2.22
-26.955320,153.053273,-2.20
-26.955322,153.053531,-2.20
-26.955320,153.053810,-2.21
-26.955320,153.054043,-2.21
-26.955320,153.054313,-2.18
-26.955319,153.054545,-2.11
-26.955322,153.054791,-2.10
-26.955320,153.055053,-2.07
-26.955318,153.055309,-1.94
-26.955318,153.055542,-1.75
-26.955546,153.052522,-2.21
-26.955547,153.052775,-2.23
-26.955547,153.053038,-2.21
-26.955547,153.053294,-2.20
-26.955548,153.053537,-2.20
-26.955547,153.053800,-2.21
-26.955545,153.054040,-2.20
-26.955547,153.054280,-2.15
-26.955544,153.054548,-2.10
-26.955545,153.054819,-2.10
-26.955545,153.055043,-2.03
-26.955545,153.055319,-1.89
-26.955545,153.055540,-1.72
-26.955774,153.052775,-2.22
-26.955774,153.053051,-2.21
-26.955771,153.053313,-2.21
-26.955772,153.053562,-2.21
-26.955771,153.053778,-2.21
-26.955771,153.054031,-2.20
-26.955770,153.054283,-2.12
-26.955771,153.054571,-2.09
-26.955770,153.054790,-2.09
-26.955770,153.055039,-2.04
-26.955769,153.055309,-1.86
-26.955770,153.055545,-1.63
-26.956000,153.052775,-2.17
-26.955998,153.053023,-2.19
-26.955999,153.053280,-2.20
-26.955997,153.053539,-2.20
-26.955999,153.053781,-2.20
-26.955999,153.054032,-2.16
-26.955996,153.054289,-2.10
-26.955996,153.054570,-2.08
-26.956000,153.054790,-2.09
-26.955998,153.055049,-2.03
-26.955996,153.055288,-1.84
-26.956225,153.052772,-2.19
-26.955996,153.055557,-1.59
-26.956224,153.053035,-2.20
-26.956226,153.053273,-2.20
-26.956222,153.053533,-2.20
-26.956224,153.053778,-2.18
-26.956224,153.054039,-2.12
-26.956222,153.054290,-2.08
-26.956225,153.054559,-2.08
-26.956222,153.054788,-2.07
-26.956226,153.055037,-1.98
-26.956450,153.052779,-2.23
-26.956226,153.055296,-1.76
-26.956452,153.053025,-2.20
-26.956224,153.055571,-1.55
-26.956448,153.053286,-2.20
-26.956449,153.053528,-2.19
-26.956449,153.053779,-2.13
-26.956449,153.054029,-2.09
-26.956448,153.054284,-2.06
-26.956447,153.054551,-2.05
-26.956448,153.054796,-2.02
-26.956450,153.055037,-1.91
-26.956675,153.052770,-2.23
-26.956447,153.055293,-1.68
-26.956677,153.053023,-2.21
-26.956675,153.053275,-2.20
-26.956676,153.053536,-2.15
-26.956677,153.053779,-2.11
-26.956674,153.054054,-2.09
-26.956675,153.054284,-2.05
-26.956673,153.054533,-2.00
-26.956676,153.054785,-1.96
-26.956673,153.055043,-1.83
-26.956675,153.055289,-1.62
-26.956900,153.053030,-2.21
-26.956901,153.053276,-2.19
-26.956901,153.053540,-2.12
-26.956901,153.053796,-2.12
-26.956898,153.054030,-2.11
-26.956898,153.054282,-2.06
-26.956901,153.054544,-1.98
-26.956901,153.054792,-1.86
-26.956901,153.055040,-1.75
-26.956898,153.055323,-1.59
-26.957127,153.053024,-2.21
-26.957126,153.053281,-2.16
-26.957125,153.053531,-2.12
-26.957126,153.053783,-2.13
-26.957127,153.054034,-2.11
-26.957124,153.054291,-2.02
-26.957126,153.054546,-1.93
-26.957127,153.054790,-1.77
-26.957128,153.055055,-1.62
-26.957351,153.053044,-2.24
-26.957353,153.053291,-2.14
-26.957351,153.053531,-2.11
-26.957353,153.053780,-2.11
-26.957352,153.054036,-2.05
-26.957356,153.054291,-1.94
-26.957351,153.054557,-1.82
-26.957354,153.054787,-1.70
-26.957579,153.053284,-2.12
-26.957577,153.053534,-2.09
-26.957579,153.053779,-2.08
-26.957578,153.054042,-1.97
-26.957576,153.054299,-1.86
-26.957577,153.054534,-1.74
-26.957803,153.053274,-2.10
-26.957805,153.053539,-2.06
-26.957803,153.053787,-2.05
-26.957802,153.054037,-1.94
-26.957802,153.054286,-1.83
-26.957803,153.054542,-1.70
-26.958029,153.053529,-2.05
-26.958029,153.053790,-2.02
-26.958028,153.054029,-1.93
-26.958029,153.054313,-1.82
-26.958032,153.054533,-1.66
-26.958253,153.053526,-2.13
-26.958257,153.053788,-2.00
-26.958254,153.054033,-1.94
-26.958256,153.054287,-1.87
-26.958253,153.054535,-1.72
-26.958479,153.053781,-2.00
-26.958481,153.054054,-1.94
-26.958481,153.054285,-1.87
-26.958480,153.054546,-1.77
-26.958707,153.053779,-2.04
-26.958705,153.054045,-1.94
-26.958704,153.054287,-1.89
-26.958706,153.054563,-1.80
-26.958707,153.054800,-1.66
-26.958933,153.054319,-1.94
-26.958931,153.054537,-1.89
-26.958930,153.054823,-1.75
-26.958931,153.055039,-1.64
-26.959158,153.054285,-2.16
-26.959156,153.054541,-1.96
-26.959156,153.054798,-1.90
-26.959158,153.055039,-1.80
-26.959156,153.055306,-1.64
-26.959384,153.054560,-2.03
-26.959385,153.054821,-1.96
-26.959381,153.055072,-1.94
-26.959382,153.055308,-1.76
-26.959610,153.054786,-2.01
-26.959607,153.055055,-1.98
-26.959607,153.055300,-1.92
-26.959608,153.055546,-1.70
-27.303828,153.063797,-2.74
-27.304160,153.063799,-2.68
-27.304353,153.063799,-2.66
-27.304708,153.063801,-2.72
-27.305092,153.064050,-2.73
-27.304833,153.064053,-2.72
-27.305141,153.064305,-2.69
-27.304936,153.064308,-2.68
-27.305389,153.064560,-2.72
-27.305127,153.064557,-2.76
-27.304935,153.064557,-2.74
-27.306271,153.066488,-2.61
-27.305998,153.066401,-2.68
-27.305124,153.066099,-2.76
-27.305837,153.066419,-2.71
-27.306359,153.066680,-2.79
-27.305489,153.066325,-2.72
-27.305366,153.066326,-2.68
-27.306189,153.066687,-2.72
-27.305804,153.066637,-2.66
-27.305119,153.066355,-2.66
-27.306383,153.066970,-2.51
-27.307139,153.067347,-2.71
-27.305613,153.066679,-2.62
-27.304917,153.066353,-2.60
-27.305388,153.066582,-2.64
-27.305904,153.066871,-2.65
-27.306126,153.067008,-2.52
-27.305741,153.066862,-2.65
-27.305162,153.066596,-2.66
-27.305604,153.066846,-2.69
-27.304710,153.066483,-2.69
-27.305849,153.067106,-2.75
-27.304865,153.066590,-2.72
-27.305276,153.066833,-2.67
-27.306247,153.067358,-2.80
-27.306673,153.067595,-2.59
-27.305714,153.067144,-2.71
-27.304705,153.066595,-2.64
-27.305163,153.066871,-2.69
-27.308012,153.068463,-2.67
-27.306061,153.067385,-2.70
-27.305559,153.067108,-2.66
-27.304922,153.066832,-2.70
-27.305374,153.067136,-2.65
-27.304485,153.066641,-2.68
-27.306288,153.067708,-2.56
-27.305751,153.067436,-2.75
-27.305578,153.067345,-2.70
-27.306034,153.067636,-2.69
-27.304685,153.066834,-2.70
-27.305130,153.067119,-2.66
-27.305355,153.067344,-2.72
-27.304935,153.067106,-2.66
-27.304481,153.066836,-2.68
-27.305830,153.067712,-2.62
-27.304260,153.066735,-2.63
-27.305101,153.067344,-2.66
-27.304677,153.067084,-2.65
-27.305493,153.067638,-2.63
-27.304255,153.066864,-2.67
-27.305763,153.067847,-2.75
-27.306278,153.068268,-2.62
-27.304877,153.067360,-2.73
-27.305337,153.067675,-2.66
-27.304480,153.067121,-2.66
-27.304015,153.066814,-2.71
-27.303996,153.066831,-2.65
-27.305066,153.067598,-2.80
-27.304699,153.067352,-2.69
-27.305497,153.067913,-2.76
-27.306019,153.068278,-2.79
-27.304260,153.067098,-2.64
-27.306122,153.068440,-2.62
-27.304867,153.067590,-2.68
-27.303803,153.066856,-2.65
-27.305350,153.067945,-2.69
-27.304473,153.067370,-2.72
-27.304034,153.067106,-2.63
-27.305129,153.067886,-2.66
-27.304712,153.067627,-2.65
-27.305524,153.068227,-2.57
-27.307287,153.069497,-2.74
-27.304935,153.067857,-2.62
-27.304229,153.067350,-2.64
-27.305227,153.068103,-2.70
-27.305701,153.068460,-2.55
-27.303798,153.067082,-2.66
-27.304481,153.067588,-2.63
-27.303581,153.066935,-2.64
-27.305154,153.068114,-2.73
-27.305983,153.068761,-2.81
-27.305730,153.068617,-2.78
-27.304704,153.067868,-2.68
-27.304025,153.067377,-2.62
-27.305354,153.068402,-2.81
-27.304255,153.067592,-2.70
-27.303582,153.067088,-2.64
-27.305523,153.068583,-2.58
-27.304827,153.068107,-2.69
-27.303789,153.067350,-2.64
-27.305536,153.068700,-2.70
-27.305099,153.068365,-2.58
-27.304481,153.067891,-2.64
-27.303352,153.067025,-2.58
-27.304696,153.068094,-2.72
-27.304033,153.067605,-2.67
-27.303358,153.067082,-2.67
-27.305735,153.068966,-2.55
-27.305563,153.068873,-2.71
-27.304861,153.068347,-2.78
-27.304235,153.067853,-2.69
-27.303584,153.067340,-2.64
-27.304482,153.068162,-2.72
-27.303808,153.067620,-2.71
-27.305638,153.069128,-2.74
-27.305380,153.068943,-2.81
-27.304684,153.068379,-2.74
-27.304034,153.067851,-2.64
-27.305087,153.068740,-2.67
-27.303132,153.067147,-2.65
-27.303356,153.067338,-2.68
-27.304249,153.068096,-2.67
-27.303578,153.067597,-2.59
-27.305100,153.068879,-2.79
-27.305374,153.069128,-2.78
-27.304815,153.068671,-2.79
-27.304447,153.068382,-2.67
-27.303803,153.067842,-2.64
-27.305578,153.069382,-2.79
-27.304030,153.068107,-2.67
-27.303129,153.067341,-2.66
-27.304647,153.068667,-2.67
-27.304251,153.068346,-2.72
-27.304917,153.068935,-2.70
-27.303355,153.067604,-2.62
-27.305105,153.069159,-2.66
-27.303574,153.067849,-2.67
-27.304468,153.068637,-2.70
-27.303804,153.068111,-2.66
-27.304875,153.069109,-2.72
-27.304675,153.068930,-2.73
-27.304033,153.068396,-2.70
-27.303121,153.067588,-2.64
-27.304223,153.068608,-2.68
-27.304476,153.068866,-2.68
-27.303356,153.067847,-2.68
-27.303581,153.068092,-2.64
-27.304641,153.069159,-2.75
-27.303786,153.068345,-2.69
-27.305199,153.069697,-2.74
-27.304024,153.068619,-2.67
-27.304851,153.069432,-2.69
-27.304223,153.068878,-2.66
-27.304411,153.069103,-2.68
-27.303126,153.067843,-2.66
-27.304974,153.069713,-2.67
-27.303356,153.068103,-2.64
-27.304643,153.069412,-2.73
-27.303570,153.068351,-2.71
-27.303805,153.068602,-2.64
-27.304020,153.068880,-2.62
-27.304871,153.069784,-2.70
-27.304234,153.069184,-2.73
-27.304443,153.069455,-2.70
-27.303357,153.068348,-2.68
-27.303128,153.068102,-2.57
-27.303578,153.068601,-2.62
-27.303809,153.068893,-2.67
-27.310431,153.067858,-2.76
-27.309876,153.067591,-2.55
-27.309039,153.067374,-2.66
-27.307079,153.066954,-2.79
-27.307211,153.066977,-2.73
-27.307429,153.067015,-2.69
-27.307651,153.067054,-2.70
-27.307832,153.067086,-2.66
-27.307877,153.067094,-2.71
-27.308132,153.067139,-2.69
-27.308329,153.067173,-2.65
-27.306557,153.066836,-2.67
-27.306749,153.066869,-2.74
-27.307877,153.067067,-2.76
-27.306569,153.066829,-2.77
-27.306766,153.066829,-2.69
-27.307016,153.066780,-2.66
-27.307226,153.066817,-2.81
-27.304201,153.065842,-2.65
-27.309513,153.066323,-2.78
-27.309683,153.066323,-2.80
-27.308326,153.066065,-2.80
-27.308552,153.066066,-2.65
-27.308860,153.066071,-2.66
-27.309023,153.066062,-2.74
-27.307977,153.065813,-2.77
-27.308173,153.065812,-2.77
-27.308551,153.065810,-2.78
-27.309002,153.065817,-2.78
-27.294005,153.064886,-1.37
-27.294783,153.063550,-2.70
-27.298168,153.060649,-2.20
-27.300650,153.063298,-2.75
-27.298506,153.062026,-2.80
-27.300426,153.063292,-2.81
-27.298304,153.062028,-2.77
-27.300648,153.063545,-2.76
-27.300824,153.064049,-2.78
-27.300639,153.064049,-2.79
-27.300200,153.063797,-2.80
-27.300423,153.064054,-2.77
-27.299973,153.063819,-2.75
-27.300198,153.064057,-2.73
-27.299746,153.063799,-2.69
-27.300353,153.064327,-2.75
-27.299483,153.063798,-2.64
-27.300163,153.064306,-2.66
-27.299748,153.064049,-2.71
-27.299296,153.063795,-2.68
-27.299972,153.064323,-2.74
-27.299522,153.064055,-2.69
-27.299071,153.063801,-2.72
-27.298609,153.063546,-2.80
-27.299294,153.064051,-2.70
-27.300425,153.064810,-1.44
-27.299719,153.064365,-2.76
-27.299511,153.064333,-2.77
-27.299067,153.064071,-2.79
-27.300194,153.064805,-1.23
-27.298618,153.063794,-2.80
-27.299280,153.064301,-2.81
-27.300481,153.065095,-1.45
-27.300424,153.065059,-1.44
-27.299972,153.064820,-1.24
-27.300197,153.065061,-1.43
-27.299747,153.064810,-1.26
-27.298167,153.063800,-2.78
-27.299294,153.064556,-2.20
-27.300384,153.065330,-1.46
-27.299967,153.065059,-1.40
-27.299518,153.064805,-1.26
-27.297942,153.063798,-2.77
-27.300196,153.065315,-1.46
-27.299744,153.065064,-1.42
-27.298144,153.064049,-2.81
-27.299294,153.064812,-1.38
-27.297940,153.064051,-2.72
-27.299068,153.064814,-1.39
-27.298618,153.064553,-2.64
-27.299285,153.065057,-1.41
-27.298842,153.064805,-1.39
-27.299959,153.065542,-1.47
-27.299744,153.065402,-1.46
-27.298391,153.064554,-2.09
-27.299071,153.065058,-1.42
-27.299834,153.065580,-1.47
-27.298613,153.064831,-1.38
-27.298167,153.064553,-1.40
-27.298845,153.065062,-1.42
-27.298382,153.064835,-1.38
-27.297863,153.064557,-1.20
-27.298611,153.065061,-1.40
-27.298990,153.065315,-1.37
-27.297712,153.064557,-1.41
-27.298816,153.065316,-1.37
-27.298160,153.064887,-1.37
-27.298388,153.065058,-1.39
-27.297486,153.064555,-1.44
-27.298612,153.065314,-1.39
-27.298168,153.065065,-1.36
-27.297265,153.064573,-1.55
-27.298759,153.065574,-1.37
-27.298391,153.065334,-1.40
-27.298612,153.065577,-1.38
-27.297038,153.064557,-1.46
-27.297887,153.065121,-1.33
-27.298160,153.065365,-1.38
-27.298387,153.065573,-1.37
-27.296814,153.064556,-1.43
-27.297933,153.065339,-1.38
-27.298163,153.065567,-1.36
-27.296588,153.064557,-1.66
-27.297694,153.065277,-1.28
-27.298615,153.065883,-1.35
-27.296950,153.064823,-1.38
-27.297052,153.064914,-1.39
-27.297708,153.065364,-1.37
-27.298390,153.065818,-1.33
-27.296812,153.064812,-1.38
-27.297941,153.065567,-1.37
-27.296363,153.064555,-2.79
-27.297367,153.065217,-1.39
-27.297210,153.065121,-1.39
-27.297474,153.065325,-1.37
-27.297020,153.065058,-1.39
-27.296585,153.064815,-1.38
-27.298148,153.065847,-1.32
-27.297711,153.065563,-1.40
-27.296137,153.064551,-1.76
-27.296802,153.065063,-1.38
-27.296348,153.064812,-1.38
-27.295909,153.064553,-1.66
-27.297057,153.065349,-1.39
-27.296585,153.065061,-1.38
-27.296949,153.065323,-1.40
-27.296135,153.064812,-1.38
-27.296777,153.065313,-1.39
-27.296348,153.065059,-1.37
-27.295908,153.064804,-1.38
-27.297020,153.065579,-1.38
-27.296580,153.065317,-1.39
-27.296133,153.065062,-1.37
-27.295682,153.064803,-1.38
-27.296801,153.065580,-1.39
-27.296355,153.065312,-1.38
-27.295911,153.065057,-1.37
-27.296583,153.065561,-1.38
-27.295435,153.064827,-1.38
-27.296134,153.065314,-1.37
-27.296918,153.065871,-1.36
-27.296813,153.065814,-1.38
-27.295679,153.065061,-1.37
-27.295232,153.064806,-1.37
-27.296362,153.065564,-1.37
-27.295907,153.065310,-1.37
-27.297098,153.066116,-1.36
-27.295457,153.065056,-1.37
-27.296577,153.065815,-1.38
-27.295005,153.064805,-1.37
-27.296136,153.065566,-1.37
-27.295679,153.065308,-1.36
-27.296795,153.066074,-1.39
-27.295232,153.065056,-1.37
-27.296362,153.065820,-1.36
-27.295909,153.065566,-1.37
-27.297001,153.066334,-1.40
-27.296970,153.066313,-1.36
-27.295457,153.065312,-1.36
-27.296577,153.066087,-1.38
-27.294648,153.064807,-1.38
-27.295005,153.065057,-1.36
-27.296127,153.065817,-1.36
-27.294540,153.064804,-1.36
-27.295683,153.065563,-1.36
-27.295233,153.065314,-1.37
-27.296349,153.066070,-1.36
-27.294782,153.065067,-1.36
-27.295910,153.065818,-1.36
-27.294327,153.064802,-1.37
-27.296701,153.066369,-1.40
-27.295458,153.065565,-1.36
-27.296570,153.066322,-1.39
-27.295005,153.065309,-1.37
-27.296135,153.066075,-1.36
-27.294556,153.065056,-1.35
-27.295682,153.065819,-1.36
-27.295232,153.065562,-1.37
-27.296360,153.066324,-1.37
-27.294782,153.065308,-1.36
-27.295905,153.066066,-1.37
-27.294330,153.065061,-1.35
-27.295456,153.065817,-1.36
-27.295005,153.065563,-1.37
-27.296131,153.066327,-1.36
-27.294557,153.065312,-1.36
-27.295685,153.066069,-1.37
-27.294090,153.065065,-1.37
-27.295229,153.065817,-1.36
-27.294782,153.065565,-1.37
-27.296385,153.066629,-1.42
-27.296316,153.066583,-1.40
-27.295909,153.066328,-1.38
-27.294329,153.065310,-1.37
-27.295459,153.066074,-1.36
-27.295008,153.065821,-1.37
-27.296136,153.066582,-1.38
-27.294555,153.065561,-1.37
-27.295684,153.066328,-1.37
-27.294105,153.065312,-1.37
-27.295233,153.066070,-1.35
-27.294780,153.065817,-1.37
-27.295910,153.066573,-1.39
-27.296360,153.066870,-1.40
-27.294323,153.065563,-1.37
-27.295459,153.066320,-1.37
-27.295006,153.066068,-1.37
-27.294553,153.065813,-1.36
-27.294103,153.065563,-1.37
-27.296132,153.066851,-1.40
-27.295682,153.066575,-1.39
-27.295232,153.066320,-1.36
-27.294780,153.066069,-1.37
-27.294327,153.065819,-1.37
-27.295898,153.066841,-1.40
-27.295456,153.066574,-1.38
-27.295003,153.066322,-1.37
-27.296262,153.067102,-1.38
-27.294554,153.066065,-1.37
-27.294102,153.065817,-1.37
-27.295672,153.066825,-1.40
-27.296135,153.067118,-1.41
-27.295229,153.066577,-1.38
-27.294782,153.066334,-1.38
-27.294325,153.066065,-1.37
-27.295899,153.067089,-1.40
-27.295448,153.066826,-1.40
-27.295007,153.066577,-1.38
-27.294555,153.066322,-1.38
-27.294102,153.066088,-1.37
-27.295230,153.066830,-1.38
-27.295667,153.067112,-1.41
-27.294781,153.066571,-1.38
-27.294328,153.066341,-1.38
-27.295970,153.067388,-1.40
-27.295881,153.067334,-1.41
-27.295448,153.067086,-1.41
-27.294998,153.066828,-1.38
-27.294556,153.066601,-1.38
-27.294103,153.066323,-1.38
-27.295225,153.067077,-1.39
-27.295653,153.067348,-1.41
-27.294781,153.066860,-1.38
-27.294314,153.066574,-1.37
-27.295446,153.067337,-1.40
-27.295000,153.067082,-1.38
-27.294555,153.066827,-1.37
-27.294100,153.066577,-1.38
-27.295226,153.067330,-1.39
-27.294777,153.067081,-1.38
-27.294328,153.066824,-1.37
-27.295700,153.067690,-1.37
-27.295682,153.067679,-1.41
-27.295452,153.067595,-1.41
-27.295005,153.067336,-1.38
-27.294548,153.067082,-1.38
-27.294104,153.066824,-1.37
-27.295219,153.067597,-1.40
-27.295588,153.067835,-1.42
-27.294781,153.067334,-1.38
-27.294328,153.067078,-1.38
-27.295454,153.067854,-1.41
-27.294973,153.067587,-1.39
-27.294549,153.067329,-1.37
-27.294098,153.067078,-1.38
-27.295675,153.068095,-1.39
-27.295225,153.067837,-1.41
-27.294776,153.067586,-1.38
-27.294327,153.067334,-1.37
-27.295001,153.067837,-1.39
-27.295412,153.068116,-1.41
-27.294550,153.067582,-1.38
-27.294102,153.067342,-1.37
-27.295233,153.068087,-1.41
-27.294781,153.067837,-1.38
-27.294330,153.067588,-1.38
-27.295394,153.068346,-1.42
-27.295003,153.068098,-1.40
-27.294545,153.067837,-1.38
-27.294103,153.067592,-1.38
-27.295221,153.068358,-1.41
-27.294779,153.068092,-1.38
-27.294328,153.067847,-1.38
-27.294985,153.068345,-1.41
-27.294555,153.068092,-1.38
-27.294095,153.067842,-1.38
-27.295229,153.068597,-1.40
-27.294768,153.068340,-1.39
-27.294319,153.068090,-1.37
-27.295328,153.068773,-1.42
-27.294996,153.068622,-1.41
-27.294553,153.068347,-1.38
-27.294103,153.068091,-1.37
-27.295285,153.068859,-1.39
-27.295178,153.068861,-1.41
-27.294779,153.068608,-1.40
-27.294324,153.068341,-1.37
-27.294989,153.068847,-1.41
-27.294550,153.068596,-1.38
-27.294093,153.068347,-1.38
-27.294775,153.068850,-1.41
-27.295178,153.069134,-1.41
-27.294329,153.068599,-1.37
-27.294991,153.069106,-1.42
-27.294551,153.068847,-1.39
-27.294096,153.068597,-1.37
-27.294773,153.069108,-1.41
-27.294327,153.068855,-1.38
-27.294546,153.069109,-1.40
-27.294980,153.069403,-1.42
-27.294104,153.068850,-1.38
-27.294778,153.069352,-1.41
-27.294313,153.069098,-1.38
-27.294548,153.069361,-1.40
-27.294099,153.069099,-1.37
-27.294999,153.069755,-1.39
-27.294327,153.069359,-1.38
-27.294722,153.069624,-1.40
-27.294554,153.069631,-1.41
-27.294099,153.069357,-1.38
-27.294704,153.069857,-1.39
-27.294328,153.069626,-1.40
-27.294528,153.069884,-1.40
-27.294086,153.069606,-1.39
-27.294318,153.069880,-1.41
-27.294091,153.069856,-1.39
-27.294410,153.070125,-1.41
-27.294319,153.070137,-1.40
-27.294094,153.070115,-1.40
-27.294259,153.070369,-1.42
-27.294044,153.070370,-1.42
-27.294227,153.070618,-1.42
-27.294085,153.070613,-1.42
-27.301836,153.063038,-2.78
-27.302066,153.063040,-2.77
-27.290926,153.065920,-1.36
-27.290951,153.065940,-1.39
-27.291164,153.066069,-1.36
-27.290269,153.065299,-1.47
-27.291173,153.066052,-1.38
-27.291196,153.066063,-1.37
-27.291399,153.066140,-1.35
-27.290496,153.065301,-1.45
-27.291172,153.065695,-1.39
-27.290723,153.065299,-1.46
-27.291413,153.065791,-1.38
-27.291461,153.065825,-1.35
-27.291867,153.066099,-1.37
-27.291645,153.065902,-1.34
-27.292074,153.066155,-1.37
-27.291627,153.065637,-1.40
-27.291623,153.065555,-1.42
-27.291403,153.065281,-1.43
-27.291853,153.065623,-1.37
-27.291172,153.065044,-1.61
-27.291852,153.065552,-1.41
-27.291623,153.065295,-1.49
-27.291407,153.065046,-1.57
-27.292152,153.065597,-1.40
-27.292074,153.065526,-1.40
-27.291851,153.065292,-1.52
-27.291625,153.065049,-1.60
-27.292300,153.065532,-1.38
-27.292079,153.065302,-1.60
-27.291860,153.065044,-1.57
-27.292489,153.065571,-1.38
-27.292526,153.065561,-1.37
-27.292528,153.065555,-1.41
-27.292302,153.065290,-2.52
-27.292074,153.065044,-1.76
-27.292529,153.065301,-1.98
-27.292757,153.065426,-1.39
-27.292761,153.065298,-1.86
-27.292978,153.065471,-1.41
-27.293206,153.065529,-1.36
-27.292978,153.065222,-1.76
-27.293203,153.065241,-1.94
-27.293437,153.065272,-1.47
-27.293429,153.065045,-1.51
-27.293657,153.065202,-1.36
-27.293656,153.065051,-1.37
-27.293874,153.065311,-1.36
-27.293619,153.065307,-1.36
-27.293877,153.065564,-1.37
-27.293653,153.065567,-1.38
-27.293877,153.065820,-1.37
-27.293420,153.065566,-1.39
-27.293651,153.065812,-1.36
-27.293879,153.066067,-1.37
-27.293183,153.065657,-1.40
-27.293423,153.065821,-1.38
-27.293653,153.066066,-1.37
-27.292894,153.065645,-1.37
-27.293202,153.065843,-1.39
-27.293877,153.066343,-1.38
-27.293426,153.066065,-1.38
-27.292975,153.065816,-1.37
-27.293649,153.066318,-1.37
-27.293188,153.066081,-1.38
-27.292735,153.065849,-1.37
-27.293879,153.066584,-1.37
-27.293427,153.066323,-1.37
-27.292970,153.066067,-1.38
-27.292522,153.065825,-1.36
-27.293653,153.066580,-1.37
-27.293195,153.066322,-1.38
-27.292727,153.066073,-1.39
-27.292299,153.065830,-1.38
-27.293879,153.066831,-1.37
-27.293426,153.066573,-1.37
-27.292949,153.066323,-1.39
-27.293653,153.066830,-1.37
-27.293198,153.066576,-1.38
-27.292728,153.066318,-1.39
-27.293870,153.067077,-1.38
-27.293424,153.066832,-1.37
-27.292491,153.066247,-1.36
-27.292970,153.066576,-1.38
-27.293653,153.067080,-1.37
-27.292475,153.066359,-1.38
-27.293198,153.066834,-1.37
-27.291927,153.066034,-1.41
-27.292749,153.066578,-1.39
-27.293877,153.067330,-1.37
-27.293422,153.067078,-1.37
-27.291847,153.066109,-1.35
-27.292973,153.066829,-1.38
-27.292480,153.066570,-1.39
-27.293650,153.067332,-1.37
-27.293197,153.067079,-1.38
-27.292742,153.066843,-1.39
-27.292273,153.066544,-1.32
-27.293875,153.067586,-1.38
-27.292294,153.066577,-1.37
-27.292061,153.066455,-1.42
-27.293427,153.067335,-1.37
-27.292972,153.067080,-1.38
-27.292510,153.066828,-1.39
-27.293651,153.067588,-1.38
-27.293199,153.067328,-1.37
-27.292750,153.067079,-1.39
-27.293877,153.067846,-1.38
-27.292296,153.066852,-1.40
-27.293426,153.067590,-1.38
-27.292973,153.067339,-1.37
-27.292515,153.067079,-1.39
-27.292065,153.066808,-1.36
-27.291338,153.066345,-1.32
-27.293649,153.067839,-1.38
-27.293200,153.067590,-1.37
-27.292746,153.067331,-1.37
-27.292055,153.066899,-1.38
-27.293873,153.068089,-1.37
-27.292294,153.067094,-1.38
-27.293425,153.067840,-1.37
-27.292974,153.067589,-1.37
-27.292521,153.067328,-1.38
-27.293651,153.068086,-1.37
-27.293195,153.067838,-1.37
-27.292037,153.067101,-1.38
-27.292749,153.067587,-1.37
-27.291814,153.067017,-1.42
-27.292293,153.067329,-1.38
-27.293872,153.068344,-1.37
-27.293425,153.068086,-1.37
-27.292975,153.067838,-1.37
-27.292520,153.067592,-1.38
-27.293651,153.068339,-1.37
-27.291805,153.067165,-1.38
-27.292057,153.067340,-1.38
-27.293199,153.068094,-1.36
-27.292746,153.067835,-1.38
-27.293878,153.068598,-1.37
-27.292293,153.067587,-1.38
-27.293417,153.068339,-1.37
-27.291846,153.067330,-1.39
-27.292972,153.068091,-1.37
-27.292524,153.067840,-1.38
-27.293651,153.068596,-1.37
-27.292072,153.067581,-1.39
-27.293200,153.068345,-1.37
-27.292746,153.068086,-1.37
-27.293874,153.068847,-1.37
-27.292294,153.067835,-1.39
-27.293426,153.068592,-1.37
-27.291825,153.067596,-1.39
-27.292970,153.068340,-1.37
-27.292522,153.068086,-1.38
-27.293651,153.068852,-1.37
-27.292066,153.067843,-1.39
-27.291544,153.067509,-1.36
-27.293196,153.068602,-1.37
-27.291619,153.067607,-1.38
-27.292749,153.068344,-1.38
-27.293864,153.069098,-1.37
-27.292284,153.068090,-1.38
-27.293426,153.068846,-1.37
-27.291841,153.067843,-1.39
-27.292972,153.068591,-1.37
-27.292515,153.068344,-1.37
-27.292065,153.068088,-1.39
-27.293650,153.069106,-1.37
-27.293199,153.068849,-1.38
-27.291578,153.067852,-1.40
-27.292748,153.068600,-1.38
-27.292296,153.068343,-1.37
-27.293878,153.069349,-1.37
-27.293420,153.069096,-1.37
-27.291836,153.068105,-1.39
-27.292967,153.068846,-1.37
-27.291225,153.067749,-1.42
-27.292519,153.068592,-1.38
-27.292070,153.068345,-1.38
-27.291305,153.067872,-1.39
-27.291132,153.067763,-1.43
-27.293651,153.069353,-1.37
-27.291617,153.068097,-1.39
-27.293199,153.069104,-1.37
-27.292740,153.068844,-1.37
-27.292292,153.068590,-1.37
-27.293865,153.069603,-1.38
-27.291837,153.068354,-1.38
-27.293422,153.069352,-1.37
-27.292972,153.069098,-1.37
-27.292522,153.068849,-1.37
-27.291382,153.068151,-1.40
-27.292072,153.068595,-1.37
-27.293643,153.069602,-1.37
-27.291615,153.068343,-1.39
-27.293199,153.069351,-1.37
-27.291150,153.068074,-1.36
-27.292749,153.069103,-1.37
-27.292296,153.068847,-1.37
-27.293877,153.069856,-1.39
-27.291839,153.068597,-1.38
-27.293425,153.069607,-1.37
-27.291359,153.068345,-1.39
-27.292974,153.069352,-1.37
-27.291124,153.068206,-1.36
-27.292518,153.069096,-1.37
-27.292069,153.068844,-1.37
-27.291617,153.068590,-1.38
-27.293646,153.069870,-1.38
-27.293196,153.069604,-1.37
-27.292743,153.069349,-1.37
-27.292297,153.069098,-1.37
-27.291156,153.068401,-1.39
-27.291844,153.068843,-1.37
-27.293875,153.070108,-1.39
-27.291393,153.068595,-1.39
-27.293417,153.069861,-1.37
-27.292973,153.069611,-1.37
-27.292520,153.069349,-1.37
-27.292070,153.069100,-1.37
-27.291608,153.068844,-1.37
-27.293641,153.070115,-1.38
-27.293200,153.069861,-1.36
-27.291153,153.068614,-1.39
-27.292748,153.069604,-1.37
-27.292292,153.069349,-1.37
-27.291836,153.069101,-1.38
-27.293857,153.070373,-1.41
-27.293419,153.070107,-1.36
-27.291395,153.068854,-1.38
-27.292974,153.069857,-1.37
-27.292522,153.069604,-1.37
-27.292065,153.069350,-1.37
-27.293649,153.070362,-1.39
-27.291610,153.069095,-1.38
-27.293197,153.070110,-1.36
-27.291163,153.068849,-1.38
-27.292747,153.069857,-1.37
-27.292295,153.069607,-1.37
-27.293876,153.070618,-1.41
-27.291843,153.069352,-1.37
-27.291392,153.069095,-1.38
-27.293422,153.070366,-1.38
-27.292973,153.070108,-1.37
-27.292523,153.069858,-1.37
-27.292070,153.069601,-1.37
-27.293638,153.070616,-1.39
-27.291614,153.069353,-1.38
-27.293197,153.070364,-1.38
-27.291167,153.069097,-1.38
-27.292746,153.070113,-1.37
-27.292293,153.069857,-1.37
-27.291840,153.069607,-1.37
-27.293413,153.070614,-1.38
-27.291389,153.069359,-1.38
-27.292974,153.070363,-1.37
-27.292522,153.070108,-1.37
-27.292070,153.069855,-1.38
-27.291617,153.069601,-1.38
-27.293188,153.070618,-1.37
-27.292744,153.070364,-1.38
-27.292295,153.070118,-1.37
-27.291839,153.069856,-1.37
-27.292974,153.070615,-1.37
-27.291391,153.069611,-1.38
-27.292518,153.070359,-1.38
-27.292067,153.070106,-1.38
-27.291616,153.069855,-1.38
-27.292747,153.070617,-1.37
-27.292291,153.070364,-1.38
-27.291841,153.070106,-1.37
-27.291392,153.069860,-1.38
-27.292521,153.070616,-1.37
-27.292071,153.070360,-1.38
-27.291617,153.070111,-1.37
-27.292291,153.070615,-1.37
-27.291843,153.070361,-1.38
-27.291391,153.070114,-1.37
-27.292071,153.070617,-1.38
-27.291620,153.070369,-1.37
-27.291842,153.070617,-1.38
-27.291393,153.070362,-1.37
-27.291620,153.070617,-1.38
-27.291167,153.070366,-1.36
-27.291394,153.070619,-1.38
-27.291168,153.070618,-1.38
-26.968969,153.066635,-2.12
-26.968969,153.066887,-2.13
-26.969083,153.066633,-2.22
-26.969083,153.066898,-2.12
-26.969083,153.067138,-2.14
-26.969311,153.066886,-2.12
-26.969308,153.067138,-2.14
-26.969536,153.066886,-2.14
-26.969535,153.067134,-2.13
-26.969536,153.067642,-1.41
-26.969760,153.066883,-2.19
-26.969761,153.067138,-2.15
-26.969758,153.067649,-1.57
-26.969987,153.067657,-1.75
-26.970210,153.067652,-1.89
-26.970210,153.067898,-1.35
-26.970438,153.067639,-2.13
-26.970436,153.067902,-1.36
-26.970664,153.067927,-1.36
-26.970888,153.067894,-1.39
-26.971117,153.065877,-2.23
-26.971113,153.066884,-2.22
-26.971118,153.067137,-2.19
-26.971115,153.067390,-2.02
-26.971113,153.067641,-1.99
-26.971344,153.066638,-2.24
-26.971342,153.066889,-2.11
-26.971340,153.067137,-2.02
-26.971344,153.067400,-1.85
-26.971567,153.066383,-2.24
-26.971567,153.066637,-2.17
-26.971566,153.066884,-2.07
-26.971792,153.066384,-2.22
-26.971791,153.066633,-2.11
-26.972019,153.066131,-2.23
-26.972018,153.066390,-2.19
-26.962764,153.060608,-1.99
-26.962764,153.060835,-1.99
-26.963212,153.063392,-1.72
-26.963213,153.063622,-1.61
-26.962763,153.061121,-1.98
-26.962763,153.061371,-1.97
-26.962763,153.061598,-1.99
-26.962764,153.061862,-2.03
-26.962537,153.060611,-1.94
-26.962988,153.063352,-1.61
-26.962764,153.062120,-2.08
-26.962538,153.060876,-1.94
-26.962763,153.062350,-2.22
-26.962538,153.061113,-1.94
-26.962538,153.061340,-1.94
-26.962758,153.062863,-1.85
-26.962538,153.061608,-1.95
-26.962762,153.063110,-1.53
-26.962538,153.061900,-2.02
-26.962313,153.060613,-1.92
-26.962537,153.062121,-2.08
-26.962312,153.060833,-1.92
-26.962537,153.062363,-2.17
-26.962312,153.061110,-1.92
-26.962536,153.062616,-1.75
-26.962311,153.061353,-1.91
-26.962536,153.062861,-1.59
-26.962310,153.061631,-1.89
-26.962311,153.061879,-1.97
-26.962087,153.060585,-1.91
-26.962310,153.062121,-1.86
-26.962087,153.060864,-1.92
-26.962311,153.062420,-1.67
-26.962084,153.061142,-1.90
-26.962307,153.062640,-1.49
-26.962086,153.061354,-1.86
-26.962085,153.061601,-1.78
-26.962086,153.061864,-1.67
-26.961861,153.060589,-1.82
-26.962083,153.062160,-1.56
-26.961861,153.060853,-1.84
-26.961860,153.061126,-1.89
-26.961860,153.061357,-1.77
-26.961861,153.061645,-1.59
-26.961858,153.061862,-1.48
-26.961634,153.060615,-1.57
-26.961635,153.060849,-1.59
-26.961633,153.061189,-1.71
-26.961629,153.061345,-1.57
-26.963384,153.063878,-1.50
-26.963514,153.064168,-1.77
-26.963565,153.064373,-1.58
-26.963613,153.064637,-1.55
-26.963671,153.064616,-1.81
-26.963697,153.064883,-1.69
-26.963790,153.065155,-1.66
-26.963891,153.064655,-2.19
-26.963897,153.064869,-1.99
-26.963895,153.065134,-1.96
-26.964049,153.065642,-1.48
-26.964121,153.065118,-2.20
-26.964120,153.065621,-2.04
-26.964301,153.065877,-1.42
-26.964350,153.065381,-2.19
-26.964345,153.065878,-1.73
-26.964569,153.065875,-1.91
-26.965930,153.066661,-1.60
-26.966153,153.066653,-1.64
-26.966376,153.066647,-1.47
-26.966599,153.066640,-1.55
-26.966829,153.066631,-1.54
-26.967055,153.066647,-1.61
-26.967278,153.066397,-2.21
-26.967278,153.066645,-1.52
-26.967505,153.066378,-2.17
-26.967504,153.066637,-1.71
-26.967728,153.066744,-1.77
-26.967729,153.066381,-2.13
-26.967953,153.066850,-1.87
-26.967953,153.066885,-1.61
-26.967953,153.066573,-2.03
-26.968179,153.066873,-2.08
-26.968179,153.066486,-2.06
-26.968405,153.067123,-2.13
-26.968404,153.066628,-2.20
-26.968405,153.066633,-2.09
-26.968630,153.066919,-2.13
-26.968631,153.067428,-1.98
-26.968634,153.066634,-2.10
-26.950913,153.069255,-1.57
-26.950911,153.069480,-1.78
-26.950915,153.069663,-1.88
-26.950913,153.069897,-1.98
-26.950910,153.070152,-2.06
-26.950915,153.070397,-2.08
-26.951026,153.069207,-1.67
-26.951026,153.069419,-1.79
-26.951025,153.069646,-1.93
-26.951025,153.069898,-2.01
-26.951024,153.070157,-2.05
-26.951024,153.070438,-2.06
-26.951217,153.069138,-1.48
-26.951248,153.070241,-1.96
-26.951251,153.070421,-1.96
-26.951249,153.069992,-2.00
-26.951249,153.069710,-1.93
-26.951249,153.069423,-1.80
-26.951249,153.069210,-1.63
-26.951251,153.069132,-1.49
-26.951474,153.070418,-1.85
-26.951474,153.070318,-1.84
-26.951475,153.070110,-1.85
-26.951475,153.069837,-1.86
-26.951475,153.069625,-1.76
-26.951476,153.069352,-1.56
-26.951701,153.070424,-1.54
-26.951700,153.070315,-1.62
-26.951700,153.070107,-1.66
-26.951701,153.069878,-1.66
-26.951701,153.069565,-1.57
-26.951700,153.069347,-1.53
-26.952705,153.070523,-1.55
-26.952713,153.069999,-1.56
-26.952714,153.070173,-1.53
-26.952731,153.069831,-1.51
-26.952778,153.069643,-1.48
-26.952829,153.069887,-1.76
-26.952829,153.069905,-1.85
-26.952829,153.070148,-1.82
-26.952830,153.070455,-1.79
-26.952834,153.069353,-1.67
-26.952835,153.069473,-1.70
-26.952934,153.068960,-1.61
-26.952973,153.068832,-1.54
-26.953059,153.068930,-1.91
-26.953058,153.069149,-1.94
-26.953057,153.069393,-1.95
-26.953057,153.069647,-1.98
-26.953056,153.069909,-1.99
-26.953055,153.070157,-1.95
-26.953054,153.070399,-1.97
-26.953170,153.068116,-1.51
-26.953282,153.068139,-1.91
-26.953282,153.068393,-1.94
-26.953282,153.068639,-1.98
-26.953281,153.068905,-1.99
-26.953281,153.069147,-2.01
-26.953281,153.069434,-2.02
-26.953281,153.069671,-2.03
-26.953280,153.069906,-2.05
-26.953282,153.070158,-2.05
-26.953282,153.070405,-2.07
-26.953507,153.067655,-1.93
-26.953509,153.067898,-1.98
-26.953509,153.068136,-2.00
-26.953508,153.068409,-2.01
-26.953507,153.068644,-2.03
-26.953507,153.068902,-2.04
-26.953506,153.069162,-2.05
-26.953509,153.069406,-2.05
-26.953508,153.069667,-2.05
-26.953507,153.069931,-2.05
-26.953507,153.070148,-2.07
-26.953506,153.070452,-2.09
-26.953735,153.066990,-1.76
-26.953735,153.067387,-2.00
-26.953733,153.067658,-2.01
-26.953734,153.067881,-2.03
-26.953734,153.068150,-2.05
-26.953734,153.068404,-2.06
-26.953734,153.068645,-2.07
-26.953734,153.068897,-2.08
-26.953734,153.069145,-2.09
-26.953735,153.069404,-2.09
-26.953733,153.069646,-2.08
-26.953732,153.069898,-2.08
-26.953734,153.070157,-2.09
-26.953733,153.070418,-2.09
-26.953963,153.067030,-1.90
-26.953960,153.067139,-2.01
-26.953961,153.067378,-2.03
-26.953962,153.067638,-2.06
-26.953958,153.067882,-2.09
-26.953959,153.068142,-2.11
-26.953961,153.068385,-2.13
-26.953961,153.068642,-2.15
-26.953962,153.068904,-2.16
-26.953958,153.069141,-2.16
-26.953958,153.069403,-2.18
-26.953959,153.069656,-2.17
-26.953960,153.069897,-2.13
-26.953960,153.070152,-2.15
-26.953961,153.070405,-2.17
-26.954191,153.067041,-1.73
-26.954187,153.067145,-2.01
-26.954190,153.067380,-2.04
-26.954186,153.067638,-2.07
-26.954187,153.067897,-2.09
-26.954189,153.068149,-2.12
-26.954185,153.068385,-2.15
-26.954186,153.068638,-2.20
-26.954188,153.068888,-2.21
-26.954191,153.069140,-2.23
-26.954184,153.069904,-2.24
-26.954414,153.067042,-1.82
-26.954410,153.067129,-2.00
-26.954413,153.067381,-2.03
-26.954415,153.067631,-2.05
-26.954410,153.067884,-2.07
-26.954412,153.068135,-2.11
-26.954414,153.068387,-2.19
-26.954414,153.068639,-2.21
-26.954410,153.068897,-2.24
-26.954411,153.069395,-2.20
-26.954638,153.067010,-1.64
-26.954637,153.067128,-1.97
-26.954637,153.067381,-2.00
-26.954638,153.067639,-2.03
-26.954637,153.067882,-2.07
-26.954636,153.068135,-2.10
-26.954635,153.068395,-2.18
-26.954636,153.068658,-2.22
-26.954637,153.068892,-2.24
-26.954864,153.067394,-2.00
-26.954864,153.067632,-2.03
-26.954864,153.067883,-2.05
-26.954861,153.068142,-2.08
-26.954864,153.068385,-2.13
-26.954862,153.068643,-2.24
-26.955088,153.067387,-2.00
-26.955091,153.067634,-2.02
-26.955089,153.067902,-2.03
-26.955088,153.068140,-2.05
-26.955089,153.068410,-2.07
-26.955088,153.068650,-2.21
-26.955091,153.068900,-2.23
-26.955318,153.067631,-1.99
-26.955317,153.067893,-2.02
-26.955316,153.068147,-2.04
-26.955316,153.068403,-2.06
-26.955316,153.068655,-2.14
-26.955317,153.068895,-2.22
-26.955316,153.069652,-2.24
-26.955542,153.067630,-1.90
-26.955538,153.067885,-1.99
-26.955539,153.068157,-2.03
-26.955541,153.068387,-2.05
-26.955542,153.068661,-2.08
-26.955539,153.068926,-2.19
-26.955766,153.067885,-1.94
-26.955764,153.068137,-2.01
-26.955768,153.068403,-2.04
-26.955767,153.068643,-2.07
-26.955765,153.068891,-2.15
-26.955990,153.068204,-2.01
-26.955990,153.068388,-2.04
-26.955992,153.068664,-2.08
-26.955990,153.068894,-2.12
-26.955994,153.069158,-2.22
-26.956216,153.068503,-2.06
-26.956217,153.068715,-2.09
-26.956219,153.068889,-2.11
-26.956218,153.069158,-2.19
-26.956445,153.068693,-2.11
-26.956442,153.068901,-2.11
-26.956443,153.069157,-2.14
-26.956671,153.068934,-2.10
-26.956667,153.069166,-2.14
-26.956667,153.069406,-2.21
-26.956666,153.069648,-2.24
-26.956893,153.069173,-2.08
-26.956897,153.069394,-2.11
-26.956894,153.069680,-2.10
-26.957121,153.069164,-1.61
-26.957118,153.069427,-2.05
-26.957345,153.069412,-1.61
-26.950349,153.060455,-1.48
-26.950350,153.060601,-1.48
-26.950348,153.060828,-1.48
-26.950348,153.061085,-1.48
-26.950349,153.061357,-1.48
-26.950347,153.061590,-1.48
-26.950124,153.060476,-1.50
-26.950123,153.060615,-1.49
-26.950121,153.060830,-1.48
-26.950124,153.061079,-1.48
-26.950122,153.061347,-1.49
-26.950123,153.061589,-1.49
-26.949896,153.060461,-1.50
-26.949893,153.060606,-1.49
-26.950122,153.061855,-1.49
-26.949897,153.060828,-1.49
-26.950123,153.062110,-1.49
-26.949897,153.061099,-1.49
-26.950122,153.062349,-1.49
-26.949896,153.061342,-1.49
-26.950123,153.062619,-1.49
-26.950247,153.063345,-1.52
-26.949897,153.061599,-1.49
-26.949669,153.060460,-1.50
-26.949672,153.060579,-1.50
-26.950121,153.062848,-1.50
-26.949895,153.061846,-1.49
-26.949672,153.060837,-1.49
-26.950120,153.063096,-1.51
-26.950211,153.063605,-1.52
-26.949897,153.062115,-1.49
-26.949670,153.061083,-1.49
-26.950119,153.063372,-1.51
-26.949897,153.062368,-1.49
-26.949672,153.061365,-1.49
-26.950112,153.063628,-1.52
-26.949896,153.062613,-1.49
-26.950137,153.063867,-1.51
-26.949446,153.060451,-1.50
-26.949672,153.061607,-1.49
-26.950119,153.063871,-1.51
-26.949895,153.062845,-1.50
-26.949443,153.060601,-1.50
-26.949669,153.061835,-1.49
-26.949897,153.063113,-1.51
-26.949446,153.060833,-1.49
-26.950079,153.064111,-1.54
-26.949670,153.062094,-1.49
-26.949897,153.063351,-1.52
-26.949447,153.061081,-1.49
-26.949668,153.062338,-1.49
-26.949896,153.063630,-1.52
-26.949445,153.061340,-1.50
-26.949671,153.062598,-1.50
-26.949444,153.061599,-1.50
-26.949220,153.060462,-1.51
-26.949888,153.063986,-1.53
-26.949669,153.062874,-1.50
-26.949221,153.060583,-1.50
-26.949446,153.061839,-1.50
-26.949670,153.063095,-1.52
-26.949219,153.060829,-1.49
-26.949443,153.062090,-1.50
-26.949670,153.063375,-1.53
-26.949844,153.064326,-1.52
-26.949219,153.061097,-1.50
-26.949444,153.062352,-1.50
-26.949825,153.064475,-1.55
-26.949671,153.063679,-1.53
-26.949220,153.061353,-1.49
-26.949442,153.062600,-1.50
-26.949650,153.063853,-1.53
-26.949446,153.062851,-1.51
-26.949220,153.061628,-1.49
-26.948993,153.060482,-1.50
-26.949659,153.064142,-1.53
-26.949221,153.061844,-1.50
-26.948993,153.060592,-1.50
-26.949443,153.063117,-1.52
-26.949219,153.062088,-1.50
-26.948995,153.060839,-1.49
-26.949441,153.063350,-1.53
-26.949639,153.064488,-1.55
-26.949439,153.063615,-1.53
-26.949221,153.062377,-1.50
-26.948993,153.061084,-1.49
-26.949220,153.062623,-1.50
-26.948994,153.061346,-1.49
-26.949436,153.063926,-1.53
-26.949215,153.062843,-1.51
-26.948995,153.061623,-1.49
-26.949414,153.064156,-1.55
-26.949438,153.064397,-1.55
-26.949220,153.063102,-1.52
-26.948768,153.060460,-1.50
-26.948993,153.061837,-1.50
-26.948767,153.060594,-1.50
-26.949218,153.063362,-1.52
-26.948995,153.062098,-1.50
-26.949407,153.064643,-1.52
-26.948768,153.060832,-1.50
-26.949434,153.064932,-1.53
-26.949215,153.063596,-1.53
-26.948990,153.062342,-1.50
-26.948767,153.061087,-1.50
-26.949216,153.063890,-1.54
-26.948993,153.062603,-1.50
-26.949219,153.064147,-1.54
-26.948769,153.061354,-1.50
-26.948993,153.062848,-1.51
-26.948767,153.061597,-1.50
-26.948994,153.063140,-1.52
-26.949212,153.064525,-1.52
-26.948769,153.061843,-1.51
-26.948543,153.060473,-1.51
-26.948990,153.063367,-1.53
-26.948542,153.060617,-1.51
-26.949201,153.064744,-1.51
-26.948767,153.062095,-1.51
-26.948542,153.060842,-1.50
-26.948990,153.063651,-1.54
-26.948766,153.062346,-1.51
-26.948542,153.061094,-1.50
-26.948988,153.063882,-1.54
-26.948768,153.062589,-1.51
-26.948542,153.061342,-1.50
-26.948766,153.062856,-1.51
-26.948544,153.061595,-1.51
-26.948960,153.064183,-1.53
-26.948993,153.064465,-1.54
-26.948769,153.063141,-1.52
-26.948314,153.060457,-1.51
-26.948543,153.061870,-1.51
-26.948316,153.060598,-1.51
-26.948768,153.063401,-1.54
-26.948542,153.062107,-1.50
-26.948318,153.060827,-1.51
-26.948965,153.064689,-1.56
-26.948764,153.063598,-1.54
-26.948540,153.062348,-1.51
-26.948317,153.061108,-1.50
-26.948768,153.063888,-1.54
-26.948542,153.062619,-1.51
-26.948318,153.061334,-1.51
-26.948761,153.064102,-1.53
-26.948540,153.062845,-1.51
-26.948318,153.061609,-1.51
-26.948089,153.060453,-1.51
-26.948543,153.063105,-1.52
-26.948760,153.064357,-1.52
-26.948318,153.061865,-1.51
-26.948874,153.065028,-1.53
-26.948092,153.060622,-1.51
-26.948316,153.062093,-1.51
-26.948092,153.060842,-1.50
-26.948536,153.063360,-1.52
-26.948734,153.064613,-1.51
-26.948541,153.063629,-1.53
-26.948315,153.062365,-1.50
-26.948090,153.061112,-1.51
-26.948318,153.062597,-1.51
-26.948092,153.061344,-1.51
-26.948536,153.063873,-1.53
-26.948541,153.064112,-1.54
-26.948316,153.062871,-1.51
-26.948087,153.061603,-1.51
-26.947860,153.060448,-1.52
-26.947865,153.060580,-1.51
-26.948316,153.063097,-1.52
-26.948090,153.061851,-1.51
-26.948539,153.064552,-1.50
-26.948092,153.062099,-1.51
-26.947864,153.060850,-1.51
-26.948309,153.063386,-1.52
-26.948574,153.064870,-1.58
-26.947863,153.061083,-1.50
-26.948091,153.062361,-1.51
-26.948308,153.063617,-1.53
-26.947866,153.061342,-1.50
-26.948091,153.062602,-1.51
-26.948313,153.063891,-1.53
-26.947865,153.061593,-1.50
-26.948091,153.062863,-1.51
-26.947638,153.060510,-1.52
-26.948297,153.064130,-1.54
-26.948458,153.065084,-1.55
-26.947861,153.061835,-1.50
-26.947633,153.060599,-1.51
-26.948089,153.063114,-1.52
-26.947637,153.060849,-1.50
-26.948297,153.064464,-1.56
-26.948091,153.063347,-1.53
-26.947866,153.062127,-1.50
-26.948571,153.066093,-1.53
-26.947866,153.062341,-1.51
-26.947639,153.061113,-1.50
-26.948313,153.064832,-1.57
-26.948090,153.063656,-1.54
-26.947638,153.061338,-1.50
-26.948287,153.064885,-1.59
-26.947866,153.062604,-1.51
-26.948086,153.063858,-1.54
-26.947640,153.061599,-1.50
-26.947865,153.062845,-1.51
-26.948082,153.064136,-1.55
-26.947413,153.060510,-1.51
-26.947415,153.060604,-1.50
-26.947638,153.061839,-1.50
-26.947865,153.063118,-1.52
-26.947415,153.060825,-1.49
-26.947639,153.062108,-1.50
-26.948084,153.064542,-1.57
-26.947865,153.063356,-1.53
-26.948076,153.064610,-1.54
-26.947413,153.061080,-1.50
-26.947640,153.062349,-1.50
-26.947861,153.063623,-1.54
-26.947412,153.061344,-1.50
-26.947640,153.062598,-1.50
-26.947865,153.063868,-1.54
-26.947639,153.062842,-1.51
-26.947411,153.061603,-1.50
-26.948008,153.064906,-1.58
-26.947190,153.060461,-1.52
-26.947854,153.064132,-1.56
-26.947189,153.060580,-1.51
-26.947414,153.061841,-1.50
-26.947638,153.063094,-1.52
-26.947859,153.064417,-1.56
-26.947189,153.060844,-1.51
-26.947414,153.062095,-1.50
-26.947636,153.063346,-1.53
-26.947823,153.064609,-1.56
-26.947412,153.062343,-1.50
-26.947189,153.061111,-1.50
-26.947638,153.063643,-1.54
-26.947844,153.064956,-1.50
-26.947188,153.061337,-1.51
-26.947638,153.063876,-1.54
-26.947413,153.062626,-1.50
-26.947188,153.061582,-1.51
-26.947414,153.062868,-1.51
-26.947618,153.064135,-1.54
-26.946959,153.060458,-1.53
-26.947409,153.063095,-1.52
-26.947187,153.061843,-1.51
-26.946964,153.060594,-1.52
-26.947632,153.064367,-1.55
-26.947411,153.063349,-1.53
-26.947188,153.062087,-1.50
-26.946962,153.060838,-1.51
-26.947410,153.063600,-1.54
-26.947188,153.062348,-1.50
-26.946961,153.061084,-1.50
-26.947638,153.065089,-1.52
-26.947414,153.063873,-1.54
-26.947187,153.062588,-1.51
-26.946962,153.061336,-1.51
-26.947594,153.065142,-1.55
-26.947189,153.062889,-1.51
-26.946960,153.061588,-1.50
-26.947527,153.064844,-1.52
-26.947404,153.064139,-1.56
-26.946733,153.060487,-1.52
-26.947188,153.063114,-1.52
-26.946961,153.061839,-1.51
-26.946738,153.060587,-1.51
-26.947406,153.064459,-1.56
-26.947181,153.063366,-1.53
-26.946961,153.062108,-1.51
-26.946736,153.060843,-1.51
-26.947371,153.064660,-1.57
-26.947181,153.063597,-1.54
-26.946963,153.062340,-1.51
-26.946737,153.061091,-1.51
-26.947186,153.063856,-1.54
-26.946958,153.062590,-1.51
-26.946732,153.061332,-1.51
-26.946960,153.062840,-1.52
-26.947351,153.065139,-1.50
-26.947316,153.064972,-1.57
-26.946736,153.061586,-1.51
-26.947177,153.064241,-1.53
-26.947179,153.064373,-1.54
-26.946963,153.063102,-1.52
-26.946513,153.060460,-1.52
-26.946737,153.061832,-1.51
-26.946510,153.060577,-1.52
-26.947184,153.064614,-1.52
-26.946961,153.063358,-1.53
-26.946737,153.062115,-1.51
-26.946511,153.060860,-1.51
-26.947188,153.064918,-1.54
-26.946962,153.063641,-1.54
-26.946737,153.062380,-1.51
-26.946511,153.061081,-1.51
-26.946963,153.063851,-1.53
-26.946737,153.062611,-1.51
-26.946507,153.061337,-1.51
-26.946951,153.064131,-1.54
-26.946736,153.062865,-1.51
-26.946511,153.061638,-1.51
-26.946955,153.064422,-1.55
-26.946736,153.063117,-1.52
-26.946508,153.061832,-1.51
-26.946287,153.060503,-1.53
-26.946285,153.060573,-1.52
-26.946734,153.063353,-1.53
-26.946512,153.062092,-1.51
-26.946913,153.064710,-1.54
-26.946735,153.063610,-1.54
-26.946282,153.060827,-1.52
-26.946944,153.064991,-1.53
-26.946510,153.062350,-1.51
-26.946733,153.063858,-1.54
-26.946286,153.061110,-1.51
-26.946920,153.065176,-1.54
-26.946512,153.062606,-1.51
-26.946727,153.064108,-1.54
-26.946283,153.061328,-1.51
-26.946511,153.062854,-1.52
-26.946726,153.064402,-1.54
-26.946285,153.061583,-1.51
-26.946509,153.063138,-1.53
-26.946734,153.064615,-1.54
-26.946282,153.061837,-1.51
-26.946511,153.063372,-1.54
-26.946059,153.060521,-1.53
-26.946722,153.064902,-1.54
-26.946061,153.060620,-1.53
-26.946283,153.062090,-1.51
-26.946507,153.063605,-1.54
-26.946061,153.060834,-1.52
-26.946286,153.062360,-1.51
-26.946505,153.063919,-1.54
-26.946724,153.065441,-1.53
-26.946285,153.062600,-1.52
-26.946061,153.061133,-1.52
-26.946507,153.064187,-1.54
-26.946059,153.061337,-1.51
-26.946285,153.062855,-1.52
-26.946507,153.064476,-1.54
-26.946284,153.063103,-1.53
-26.946055,153.061595,-1.52
-26.946577,153.065141,-1.55
-26.946501,153.064678,-1.54
-26.946284,153.063350,-1.54
-26.946058,153.061851,-1.51
-26.946495,153.064864,-1.52
-26.945829,153.060478,-1.53
-26.946285,153.063627,-1.55
-26.946059,153.062120,-1.51
-26.945826,153.060606,-1.53
-26.946285,153.063858,-1.56
-26.946058,153.062338,-1.52
-26.945832,153.060829,-1.52
-26.946056,153.062591,-1.52
-26.945831,153.061076,-1.52
-26.946282,153.064149,-1.56
-26.946060,153.062844,-1.52
-26.946410,153.065250,-1.53
-26.945835,153.061365,-1.51
-26.946280,153.064455,-1.55
-26.946058,153.063133,-1.53
-26.945834,153.061613,-1.52
-26.946282,153.064806,-1.57
-26.946059,153.063364,-1.54
-26.945834,153.061860,-1.52
-26.946267,153.064857,-1.52
-26.945604,153.060465,-1.52
-26.946056,153.063601,-1.54
-26.945834,153.062108,-1.52
-26.945608,153.060598,-1.53
-26.945835,153.062370,-1.51
-26.946051,153.063896,-1.55
-26.945608,153.060839,-1.52
-26.946058,153.064157,-1.55
-26.945834,153.062608,-1.51
-26.945609,153.061094,-1.52
-26.946051,153.064359,-1.56
-26.945832,153.062839,-1.52
-26.945608,153.061357,-1.52
-26.945833,153.063107,-1.53
-26.946045,153.064659,-1.55
-26.945608,153.061614,-1.51
-26.945834,153.063400,-1.53
-26.945609,153.061872,-1.52
-26.945833,153.063610,-1.54
-26.946056,153.065248,-1.52
-26.946026,153.065043,-1.53
-26.945609,153.062119,-1.52
-26.945381,153.060521,-1.53
-26.945383,153.060661,-1.53
-26.945834,153.063900,-1.54
-26.945608,153.062357,-1.51
-26.945379,153.060825,-1.52
-26.945833,153.064100,-1.55
-26.945607,153.062591,-1.52
-26.946022,153.065560,-1.51
-26.945381,153.061082,-1.52
-26.945608,153.062853,-1.52
-26.945382,153.061337,-1.52
-26.945796,153.064411,-1.54
-26.945818,153.064615,-1.55
-26.945607,153.063117,-1.52
-26.945383,153.061579,-1.52
-26.945607,153.063357,-1.53
-26.945384,153.061862,-1.52
-26.945827,153.065169,-1.53
-26.945608,153.063607,-1.54
-26.945383,153.062089,-1.52
-26.945769,153.064903,-1.55
-26.945149,153.060463,-1.53
-26.945157,153.060609,-1.53
-26.945604,153.063863,-1.55
-26.945383,153.062375,-1.52
-26.945604,153.064109,-1.54
-26.945154,153.060868,-1.52
-26.945382,153.062602,-1.52
-26.945158,153.061120,-1.52
-26.945604,153.064393,-1.55
-26.945382,153.062884,-1.52
-26.945155,153.061343,-1.52
-26.945383,153.063100,-1.53
-26.945155,153.061602,-1.52
-26.945567,153.064704,-1.55
-26.945382,153.063365,-1.53
-26.945645,153.065374,-1.51
-26.945156,153.061871,-1.52
-26.945575,153.065027,-1.57
-26.945382,153.063670,-1.55
-26.945158,153.062085,-1.52
-26.944932,153.060486,-1.53
-26.945376,153.063878,-1.55
-26.944924,153.060574,-1.53
-26.945157,153.062378,-1.52
-26.945612,153.065750,-1.51
-26.945545,153.065258,-1.55
-26.945380,153.064149,-1.55
-26.944930,153.060854,-1.52
-26.945156,153.062638,-1.52
-26.944932,153.061078,-1.51
-26.945534,153.065599,-1.53
-26.945377,153.064454,-1.55
-26.945157,153.062879,-1.52
-26.944932,153.061344,-1.52
-26.945376,153.064694,-1.53
-26.945157,153.063097,-1.53
-26.944931,153.061590,-1.52
-26.945364,153.064882,-1.54
-26.945154,153.063358,-1.53
-26.944931,153.061837,-1.52
-26.945153,153.063615,-1.54
-26.944929,153.062093,-1.52
-26.944706,153.060518,-1.53
-26.944704,153.060576,-1.53
-26.945156,153.063903,-1.55
-26.944927,153.062350,-1.52
-26.944704,153.060847,-1.52
-26.945382,153.065769,-1.53
-26.945347,153.065518,-1.55
-26.945153,153.064148,-1.55
-26.944930,153.062618,-1.52
-26.945279,153.065192,-1.53
-26.944705,153.061099,-1.52
-26.945154,153.064364,-1.56
-26.944928,153.062840,-1.52
-26.944706,153.061345,-1.52
-26.945306,153.065837,-1.53
-26.944930,153.063132,-1.53
-26.945152,153.064768,-1.57
-26.944706,153.061598,-1.52
-26.944929,153.063344,-1.54
-26.945151,153.064979,-1.55
-26.944706,153.061898,-1.52
-26.944929,153.063611,-1.54
-26.945135,153.065120,-1.56
-26.944479,153.060466,-1.52
-26.944706,153.062129,-1.52
-26.944928,153.063859,-1.54
-26.944478,153.060648,-1.53
-26.944705,153.062343,-1.52
-26.945132,153.065488,-1.53
-26.944479,153.060843,-1.52
-26.944704,153.062597,-1.52
-26.944920,153.064168,-1.56
-26.944477,153.061150,-1.52
-26.944925,153.064419,-1.56
-26.944705,153.062856,-1.52
-26.944479,153.061347,-1.52
-26.944706,153.063092,-1.53
-26.944929,153.064769,-1.55
-26.944479,153.061583,-1.52
-26.944705,153.063378,-1.54
-26.944480,153.061840,-1.52
-26.944906,153.064895,-1.54
-26.945000,153.065612,-1.53
-26.944705,153.063632,-1.54
-26.944254,153.060455,-1.52
-26.944479,153.062092,-1.52
-26.944906,153.065154,-1.54
-26.944253,153.060603,-1.52
-26.944703,153.063883,-1.55
-26.944479,153.062357,-1.52
-26.944255,153.060827,-1.52
-26.944699,153.064159,-1.55
-26.944480,153.062613,-1.52
-26.944872,153.065475,-1.54
-26.944253,153.061121,-1.51
-26.944698,153.064351,-1.56
-26.944480,153.062862,-1.52
-26.944255,153.061328,-1.51
-26.944479,153.063133,-1.53
-26.944255,153.061599,-1.51
-26.944852,153.065856,-1.53
-26.944696,153.064801,-1.57
-26.944479,153.063371,-1.53
-26.944254,153.061843,-1.52
-26.944695,153.065045,-1.57
-26.944478,153.063615,-1.54
-26.944695,153.065189,-1.56
-26.944254,153.062091,-1.52
-26.944029,153.060504,-1.52
-26.944028,153.060648,-1.52
-26.944477,153.063861,-1.55
-26.944255,153.062347,-1.52
-26.944029,153.060916,-1.52
-26.944475,153.064156,-1.56
-26.944254,153.062599,-1.52
-26.944669,153.065572,-1.53
-26.944029,153.061121,-1.51
-26.944254,153.062857,-1.52
-26.944465,153.064391,-1.56
-26.944027,153.061363,-1.51
-26.944254,153.063107,-1.52
-26.944628,153.065778,-1.53
-26.944464,153.064629,-1.56
-26.944029,153.061622,-1.51
-26.944473,153.064931,-1.57
-26.944254,153.063394,-1.53
-26.944028,153.061863,-1.51
-26.944254,153.063630,-1.54
-26.943802,153.060467,-1.51
-26.944476,153.065235,-1.54
-26.944027,153.062090,-1.51
-26.943802,153.060606,-1.52
-26.944253,153.063857,-1.56
-26.944029,153.062376,-1.51
-26.943804,153.060848,-1.51
-26.944252,153.064165,-1.56
-26.944029,153.062601,-1.52
-26.943803,153.061101,-1.51
-26.944452,153.065687,-1.54
-26.944409,153.065476,-1.57
-26.944250,153.064361,-1.56
-26.944027,153.062875,-1.52
-26.943804,153.061352,-1.51
-26.944028,153.063117,-1.52
-26.944253,153.064781,-1.55
-26.943800,153.061595,-1.51
-26.944026,153.063357,-1.53
-26.943803,153.061871,-1.51
-26.944223,153.064876,-1.56
-26.944028,153.063594,-1.54
-26.943578,153.060501,-1.52
-26.943801,153.062119,-1.51
-26.943577,153.060621,-1.51
-26.944027,153.063884,-1.55
-26.943802,153.062338,-1.51
-26.944193,153.065150,-1.54
-26.943578,153.060825,-1.51
-26.944214,153.065430,-1.54
-26.944028,153.064144,-1.56
-26.943802,153.062617,-1.51
-26.943576,153.061081,-1.51
-26.944023,153.064394,-1.56
-26.943803,153.062855,-1.51
-26.943578,153.061352,-1.51
-26.944027,153.064615,-1.56
-26.943802,153.063111,-1.52
-26.943577,153.061595,-1.51
-26.944119,153.065666,-1.54
-26.944023,153.064966,-1.55
-26.943803,153.063373,-1.53
-26.943576,153.061834,-1.51
-26.944013,153.065124,-1.55
-26.943798,153.063598,-1.53
-26.943578,153.062090,-1.51
-26.943346,153.060450,-1.53
-26.944096,153.065993,-1.53
-26.943797,153.063861,-1.55
-26.943352,153.060594,-1.52
-26.943577,153.062371,-1.51
-26.944014,153.065709,-1.54
-26.943800,153.064121,-1.56
-26.943351,153.060835,-1.51
-26.943577,153.062604,-1.51
-26.943955,153.065523,-1.57
-26.943802,153.064421,-1.56
-26.943998,153.065917,-1.54
-26.943352,153.061123,-1.51
-26.943577,153.062838,-1.51
-26.943349,153.061365,-1.51
-26.943800,153.064813,-1.55
-26.943577,153.063123,-1.52
-26.943351,153.061589,-1.51
-26.943576,153.063369,-1.52
-26.943782,153.065002,-1.53
-26.943352,153.061830,-1.51
-26.943576,153.063614,-1.53
-26.943766,153.065184,-1.56
-26.943350,153.062086,-1.51
-26.943577,153.063867,-1.54
-26.943127,153.060484,-1.53
-26.943351,153.062348,-1.51
-26.943125,153.060585,-1.52
-26.943576,153.064127,-1.55
-26.943575,153.064368,-1.56
-26.943350,153.062595,-1.52
-26.943124,153.060850,-1.52
-26.943574,153.064603,-1.55
-26.943351,153.062866,-1.52
-26.943126,153.061081,-1.52
-26.943677,153.065522,-1.55
-26.943351,153.063103,-1.52
-26.943125,153.061332,-1.51
-26.943557,153.064912,-1.57
-26.943351,153.063382,-1.53
-26.943126,153.061610,-1.51
-26.943555,153.065207,-1.53
-26.943351,153.063599,-1.54
-26.943125,153.061856,-1.51
-26.943350,153.063867,-1.54
-26.943126,153.062089,-1.51
-26.943512,153.065386,-1.57
-26.943345,153.064105,-1.56
-26.943125,153.062350,-1.51
-26.942896,153.060474,-1.51
-26.942899,153.060579,-1.51
-26.943349,153.064451,-1.56
-26.943125,153.062609,-1.52
-26.943490,153.065700,-1.55
-26.942899,153.060849,-1.51
-26.943125,153.062843,-1.52
-26.943349,153.064734,-1.56
-26.942901,153.061106,-1.51
-26.943125,153.063103,-1.52
-26.943346,153.065011,-1.59
-26.942900,153.061352,-1.51
-26.943124,153.063344,-1.52
-26.942901,153.061606,-1.51
-26.943333,153.065262,-1.56
-26.943125,153.063598,-1.53
-26.943344,153.065419,-1.57
-26.942901,153.061845,-1.51
-26.943124,153.063872,-1.54
-26.942900,153.062090,-1.51
-26.942675,153.060493,-1.51
-26.942899,153.062344,-1.51
-26.943119,153.064130,-1.55
-26.942674,153.060572,-1.51
-26.942900,153.062597,-1.52
-26.942672,153.060825,-1.51
-26.943120,153.064401,-1.56
-26.942899,153.062842,-1.52
-26.943124,153.064651,-1.56
-26.942671,153.061132,-1.51
-26.942675,153.061332,-1.51
-26.942900,153.063091,-1.52
-26.942675,153.061591,-1.51
-26.943104,153.064868,-1.57
-26.942900,153.063356,-1.52
-26.942674,153.061866,-1.51
-26.943109,153.065152,-1.57
-26.943189,153.065771,-1.55
-26.942898,153.063616,-1.53
-26.942674,153.062126,-1.51
-26.942449,153.060510,-1.51
-26.942896,153.063852,-1.53
-26.942448,153.060576,-1.52
-26.942671,153.062342,-1.51
-26.942449,153.060870,-1.52
-26.942900,153.064156,-1.54
-26.942674,153.062594,-1.52
-26.943079,153.065523,-1.55
-26.942448,153.061076,-1.52
-26.942890,153.064392,-1.55
-26.942673,153.062860,-1.52
-26.942449,153.061340,-1.51
-26.942896,153.064625,-1.57
-26.942673,153.063091,-1.52
-26.942449,153.061595,-1.51
-26.942898,153.064856,-1.57
-26.942674,153.063371,-1.52
-26.942448,153.061883,-1.51
-26.942674,153.063614,-1.53
-26.942449,153.062091,-1.52
-26.942220,153.060537,-1.52
-26.942897,153.065219,-1.56
-26.942223,153.060661,-1.52
-26.942672,153.063845,-1.53
-26.942223,153.060835,-1.52
-26.942448,153.062372,-1.52
-26.942947,153.065796,-1.54
-26.942448,153.062597,-1.52
-26.942223,153.061103,-1.52
-26.942667,153.064141,-1.54
-26.942876,153.065551,-1.54
-26.942893,153.065692,-1.53
-26.942449,153.062847,-1.52
-26.942223,153.061363,-1.52
-26.942665,153.064357,-1.55
-26.942222,153.061583,-1.52
-26.942448,153.063122,-1.52
-26.942670,153.064601,-1.55
-26.942222,153.061842,-1.51
-26.942449,153.063341,-1.52
-26.941996,153.060544,-1.52
-26.942663,153.064876,-1.57
-26.941993,153.060601,-1.53
-26.942222,153.062100,-1.52
-26.942447,153.063618,-1.52
-26.942660,153.065114,-1.56
-26.941997,153.060890,-1.53
-26.942221,153.062356,-1.52
-26.942448,153.063871,-1.53
-26.941998,153.061086,-1.52
-26.942669,153.065429,-1.56
-26.942223,153.062616,-1.52
-26.942445,153.064114,-1.54
-26.941996,153.061370,-1.52
-26.942223,153.062863,-1.53
-26.942699,153.065860,-1.52
-26.942665,153.065684,-1.54
-26.942442,153.064360,-1.55
-26.941995,153.061583,-1.52
-26.942221,153.063089,-1.53
-26.941995,153.061863,-1.51
-26.942443,153.064657,-1.55
-26.942219,153.063343,-1.53
-26.941997,153.062121,-1.52
-26.942223,153.063607,-1.53
-26.942446,153.065015,-1.56
-26.941998,153.062373,-1.53
-26.942223,153.063856,-1.54
-26.942436,153.065230,-1.56
-26.941996,153.062616,-1.52
-26.942221,153.064131,-1.55
-26.941996,153.062863,-1.53
-26.942400,153.065442,-1.56
-26.942218,153.064367,-1.55
-26.941996,153.063110,-1.52
-26.942211,153.064606,-1.56
-26.941996,153.063358,-1.53
-26.942221,153.064871,-1.55
-26.941996,153.063603,-1.53
-26.942213,153.065137,-1.58
-26.941997,153.063850,-1.53
-26.942299,153.065868,-1.54
-26.941992,153.064097,-1.53
-26.942205,153.065430,-1.54
-26.942238,153.065741,-1.52
-26.941994,153.064388,-1.55
-26.941995,153.064636,-1.56
-26.942173,153.065845,-1.53
-26.941966,153.064965,-1.57
-26.941989,153.065183,-1.56
-26.942125,153.066275,-1.53
-26.941976,153.065432,-1.54
-26.941993,153.065652,-1.49
-26.942010,153.066026,-1.53
-26.941923,153.065889,-1.53
-26.941887,153.066163,-1.54
-26.941885,153.066467,-1.54
-26.941884,153.066642,-1.54
-26.941884,153.066876,-1.54
-26.941887,153.067132,-1.52
-26.941886,153.067378,-1.52
-26.941885,153.067622,-1.51
-26.941887,153.067875,-1.51
-26.941883,153.068143,-1.51
-26.942001,153.066380,-1.54
-26.941886,153.068379,-1.51
-26.941883,153.068636,-1.52
-26.942001,153.066672,-1.54
-26.941998,153.066875,-1.53
-26.941885,153.068880,-1.51
-26.942000,153.067121,-1.52
-26.941886,153.069144,-1.52
-26.941998,153.067371,-1.51
-26.941884,153.069384,-1.52
-26.941996,153.067633,-1.51
-26.941882,153.069639,-1.52
-26.941998,153.067877,-1.51
-26.941884,153.069893,-1.53
-26.941996,153.068130,-1.51
-26.941887,153.070169,-1.53
-26.941997,153.068380,-1.51
-26.941885,153.070403,-1.53
-26.941995,153.068632,-1.51
-26.941996,153.068889,-1.51
-26.941998,153.069139,-1.51
-26.941995,153.069386,-1.51
-26.941996,153.069641,-1.52
-26.942223,153.066160,-1.53
-26.942002,153.069890,-1.52
-26.941998,153.070169,-1.52
-26.942225,153.066469,-1.53
-26.941994,153.070434,-1.52
-26.942229,153.066639,-1.54
-26.942226,153.066884,-1.53
-26.942225,153.067123,-1.52
-26.942222,153.067390,-1.51
-26.942223,153.067625,-1.51
-26.942222,153.067890,-1.51
-26.942222,153.068133,-1.51
-26.942221,153.068398,-1.51
-26.942224,153.068633,-1.51
-26.942220,153.068891,-1.51
-26.942223,153.069135,-1.51
-26.942221,153.069390,-1.51
-26.942224,153.069641,-1.51
-26.942455,153.065930,-1.56
-26.942222,153.069917,-1.52
-26.942451,153.066220,-1.54
-26.942222,153.070143,-1.53
-26.942453,153.066410,-1.54
-26.942220,153.070415,-1.52
-26.942448,153.066653,-1.54
-26.942448,153.066868,-1.53
-26.942447,153.067121,-1.52
-26.942450,153.067382,-1.51
-26.942449,153.067639,-1.51
-26.942449,153.067880,-1.51
-26.942447,153.068137,-1.50
-26.942447,153.068380,-1.51
-26.942451,153.068632,-1.50
-26.942450,153.068885,-1.51
-26.942449,153.069136,-1.51
-26.942448,153.069402,-1.51
-26.942447,153.069643,-1.52
-26.942446,153.069891,-1.52
-26.942448,153.070159,-1.53
-26.942446,153.070416,-1.53
-26.942673,153.066292,-1.52
-26.942675,153.066369,-1.53
-26.942675,153.066647,-1.52
-26.942674,153.066873,-1.52
-26.942675,153.067125,-1.51
-26.942676,153.067383,-1.50
-26.942674,153.067632,-1.51
-26.942673,153.067876,-1.51
-26.942674,153.068128,-1.51
-26.942674,153.068398,-1.51
-26.942673,153.068676,-1.52
-26.942672,153.068884,-1.52
-26.942673,153.069166,-1.52
-26.942673,153.069388,-1.52
-26.942673,153.069653,-1.52
-26.942672,153.069907,-1.53
-26.942674,153.070141,-1.54
-26.942676,153.070464,-1.54
-26.942900,153.065983,-1.51
-26.942905,153.066113,-1.52
-26.942907,153.066385,-1.52
-26.942899,153.066647,-1.53
-26.942900,153.066916,-1.53
-26.942898,153.067124,-1.53
-26.942900,153.067376,-1.52
-26.942898,153.067647,-1.52
-26.942898,153.067882,-1.51
-26.942899,153.068151,-1.51
-26.942899,153.068384,-1.51
-26.942898,153.068635,-1.51
-26.942902,153.068891,-1.51
-26.942900,153.069147,-1.51
-26.942899,153.069392,-1.52
-26.942899,153.069639,-1.52
-26.942899,153.069902,-1.53
-26.942900,153.070179,-1.53
-26.942899,153.070418,-1.53
-26.943139,153.065893,-1.54
-26.943130,153.066151,-1.53
-26.943127,153.066409,-1.54
-26.943125,153.066626,-1.54
-26.943125,153.066872,-1.53
-26.943126,153.067122,-1.53
-26.943125,153.067376,-1.52
-26.943125,153.067624,-1.52
-26.943125,153.067883,-1.51
-26.943124,153.068127,-1.51
-26.943124,153.068387,-1.51
-26.943125,153.068640,-1.51
-26.943127,153.068889,-1.51
-26.943125,153.069144,-1.51
-26.943127,153.069400,-1.52
-26.943351,153.065897,-1.54
-26.943124,153.069670,-1.52
-26.943351,153.066120,-1.53
-26.943123,153.069906,-1.53
-26.943125,153.070164,-1.53
-26.943350,153.066481,-1.53
-26.943353,153.066622,-1.53
-26.943123,153.070433,-1.54
-26.943355,153.066879,-1.53
-26.943353,153.067126,-1.52
-26.943355,153.067372,-1.52
-26.943350,153.067628,-1.51
-26.943352,153.067880,-1.51
-26.943354,153.068131,-1.51
-26.943350,153.068397,-1.52
-26.943349,153.068646,-1.52
-26.943351,153.068882,-1.52
-26.943350,153.069135,-1.52
-26.943349,153.069402,-1.52
-26.943351,153.069640,-1.53
-26.943581,153.065638,-1.54
-26.943350,153.069925,-1.54
-26.943576,153.065938,-1.53
-26.943350,153.070160,-1.54
-26.943350,153.070400,-1.54
-26.943579,153.066187,-1.53
-26.943579,153.066444,-1.54
-26.943577,153.066639,-1.53
-26.943577,153.066886,-1.53
-26.943575,153.067139,-1.53
-26.943576,153.067386,-1.52
-26.943578,153.067627,-1.52
-26.943576,153.067884,-1.52
-26.943579,153.068131,-1.52
-26.943578,153.068381,-1.52
-26.943578,153.068631,-1.52
-26.943578,153.068895,-1.52
-26.943578,153.069154,-1.52
-26.943575,153.069392,-1.52
-26.943579,153.069654,-1.53
-26.943575,153.069914,-1.54
-26.943577,153.070153,-1.54
-26.943578,153.070404,-1.54
-26.943804,153.066157,-1.54
-26.943803,153.066386,-1.53
-26.943805,153.066626,-1.54
-26.943806,153.066891,-1.53
-26.943805,153.067125,-1.52
-26.943806,153.067380,-1.52
-26.943804,153.067623,-1.51
-26.943802,153.067878,-1.52
-26.943803,153.068142,-1.52
-26.943801,153.068384,-1.52
-26.943803,153.068647,-1.52
-26.943806,153.068888,-1.52
-26.943804,153.069135,-1.51
-26.943801,153.069396,-1.52
-26.943802,153.069667,-1.53
-26.943806,153.069892,-1.53
-26.943802,153.070196,-1.53
-26.943800,153.070430,-1.53
-26.944036,153.066162,-1.54
-26.944035,153.066364,-1.54
-26.944028,153.066626,-1.53
-26.944029,153.066896,-1.52
-26.944029,153.067121,-1.52
-26.944031,153.067377,-1.51
-26.944029,153.067631,-1.51
-26.944027,153.067882,-1.51
-26.944029,153.068134,-1.51
-26.944031,153.068389,-1.51
-26.944028,153.068644,-1.52
-26.944026,153.068886,-1.51
-26.944028,153.069146,-1.52
-26.944031,153.069386,-1.52
-26.944027,153.069658,-1.53
-26.944029,153.069906,-1.53
-26.944027,153.070141,-1.53
-26.944029,153.070395,-1.54
-26.944256,153.066005,-1.54
-26.944253,153.066266,-1.54
-26.944257,153.066383,-1.54
-26.944258,153.066625,-1.53
-26.944257,153.066948,-1.52
-26.944257,153.067155,-1.51
-26.944255,153.067379,-1.51
-26.944253,153.067627,-1.51
-26.944254,153.067876,-1.51
-26.944256,153.068131,-1.51
-26.944253,153.068389,-1.51
-26.944256,153.068636,-1.52
-26.944254,153.068886,-1.52
-26.944256,153.069146,-1.52
-26.944254,153.069394,-1.52
-26.944256,153.069642,-1.52
-26.944254,153.069889,-1.52
-26.944252,153.070143,-1.53
-26.944255,153.070394,-1.54
-26.944485,153.065873,-1.53
-26.944479,153.066330,-1.53
-26.944481,153.066382,-1.53
-26.944483,153.066646,-1.53
-26.944479,153.066902,-1.52
-26.944481,153.067138,-1.51
-26.944483,153.067377,-1.51
-26.944480,153.067626,-1.51
-26.944480,153.067888,-1.51
-26.944478,153.068130,-1.51
-26.944483,153.068379,-1.51
-26.944481,153.068634,-1.51
-26.944478,153.068885,-1.51
-26.944479,153.069134,-1.52
-26.944477,153.069388,-1.52
-26.944479,153.069639,-1.53
-26.944479,153.069915,-1.52
-26.944478,153.070194,-1.53
-26.944486,153.070408,-1.53
-26.944705,153.065973,-1.53
-26.944705,153.066268,-1.53
-26.944707,153.066386,-1.53
-26.944707,153.066638,-1.52
-26.944710,153.066870,-1.52
-26.944706,153.067133,-1.51
-26.944708,153.067377,-1.51
-26.944706,153.067627,-1.51
-26.944708,153.067890,-1.51
-26.944706,153.068133,-1.50
-26.944704,153.068406,-1.51
-26.944707,153.068632,-1.51
-26.944706,153.068883,-1.51
-26.944704,153.069136,-1.52
-26.944706,153.069394,-1.52
-26.944704,153.069644,-1.52
-26.944703,153.069947,-1.53
-26.944703,153.070162,-1.53
-26.944707,153.070458,-1.54
-26.944931,153.065960,-1.53
-26.944938,153.066202,-1.54
-26.944930,153.066379,-1.53
-26.944930,153.066678,-1.53
-26.944930,153.066874,-1.52
-26.944932,153.067126,-1.51
-26.944933,153.067371,-1.51
-26.944934,153.067623,-1.51
-26.944934,153.067883,-1.51
-26.944931,153.068128,-1.50
-26.944931,153.068385,-1.51
-26.944930,153.068635,-1.51
-26.944931,153.068883,-1.51
-26.944930,153.069154,-1.52
-26.944934,153.069396,-1.52
-26.944929,153.069653,-1.53
-26.944930,153.069906,-1.53
-26.944931,153.070152,-1.53
-26.944932,153.070415,-1.54
-26.945161,153.066047,-1.53
-26.945160,153.066266,-1.53
-26.945163,153.066402,-1.53
-26.945159,153.066674,-1.52
-26.945158,153.066916,-1.52
-26.945157,153.067120,-1.51
-26.945160,153.067374,-1.51
-26.945159,153.067628,-1.51
-26.945161,153.067879,-1.51
-26.945159,153.068138,-1.51
-26.945158,153.068381,-1.51
-26.945156,153.068641,-1.51
-26.945159,153.068887,-1.51
-26.945157,153.069143,-1.52
-26.945159,153.069399,-1.52
-26.945156,153.069645,-1.53
-26.945157,153.069905,-1.53
-26.945158,153.070158,-1.53
-26.945391,153.065943,-1.53
-26.945162,153.070435,-1.53
-26.945384,153.066180,-1.53
-26.945389,153.066365,-1.52
-26.945385,153.066618,-1.52
-26.945382,153.066877,-1.51
-26.945383,153.067131,-1.51
-26.945384,153.067375,-1.50
-26.945384,153.067660,-1.50
-26.945381,153.067897,-1.51
-26.945383,153.068127,-1.51
-26.945383,153.068396,-1.51
-26.945383,153.068647,-1.51
-26.945384,153.068886,-1.51
-26.945384,153.069135,-1.52
-26.945385,153.069398,-1.53
-26.945385,153.069645,-1.53
-26.945381,153.069897,-1.53
-26.945385,153.070147,-1.54
-26.945618,153.065885,-1.52
-26.945611,153.066191,-1.52
-26.945610,153.066368,-1.52
-26.945392,153.070488,-1.55
-26.945613,153.066617,-1.51
-26.945608,153.066872,-1.51
-26.945610,153.067131,-1.50
-26.945608,153.067389,-1.50
-26.945607,153.067629,-1.50
-26.945610,153.067876,-1.51
-26.945609,153.068133,-1.51
-26.945608,153.068389,-1.51
-26.945606,153.068654,-1.51
-26.945611,153.068889,-1.51
-26.945610,153.069152,-1.52
-26.945607,153.069430,-1.53
-26.945609,153.069648,-1.53
-26.945839,153.065619,-1.51
-26.945606,153.069961,-1.54
-26.945834,153.065876,-1.52
-26.945609,153.070147,-1.54
-26.945833,153.066213,-1.52
-26.945614,153.070398,-1.54
-26.945835,153.066421,-1.52
-26.945838,153.066616,-1.51
-26.945833,153.066875,-1.51
-26.945833,153.067126,-1.50
-26.945837,153.067374,-1.50
-26.945836,153.067635,-1.50
-26.945835,153.067877,-1.50
-26.945833,153.068145,-1.50
-26.945833,153.068390,-1.51
-26.945835,153.068636,-1.51
-26.945837,153.068887,-1.51
-26.945834,153.069156,-1.51
-26.945832,153.069396,-1.52
-26.945834,153.069668,-1.53
-26.946073,153.065313,-1.55
-26.946065,153.065475,-1.52
-26.945831,153.069942,-1.53
-26.946063,153.065740,-1.52
-26.945832,153.070156,-1.53
-26.946063,153.065954,-1.52
-26.945834,153.070447,-1.54
-26.946064,153.066180,-1.53
-26.946064,153.066434,-1.52
-26.946064,153.066627,-1.52
-26.946061,153.066882,-1.51
-26.946062,153.067122,-1.51
-26.946060,153.067376,-1.50
-26.946061,153.067629,-1.50
-26.946059,153.067889,-1.51
-26.946061,153.068129,-1.51
-26.946059,153.068387,-1.51
-26.946062,153.068645,-1.51
-26.946060,153.068890,-1.52
-26.946059,153.069141,-1.52
-26.946059,153.069392,-1.53
-26.946062,153.069641,-1.53
-26.946064,153.069906,-1.55
-26.946285,153.065562,-1.52
-26.946063,153.070146,-1.55
-26.946289,153.065763,-1.52
-26.946287,153.065923,-1.52
-26.946064,153.070435,-1.55
-26.946290,153.066133,-1.53
-26.946286,153.066442,-1.52
-26.946287,153.066646,-1.52
-26.946286,153.066920,-1.51
-26.946287,153.067138,-1.50
-26.946284,153.067373,-1.50
-26.946284,153.067627,-1.50
-26.946285,153.067876,-1.51
-26.946285,153.068129,-1.51
-26.946285,153.068381,-1.52
-26.946284,153.068659,-1.52
-26.946285,153.068907,-1.52
-26.946285,153.069144,-1.53
-26.946284,153.069416,-1.53
-26.946285,153.069650,-1.54
-26.946283,153.069936,-1.54
-26.946284,153.070175,-1.54
-26.946285,153.070408,-1.55
-26.946517,153.065660,-1.54
-26.946515,153.065868,-1.53
-26.946513,153.066132,-1.53
-26.946514,153.066447,-1.53
-26.946512,153.066656,-1.52
-26.946510,153.066871,-1.51
-26.946510,153.067124,-1.51
-26.946511,153.067393,-1.51
-26.946512,153.067642,-1.51
-26.946511,153.067881,-1.51
-26.946513,153.068137,-1.51
-26.946511,153.068411,-1.52
-26.946510,153.068634,-1.52
-26.946514,153.068890,-1.52
-26.946512,153.069143,-1.53
-26.946511,153.069412,-1.53
-26.946511,153.069642,-1.53
-26.946510,153.069910,-1.54
-26.946510,153.070145,-1.54
-26.946514,153.070409,-1.54
-26.946742,153.065657,-1.53
-26.946756,153.065519,-1.54
-26.946741,153.065994,-1.53
-26.946739,153.066138,-1.53
-26.946741,153.066385,-1.54
-26.946739,153.066624,-1.54
-26.946740,153.066874,-1.53
-26.946737,153.067131,-1.52
-26.946739,153.067376,-1.52
-26.946736,153.067656,-1.52
-26.946739,153.067881,-1.53
-26.946737,153.068129,-1.53
-26.946768,153.068381,-1.53
-26.946759,153.068635,-1.53
-26.946750,153.068886,-1.53
-26.946741,153.069142,-1.53
-26.946745,153.069395,-1.53
-26.946736,153.069650,-1.54
-26.946806,153.069898,-1.55
-26.946798,153.070149,-1.54
-26.946993,153.066111,-1.52
-26.946991,153.066154,-1.53
-26.946985,153.066375,-1.53
-26.946977,153.066636,-1.52
-26.946970,153.066871,-1.52
-26.946963,153.067122,-1.52
-26.946986,153.067375,-1.51
-26.946979,153.067626,-1.52
-26.946972,153.067882,-1.52
-26.946964,153.068132,-1.51
-26.946976,153.068387,-1.52
-26.946969,153.068633,-1.52
-26.946962,153.068888,-1.52
-26.946971,153.069139,-1.53
-26.946964,153.069414,-1.54
-26.947010,153.069659,-1.54
-26.947003,153.069920,-1.55
-26.946997,153.070162,-1.53
-26.947191,153.066243,-1.54
-26.947188,153.066496,-1.54
-26.947196,153.066632,-1.53
-26.947191,153.066871,-1.52
-26.947192,153.067122,-1.52
-26.947220,153.066054,-1.55
-26.947195,153.067374,-1.52
-26.947190,153.067631,-1.52
-26.947194,153.067877,-1.52
-26.947189,153.068145,-1.52
-26.947187,153.068382,-1.52
-26.947187,153.068636,-1.53
-26.947186,153.068904,-1.53
-26.947194,153.069139,-1.53
-26.947189,153.069392,-1.54
-26.947188,153.069650,-1.54
-26.947229,153.069918,-1.53
-26.947423,153.066139,-1.54
-26.947420,153.066366,-1.54
-26.947417,153.066635,-1.53
-26.947415,153.066871,-1.53
-26.947548,153.067125,-1.52
-26.947544,153.067374,-1.52
-26.947539,153.067635,-1.52
-26.947535,153.067883,-1.53
-26.947531,153.068128,-1.54
-26.947526,153.068396,-1.54
-26.947522,153.068633,-1.53
-26.947517,153.068898,-1.54
-26.947513,153.069146,-1.54
-26.947508,153.069422,-1.54
-26.947524,153.069649,-1.55
-26.947520,153.069898,-1.55
-26.947653,153.066196,-1.54
-26.947649,153.066413,-1.53
-26.947645,153.066618,-1.53
-26.947640,153.066871,-1.54
-26.947663,153.067132,-1.52
-26.947659,153.067375,-1.52
-26.947654,153.067627,-1.52
-26.947649,153.067878,-1.52
-26.947645,153.068129,-1.52
-26.947640,153.068383,-1.53
-26.947666,153.068638,-1.54
-26.947661,153.068888,-1.53
-26.947656,153.069149,-1.53
-26.947651,153.069403,-1.54
-26.947718,153.066081,-1.52
-26.947649,153.069644,-1.53
-26.947819,153.065849,-1.55
-26.947985,153.066292,-1.54
-26.947981,153.066493,-1.54
-26.947979,153.066619,-1.52
-26.947973,153.066894,-1.53
-26.947969,153.067139,-1.53
-26.947964,153.067374,-1.53
-26.947959,153.067629,-1.52
-26.947954,153.067879,-1.52
-26.947949,153.068141,-1.52
-26.947944,153.068386,-1.51
-26.947939,153.068636,-1.52
-26.947934,153.068891,-1.53
-26.947929,153.069147,-1.53
-26.947922,153.069481,-1.54
-26.947919,153.069668,-1.56
-26.948002,153.065756,-1.53
-26.947999,153.065893,-1.52
-26.947955,153.070496,-1.58
-26.948095,153.070384,-1.57
-26.948092,153.070496,-1.71
-26.948224,153.066204,-1.52
-26.948220,153.066409,-1.52
-26.948216,153.066635,-1.52
-26.948211,153.066878,-1.52
-26.948206,153.067122,-1.52
-26.948202,153.067374,-1.52
-26.948197,153.067629,-1.52
-26.948192,153.067878,-1.52
-26.948187,153.068140,-1.52
-26.948181,153.068428,-1.53
-26.948177,153.068642,-1.52
-26.948173,153.068887,-1.53
-26.948168,153.069138,-1.53
-26.948239,153.066051,-1.56
-26.948173,153.069496,-1.52
-26.948318,153.066528,-1.54
-26.948330,153.066287,-1.52
-26.948322,153.066659,-1.53
-26.948318,153.066870,-1.52
-26.948343,153.067124,-1.52
-26.948338,153.067384,-1.52
-26.948333,153.067630,-1.51
-26.948328,153.067878,-1.52
-26.948323,153.068131,-1.52
-26.948318,153.068384,-1.52
-26.948318,153.070197,-1.66
-26.948409,153.065983,-1.51
-26.948355,153.068633,-1.52
-26.948350,153.068905,-1.52
-26.948345,153.069155,-1.52
-26.948340,153.069399,-1.53
-26.948319,153.070437,-1.83
-26.948466,153.065695,-1.56
-26.948412,153.070086,-1.58
-26.948559,153.066258,-1.54
-26.948557,153.066367,-1.53
-26.948550,153.066660,-1.52
-26.948546,153.066874,-1.52
-26.948548,153.067186,-1.51
-26.948544,153.067375,-1.51
-26.948553,153.067630,-1.51
-26.948547,153.067882,-1.51
-26.948542,153.068130,-1.51
-26.948545,153.068393,-1.51
-26.948567,153.068641,-1.51
-26.948561,153.068899,-1.51
-26.948555,153.069144,-1.52
-26.948548,153.069449,-1.52
-26.948543,153.070067,-1.61
-26.948541,153.070167,-1.78
-26.948540,153.070399,-1.90
-26.948605,153.069868,-1.52
-26.948778,153.066130,-1.52
-26.948772,153.066390,-1.52
-26.948785,153.066646,-1.52
-26.948779,153.066878,-1.52
-26.948774,153.067125,-1.51
-26.948768,153.067379,-1.51
-26.948770,153.067628,-1.51
-26.948779,153.067878,-1.51
-26.948773,153.068143,-1.51
-26.948767,153.068386,-1.51
-26.948826,153.065943,-1.54
-26.948775,153.068657,-1.51
-26.948770,153.068893,-1.51
-26.948768,153.069141,-1.52
-26.948766,153.069814,-1.58
-26.948779,153.069397,-1.51
-26.948768,153.069906,-1.73
-26.948767,153.070153,-1.85
-26.948766,153.070422,-1.94
-26.949006,153.066287,-1.53
-26.949003,153.066418,-1.53
-26.948998,153.066629,-1.52
-26.949031,153.066875,-1.51
-26.949024,153.067143,-1.51
-26.949019,153.067376,-1.51
-26.949013,153.067637,-1.51
-26.949007,153.067888,-1.51
-26.949002,153.068139,-1.51
-26.948996,153.068381,-1.51
-26.949078,153.065873,-1.54
-26.949015,153.068638,-1.51
-26.949010,153.068885,-1.52
-26.949003,153.069157,-1.52
-26.948993,153.069616,-1.55
-26.948995,153.069706,-1.69
-26.948995,153.069896,-1.83
-26.948994,153.070164,-1.91
-26.948994,153.070403,-1.98
-26.949228,153.066105,-1.52
-26.949227,153.066136,-1.52
-26.949221,153.066404,-1.51
-26.949226,153.066632,-1.51
-26.949220,153.066885,-1.49
-26.949244,153.067129,-1.49
-26.949239,153.067374,-1.49
-26.949233,153.067630,-1.50
-26.949227,153.067881,-1.49
-26.949222,153.068132,-1.50
-26.949218,153.069531,-1.63
-26.949219,153.069673,-1.77
-26.949217,153.069951,-1.89
-26.949218,153.070159,-1.95
-26.949221,153.070398,-2.02
-26.949270,153.068394,-1.50
-26.949265,153.068636,-1.49
-26.949259,153.068893,-1.51
-26.949344,153.065857,-1.54
-26.949315,153.069370,-1.55
-26.949451,153.065909,-1.52
-26.949446,153.066156,-1.52
-26.949451,153.066371,-1.51
-26.949444,153.066666,-1.50
-26.949444,153.066881,-1.49
-26.949449,153.067124,-1.49
-26.949453,153.067383,-1.49
-26.949447,153.067643,-1.49
-26.949448,153.067880,-1.49
-26.949446,153.068173,-1.50
-26.949446,153.068388,-1.49
-26.949507,153.065765,-1.52
-26.949446,153.069392,-1.70
-26.949446,153.069653,-1.84
-26.949457,153.069319,-1.60
-26.949445,153.069901,-1.90
-26.949445,153.070150,-1.97
-26.949445,153.070400,-2.05
-26.949675,153.065749,-1.53
-26.949671,153.065892,-1.53
-26.949670,153.066155,-1.52
-26.949671,153.066376,-1.51
-26.949670,153.066652,-1.50
-26.949674,153.069399,-1.74
-26.949674,153.069642,-1.83
-26.949674,153.069895,-1.88
-26.949672,153.070147,-1.96
-26.949671,153.070432,-2.05
-26.949896,153.069399,-1.73
-26.949895,153.069665,-1.82
-26.949895,153.069903,-1.89
-26.949897,153.070146,-1.98
-26.949898,153.070397,-2.06
-26.950121,153.069415,-1.73
-26.950122,153.069646,-1.83
-26.950122,153.069899,-1.90
-26.950120,153.070148,-2.01
-26.950123,153.070398,-2.09
-26.950347,153.069425,-1.74
-26.950348,153.069712,-1.84
-26.950346,153.069954,-1.92
-26.950346,153.070158,-2.01
-26.950348,153.070429,-2.09
-26.950572,153.069237,-1.57
-26.950574,153.069441,-1.76
-26.950576,153.069646,-1.86
-26.950572,153.069912,-1.94
-26.950577,153.070146,-2.04
-26.950572,153.070447,-2.09
-26.948484,153.069776,-1.47
-27.332321,153.074457,-2.73
-27.333221,153.074681,-2.79
-27.333222,153.074963,-2.74
-27.333404,153.074719,-2.70
-27.327285,153.074437,-2.65
-27.327507,153.073961,-2.45
-27.327288,153.074816,-2.41
-27.327301,153.074947,-2.33
-27.327804,153.073989,-2.67
-26.950912,153.070664,-2.11
-26.950910,153.070921,-2.13
-26.950914,153.071161,-2.09
-26.951023,153.070649,-2.05
-26.951023,153.070941,-2.05
-26.951027,153.071166,-2.03
-26.951248,153.070861,-1.97
-26.951249,153.070913,-1.98
-26.951253,153.071161,-1.94
-26.951474,153.071104,-1.76
-26.951475,153.070890,-1.75
-26.951500,153.071154,-1.81
-26.951700,153.071102,-1.50
-26.951715,153.071310,-1.42
-26.951847,153.071614,-1.47
-26.952623,153.070954,-1.55
-26.952665,153.070900,-1.58
-26.952831,153.070658,-1.85
-26.952832,153.070918,-1.83
-26.953059,153.070653,-1.99
-26.953059,153.070904,-1.99
-26.953281,153.070665,-2.07
-26.953281,153.070906,-2.05
-26.953505,153.070657,-2.09
-26.953507,153.070903,-2.07
-26.953733,153.070653,-2.12
-26.953735,153.070910,-2.11
-26.953962,153.070653,-2.17
-26.954183,153.070651,-2.24
-26.954634,153.070653,-2.24
-26.954857,153.070913,-2.23
-26.954633,153.070919,-2.22
-26.954405,153.070906,-2.20
-26.954407,153.071176,-2.20
-26.954182,153.070917,-2.15
-26.954182,153.071193,-2.15
-26.954182,153.071413,-2.12
-26.953956,153.071166,-2.09
-26.953954,153.071423,-2.07
-26.953955,153.071664,-2.06
-26.953730,153.071163,-2.05
-26.953728,153.071420,-2.04
-26.953730,153.071696,-2.04
-26.953727,153.071926,-2.04
-26.953503,153.071171,-2.03
-26.953502,153.071420,-2.02
-26.953503,153.071659,-2.01
-26.953504,153.071932,-1.98
-26.953502,153.072188,-1.94
-26.953279,153.071195,-1.97
-26.953278,153.071426,-1.95
-26.953277,153.071674,-1.91
-26.953279,153.071912,-1.85
-26.953278,153.072173,-1.80
-26.953053,153.071196,-1.80
-26.953278,153.072437,-1.75
-26.953053,153.071416,-1.71
-26.953053,153.071665,-1.68
-26.953052,153.071949,-1.60
-26.953051,153.072174,-1.56
-26.952822,153.071198,-1.54
-26.953050,153.072437,-1.51
-26.952827,153.071442,-1.47
-26.953044,153.072672,-1.60
-26.952823,153.071665,-1.48
-26.952818,153.071913,-1.49
-26.952816,153.072164,-1.43
-26.952170,153.072744,-1.43
-26.952278,153.073408,-1.60
-26.952212,153.073053,-1.48
-26.952137,153.072613,-1.61
-26.952143,153.072708,-1.64
-26.952071,153.072313,-1.56
-26.952148,153.072959,-1.73
-26.951975,153.072138,-1.47
-26.952147,153.073190,-1.80
-26.951924,153.072014,-1.72
-26.951888,153.071893,-1.60
-26.952143,153.073430,-1.82
-26.951922,153.072183,-1.92
-26.952149,153.073686,-1.85
-26.951923,153.072458,-1.90
-26.952148,153.073949,-1.85
-26.951919,153.072670,-1.93
-26.951695,153.071424,-1.84
-26.951923,153.072922,-1.92
-26.951699,153.071675,-1.91
-26.951922,153.073186,-1.94
-26.951697,153.071937,-1.93
-26.951918,153.073444,-1.98
-26.951696,153.072179,-1.98
-26.951921,153.073691,-1.99
-26.951698,153.072428,-2.00
-26.951698,153.072682,-2.02
-26.951473,153.071411,-2.00
-26.951916,153.073936,-2.03
-26.951923,153.074198,-1.96
-26.951698,153.072942,-2.02
-26.951469,153.071702,-2.05
-26.951472,153.071915,-2.05
-26.951923,153.074448,-1.96
-26.951698,153.073202,-2.04
-26.951471,153.072176,-2.05
-26.951697,153.073454,-2.06
-26.951472,153.072437,-2.06
-26.951698,153.073752,-2.07
-26.951472,153.072671,-2.07
-26.951244,153.071444,-2.06
-26.951696,153.073938,-2.06
-26.951247,153.071701,-2.07
-26.951469,153.072917,-2.08
-26.951696,153.074206,-2.08
-26.951247,153.071919,-2.08
-26.951473,153.073196,-2.08
-26.951697,153.074451,-2.06
-26.951246,153.072175,-2.08
-26.951471,153.073431,-2.09
-26.951696,153.074702,-2.02
-26.951247,153.072442,-2.10
-26.951471,153.073690,-2.08
-26.951021,153.071412,-2.10
-26.951246,153.072679,-2.11
-26.951470,153.073938,-2.08
-26.951022,153.071679,-2.11
-26.951246,153.072919,-2.12
-26.951472,153.074206,-2.07
-26.951021,153.071932,-2.13
-26.951245,153.073188,-2.12
-26.951470,153.074436,-2.05
-26.951021,153.072219,-2.14
-26.951246,153.073434,-2.11
-26.951470,153.074712,-2.04
-26.951020,153.072422,-2.16
-26.951246,153.073676,-2.12
-26.951468,153.074944,-2.03
-26.951021,153.072698,-2.16
-26.951245,153.073930,-2.11
-26.951471,153.075224,-1.94
-26.951020,153.072923,-2.16
-26.951246,153.074196,-2.08
-26.951020,153.073179,-2.16
-26.951246,153.074431,-2.07
-26.951019,153.073429,-2.15
-26.951246,153.074700,-2.05
-26.951246,153.074937,-2.03
-26.951019,153.073673,-2.14
-26.951244,153.075185,-1.98
-26.951020,153.073974,-2.14
-26.951244,153.075461,-1.82
-26.951019,153.074202,-2.12
-26.951019,153.074437,-2.09
-26.951019,153.074722,-2.07
-26.951020,153.074948,-2.04
-26.951019,153.075206,-1.98
-26.951018,153.075462,-1.85
-26.951019,153.075743,-1.67
-26.941885,153.070673,-1.53
-26.941890,153.070920,-1.54
-26.941888,153.071558,-1.55
-26.941914,153.071201,-1.51
-26.941893,153.071688,-1.54
-26.941995,153.070704,-1.52
-26.942004,153.070920,-1.53
-26.941941,153.071959,-1.49
-26.941997,153.071166,-1.53
-26.942009,153.071435,-1.51
-26.942049,153.071693,-1.52
-26.942221,153.070724,-1.53
-26.942238,153.071012,-1.54
-26.942230,153.071318,-1.54
-26.942229,153.071420,-1.53
-26.942267,153.071790,-1.53
-26.942279,153.072095,-1.58
-26.942311,153.072343,-1.57
-26.942446,153.070752,-1.53
-26.942452,153.070910,-1.54
-26.942448,153.071238,-1.56
-26.942454,153.071558,-1.56
-26.942450,153.071916,-1.46
-26.942474,153.071753,-1.47
-26.942432,153.072592,-1.54
-26.942453,153.072518,-1.44
-26.942503,153.072314,-1.43
-26.942674,153.070740,-1.54
-26.942672,153.071024,-1.54
-26.942674,153.071191,-1.54
-26.942690,153.071456,-1.55
-26.942681,153.071736,-1.51
-26.942898,153.070718,-1.54
-26.942897,153.070945,-1.53
-26.942899,153.071338,-1.55
-26.942876,153.072148,-1.44
-26.942880,153.072274,-1.43
-26.942930,153.071416,-1.51
-26.942909,153.071933,-1.45
-26.942931,153.071697,-1.45
-26.942982,153.072301,-1.46
-26.943124,153.070678,-1.54
-26.943123,153.070916,-1.54
-26.943122,153.071325,-1.54
-26.943129,153.071658,-1.48
-26.943145,153.071632,-1.50
-26.943175,153.071989,-1.46
-26.943214,153.072821,-1.45
-26.943351,153.070661,-1.54
-26.943351,153.070906,-1.54
-26.943348,153.071352,-1.53
-26.943368,153.072212,-1.47
-26.943452,153.071500,-1.49
-26.943443,153.071864,-1.49
-26.943580,153.070645,-1.54
-26.943575,153.070936,-1.55
-26.943579,153.071456,-1.48
-26.943598,153.071170,-1.52
-26.943563,153.072092,-1.47
-26.943613,153.071768,-1.49
-26.943639,153.072064,-1.48
-26.943802,153.070695,-1.53
-26.943807,153.070908,-1.55
-26.943800,153.071160,-1.54
-26.943807,153.072270,-1.46
-26.943849,153.071483,-1.50
-26.943883,153.071661,-1.47
-26.943919,153.072001,-1.46
-26.944026,153.070645,-1.54
-26.944032,153.070916,-1.52
-26.944028,153.071507,-1.52
-26.944056,153.071257,-1.52
-26.944033,153.071752,-1.48
-26.944090,153.072061,-1.48
-26.944252,153.070677,-1.53
-26.944252,153.070985,-1.54
-26.944257,153.071285,-1.54
-26.944270,153.071578,-1.52
-26.944270,153.071688,-1.51
-26.944395,153.072160,-1.48
-26.944402,153.072100,-1.49
-26.944477,153.070697,-1.53
-26.944481,153.070903,-1.52
-26.944477,153.071325,-1.54
-26.944496,153.071725,-1.49
-26.944511,153.071478,-1.53
-26.944541,153.071991,-1.48
-26.944554,153.072224,-1.48
-26.944702,153.070659,-1.54
-26.944703,153.071039,-1.53
-26.944706,153.071156,-1.52
-26.944706,153.071684,-1.50
-26.944712,153.071644,-1.53
-26.944735,153.071923,-1.47
-26.944930,153.070715,-1.54
-26.944929,153.070929,-1.54
-26.944932,153.071155,-1.53
-26.944930,153.071579,-1.53
-26.944930,153.071688,-1.49
-26.944946,153.071916,-1.48
-26.945055,153.072516,-1.46
-26.945158,153.070682,-1.54
-26.945155,153.071002,-1.54
-26.945159,153.071177,-1.56
-26.945172,153.071420,-1.53
-26.945157,153.071697,-1.48
-26.945181,153.071935,-1.46
-26.945381,153.070777,-1.54
-26.945381,153.070989,-1.58
-26.945387,153.071687,-1.52
-26.945404,153.071458,-1.52
-26.945414,153.071360,-1.56
-26.945608,153.070841,-1.54
-26.945612,153.070950,-1.55
-26.945619,153.071404,-1.54
-26.945640,153.071166,-1.55
-26.945629,153.071952,-1.47
-26.945836,153.070652,-1.54
-26.945840,153.070909,-1.54
-26.945840,153.071263,-1.52
-26.945821,153.071760,-1.49
-26.945851,153.071703,-1.50
-26.945871,153.071439,-1.50
-26.945886,153.071917,-1.47
-26.946065,153.070704,-1.54
-26.945986,153.072292,-1.47
-26.946058,153.071088,-1.54
-26.946074,153.071280,-1.54
-26.946144,153.071481,-1.49
-26.946178,153.071713,-1.49
-26.946196,153.071921,-1.48
-26.946283,153.070718,-1.53
-26.946318,153.071154,-1.48
-26.946372,153.071017,-1.57
-26.946347,153.071937,-1.49
-26.946528,153.070862,-1.53
-26.946481,153.072524,-1.48
-26.946549,153.071027,-1.54
-26.947056,153.071618,-1.52
-26.947186,153.071451,-1.69
-26.947278,153.071289,-1.58
-26.947363,153.071136,-2.08
-26.947411,153.071300,-1.78
-26.947426,153.071118,-1.58
-26.947565,153.070896,-1.75
-26.947637,153.070918,-1.75
-26.947640,153.071153,-1.90
-26.947665,153.070817,-1.60
-26.947853,153.070643,-1.69
-26.947863,153.070732,-1.73
-26.947865,153.070903,-1.89
-26.947866,153.071163,-1.96
-26.948090,153.070655,-1.87
-26.948091,153.070921,-1.97
-26.948092,153.071152,-2.02
-26.948315,153.070651,-1.93
-26.948315,153.070907,-2.00
-26.948315,153.071191,-2.05
-26.948540,153.070655,-1.97
-26.948542,153.070966,-2.05
-26.948542,153.071157,-2.09
-26.948769,153.070655,-2.00
-26.948767,153.070962,-2.07
-26.948767,153.071152,-2.11
-26.948993,153.070656,-2.04
-26.948992,153.070907,-2.10
-26.948991,153.071174,-2.14
-26.949220,153.070649,-2.08
-26.949219,153.070909,-2.12
-26.949217,153.071163,-2.15
-26.949444,153.070650,-2.09
-26.949443,153.070909,-2.14
-26.949443,153.071159,-2.17
-26.949670,153.070658,-2.09
-26.949669,153.070918,-2.14
-26.949672,153.071166,-2.18
-26.949895,153.070653,-2.11
-26.949896,153.070901,-2.16
-26.949895,153.071217,-2.19
-26.950123,153.070660,-2.12
-26.950121,153.070904,-2.19
-26.950119,153.071153,-2.18
-26.950347,153.070657,-2.12
-26.950348,153.070947,-2.18
-26.950347,153.071168,-2.17
-26.950573,153.070664,-2.12
-26.950575,153.070903,-2.16
-26.950572,153.071161,-2.15
-26.950796,153.071437,-2.15
-26.950795,153.071660,-2.16
-26.950795,153.071910,-2.17
-26.950794,153.072170,-2.19
-26.950794,153.072424,-2.20
-26.950792,153.072678,-2.19
-26.950570,153.071420,-2.17
-26.950795,153.072937,-2.19
-26.950570,153.071658,-2.18
-26.950794,153.073180,-2.19
-26.950570,153.071950,-2.19
-26.950795,153.073449,-2.18
-26.950569,153.072166,-2.20
-26.950793,153.073684,-2.16
-26.950569,153.072455,-2.22
-26.950795,153.073944,-2.15
-26.950570,153.072672,-2.21
-26.950342,153.071410,-2.17
-26.950794,153.074234,-2.13
-26.950570,153.072926,-2.21
-26.950343,153.071664,-2.19
-26.950794,153.074465,-2.11
-26.950569,153.073179,-2.20
-26.950794,153.074691,-2.08
-26.950344,153.071927,-2.21
-26.950568,153.073437,-2.20
-26.950791,153.074946,-2.03
-26.950344,153.072194,-2.22
-26.950569,153.073685,-2.18
-26.950793,153.075208,-1.96
-26.950344,153.072440,-2.22
-26.950568,153.073932,-2.15
-26.950794,153.075466,-1.87
-26.950342,153.072678,-2.22
-26.950568,153.074181,-2.14
-26.950116,153.071421,-2.18
-26.950794,153.075724,-1.69
-26.950343,153.072933,-2.22
-26.950569,153.074441,-2.12
-26.950119,153.071690,-2.19
-26.950343,153.073190,-2.22
-26.950118,153.071910,-2.21
-26.950568,153.074735,-2.08
-26.950343,153.073423,-2.19
-26.950119,153.072172,-2.22
-26.950565,153.074981,-2.05
-26.950793,153.076474,-1.77
-26.950343,153.073678,-2.19
-26.950569,153.075221,-1.99
-26.950117,153.072417,-2.22
-26.950343,153.073927,-2.16
-26.950568,153.075464,-1.92
-26.950118,153.072669,-2.20
-26.950341,153.074184,-2.14
-26.949893,153.071438,-2.18
-26.950568,153.075693,-1.73
-26.950118,153.072929,-2.23
-26.950343,153.074449,-2.12
-26.949893,153.071662,-2.19
-26.950118,153.073187,-2.21
-26.949892,153.071919,-2.20
-26.950339,153.074719,-2.08
-26.950116,153.073431,-2.19
-26.950556,153.076281,-1.53
-26.950341,153.074953,-2.03
-26.949892,153.072172,-2.21
-26.950562,153.076450,-1.65
-26.950116,153.073692,-2.19
-26.950342,153.075189,-2.00
-26.949890,153.072419,-2.23
-26.950114,153.073935,-2.17
-26.950341,153.075434,-1.93
-26.949892,153.072681,-2.22
-26.949667,153.071410,-2.17
-26.950117,153.074228,-2.14
-26.950342,153.075699,-1.76
-26.949892,153.072944,-2.22
-26.950116,153.074455,-2.12
-26.949667,153.071670,-2.18
-26.949891,153.073188,-2.21
-26.950117,153.074685,-2.06
-26.949666,153.071922,-2.19
-26.949891,153.073452,-2.19
-26.950116,153.074951,-2.03
-26.949666,153.072161,-2.20
-26.950337,153.076460,-1.62
-26.949888,153.073682,-2.19
-26.950116,153.075198,-1.98
-26.949667,153.072417,-2.22
-26.949889,153.073933,-2.17
-26.950210,153.075945,-1.52
-26.950116,153.075473,-1.93
-26.949667,153.072696,-2.23
-26.949891,153.074187,-2.14
-26.949442,153.071442,-2.15
-26.950116,153.075711,-1.77
-26.949665,153.072923,-2.22
-26.949891,153.074455,-2.10
-26.949441,153.071669,-2.18
-26.949666,153.073168,-2.21
-26.950106,153.075947,-1.56
-26.949891,153.074700,-2.04
-26.949442,153.071913,-2.20
-26.949665,153.073440,-2.21
-26.949889,153.074937,-2.00
-26.949441,153.072181,-2.20
-26.949666,153.073691,-2.19
-26.950111,153.076548,-1.60
-26.949888,153.075193,-1.96
-26.949441,153.072418,-2.21
-26.949666,153.073945,-2.17
-26.949891,153.075440,-1.92
-26.949439,153.072684,-2.24
-26.949666,153.074195,-2.13
-26.949888,153.075717,-1.82
-26.949216,153.071406,-2.16
-26.949441,153.072915,-2.21
-26.949666,153.074427,-2.07
-26.949888,153.075943,-1.54
-26.949215,153.071670,-2.19
-26.949441,153.073181,-2.22
-26.949665,153.074692,-2.02
-26.949441,153.073430,-2.21
-26.949216,153.071925,-2.20
-26.949664,153.074960,-1.96
-26.949665,153.075183,-1.91
-26.949439,153.073686,-2.18
-26.949215,153.072164,-2.21
-26.949665,153.075495,-1.86
-26.949440,153.073948,-2.15
-26.949216,153.072432,-2.21
-26.949665,153.075696,-1.75
-26.949439,153.074175,-2.10
-26.949215,153.072724,-2.21
-26.949654,153.075964,-1.54
-26.949439,153.074452,-2.05
-26.949215,153.072916,-2.21
-26.948989,153.071407,-2.16
-26.949440,153.074712,-1.98
-26.949215,153.073191,-2.22
-26.948990,153.071668,-2.19
-26.949440,153.074942,-1.93
-26.949212,153.073430,-2.19
-26.949665,153.076801,-1.48
-26.948989,153.071940,-2.20
-26.949438,153.075208,-1.86
-26.949215,153.073706,-2.16
-26.948988,153.072165,-2.21
-26.949439,153.075468,-1.77
-26.949215,153.073945,-2.13
-26.949438,153.075709,-1.63
-26.948990,153.072425,-2.22
-26.949214,153.074203,-2.07
-26.948988,153.072665,-2.22
-26.949215,153.074444,-2.01
-26.948990,153.072966,-2.22
-26.949214,153.074717,-1.95
-26.948765,153.071408,-2.14
-26.948986,153.073167,-2.21
-26.949214,153.074961,-1.89
-26.948764,153.071682,-2.17
-26.948989,153.073466,-2.18
-26.949438,153.076928,-1.48
-26.949214,153.075218,-1.81
-26.948764,153.071914,-2.20
-26.948989,153.073676,-2.15
-26.949214,153.075447,-1.66
-26.948763,153.072160,-2.21
-26.949213,153.075705,-1.50
-26.948989,153.073955,-2.09
-26.948988,153.074175,-2.04
-26.948763,153.072434,-2.21
-26.948988,153.074459,-1.98
-26.948764,153.072679,-2.21
-26.948989,153.074704,-1.91
-26.948764,153.072955,-2.20
-26.948988,153.074950,-1.84
-26.948763,153.073198,-2.20
-26.948537,153.071422,-2.10
-26.948987,153.075208,-1.70
-26.948764,153.073460,-2.17
-26.948539,153.071706,-2.16
-26.949181,153.076940,-1.64
-26.948988,153.075485,-1.52
-26.948763,153.073673,-2.11
-26.948538,153.071919,-2.18
-26.948986,153.075687,-1.46
-26.948763,153.073957,-2.06
-26.948538,153.072195,-2.20
-26.948763,153.074176,-2.00
-26.948537,153.072419,-2.21
-26.948762,153.074455,-1.94
-26.948538,153.072717,-2.21
-26.948763,153.074702,-1.87
-26.948537,153.072947,-2.20
-26.948763,153.074932,-1.72
-26.948537,153.073178,-2.18
-26.948313,153.071441,-2.04
-26.948983,153.076906,-1.61
-26.948760,153.075184,-1.52
-26.948987,153.077043,-1.72
-26.948537,153.073461,-2.14
-26.948312,153.071665,-2.11
-26.948538,153.073684,-2.08
-26.948761,153.075505,-1.44
-26.948312,153.071947,-2.16
-26.948537,153.073950,-2.03
-26.948313,153.072176,-2.17
-26.948755,153.075716,-1.45
-26.948537,153.074209,-1.97
-26.948312,153.072448,-2.19
-26.948537,153.074454,-1.90
-26.948313,153.072706,-2.19
-26.948537,153.074703,-1.80
-26.948312,153.072965,-2.19
-26.948312,153.073176,-2.16
-26.948084,153.071423,-1.98
-26.948535,153.074974,-1.57
-26.948087,153.071658,-2.04
-26.948312,153.073425,-2.10
-26.948760,153.076871,-1.65
-26.948761,153.076969,-1.75
-26.948536,153.075267,-1.45
-26.948086,153.071923,-2.11
-26.948311,153.073725,-2.05
-26.948537,153.075465,-1.45
-26.948087,153.072199,-2.15
-26.948312,153.073932,-1.99
-26.948537,153.075710,-1.45
-26.948087,153.072465,-2.17
-26.948311,153.074182,-1.95
-26.948086,153.072669,-2.18
-26.948311,153.074486,-1.81
-26.948086,153.072935,-2.18
-26.948311,153.074688,-1.65
-26.947862,153.071409,-1.94
-26.948086,153.073212,-2.14
-26.947862,153.071685,-2.00
-26.948310,153.074969,-1.44
-26.948086,153.073453,-2.06
-26.948534,153.076720,-1.66
-26.947862,153.071944,-2.07
-26.948311,153.075207,-1.44
-26.948086,153.073692,-2.02
-26.948531,153.076945,-1.61
-26.947861,153.072182,-2.12
-26.948310,153.075454,-1.44
-26.948086,153.073965,-1.97
-26.947860,153.072430,-2.16
-26.948535,153.077221,-1.48
-26.948310,153.075720,-1.45
-26.948086,153.074205,-1.87
-26.947861,153.072692,-2.17
-26.948086,153.074446,-1.64
-26.947861,153.072943,-2.17
-26.947635,153.071445,-1.88
-26.948085,153.074722,-1.44
-26.947861,153.073196,-2.11
-26.947634,153.071697,-1.95
-26.948085,153.074950,-1.44
-26.947859,153.073425,-2.03
-26.947633,153.071907,-2.02
-26.948086,153.075183,-1.44
-26.947636,153.072183,-2.07
-26.947860,153.073726,-2.00
-26.947635,153.072427,-2.12
-26.948083,153.075434,-1.44
-26.947858,153.073955,-1.88
-26.947635,153.072690,-2.15
-26.947860,153.074208,-1.64
-26.948084,153.075712,-1.44
-26.947635,153.072923,-2.15
-26.947858,153.074452,-1.44
-26.947635,153.073184,-2.07
-26.947409,153.071731,-1.86
-26.947858,153.074698,-1.43
-26.947408,153.071941,-1.95
-26.947635,153.073431,-2.00
-26.947858,153.074953,-1.43
-26.947410,153.072193,-2.00
-26.947633,153.073680,-1.89
-26.947859,153.075198,-1.44
-26.947409,153.072415,-2.05
-26.947634,153.073953,-1.47
-26.947858,153.075445,-1.44
-26.947410,153.072692,-2.08
-26.947634,153.074176,-1.44
-26.947853,153.075687,-1.44
-26.947409,153.072948,-2.09
-26.947634,153.074457,-1.43
-26.947182,153.071693,-1.60
-26.947409,153.073192,-2.08
-26.947632,153.074694,-1.44
-26.947184,153.071931,-1.85
-26.947407,153.073430,-1.48
-26.947184,153.072171,-1.96
-26.947633,153.074971,-1.43
-26.947409,153.073733,-1.44
-26.947634,153.075203,-1.43
-26.947183,153.072415,-2.00
-26.947409,153.073948,-1.44
-26.947633,153.075472,-1.43
-26.947183,153.072670,-2.04
-26.947408,153.074204,-1.43
-26.947632,153.075689,-1.44
-26.947184,153.072945,-2.12
-26.947409,153.074445,-1.43
-26.947183,153.073177,-1.46
-26.946958,153.071786,-1.47
-26.947409,153.074682,-1.43
-26.946958,153.071922,-1.55
-26.947183,153.073426,-1.44
-26.947408,153.074959,-1.44
-26.946958,153.072202,-1.83
-26.947183,153.073703,-1.44
-26.947409,153.075194,-1.43
-26.946957,153.072424,-1.97
-26.947183,153.073923,-1.44
-26.947408,153.075462,-1.43
-26.946958,153.072688,-2.13
-26.947183,153.074182,-1.43
-26.947408,153.075686,-1.44
-26.946958,153.072922,-1.46
-26.947181,153.074454,-1.44
-26.947183,153.074685,-1.44
-26.946957,153.073194,-1.44
-26.947182,153.074936,-1.44
-26.946955,153.073424,-1.44
-26.947182,153.075203,-1.43
-26.946957,153.073690,-1.44
-26.946733,153.072202,-1.57
-26.947182,153.075447,-1.43
-26.946958,153.073949,-1.44
-26.946732,153.072436,-1.68
-26.947182,153.075699,-1.43
-26.946957,153.074183,-1.44
-26.946731,153.072700,-1.47
-26.946954,153.074430,-1.44
-26.946731,153.072948,-1.46
-26.946957,153.074700,-1.44
-26.946732,153.073192,-1.46
-26.946955,153.074945,-1.43
-26.946730,153.073458,-1.45
-26.946956,153.075204,-1.44
-26.946731,153.073704,-1.45
-26.946955,153.075490,-1.44
-26.946730,153.073933,-1.44
-26.946954,153.075694,-1.44
-26.946433,153.071889,-1.50
-26.946380,153.071537,-1.53
-26.946492,153.072400,-1.51
-26.946732,153.074244,-1.44
-26.946507,153.072679,-1.47
-26.946731,153.074465,-1.44
-26.946502,153.072962,-1.46
-26.946730,153.074698,-1.43
-26.946506,153.073189,-1.46
-26.946730,153.074943,-1.44
-26.946506,153.073428,-1.45
-26.946730,153.075193,-1.43
-26.946505,153.073670,-1.44
-26.946731,153.075454,-1.43
-26.946506,153.073932,-1.44
-26.946276,153.072270,-1.48
-26.946730,153.075716,-1.43
-26.946273,153.072409,-1.48
-26.946503,153.074175,-1.44
-26.946280,153.072675,-1.47
-26.946506,153.074463,-1.43
-26.946281,153.072931,-1.46
-26.946505,153.074708,-1.43
-26.946279,153.073188,-1.46
-26.946506,153.074967,-1.43
-26.946281,153.073442,-1.45
-26.946504,153.075211,-1.43
-26.946278,153.073672,-1.44
-26.946504,153.075464,-1.43
-26.946280,153.073929,-1.44
-26.946504,153.075708,-1.43
-26.946279,153.074197,-1.44
-26.946048,153.072431,-1.47
-26.946505,153.075963,-1.44
-26.946055,153.072671,-1.47
-26.946280,153.074469,-1.44
-26.946280,153.074683,-1.44
-26.946053,153.072934,-1.46
-26.946054,153.073165,-1.45
-26.946279,153.074952,-1.43
-26.946280,153.075191,-1.43
-26.946055,153.073435,-1.45
-26.946277,153.075434,-1.43
-26.946054,153.073720,-1.44
-26.946279,153.075728,-1.44
-26.946054,153.073954,-1.44
-26.945822,153.072160,-1.46
-26.946277,153.075945,-1.44
-26.946055,153.074190,-1.44
-26.945829,153.072410,-1.46
-26.946279,153.076228,-1.45
-26.946054,153.074450,-1.44
-26.945828,153.072668,-1.46
-26.946054,153.074677,-1.43
-26.945828,153.072937,-1.46
-26.946054,153.074956,-1.44
-26.945829,153.073188,-1.45
-26.946054,153.075188,-1.44
-26.945828,153.073460,-1.44
-26.945828,153.073672,-1.44
-26.946054,153.075459,-1.43
-26.945602,153.072002,-1.46
-26.945829,153.073945,-1.44
-26.945604,153.072221,-1.45
-26.946051,153.075692,-1.44
-26.945604,153.072419,-1.44
-26.945829,153.074202,-1.44
-26.946052,153.075963,-1.44
-26.945600,153.072681,-1.45
-26.945829,153.074441,-1.44
-26.946054,153.076193,-1.45
-26.945604,153.072933,-1.45
-26.945826,153.074723,-1.44
-26.946054,153.076468,-1.45
-26.945603,153.073171,-1.45
-26.945825,153.074939,-1.44
-26.945603,153.073426,-1.44
-26.945828,153.075195,-1.44
-26.945601,153.073692,-1.44
-26.945378,153.072198,-1.45
-26.945826,153.075444,-1.43
-26.945603,153.073922,-1.44
-26.945375,153.072445,-1.45
-26.945827,153.075718,-1.44
-26.945602,153.074195,-1.44
-26.945376,153.072705,-1.45
-26.945823,153.075970,-1.44
-26.945603,153.074430,-1.44
-26.945377,153.072918,-1.45
-26.945827,153.076214,-1.45
-26.945601,153.074679,-1.44
-26.945378,153.073172,-1.44
-26.945827,153.076459,-1.46
-26.945600,153.074934,-1.44
-26.945378,153.073439,-1.44
-26.945601,153.075201,-1.43
-26.945375,153.073695,-1.43
-26.945150,153.072271,-1.45
-26.945603,153.075434,-1.43
-26.945376,153.073935,-1.43
-26.945603,153.075693,-1.43
-26.945377,153.074184,-1.43
-26.945151,153.072667,-1.46
-26.945602,153.075950,-1.44
-26.945376,153.074447,-1.43
-26.945143,153.072936,-1.45
-26.945376,153.074683,-1.43
-26.945601,153.076196,-1.45
-26.945151,153.073235,-1.45
-26.945152,153.073442,-1.44
-26.945375,153.074938,-1.43
-26.945602,153.076509,-1.45
-26.944923,153.072191,-1.47
-26.945148,153.073683,-1.44
-26.945376,153.075196,-1.43
-26.945600,153.076713,-1.45
-26.944927,153.072493,-1.46
-26.945151,153.073970,-1.44
-26.945376,153.075449,-1.43
-26.944923,153.072672,-1.46
-26.945150,153.074196,-1.43
-26.945375,153.075690,-1.43
-26.944925,153.072922,-1.46
-26.945148,153.074431,-1.43
-26.945373,153.075951,-1.43
-26.944926,153.073218,-1.46
-26.945151,153.074696,-1.43
-26.945374,153.076216,-1.44
-26.944925,153.073441,-1.46
-26.945150,153.074937,-1.43
-26.945375,153.076464,-1.45
-26.944925,153.073702,-1.45
-26.945148,153.075179,-1.42
-26.944700,153.072465,-1.48
-26.945375,153.076712,-1.45
-26.944925,153.073928,-1.44
-26.945150,153.075449,-1.42
-26.944699,153.072665,-1.47
-26.944923,153.074181,-1.43
-26.945374,153.076992,-1.46
-26.945150,153.075709,-1.42
-26.944700,153.072943,-1.47
-26.944926,153.074459,-1.43
-26.945362,153.077194,-1.46
-26.945149,153.075950,-1.42
-26.944699,153.073191,-1.46
-26.944925,153.074692,-1.43
-26.944700,153.073436,-1.45
-26.945150,153.076204,-1.44
-26.944926,153.074954,-1.43
-26.944700,153.073671,-1.45
-26.945150,153.076452,-1.45
-26.944472,153.072446,-1.47
-26.944924,153.075203,-1.43
-26.944700,153.073945,-1.44
-26.945150,153.076720,-1.46
-26.944475,153.072660,-1.47
-26.944925,153.075431,-1.42
-26.944700,153.074184,-1.43
-26.945145,153.076947,-1.46
-26.944924,153.075691,-1.43
-26.944471,153.072988,-1.47
-26.944699,153.074447,-1.44
-26.944473,153.073202,-1.46
-26.945145,153.077217,-1.46
-26.944925,153.075968,-1.43
-26.944699,153.074697,-1.43
-26.944473,153.073422,-1.46
-26.944243,153.072168,-1.48
-26.944925,153.076199,-1.44
-26.944700,153.074970,-1.43
-26.944473,153.073707,-1.45
-26.944248,153.072421,-1.47
-26.944925,153.076452,-1.45
-26.945087,153.077446,-1.48
-26.944697,153.075185,-1.43
-26.944472,153.073933,-1.44
-26.944248,153.072670,-1.46
-26.944924,153.076732,-1.46
-26.944700,153.075444,-1.43
-26.944474,153.074207,-1.43
-26.944243,153.072918,-1.46
-26.944698,153.075683,-1.43
-26.944924,153.076987,-1.46
-26.944474,153.074439,-1.43
-26.944250,153.073168,-1.46
-26.944699,153.075953,-1.44
-26.944474,153.074693,-1.43
-26.944247,153.073422,-1.45
-26.944918,153.077202,-1.47
-26.944698,153.076192,-1.44
-26.944474,153.074950,-1.43
-26.944249,153.073707,-1.44
-26.944015,153.072441,-1.46
-26.944909,153.077487,-1.47
-26.944247,153.073934,-1.44
-26.944699,153.076444,-1.45
-26.944474,153.075208,-1.43
-26.944014,153.072690,-1.46
-26.944247,153.074173,-1.44
-26.944020,153.072942,-1.46
-26.944473,153.075437,-1.43
-26.944698,153.076691,-1.47
-26.944022,153.073198,-1.46
-26.944243,153.074430,-1.44
-26.944473,153.075703,-1.43
-26.944693,153.076951,-1.47
-26.944018,153.073421,-1.45
-26.944246,153.074688,-1.43
-26.944472,153.075937,-1.44
-26.944784,153.077713,-1.47
-26.943786,153.072321,-1.47
-26.944690,153.077235,-1.47
-26.944021,153.073684,-1.45
-26.944248,153.074937,-1.44
-26.943798,153.072510,-1.47
-26.944468,153.076186,-1.45
-26.943797,153.072687,-1.46
-26.944694,153.077580,-1.46
-26.944249,153.075179,-1.44
-26.944023,153.073966,-1.45
-26.944471,153.076466,-1.45
-26.944696,153.077761,-1.47
-26.943796,153.072919,-1.46
-26.944020,153.074183,-1.44
-26.944248,153.075466,-1.44
-26.944473,153.076697,-1.46
-26.943797,153.073187,-1.46
-26.944022,153.074452,-1.44
-26.944247,153.075688,-1.44
-26.944473,153.076983,-1.46
-26.943791,153.073415,-1.45
-26.944022,153.074677,-1.44
-26.944247,153.075942,-1.44
-26.944471,153.077243,-1.47
-26.943796,153.073687,-1.45
-26.943572,153.072493,-1.47
-26.944022,153.074945,-1.44
-26.944246,153.076201,-1.45
-26.944467,153.077481,-1.47
-26.943571,153.072698,-1.46
-26.943798,153.073932,-1.45
-26.944022,153.075203,-1.44
-26.944247,153.076452,-1.46
-26.943570,153.072947,-1.46
-26.944461,153.077712,-1.49
-26.943796,153.074175,-1.44
-26.944022,153.075432,-1.44
-26.944247,153.076724,-1.46
-26.943571,153.073174,-1.45
-26.943797,153.074426,-1.44
-26.944021,153.075691,-1.44
-26.944247,153.076968,-1.47
-26.943336,153.072187,-1.46
-26.943570,153.073448,-1.45
-26.944418,153.077968,-1.46
-26.943797,153.074704,-1.45
-26.944022,153.075963,-1.45
-26.943347,153.072438,-1.46
-26.944245,153.077258,-1.48
-26.943572,153.073695,-1.45
-26.943796,153.074928,-1.44
-26.944021,153.076202,-1.45
-26.943570,153.073925,-1.44
-26.944233,153.077465,-1.50
-26.943794,153.075192,-1.44
-26.944019,153.076440,-1.46
-26.943340,153.072927,-1.45
-26.944242,153.077733,-1.48
-26.943571,153.074190,-1.44
-26.943796,153.075477,-1.44
-26.944022,153.076692,-1.47
-26.943346,153.073169,-1.45
-26.943571,153.074434,-1.44
-26.943794,153.075691,-1.44
-26.944019,153.076961,-1.48
-26.944234,153.078123,-1.48
-26.943342,153.073434,-1.45
-26.943570,153.074692,-1.44
-26.943796,153.075974,-1.45
-26.944011,153.077201,-1.49
-26.943344,153.073670,-1.44
-26.943571,153.074962,-1.44
-26.943109,153.072510,-1.45
-26.943793,153.076194,-1.46
-26.943120,153.072683,-1.44
-26.944155,153.078209,-1.42
-26.944018,153.077482,-1.51
-26.943346,153.073944,-1.44
-26.943571,153.075193,-1.44
-26.943795,153.076440,-1.46
-26.944017,153.077741,-1.50
-26.943346,153.074173,-1.44
-26.943103,153.072911,-1.44
-26.943569,153.075447,-1.44
-26.943786,153.076692,-1.47
-26.943110,153.073175,-1.44
-26.944006,153.077986,-1.44
-26.943345,153.074458,-1.44
-26.943569,153.075682,-1.45
-26.943795,153.076974,-1.48
-26.943120,153.073454,-1.44
-26.943346,153.074688,-1.44
-26.943571,153.075948,-1.46
-26.943796,153.077239,-1.49
-26.942893,153.072408,-1.44
-26.943121,153.073706,-1.43
-26.943344,153.074931,-1.44
-26.943948,153.078257,-1.41
-26.943570,153.076227,-1.46
-26.943794,153.077486,-1.49
-26.943118,153.073935,-1.44
-26.943345,153.075180,-1.45
-26.942879,153.072728,-1.44
-26.943564,153.076437,-1.47
-26.942895,153.072913,-1.44
-26.943781,153.077709,-1.52
-26.943119,153.074196,-1.44
-26.943344,153.075436,-1.45
-26.943565,153.076702,-1.47
-26.942892,153.073187,-1.44
-26.943117,153.074427,-1.44
-26.943790,153.078076,-1.50
-26.943344,153.075701,-1.45
-26.943570,153.076949,-1.47
-26.943777,153.078218,-1.41
-26.943119,153.074677,-1.44
-26.942888,153.073437,-1.44
-26.943344,153.075968,-1.45
-26.943569,153.077241,-1.47
-26.943119,153.074930,-1.45
-26.942890,153.073690,-1.44
-26.943343,153.076195,-1.46
-26.943570,153.077516,-1.49
-26.942669,153.072669,-1.44
-26.942895,153.073921,-1.44
-26.943120,153.075201,-1.45
-26.943345,153.076482,-1.46
-26.943118,153.075435,-1.44
-26.942894,153.074210,-1.44
-26.942667,153.072973,-1.45
-26.943567,153.077915,-1.48
-26.943342,153.076716,-1.46
-26.943550,153.077949,-1.49
-26.942893,153.074428,-1.44
-26.942666,153.073183,-1.45
-26.943118,153.075698,-1.44
-26.943343,153.076962,-1.48
-26.943555,153.078357,-1.42
-26.943116,153.075937,-1.45
-26.942893,153.074691,-1.44
-26.942664,153.073419,-1.45
-26.943341,153.077344,-1.48
-26.943343,153.077482,-1.48
-26.943118,153.076200,-1.45
-26.942893,153.074936,-1.44
-26.942668,153.073690,-1.44
-26.943343,153.077724,-1.48
-26.943115,153.076458,-1.46
-26.942893,153.075194,-1.44
-26.943458,153.078558,-1.42
-26.942668,153.073929,-1.44
-26.943336,153.077948,-1.48
-26.943116,153.076717,-1.46
-26.942894,153.075448,-1.44
-26.942440,153.072696,-1.46
-26.942668,153.074175,-1.44
-26.943118,153.077023,-1.47
-26.942893,153.075724,-1.44
-26.943319,153.078525,-1.42
-26.942444,153.072929,-1.46
-26.943111,153.077225,-1.46
-26.942667,153.074427,-1.44
-26.943264,153.078356,-1.44
-26.942892,153.075943,-1.45
-26.943114,153.077519,-1.48
-26.942666,153.074675,-1.45
-26.942442,153.073187,-1.47
-26.942890,153.076198,-1.45
-26.943117,153.077778,-1.46
-26.942890,153.076474,-1.46
-26.942668,153.074963,-1.45
-26.942441,153.073471,-1.46
-26.943103,153.078039,-1.46
-26.942888,153.076721,-1.46
-26.942668,153.075192,-1.45
-26.942442,153.073683,-1.45
-26.943077,153.078205,-1.45
-26.942892,153.076953,-1.46
-26.942666,153.075439,-1.45
-26.942443,153.073926,-1.45
-26.942882,153.077202,-1.47
-26.942667,153.075781,-1.45
-26.942891,153.077569,-1.49
-26.942441,153.074240,-1.44
-26.942665,153.075947,-1.45
-26.942443,153.074454,-1.45
-26.942972,153.078514,-1.42
-26.942668,153.076203,-1.45
-26.942890,153.077949,-1.48
-26.942872,153.077815,-1.47
-26.942218,153.072885,-1.47
-26.942667,153.076459,-1.46
-26.942443,153.074715,-1.45
-26.942217,153.072950,-1.46
-26.942969,153.078870,-1.42
-26.942877,153.078282,-1.46
-26.942443,153.074953,-1.44
-26.942666,153.076850,-1.46
-26.942213,153.073194,-1.47
-26.942667,153.076983,-1.46
-26.942869,153.078692,-1.42
-26.942443,153.075203,-1.45
-26.942667,153.077233,-1.48
-26.942215,153.073466,-1.46
-26.942441,153.075515,-1.45
-26.942807,153.078770,-1.42
-26.942217,153.073711,-1.45
-26.942442,153.075760,-1.45
-26.942638,153.077674,-1.47
-26.942442,153.075943,-1.45
-26.942217,153.073948,-1.44
-26.942662,153.078031,-1.48
-26.942442,153.076251,-1.45
-26.942216,153.074184,-1.44
-26.942610,153.077858,-1.46
-26.942667,153.078455,-1.45
-26.942644,153.078319,-1.48
-26.942441,153.076496,-1.46
-26.942217,153.074436,-1.44
-26.942439,153.076735,-1.46
-26.942646,153.078809,-1.43
-26.942217,153.074687,-1.44
-26.942441,153.077024,-1.47
-26.942216,153.074952,-1.45
-26.942434,153.077236,-1.46
-26.942215,153.075223,-1.45
-26.941990,153.072924,-1.46
-26.942421,153.077714,-1.44
-26.942215,153.075470,-1.45
-26.942439,153.078000,-1.43
-26.942216,153.075693,-1.45
-26.941989,153.073204,-1.46
-26.942438,153.078347,-1.47
-26.942350,153.077446,-1.50
-26.942439,153.078556,-1.44
-26.942216,153.075984,-1.45
-26.941991,153.073445,-1.46
-26.942216,153.076230,-1.45
-26.941991,153.073674,-1.45
-26.942216,153.076466,-1.46
-26.942216,153.076722,-1.46
-26.941991,153.073918,-1.44
-26.942213,153.077045,-1.47
-26.941992,153.074183,-1.44
-26.942205,153.077204,-1.47
-26.941991,153.074445,-1.44
-26.942213,153.077500,-1.47
-26.941990,153.074697,-1.44
-26.942214,153.077972,-1.44
-26.942207,153.077876,-1.46
-26.942262,153.078743,-1.42
-26.941991,153.074980,-1.45
-26.942211,153.078211,-1.44
-26.941989,153.075178,-1.45
-26.942206,153.078453,-1.44
-26.941991,153.075455,-1.45
-26.941991,153.075699,-1.45
-26.941991,153.075953,-1.45
-26.942161,153.078955,-1.42
-26.941991,153.076225,-1.45
-26.942142,153.078764,-1.43
-26.941990,153.076514,-1.46
-26.941990,153.076824,-1.47
-26.941989,153.076999,-1.48
-26.941990,153.077363,-1.47
-26.941982,153.077589,-1.48
-26.941934,153.077766,-1.51
-26.941962,153.078572,-1.43
-26.941910,153.078434,-1.42
-26.941881,153.078746,-1.43
-26.941879,153.079130,-1.42
-26.941879,153.079218,-1.42
-26.941877,153.079494,-1.42
-26.941877,153.079740,-1.41
-26.941879,153.079964,-1.41
-26.941876,153.080219,-1.40
-26.941876,153.080484,-1.40
-26.941995,153.079213,-1.42
-26.941989,153.079513,-1.41
-26.941990,153.079730,-1.41
-26.941991,153.079978,-1.40
-26.941992,153.080220,-1.40
-26.941989,153.080466,-1.40
-26.942243,153.078965,-1.42
-26.942220,153.079250,-1.42
-26.942216,153.079483,-1.41
-26.942215,153.079716,-1.41
-26.942216,153.079975,-1.40
-26.942216,153.080229,-1.40
-26.942215,153.080467,-1.40
-26.942448,153.079020,-1.42
-26.942447,153.079223,-1.41
-26.942446,153.079466,-1.42
-26.942441,153.079718,-1.41
-26.942442,153.079967,-1.40
-26.942443,153.080216,-1.40
-26.942441,153.080477,-1.40
-26.942673,153.078973,-1.41
-26.942667,153.079208,-1.40
-26.942670,153.079478,-1.40
-26.942669,153.079728,-1.40
-26.942668,153.079976,-1.39
-26.942669,153.080219,-1.39
-26.942666,153.080470,-1.39
-26.942894,153.078956,-1.41
-26.942894,153.079216,-1.40
-26.942895,153.079477,-1.40
-26.942892,153.079715,-1.40
-26.942895,153.079964,-1.39
-26.942894,153.080224,-1.39
-26.942892,153.080468,-1.39
-26.943119,153.078805,-1.42
-26.943121,153.079035,-1.41
-26.943119,153.079224,-1.41
-26.943118,153.079479,-1.40
-26.943122,153.079712,-1.40
-26.943119,153.079982,-1.39
-26.943120,153.080215,-1.39
-26.943118,153.080474,-1.39
-26.943345,153.078732,-1.41
-26.943348,153.078967,-1.41
-26.943345,153.079263,-1.40
-26.943345,153.079486,-1.40
-26.943345,153.079737,-1.39
-26.943344,153.079997,-1.39
-26.943345,153.080221,-1.38
-26.943572,153.078457,-1.41
-26.943573,153.078745,-1.41
-26.943574,153.078967,-1.39
-26.943572,153.079217,-1.40
-26.943571,153.079468,-1.40
-26.943571,153.079712,-1.39
-26.943804,153.078478,-1.40
-26.943797,153.078777,-1.38
-26.943797,153.078957,-1.38
-26.944022,153.078530,-1.41
-27.031115,153.088946,-2.29
-27.031417,153.088408,-2.18
-27.031386,153.088787,-2.31
-27.031607,153.088333,-2.24
-27.031609,153.088385,-2.34
-27.031642,153.088617,-2.30
-27.032105,153.087501,-2.38
-27.031955,153.088317,-2.33
-27.032143,153.087751,-2.38
-27.032084,153.087954,-2.38
-27.032153,153.088591,-2.34
-27.032018,153.088818,-2.30
-27.032144,153.088335,-2.38
-27.032043,153.088405,-2.33
-27.031815,153.089049,-2.17
-27.032036,153.087970,-2.34
-27.032038,153.087824,-2.38
-27.031587,153.089055,-2.23
-27.031357,153.089270,-2.27
-27.031334,153.089015,-2.30
-27.031323,153.088785,-2.18
-27.031139,153.089196,-2.18
-27.030903,153.089601,-2.27
-27.030907,153.089349,-2.31
-27.030912,153.089029,-2.30
-27.030680,153.089823,-2.27
-27.030689,153.089590,-2.26
-27.030689,153.089322,-2.27
-27.030689,153.089090,-2.28
-27.030460,153.089823,-2.24
-27.030462,153.089587,-2.24
-27.030461,153.089319,-2.25
-27.030228,153.090089,-2.23
-27.030451,153.089091,-2.27
-26.977400,153.086020,-2.01
-26.976857,153.085271,-2.03
-26.976710,153.085439,-2.03
-26.976436,153.084747,-2.03
-26.976413,153.084789,-2.01
-26.976960,153.085284,-2.03
-26.976746,153.084821,-2.00
-26.976746,153.085030,-2.02
-26.976519,153.085044,-2.01
-26.976294,153.084823,-2.02
-26.976292,153.085025,-2.03
-26.958230,153.086268,-2.23
-26.941881,153.084656,-2.09
-26.941874,153.084750,-2.09
-26.941875,153.085001,-2.12
-26.941875,153.085638,-2.11
-26.941873,153.085769,-2.11
-26.941874,153.086010,-2.09
-26.941874,153.086273,-2.09
-26.941874,153.086518,-2.09
-26.941875,153.086769,-2.09
-26.941876,153.087016,-2.11
-26.941986,153.086738,-2.12
-26.941990,153.086774,-2.12
-26.941875,153.087265,-2.12
-26.941989,153.087021,-2.10
-26.941876,153.087520,-2.13
-26.941987,153.087266,-2.11
-26.941874,153.087775,-2.11
-26.941986,153.087520,-2.14
-26.941987,153.087771,-2.11
-26.941926,153.088021,-2.10
-26.942211,153.087239,-2.11
-26.941992,153.088028,-2.10
-26.943548,153.082813,-1.77
-26.943557,153.082726,-1.44
-26.943316,153.083220,-1.79
-26.943311,153.082912,-1.76
-26.943338,153.082733,-2.06
-26.943369,153.082472,-2.06
-26.943341,153.082477,-2.06
-26.943113,153.083211,-2.19
-26.943114,153.082935,-1.58
-26.943114,153.082616,-1.54
-26.942869,153.083484,-2.17
-26.942883,153.083227,-2.23
-26.942890,153.082933,-1.60
-26.942429,153.084679,-2.13
-26.942882,153.082708,-1.40
-26.942652,153.083419,-2.20
-26.942662,153.083214,-2.17
-26.942850,153.082345,-2.06
-26.942869,153.082221,-1.39
-26.942208,153.084670,-2.12
-26.942611,153.082960,-1.40
-26.942207,153.084490,-2.18
-26.942661,153.082559,-2.07
-26.942413,153.083481,-1.77
-26.942655,153.082461,-2.06
-26.942432,153.083218,-1.58
-26.942713,153.081911,-1.39
-26.942629,153.082226,-2.05
-26.942665,153.081970,-1.41
-26.942741,153.081663,-1.39
-26.942437,153.082831,-1.43
-26.941977,153.084487,-2.15
-26.942435,153.082601,-2.05
-26.942209,153.083488,-1.76
-26.942651,153.081700,-1.40
-26.942429,153.082472,-1.40
-26.941985,153.084186,-2.23
-26.942191,153.083221,-1.46
-26.941977,153.083732,-1.87
-26.942206,153.082641,-1.41
-26.941970,153.083453,-1.73
-26.941970,153.083182,-1.44
-26.942045,153.082782,-1.41
-26.941970,153.082590,-1.41
-26.941974,153.088505,-2.17
-26.941878,153.080722,-1.40
-26.941876,153.080973,-1.40
-26.941876,153.081222,-1.40
-26.941880,153.081473,-1.40
-26.941877,153.081729,-1.41
-26.941876,153.081983,-1.41
-26.941989,153.080718,-1.40
-26.941876,153.082234,-1.41
-26.941993,153.080976,-1.40
-26.941988,153.081231,-1.40
-26.941989,153.081476,-1.40
-26.941989,153.081729,-1.40
-26.941988,153.081999,-1.40
-26.941988,153.082229,-1.40
-26.941931,153.082979,-1.40
-26.942215,153.080722,-1.40
-26.942214,153.080970,-1.40
-26.942217,153.081222,-1.40
-26.942214,153.081489,-1.40
-26.942214,153.081739,-1.40
-26.942215,153.082038,-1.40
-26.942442,153.080721,-1.39
-26.942441,153.080973,-1.39
-26.942440,153.081228,-1.39
-26.942667,153.080735,-1.39
-26.942665,153.080971,-1.39
-26.942666,153.081224,-1.38
-26.942892,153.080720,-1.39
-26.942893,153.080972,-1.39
-26.942891,153.081232,-1.38
-26.942893,153.081480,-1.39
-26.942893,153.081729,-1.39
-26.943120,153.080723,-1.38
-26.943119,153.080974,-1.39
-26.943005,153.082468,-1.39
-26.942885,153.084794,-2.02
-26.942888,153.085075,-2.02
-26.942888,153.085277,-2.01
-26.942659,153.084764,-2.06
-26.942662,153.085015,-2.06
-26.942659,153.085302,-2.05
-26.942660,153.085524,-2.05
-26.942662,153.085769,-2.05
-26.942661,153.086007,-2.04
-26.942437,153.084774,-2.10
-26.942661,153.086259,-2.05
-26.942437,153.085035,-2.11
-26.942435,153.085269,-2.12
-26.942436,153.085507,-2.11
-26.942436,153.085768,-2.10
-26.942209,153.084754,-2.12
-26.942436,153.086020,-2.10
-26.942211,153.085019,-2.12
-26.942436,153.086261,-2.10
-26.942207,153.085254,-2.12
-26.942432,153.086520,-2.10
-26.942211,153.085519,-2.12
-26.942436,153.086772,-2.10
-26.942211,153.085782,-2.12
-26.942210,153.086047,-2.12
-26.942208,153.086297,-2.12
-26.941983,153.085259,-2.11
-26.932846,153.084055,-1.68
-26.932909,153.083982,-1.33
-26.932847,153.084250,-1.84
-26.932966,153.084056,-1.60
-26.932846,153.084489,-1.96
-26.932960,153.084242,-1.81
-26.932846,153.084744,-1.96
-26.932958,153.084489,-1.94
-26.932848,153.084994,-1.98
-26.932968,153.084747,-1.97
-26.932847,153.085251,-2.17
-26.933202,153.084061,-1.54
-26.932958,153.085002,-1.96
-26.933192,153.084243,-1.80
-26.932959,153.085252,-2.06
-26.933188,153.084490,-1.92
-26.933188,153.084742,-1.96
-26.933409,153.084133,-1.48
-26.933187,153.084996,-1.96
-26.933410,153.084271,-1.78
-26.933185,153.085250,-2.01
-26.933414,153.084491,-1.89
-26.933415,153.084748,-1.96
-26.933638,153.084142,-1.50
-26.933410,153.084992,-1.97
-26.933644,153.084241,-1.73
-26.933409,153.085255,-1.98
-26.933640,153.084502,-1.87
-26.933410,153.085498,-2.09
-26.933638,153.084753,-1.96
-26.933863,153.084190,-1.42
-26.933861,153.084252,-1.72
-26.933640,153.085009,-1.97
-26.933862,153.084497,-1.86
-26.933639,153.085260,-1.97
-26.933636,153.085502,-2.04
-26.933861,153.084747,-1.95
-26.934087,153.084176,-1.44
-26.933860,153.084993,-1.97
-26.934090,153.084246,-1.70
-26.933862,153.085248,-1.97
-26.934087,153.084502,-1.82
-26.933862,153.085509,-2.01
-26.934090,153.084752,-1.94
-26.934317,153.084216,-1.51
-26.934093,153.084999,-1.97
-26.934312,153.084267,-1.71
-26.934086,153.085248,-1.97
-26.934316,153.084490,-1.82
-26.934086,153.085500,-1.98
-26.934312,153.084752,-1.94
-26.934582,153.083965,-1.43
-26.934563,153.084094,-1.59
-26.934315,153.085009,-1.96
-26.934542,153.084253,-1.76
-26.934315,153.085251,-1.96
-26.934542,153.084490,-1.85
-26.934320,153.085504,-1.96
-26.934542,153.084743,-1.95
-26.934772,153.084058,-1.64
-26.934312,153.085749,-2.19
-26.934546,153.084995,-1.96
-26.934765,153.084240,-1.80
-26.934845,153.083985,-1.43
-26.934541,153.085255,-1.96
-26.934765,153.084498,-1.90
-26.934539,153.085515,-1.96
-26.934990,153.083912,-1.51
-26.934765,153.084747,-1.96
-26.934998,153.083989,-1.70
-26.934766,153.085020,-1.96
-26.935003,153.084243,-1.83
-26.934596,153.085749,-2.13
-26.934777,153.085252,-1.96
-26.934991,153.084503,-1.94
-26.935223,153.083853,-1.64
-26.934769,153.085535,-1.97
-26.934990,153.084744,-1.96
-26.935224,153.083995,-1.74
-26.934765,153.085756,-2.21
-26.934989,153.085011,-1.96
-26.935219,153.084239,-1.85
-26.934990,153.085248,-1.95
-26.935219,153.084500,-1.96
-26.934988,153.085500,-1.99
-26.935441,153.083887,-1.56
-26.935219,153.084746,-1.97
-26.935443,153.083992,-1.80
-26.934992,153.085752,-2.22
-26.935216,153.085001,-1.96
-26.935442,153.084241,-1.91
-26.935217,153.085275,-1.95
-26.935442,153.084500,-1.96
-26.935215,153.085499,-2.04
-26.935668,153.083892,-1.67
-26.935441,153.084750,-1.96
-26.935667,153.084001,-1.84
-26.935441,153.085000,-1.96
-26.935669,153.084244,-1.94
-26.935443,153.085272,-1.97
-26.935674,153.084491,-1.96
-26.935443,153.085498,-2.06
-26.935893,153.083897,-1.80
-26.935677,153.084763,-1.96
-26.935898,153.084022,-1.89
-26.935668,153.084999,-1.95
-26.935894,153.084239,-1.96
-26.935666,153.085268,-2.00
-26.935892,153.084509,-1.98
-26.935666,153.085507,-2.10
-26.936118,153.083926,-1.86
-26.935895,153.084755,-1.97
-26.936119,153.083988,-1.93
-26.935892,153.085008,-1.96
-26.936119,153.084248,-1.99
-26.935896,153.085249,-2.02
-26.936118,153.084496,-1.99
-26.935895,153.085498,-2.20
-26.936121,153.084746,-1.97
-26.936348,153.083989,-2.01
-26.936119,153.085013,-2.00
-26.936348,153.084253,-2.02
-26.936121,153.085251,-2.06
-26.936343,153.084502,-1.99
-26.936348,153.084746,-1.99
-26.936574,153.084002,-2.10
-26.936343,153.085002,-2.13
-26.936571,153.084248,-2.10
-26.936344,153.085250,-2.13
-26.936572,153.084497,-2.16
-26.936572,153.084745,-2.18
-26.936798,153.083967,-2.19
-26.936796,153.083988,-2.20
-26.936569,153.084998,-2.18
-26.936796,153.084249,-2.23
-26.936797,153.084500,-2.24
-26.937539,153.083291,-1.54
-26.937905,153.083204,-1.44
-26.937980,153.083221,-1.44
-26.938223,153.083276,-1.57
-26.938151,153.084102,-1.90
-26.938375,153.084138,-1.85
-26.938623,153.084171,-1.87
-26.938604,153.084260,-2.10
-26.938832,153.084200,-1.88
-26.938827,153.084243,-1.95
-26.939215,153.083062,-1.45
-26.938154,153.086508,-2.22
-26.938828,153.084503,-2.15
-26.939284,153.083112,-1.47
-26.938150,153.086772,-2.12
-26.939263,153.083257,-2.06
-26.938374,153.086258,-2.07
-26.939317,153.083304,-2.01
-26.939056,153.084227,-1.89
-26.939055,153.084242,-2.02
-26.938376,153.086513,-2.10
-26.939054,153.084508,-2.12
-26.938600,153.086007,-2.17
-26.938377,153.086761,-2.12
-26.939056,153.084754,-2.20
-26.938827,153.085510,-2.24
-26.938601,153.086271,-2.13
-26.939283,153.084262,-1.64
-26.939723,153.082891,-1.44
-26.939732,153.082891,-1.43
-26.939386,153.083991,-1.58
-26.938828,153.085752,-2.15
-26.938600,153.086509,-2.11
-26.939515,153.083753,-2.07
-26.939278,153.084495,-2.07
-26.938834,153.086008,-2.20
-26.938601,153.086760,-2.10
-26.939284,153.084748,-2.14
-26.939053,153.085503,-2.22
-26.939504,153.084296,-2.06
-26.938831,153.086511,-2.06
-26.939506,153.084512,-2.11
-26.938829,153.086762,-2.07
-26.939504,153.084762,-2.18
-26.939732,153.084323,-2.03
-26.939731,153.084502,-2.13
-26.939733,153.084822,-2.23
-26.940408,153.082722,-1.42
-26.939959,153.084351,-2.21
-26.939956,153.084498,-2.22
-26.940185,153.084395,-2.23
-26.940735,153.082978,-1.42
-26.940408,153.084403,-2.17
-26.941085,153.082851,-1.39
-26.941071,153.082975,-1.40
-26.940638,153.084434,-2.14
-26.940632,153.084499,-2.19
-26.941311,153.082979,-1.35
-26.940860,153.084460,-2.00
-26.940859,153.084495,-2.14
-26.940859,153.084747,-2.17
-26.941460,153.082989,-1.56
-26.941084,153.084485,-2.00
-26.941084,153.084499,-2.03
-26.941089,153.084747,-2.09
-26.941088,153.085007,-2.14
-26.941724,153.083158,-1.52
-26.941309,153.084533,-2.04
-26.941087,153.085277,-2.15
-26.941645,153.083602,-1.82
-26.941311,153.084759,-2.06
-26.941083,153.085508,-2.19
-26.941312,153.085009,-2.08
-26.941311,153.085253,-2.11
-26.941544,153.084557,-2.04
-26.941536,153.084749,-2.06
-26.941319,153.085504,-2.14
-26.941674,153.084487,-2.14
-26.941537,153.085000,-2.08
-26.941313,153.085756,-2.16
-26.941538,153.085267,-2.09
-26.941320,153.086009,-2.20
-26.941534,153.085502,-2.09
-26.941308,153.086261,-2.18
-26.941536,153.085756,-2.09
-26.941542,153.086018,-2.11
-26.941542,153.086260,-2.12
-26.941534,153.086520,-2.11
-26.941535,153.086764,-2.12
-26.941535,153.087013,-2.17
-26.941537,153.087268,-2.14
-26.941536,153.087518,-2.13
-26.941534,153.087785,-2.14
-26.941757,153.084191,-2.15
-26.941739,153.083957,-1.96
-26.941531,153.084483,-2.00
-26.941750,153.083484,-1.73
-26.941535,153.084207,-2.00
-26.939535,153.084184,-1.96
-26.939791,153.083158,-1.69
-26.939725,153.083168,-2.14
-26.938597,153.087256,-2.11
-26.938373,153.087510,-2.22
-26.938370,153.087255,-2.04
-26.938146,153.087478,-2.08
-26.938145,153.087262,-2.12
-26.937920,153.087444,-2.11
-26.937694,153.087451,-2.13
-26.937469,153.087439,-2.11
-26.937240,153.087408,-2.04
-26.937013,153.087388,-2.03
-26.935923,153.083441,-1.42
-26.935890,153.083396,-1.45
-26.935638,153.083580,-1.50
-26.935517,153.083452,-1.43
-26.935423,153.083619,-1.47
-26.935147,153.083695,-1.87
-26.934936,153.083692,-1.89
-26.935440,153.090541,-2.04
-26.935666,153.090547,-1.86
-26.935891,153.090261,-2.13
-26.935891,153.090537,-1.89
-26.936117,153.090293,-2.24
-26.936115,153.090537,-1.79
-26.936340,153.090338,-2.09
-26.936571,153.090373,-2.17
-26.937243,153.090537,-2.18
-26.937471,153.090471,-2.23
-26.940160,153.083421,-2.09
-26.940081,153.084149,-2.11
-26.939980,153.083761,-2.11
-26.939793,153.083822,-2.15
-26.939731,153.084057,-1.97
-26.939469,153.083980,-1.70
-26.932894,153.080617,-1.43
-26.932883,153.080727,-1.44
-26.932858,153.080979,-1.43
-26.932877,153.081215,-1.44
-26.932851,153.081482,-1.44
-26.932848,153.081722,-1.43
-26.933005,153.080633,-1.44
-26.932997,153.080712,-1.44
-26.932971,153.080987,-1.44
-26.932877,153.081970,-1.44
-26.932854,153.082222,-1.43
-26.932996,153.081224,-1.43
-26.932974,153.081469,-1.44
-26.932880,153.082475,-1.44
-26.932854,153.082754,-1.43
-26.932963,153.081720,-1.43
-26.932849,153.082993,-1.44
-26.932972,153.081971,-1.43
-26.932851,153.083306,-1.44
-26.932986,153.082223,-1.44
-26.932963,153.082480,-1.44
-26.932891,153.083496,-1.45
-26.932970,153.082729,-1.44
-26.932978,153.082985,-1.45
-26.933240,153.080636,-1.45
-26.933233,153.080733,-1.44
-26.933214,153.080968,-1.44
-26.933194,153.081218,-1.44
-26.933033,153.083235,-1.44
-26.933009,153.083533,-1.46
-26.933211,153.081470,-1.44
-26.933192,153.081719,-1.44
-26.933191,153.081971,-1.44
-26.933196,153.082226,-1.44
-26.933186,153.082483,-1.43
-26.933222,153.082732,-1.43
-26.933205,153.082983,-1.44
-26.933188,153.083244,-1.44
-26.933432,153.080601,-1.45
-26.933425,153.080724,-1.44
-26.933419,153.080971,-1.44
-26.933276,153.083482,-1.45
-26.933413,153.081233,-1.44
-26.933436,153.081471,-1.44
-26.933423,153.081720,-1.44
-26.933424,153.081973,-1.44
-26.933411,153.082234,-1.43
-26.933421,153.082474,-1.43
-26.933412,153.082732,-1.44
-26.933411,153.082983,-1.44
-26.933473,153.083240,-1.45
-26.933498,153.083528,-1.43
-26.933656,153.080608,-1.44
-26.933651,153.080722,-1.43
-26.933640,153.080965,-1.43
-26.933731,153.081215,-1.43
-26.933718,153.081469,-1.43
-26.933706,153.081726,-1.43
-26.933694,153.081978,-1.44
-26.933681,153.082227,-1.44
-26.933669,153.082475,-1.44
-26.933657,153.082729,-1.44
-26.933645,153.082980,-1.45
-26.933636,153.083245,-1.44
-26.933901,153.080597,-1.44
-26.933893,153.080745,-1.44
-26.933881,153.080967,-1.43
-26.933867,153.081226,-1.43
-26.933902,153.081471,-1.43
-26.933887,153.081732,-1.43
-26.933874,153.081971,-1.44
-26.933783,153.083598,-1.44
-26.933891,153.082229,-1.44
-26.933877,153.082477,-1.43
-26.933862,153.082735,-1.43
-26.933868,153.082997,-1.44
-26.933886,153.083274,-1.44
-26.933869,153.083560,-1.45
-26.934104,153.080621,-1.44
-26.934097,153.080725,-1.43
-26.934092,153.080979,-1.43
-26.934092,153.081224,-1.43
-26.934091,153.081468,-1.43
-26.934093,153.081725,-1.43
-26.934091,153.081972,-1.43
-26.934088,153.082224,-1.43
-26.934088,153.082487,-1.43
-26.934093,153.082730,-1.43
-26.934092,153.082988,-1.44
-26.934091,153.083245,-1.45
-26.934328,153.080590,-1.44
-26.934319,153.080712,-1.43
-26.934118,153.083503,-1.45
-26.934318,153.080965,-1.43
-26.934330,153.081228,-1.43
-26.934316,153.081471,-1.42
-26.934319,153.081720,-1.43
-26.934316,153.081983,-1.43
-26.934319,153.082224,-1.43
-26.934316,153.082476,-1.43
-26.934320,153.082731,-1.43
-26.934316,153.082986,-1.44
-26.934317,153.083266,-1.44
-26.934313,153.083525,-1.45
-26.934543,153.080625,-1.43
-26.934549,153.080712,-1.43
-26.934544,153.080976,-1.43
-26.934546,153.081220,-1.42
-26.934542,153.081472,-1.43
-26.934551,153.081725,-1.43
-26.934540,153.081977,-1.43
-26.934541,153.082231,-1.43
-26.934559,153.082479,-1.43
-26.934540,153.082727,-1.43
-26.934542,153.082979,-1.44
-26.934549,153.083233,-1.44
-26.934777,153.080602,-1.44
-26.934767,153.080737,-1.43
-26.934565,153.083592,-1.43
-26.934780,153.080966,-1.43
-26.934778,153.081222,-1.42
-26.934773,153.081472,-1.43
-26.934773,153.081723,-1.43
-26.934777,153.081975,-1.43
-26.934767,153.082232,-1.43
-26.934773,153.082480,-1.43
-26.934768,153.082727,-1.43
-26.934768,153.082989,-1.43
-26.934767,153.083254,-1.44
-26.934995,153.080589,-1.44
-26.934995,153.080725,-1.43
-26.934995,153.080975,-1.43
-26.934991,153.081227,-1.43
-26.934993,153.081470,-1.43
-26.934995,153.081720,-1.43
-26.934991,153.081975,-1.43
-26.934996,153.082231,-1.43
-26.934993,153.082482,-1.43
-26.934994,153.082730,-1.43
-26.934996,153.082983,-1.43
-26.934992,153.083304,-1.43
-26.935221,153.080601,-1.44
-26.935218,153.080720,-1.43
-26.935218,153.080970,-1.43
-26.935218,153.081223,-1.42
-26.935227,153.081471,-1.43
-26.935218,153.081720,-1.42
-26.935222,153.081984,-1.42
-26.935222,153.082230,-1.43
-26.935222,153.082476,-1.43
-26.935217,153.082734,-1.43
-26.935217,153.082984,-1.43
-26.935222,153.083236,-1.43
-26.935448,153.080593,-1.43
-26.935451,153.080738,-1.42
-26.935444,153.080967,-1.42
-26.935443,153.081228,-1.42
-26.935445,153.081490,-1.42
-26.935442,153.081721,-1.42
-26.935445,153.081976,-1.42
-26.935444,153.082230,-1.42
-26.935442,153.082476,-1.43
-26.935444,153.082729,-1.43
-26.935442,153.082981,-1.43
-26.935672,153.080595,-1.43
-26.935669,153.080729,-1.42
-26.935673,153.080975,-1.42
-26.935670,153.081230,-1.42
-26.935671,153.081473,-1.42
-26.935669,153.081736,-1.42
-26.935673,153.081980,-1.42
-26.935671,153.082225,-1.42
-26.935668,153.082479,-1.42
-26.935668,153.082733,-1.43
-26.935669,153.082984,-1.43
-26.935670,153.083656,-1.52
-26.935899,153.080588,-1.42
-26.935896,153.080717,-1.42
-26.935894,153.080980,-1.42
-26.935895,153.081217,-1.42
-26.935895,153.081475,-1.42
-26.935894,153.081724,-1.42
-26.935894,153.081973,-1.42
-26.935895,153.082228,-1.42
-26.935893,153.082493,-1.42
-26.935895,153.082734,-1.42
-26.935894,153.082984,-1.44
-26.935897,153.083586,-1.61
-26.936122,153.080591,-1.42
-26.936122,153.080715,-1.42
-26.936122,153.080978,-1.42
-26.936120,153.081228,-1.42
-26.936121,153.081473,-1.42
-26.936122,153.081723,-1.42
-26.936120,153.081973,-1.42
-26.936119,153.082249,-1.42
-26.936119,153.082482,-1.42
-26.936120,153.082735,-1.42
-26.936127,153.083008,-1.43
-26.936119,153.083477,-1.46
-26.936121,153.083491,-1.73
-26.936347,153.080592,-1.42
-26.936347,153.080722,-1.42
-26.936347,153.080966,-1.42
-26.936347,153.081225,-1.42
-26.936348,153.081471,-1.42
-26.936345,153.081729,-1.42
-26.936347,153.081974,-1.42
-26.936345,153.082232,-1.42
-26.936348,153.082482,-1.42
-26.936348,153.082730,-1.42
-26.936344,153.083000,-1.43
-26.936358,153.083240,-1.55
-26.936345,153.083496,-1.88
-26.936574,153.080607,-1.42
-26.936573,153.080720,-1.42
-26.936573,153.080976,-1.42
-26.936572,153.081218,-1.42
-26.936576,153.081475,-1.41
-26.936573,153.081727,-1.42
-26.936573,153.081978,-1.42
-26.936573,153.082226,-1.42
-26.936571,153.082480,-1.43
-26.936572,153.082735,-1.44
-26.936576,153.082995,-1.44
-26.936572,153.083366,-1.56
-26.936799,153.080598,-1.43
-26.936798,153.080725,-1.42
-26.936798,153.080968,-1.42
-26.936800,153.081220,-1.42
-26.936807,153.081479,-1.43
-26.936799,153.081732,-1.43
-26.936798,153.081973,-1.43
-26.936797,153.082227,-1.43
-26.936799,153.082490,-1.43
-26.936798,153.082730,-1.44
-26.936797,153.082984,-1.44
-26.936796,153.083336,-1.50
-26.937024,153.080596,-1.43
-26.937024,153.080716,-1.43
-26.937025,153.080971,-1.42
-26.937025,153.081229,-1.43
-26.937023,153.081487,-1.43
-26.937024,153.081733,-1.43
-26.937022,153.081983,-1.43
-26.937025,153.082236,-1.43
-26.937022,153.082507,-1.43
-26.937022,153.082741,-1.43
-26.937026,153.082987,-1.44
-26.937251,153.080589,-1.44
-26.937022,153.083408,-1.51
-26.937263,153.080722,-1.43
-26.937253,153.080972,-1.43
-26.937250,153.081221,-1.43
-26.937258,153.081476,-1.43
-26.937250,153.081725,-1.43
-26.937258,153.081975,-1.43
-26.937248,153.082228,-1.44
-26.937259,153.082481,-1.44
-26.937257,153.082743,-1.45
-26.937493,153.080591,-1.44
-26.937480,153.080721,-1.43
-26.937253,153.083048,-1.45
-26.937249,153.083416,-1.53
-26.937497,153.080968,-1.43
-26.937476,153.081218,-1.43
-26.937477,153.081481,-1.43
-26.937492,153.081729,-1.43
-26.937481,153.081975,-1.43
-26.937502,153.082226,-1.43
-26.937475,153.082480,-1.43
-26.937475,153.082736,-1.44
-26.937707,153.080594,-1.43
-26.937704,153.080715,-1.42
-26.937473,153.083024,-1.45
-26.937702,153.080968,-1.42
-26.937700,153.081224,-1.42
-26.937702,153.081473,-1.42
-26.937707,153.081723,-1.42
-26.937703,153.081974,-1.43
-26.937699,153.082227,-1.43
-26.937699,153.082478,-1.43
-26.937928,153.080594,-1.43
-26.937701,153.082737,-1.43
-26.937930,153.080715,-1.42
-26.937928,153.080971,-1.42
-26.937925,153.081229,-1.42
-26.937700,153.083264,-1.62
-26.937925,153.081483,-1.42
-26.937706,153.083488,-2.08
-26.937929,153.081726,-1.43
-26.937926,153.081976,-1.43
-26.937925,153.082230,-1.43
-26.937925,153.082486,-1.43
-26.938154,153.080593,-1.43
-26.938156,153.080716,-1.43
-26.937928,153.082732,-1.44
-26.938151,153.080968,-1.42
-26.938159,153.081221,-1.42
-26.937927,153.083311,-1.61
-26.938155,153.081484,-1.43
-26.937925,153.083492,-1.82
-26.938151,153.081724,-1.43
-26.937925,153.083766,-1.89
-26.938153,153.081988,-1.43
-26.938153,153.082226,-1.43
-26.938151,153.082478,-1.43
-26.938382,153.080590,-1.43
-26.938379,153.080719,-1.42
-26.938153,153.082732,-1.43
-26.938384,153.080972,-1.42
-26.938378,153.081219,-1.42
-26.938170,153.082982,-1.43
-26.938382,153.081474,-1.42
-26.938151,153.083544,-1.74
-26.938381,153.081743,-1.42
-26.938151,153.083740,-1.79
-26.938382,153.081978,-1.42
-26.938379,153.082229,-1.42
-26.938606,153.080597,-1.43
-26.938383,153.082483,-1.43
-26.938612,153.080724,-1.42
-26.938381,153.082743,-1.43
-26.938606,153.080977,-1.42
-26.938378,153.083000,-1.44
-26.938607,153.081229,-1.42
-26.938380,153.083333,-2.01
-26.938604,153.081479,-1.42
-26.938377,153.083511,-1.78
-26.938605,153.081725,-1.42
-26.938375,153.083757,-1.78
-26.938604,153.081977,-1.42
-26.938625,153.082229,-1.43
-26.938607,153.082481,-1.43
-26.938831,153.080594,-1.42
-26.938839,153.080719,-1.42
-26.938607,153.082754,-1.44
-26.938834,153.080979,-1.42
-26.938603,153.083277,-1.96
-26.938845,153.081221,-1.42
-26.938607,153.083488,-1.87
-26.938835,153.081471,-1.42
-26.938603,153.083744,-1.85
-26.938833,153.081734,-1.42
-26.938829,153.081975,-1.42
-26.938834,153.082229,-1.42
-26.938829,153.082484,-1.43
-26.938776,153.083232,-1.47
-26.939059,153.080590,-1.42
-26.938832,153.082731,-1.43
-26.939056,153.080728,-1.42
-26.939058,153.080968,-1.42
-26.938829,153.083223,-1.49
-26.939054,153.081229,-1.42
-26.939055,153.081472,-1.42
-26.938827,153.083738,-2.04
-26.939059,153.081732,-1.42
-26.939058,153.081979,-1.42
-26.939058,153.082238,-1.42
-26.939055,153.082504,-1.42
-26.939057,153.082732,-1.43
-26.939291,153.080597,-1.42
-26.939282,153.080731,-1.42
-26.939294,153.080971,-1.42
-26.939285,153.081235,-1.42
-26.939056,153.083740,-2.21
-26.939282,153.081481,-1.41
-26.939282,153.081730,-1.41
-26.939285,153.081978,-1.42
-26.939284,153.082228,-1.42
-26.939283,153.082483,-1.42
-26.939298,153.082734,-1.44
-26.939509,153.080597,-1.42
-26.939506,153.080727,-1.41
-26.939508,153.080969,-1.41
-26.939281,153.083506,-1.67
-26.939505,153.081225,-1.41
-26.939507,153.081477,-1.41
-26.939509,153.081724,-1.41
-26.939509,153.081999,-1.41
-26.939511,153.082240,-1.41
-26.939506,153.082482,-1.42
-26.939736,153.080604,-1.41
-26.939731,153.080717,-1.41
-26.939734,153.080972,-1.41
-26.939738,153.081229,-1.41
-26.939735,153.081475,-1.41
-26.939731,153.081734,-1.41
-26.939735,153.081976,-1.40
-26.939732,153.082227,-1.40
-26.939732,153.082479,-1.41
-26.939959,153.080594,-1.41
-26.939962,153.080722,-1.40
-26.939958,153.080969,-1.40
-26.939959,153.081227,-1.40
-26.939961,153.081474,-1.41
-26.939959,153.081733,-1.41
-26.939958,153.081980,-1.41
-26.939957,153.082249,-1.40
-26.939957,153.082480,-1.41
-26.939960,153.082743,-1.43
-26.939957,153.082996,-1.67
-26.939956,153.083494,-2.15
-26.940184,153.080606,-1.41
-26.940184,153.080720,-1.40
-26.940184,153.080976,-1.40
-26.940185,153.081222,-1.41
-26.940183,153.081482,-1.41
-26.940185,153.081741,-1.41
-26.940186,153.081980,-1.41
-26.940185,153.082241,-1.41
-26.940186,153.082485,-1.41
-26.940187,153.082732,-1.44
-26.940186,153.082999,-1.61
-26.940184,153.083238,-1.85
-26.940185,153.083489,-2.07
-26.940182,153.083745,-2.13
-26.940413,153.080599,-1.40
-26.940184,153.083999,-2.15
-26.940410,153.080719,-1.40
-26.940412,153.080973,-1.41
-26.940410,153.081223,-1.41
-26.940408,153.081481,-1.41
-26.940412,153.081727,-1.42
-26.940410,153.081983,-1.42
-26.940408,153.082231,-1.42
-26.940409,153.082944,-1.44
-26.940414,153.083001,-1.61
-26.940408,153.083236,-1.85
-26.940407,153.083497,-1.91
-26.940407,153.083742,-1.95
-26.940637,153.080594,-1.41
-26.940637,153.080723,-1.41
-26.940411,153.083991,-2.14
-26.940637,153.080972,-1.41
-26.940636,153.081224,-1.41
-26.940635,153.081476,-1.41
-26.940637,153.081728,-1.41
-26.940635,153.081980,-1.41
-26.940637,153.082236,-1.41
-26.940639,153.082480,-1.42
-26.940633,153.083037,-1.59
-26.940633,153.083249,-1.81
-26.940634,153.083488,-1.89
-26.940864,153.080635,-1.41
-26.940861,153.080726,-1.41
-26.940633,153.083748,-1.92
-26.940861,153.080981,-1.41
-26.940633,153.083995,-1.97
-26.940862,153.081228,-1.41
-26.940862,153.081488,-1.41
-26.940862,153.081726,-1.41
-26.940861,153.081976,-1.42
-26.940862,153.082232,-1.41
-26.940860,153.082480,-1.42
-26.940861,153.082983,-1.59
-26.940860,153.083245,-1.80
-26.941088,153.080592,-1.41
-26.940860,153.083493,-1.90
-26.941087,153.080778,-1.40
-26.940860,153.083741,-1.95
-26.941088,153.080977,-1.40
-26.940859,153.083991,-1.97
-26.941088,153.081227,-1.40
-26.941088,153.081475,-1.41
-26.941088,153.081731,-1.41
-26.941088,153.081977,-1.41
-26.941087,153.082233,-1.41
-26.941089,153.082491,-1.41
-26.941086,153.082992,-1.59
-26.941086,153.083238,-1.79
-26.941314,153.080593,-1.41
-26.941086,153.083501,-1.87
-26.941317,153.080721,-1.40
-26.941087,153.083742,-1.98
-26.941314,153.080970,-1.40
-26.941086,153.084009,-2.00
-26.941313,153.081230,-1.40
-26.941317,153.081473,-1.40
-26.941311,153.081726,-1.41
-26.941311,153.081983,-1.41
-26.941313,153.082233,-1.41
-26.941311,153.082491,-1.42
-26.941310,153.083242,-1.76
-26.941540,153.080592,-1.40
-26.941312,153.083547,-1.84
-26.941539,153.080740,-1.40
-26.941311,153.083742,-1.95
-26.941537,153.080980,-1.40
-26.941539,153.081224,-1.40
-26.941537,153.081473,-1.40
-26.941538,153.081730,-1.40
-26.941536,153.081978,-1.41
-26.941538,153.082233,-1.40
-26.941537,153.082493,-1.41
-26.941731,153.082955,-1.51
-26.937920,153.087539,-2.02
-26.937921,153.087780,-2.20
-26.937693,153.087527,-2.04
-26.937695,153.087776,-2.11
-26.937695,153.088020,-2.17
-26.937695,153.088302,-2.23
-26.937469,153.087529,-2.16
-26.937470,153.087768,-2.05
-26.937468,153.088022,-2.07
-26.937469,153.088288,-2.16
-26.937244,153.087549,-2.12
-26.937244,153.087768,-2.02
-26.937241,153.088027,-2.02
-26.937243,153.088286,-2.06
-26.937240,153.088525,-2.06
-26.937243,153.088808,-2.07
-26.937243,153.089043,-2.14
-26.937017,153.087531,-2.12
-26.937242,153.089317,-2.11
-26.937016,153.087785,-2.22
-26.937239,153.089533,-2.15
-26.937018,153.088025,-2.15
-26.937242,153.089799,-2.21
-26.937018,153.088286,-2.07
-26.937018,153.088554,-2.01
-26.937016,153.088775,-1.99
-26.937017,153.089052,-2.00
-26.937017,153.089287,-2.01
-26.937016,153.089533,-2.24
-26.936792,153.088274,-2.21
-26.936792,153.088547,-2.12
-26.936791,153.088791,-2.07
-26.936791,153.089033,-2.01
-26.936791,153.089288,-2.04
-26.936791,153.089546,-2.07
-26.936566,153.088779,-2.20
-26.936566,153.089057,-2.08
-26.936566,153.089303,-2.10
-26.936566,153.089542,-2.07
-26.936565,153.089780,-2.17
-26.936565,153.090058,-2.24
-26.936339,153.089541,-2.18
-26.936340,153.089840,-2.14
-26.936338,153.090052,-2.10
-27.034749,153.091112,-2.33
-27.034524,153.091108,-2.33
-27.032031,153.100478,-0.66
-27.031582,153.099818,-0.75
-27.005182,153.097255,-0.84
-27.005415,153.097223,-0.80
-27.005634,153.097221,-0.88
-27.006775,153.097644,-0.63
-27.009694,153.097879,-0.69
-27.002351,153.096630,-0.76
-27.002729,153.096718,-0.84
-27.003605,153.096953,-0.76
-27.003827,153.096984,-0.71
-27.004052,153.097081,-0.68
-27.025710,153.107286,-0.98
-27.025625,153.107213,-0.99
-27.025476,153.107100,-0.91
-27.025308,153.106986,-0.98
-27.025252,153.106948,-0.90
-27.024651,153.106554,-0.98
-27.023464,153.105509,-0.96
-27.023453,153.105521,-0.87
-27.024571,153.106486,-1.03
-27.024935,153.106739,-0.91
-27.022892,153.110321,-0.65
-27.022550,153.110016,-0.72
-27.023692,153.111672,-0.61
-27.023786,153.111826,-0.66
-27.059217,153.125436,-0.43
-27.059215,153.125680,-1.23
-27.059333,153.125437,-0.43
-27.059334,153.125687,-0.44
-27.059554,153.125433,-0.43
-27.059555,153.125683,-0.44
-27.059783,153.125425,-0.44
-27.059781,153.125692,-0.43
-27.060007,153.125431,-0.44
-27.061710,153.121966,-0.60
-27.061673,153.122188,-0.56
-27.061685,153.122423,-0.56
-27.061459,153.123421,-0.49
-27.061683,153.122668,-0.54
-27.061581,153.123086,-0.46
-27.061557,153.123169,-0.49
-27.061590,153.123070,-0.57
-27.061589,153.123161,-0.60
-27.061586,153.123424,-0.62
-27.061592,153.123679,-0.64
-27.061591,153.123918,-0.62
-27.061824,153.123378,-0.70
-27.061610,153.124171,-0.59
-27.061586,153.124482,-0.61
-27.061604,153.124786,-0.64
-27.061818,153.124172,-0.69
-27.062475,153.126690,-0.43
-27.062507,153.126690,-0.43
-27.062940,153.126699,-0.43
-27.061583,153.122581,-1.59
-27.061808,153.121580,-0.63
-27.059764,153.125936,-1.23
-27.064965,153.129846,-0.60
-27.061807,153.125424,-0.60
-27.062023,153.124920,-0.69
-27.061804,153.125174,-0.62
-27.061577,153.124414,-0.60
-27.062033,153.123157,-0.69
-27.062032,153.122905,-0.70
-27.052561,153.122903,-0.53
-27.052559,153.123159,-0.55
-27.052431,153.123654,-0.44
-27.052558,153.123408,-0.58
-27.052785,153.122898,-0.55
-27.052784,153.123700,-0.63
-27.053009,153.123911,-0.59
-27.053242,153.123150,-0.65
-27.053464,153.123160,-0.61
-27.053236,153.123908,-0.65
-27.053470,153.123406,-0.67
-27.053461,153.123914,-0.65
-27.053687,153.123403,-0.71
-27.053460,153.124158,-0.58
-27.053689,153.124159,-0.62
-27.054138,153.124418,-0.58
-27.054588,153.124667,-0.60
-27.054818,153.124665,-0.70
-27.055040,153.124678,-0.71
-27.055042,153.124929,-0.56
-27.055719,153.123272,-0.52
-27.055266,153.124672,-0.71
-27.055722,153.123412,-0.67
-27.055267,153.124918,-0.59
-27.055723,153.123661,-0.71
-27.055495,153.124670,-0.66
-27.055495,153.124918,-0.58
-27.055943,153.123671,-0.72
-27.055523,153.125174,-0.44
-27.055944,153.123911,-0.75
-27.055948,153.124161,-0.75
-27.055719,153.124919,-0.54
-27.056170,153.123659,-0.70
-27.055943,153.124433,-0.72
-27.055718,153.125177,-0.44
-27.056172,153.123914,-0.74
-27.055944,153.124740,-0.72
-27.056169,153.124163,-0.74
-27.055945,153.124923,-0.60
-27.056396,153.123662,-0.66
-27.056168,153.124420,-0.69
-27.056397,153.123909,-0.73
-27.056169,153.124668,-0.72
-27.056394,153.124171,-0.73
-27.056395,153.124420,-0.68
-27.056395,153.124667,-0.66
-27.056625,153.123912,-0.68
-27.056621,153.124168,-0.73
-27.056620,153.124550,-0.68
-27.056846,153.123911,-0.64
-27.056623,153.124670,-0.63
-27.056851,153.124165,-0.66
-27.056848,153.124623,-0.67
-27.057074,153.123912,-0.61
-27.056849,153.124671,-0.64
-27.056793,153.124919,-1.25
-27.057074,153.124162,-0.63
-27.056849,153.124918,-1.25
-27.057300,153.123917,-0.58
-27.057162,153.124415,-0.66
-27.057075,153.124697,-0.65
-27.057299,153.124164,-0.60
-27.057073,153.124933,-0.66
-27.057525,153.123919,-0.53
-27.057526,153.124163,-0.56
-27.057525,153.124419,-0.60
-27.057749,153.124426,-0.54
-27.057750,153.124667,-0.65
-27.057748,153.124925,-0.67
-27.057976,153.124671,-0.56
-27.057975,153.124919,-0.67
-27.057973,153.125174,-0.64
-27.058204,153.124922,-0.66
-27.058199,153.125173,-0.65
-27.058316,153.125428,-1.24
-27.058426,153.125182,-0.69
-27.058430,153.125427,-1.23
-27.058651,153.125189,-0.70
-27.058651,153.125427,-0.62
-27.058879,153.125185,-0.49
-27.058881,153.125426,-0.44
-27.059095,153.125924,-1.23
-27.058875,153.125913,-1.23
-27.058647,153.126062,-1.24
-27.058643,153.125926,-1.24
-27.058197,153.125666,-1.24
-27.057968,153.125667,-1.24
-27.057740,153.125674,-1.24
-27.057518,153.125805,-1.24
-27.057515,153.125672,-1.24
-27.057295,153.125392,-1.24
-27.057069,153.125411,-1.25
-27.056834,153.125421,-1.24
-27.056616,153.125163,-1.25
-27.056386,153.125166,-1.25
-27.055473,153.125173,-1.25
-27.032245,153.122881,-1.16
-27.032255,153.123129,-1.60
-27.032471,153.123012,-0.71
-27.032471,153.123128,-1.26
-27.032699,153.123126,-1.16
-27.032696,153.123139,-1.16
-27.032699,153.123380,-1.38
-27.032921,153.123632,-1.56
-27.033149,153.123907,-2.18
-27.033374,153.124158,-1.65
-27.033604,153.124156,-1.17
-27.033677,153.124391,-2.12
-27.033824,153.124390,-1.19
-27.033853,153.124666,-2.00
-27.034053,153.124279,-1.15
-27.034051,153.124399,-1.14
-27.034054,153.124644,-1.19
-27.034057,153.124940,-1.65
-27.034278,153.124641,-1.15
-27.034276,153.124894,-1.28
-27.034276,153.125162,-2.21
-27.034500,153.124906,-1.36
-27.034502,153.125148,-1.81
-27.034500,153.125410,-2.15
-27.034730,153.124960,-0.92
-27.034725,153.125151,-1.42
-27.034954,153.125192,-1.07
-27.035342,153.126736,-1.01
-27.035731,153.126208,-0.89
-27.035465,153.127228,-0.97
-27.035546,153.127647,-0.97
-27.035630,153.127551,-0.95
-27.035691,153.128705,-1.65
-27.035859,153.128789,-1.27
-27.035852,153.128930,-1.72
-27.035857,153.129407,-2.79
-27.036077,153.128938,-1.11
-27.036079,153.129182,-1.20
-27.036075,153.129486,-1.43
-27.036518,153.128212,-0.90
-27.036544,153.128169,-0.86
-27.036530,153.128209,-0.87
-27.036085,153.129685,-1.67
-27.036304,153.129065,-1.01
-27.036303,153.129180,-1.08
-27.036081,153.129939,-2.02
-27.036303,153.129432,-1.13
-27.036105,153.130210,-1.94
-27.036302,153.129696,-1.26
-27.036530,153.129197,-1.07
-27.036301,153.129955,-1.35
-27.036527,153.129433,-1.10
-27.036305,153.130209,-1.41
-27.036532,153.129687,-1.13
-27.036526,153.129936,-1.13
-27.036753,153.129332,-0.98
-27.036756,153.129435,-1.07
-27.036529,153.130190,-1.13
-27.036754,153.129687,-1.11
-27.036756,153.129938,-1.12
-27.036981,153.129439,-1.05
-27.036756,153.130189,-1.10
-27.036984,153.129689,-1.10
-27.036754,153.130443,-1.08
-27.036978,153.129942,-1.11
-27.036753,153.130702,-1.08
-27.036981,153.130193,-1.10
-27.037204,153.129572,-0.93
-27.037205,153.129689,-1.05
-27.036981,153.130444,-1.09
-27.037206,153.129945,-1.08
-27.036980,153.130697,-1.07
-27.037207,153.130196,-1.09
-27.037433,153.129720,-0.98
-27.037206,153.130441,-1.06
-27.037430,153.129942,-1.00
-27.037203,153.130696,-1.06
-27.037431,153.130197,-1.02
-27.037432,153.130442,-1.02
-27.037658,153.129872,-0.87
-27.037656,153.129939,-0.97
-27.037433,153.130695,-1.03
-27.037659,153.130192,-1.00
-27.037657,153.130443,-1.01
-27.037660,153.130697,-1.01
-27.037885,153.130004,-0.95
-27.037883,153.130197,-0.98
-27.037884,153.130445,-0.99
-27.037880,153.130695,-0.99
-27.038106,153.130153,-0.82
-27.038109,153.130193,-0.94
-27.038107,153.130443,-0.95
-27.038109,153.130695,-0.96
-27.038332,153.130288,-0.86
-27.038335,153.130444,-0.91
-27.038332,153.130695,-0.93
-27.038559,153.130455,-0.89
-27.038562,153.130696,-0.91
-27.038785,153.130607,-0.78
-27.038786,153.130697,-0.87
-27.039010,153.130759,-0.81
-27.039236,153.130899,-0.73
-27.034732,153.125400,-1.29
-27.034501,153.125665,-2.81
-27.034956,153.125400,-1.18
-27.034728,153.125650,-1.26
-27.035177,153.125398,-0.89
-27.034954,153.125652,-1.17
-27.034726,153.125902,-1.38
-27.035414,153.125398,-0.76
-27.035181,153.125652,-0.91
-27.034956,153.125906,-1.15
-27.034734,153.126174,-1.73
-27.035413,153.125653,-0.82
-27.035181,153.125904,-0.95
-27.034958,153.126155,-1.06
-27.034734,153.126416,-2.21
-27.035638,153.125654,-0.74
-27.035409,153.125908,-0.89
-27.035180,153.126156,-0.97
-27.034954,153.126407,-1.05
-27.034771,153.126666,-2.59
-27.035631,153.125906,-0.85
-27.035404,153.126158,-0.94
-27.035178,153.126407,-0.98
-27.034956,153.126659,-1.13
-27.035856,153.125904,-0.80
-27.035402,153.126408,-0.96
-27.034967,153.126914,-1.26
-27.035628,153.126407,-0.93
-27.035863,153.126156,-1.06
-27.035408,153.126660,-0.97
-27.035177,153.126913,-0.99
-27.034951,153.127166,-1.88
-27.036080,153.126163,-0.81
-27.035856,153.126409,-1.06
-27.035629,153.126660,-0.96
-27.035404,153.126915,-0.97
-27.035187,153.127162,-1.05
-27.036081,153.126408,-0.91
-27.035629,153.126912,-0.96
-27.035177,153.127416,-1.18
-27.035860,153.126660,-1.03
-27.035631,153.127165,-0.95
-27.036305,153.126408,-0.61
-27.035855,153.126919,-1.05
-27.036084,153.126665,-0.89
-27.035213,153.127683,-2.62
-27.035403,153.127667,-1.13
-27.035853,153.127164,-0.95
-27.036082,153.126912,-0.86
-27.036305,153.126662,-0.66
-27.035403,153.127920,-1.50
-27.036078,153.127166,-0.88
-27.035858,153.127417,-0.93
-27.035637,153.127668,-0.97
-27.036306,153.126913,-0.69
-27.035626,153.127926,-1.08
-27.035855,153.127670,-0.93
-27.036304,153.127164,-0.76
-27.036079,153.127421,-0.88
-27.036531,153.126918,-0.60
-27.035637,153.128173,-1.23
-27.036084,153.127668,-0.88
-27.035862,153.127922,-0.98
-27.036529,153.127167,-0.67
-27.036308,153.127420,-0.81
-27.035633,153.128429,-1.45
-27.036084,153.127920,-0.91
-27.035857,153.128178,-1.00
-27.036309,153.127672,-0.84
-27.036539,153.127416,-0.72
-27.036757,153.127416,-0.59
-27.036531,153.127670,-0.80
-27.036313,153.127921,-0.88
-27.036085,153.128176,-0.96
-27.035854,153.128435,-1.07
-27.036082,153.128424,-0.98
-27.036763,153.127669,-0.64
-27.036759,153.127923,-0.68
-27.036304,153.128430,-0.95
-27.036083,153.128676,-1.01
-27.036980,153.127927,-0.59
-27.036757,153.128175,-0.74
-27.036529,153.128429,-0.91
-27.036310,153.128681,-0.99
-27.036755,153.128430,-0.84
-27.036536,153.128676,-0.95
-27.036986,153.128177,-0.67
-27.036755,153.128679,-0.89
-27.036980,153.128432,-0.77
-27.036530,153.128940,-0.96
-27.037209,153.128426,-0.60
-27.036983,153.128678,-0.86
-27.036753,153.128934,-0.92
-27.037209,153.128677,-0.71
-27.036987,153.128929,-0.89
-27.037431,153.128680,-0.57
-27.037205,153.128929,-0.78
-27.036982,153.129182,-0.92
-27.037432,153.128930,-0.65
-27.037205,153.129183,-0.85
-27.037432,153.129185,-0.76
-27.037658,153.129183,-0.69
-27.037434,153.129439,-0.85
-27.037656,153.129436,-0.78
-27.037882,153.129688,-0.80
-27.070602,153.135008,-0.91
-27.070374,153.135999,-0.90
-27.069477,153.134567,-0.66
-27.060118,153.136834,-0.65
-27.060220,153.136632,-0.75
-27.060228,153.136819,-0.64
-27.061457,153.138537,-0.81
-27.052991,153.136753,-0.81
-27.051424,153.134244,-0.94
-27.051872,153.134492,-0.98
-27.055481,153.136012,-0.66
-27.055707,153.135898,-0.63
-27.041970,153.140530,-0.81
-27.047139,153.133224,-0.65
-27.047815,153.133392,-0.69
-27.048711,153.133619,-0.77
-27.035164,153.139015,-0.80
-27.053653,153.144579,-0.62
-26.949605,153.151108,-0.86
-26.949359,153.151116,-0.76
-26.949118,153.151112,-0.73
-26.948900,153.151066,-0.79
-26.948926,153.150986,-0.81
-26.948696,153.151094,-0.67
-26.948691,153.150960,-0.76
-26.948025,153.150724,-0.78
-26.947793,153.150850,-0.82
-26.947796,153.150739,-0.79
-26.947800,153.150354,-1.12
-26.947569,153.150481,-0.97
-26.947345,153.150486,-0.83
-26.947119,153.150483,-0.86
-26.946431,153.150228,-0.89
-26.946211,153.150227,-0.79
-26.945542,153.149934,-0.85
-26.945313,153.149979,-0.86
-26.944859,153.149726,-0.93
-26.944638,153.149726,-0.86
-26.944401,153.149883,-0.76
-26.944393,153.149726,-0.79
-26.944181,153.149474,-1.09
-26.943957,153.149474,-0.98
-26.943732,153.149473,-0.85
-26.943509,153.149608,-0.77
-26.943504,153.149470,-0.77
-26.943059,153.149217,-0.81
-26.942831,153.149218,-0.74
-26.942371,153.148968,-0.92
-26.942157,153.148967,-0.82
-26.941479,153.148714,-0.82
-26.941241,153.148705,-0.83
-26.941029,153.148455,-0.92
-26.940801,153.148454,-0.86
-26.940577,153.148458,-0.83
-26.939900,153.148203,-0.83
-26.938989,153.147956,-0.84
-26.937193,153.147450,-0.77
-26.936741,153.147191,-0.97
-26.936512,153.147195,-0.92
-26.936287,153.147193,-0.86
-26.935611,153.146944,-0.88
-26.935387,153.146942,-0.81
-26.934706,153.146690,-0.74
-26.934481,153.146690,-0.71
-26.934034,153.146424,-0.82
-26.933808,153.146435,-0.84
-26.933582,153.146435,-0.77
-26.933128,153.146182,-0.80
-26.932905,153.146183,-0.83
-26.932679,153.146337,-0.72
-26.932676,153.146184,-0.85
-26.932230,153.145930,-0.82
-26.931997,153.145924,-0.78
-26.931774,153.146133,-0.65
-26.931775,153.145929,-0.77
-26.931551,153.146079,-0.66
-26.931552,153.145926,-0.68
-26.931324,153.146046,-0.78
-26.931325,153.145931,-0.72
-26.931325,153.145667,-0.78
-26.931097,153.145671,-0.77
-26.930871,153.145680,-0.75
-26.930650,153.145678,-0.74
-26.930422,153.145741,-0.60
-26.930422,153.145668,-0.70
-26.930421,153.145427,-0.83
-26.930186,153.145729,-0.68
-26.930198,153.145669,-0.78
-26.930197,153.145423,-0.84
-26.929971,153.145597,-0.75
-26.929973,153.145416,-0.74
-26.929747,153.145419,-0.74
-26.929520,153.145586,-0.52
-26.929513,153.145423,-0.76
-26.929513,153.145170,-0.87
-26.929296,153.145505,-0.94
-26.929287,153.145424,-0.71
-26.929292,153.145170,-0.81
-26.929070,153.145167,-0.76
-26.928844,153.145173,-0.82
-26.928613,153.145170,-0.84
-26.928609,153.144921,-0.85
-26.928387,153.145287,-0.44
-26.928390,153.145083,-0.86
-26.928391,153.144915,-0.84
-26.928389,153.144664,-1.46
-26.928163,153.145189,-0.58
-26.928161,153.145092,-0.81
-26.928156,153.144918,-0.85
-26.928162,153.144656,-1.23
-26.928166,153.144415,-2.08
-26.927918,153.144920,-0.84
-26.927941,153.144662,-1.04
-26.927942,153.144415,-1.80
-26.927705,153.145079,-0.65
-26.927716,153.144900,-0.76
-26.927716,153.144669,-0.93
-26.927713,153.144412,-1.56
-26.927487,153.144967,-0.90
-26.927491,153.144918,-0.64
-26.927489,153.144661,-0.82
-26.927489,153.144416,-1.30
-26.927238,153.144666,-0.84
-26.927264,153.144406,-1.14
-26.927263,153.144164,-2.04
-26.927028,153.144840,-0.70
-26.927039,153.144666,-0.85
-26.927032,153.144326,-1.09
-26.927040,153.144162,-1.83
-26.926810,153.144817,-0.68
-26.926809,153.144664,-0.85
-26.926808,153.144355,-0.96
-26.926813,153.144162,-1.61
-26.926576,153.144720,-0.52
-26.926581,153.144666,-0.84
-26.926586,153.144403,-0.90
-26.926585,153.144163,-1.39
-26.926360,153.144620,-0.64
-26.926360,153.144412,-0.89
-26.926360,153.144148,-1.31
-26.926363,153.143910,-2.23
-26.926132,153.144540,-0.81
-26.926133,153.144413,-0.78
-26.926137,153.144107,-1.18
-26.926137,153.143911,-1.99
-26.925905,153.144465,-0.77
-26.925910,153.144406,-0.76
-26.925906,153.144160,-0.92
-26.925909,153.143907,-1.77
-26.925617,153.144586,-0.61
-26.925684,153.144372,-0.77
-26.925674,153.144153,-0.83
-26.925686,153.143907,-1.55
-26.925455,153.144414,-0.60
-26.925450,153.144411,-0.75
-26.925460,153.144158,-0.92
-26.925459,153.143890,-1.26
-26.925222,153.144459,-0.65
-26.925219,153.144306,-0.77
-26.925232,153.144161,-0.80
-26.925230,153.143909,-1.03
-26.925228,153.143656,-2.15
-26.925006,153.144300,-0.81
-26.925007,153.144156,-0.77
-26.925008,153.143909,-0.90
-26.924783,153.144365,-0.82
-26.925009,153.143656,-1.82
-26.924780,153.144157,-0.71
-26.924777,153.143909,-0.82
-26.924593,153.144426,-0.62
-26.924543,153.144545,-0.67
-26.924778,153.143651,-1.44
-26.924477,153.144182,-0.79
-26.924528,153.144023,-0.70
-26.924556,153.143903,-0.73
-26.924321,153.144376,-0.88
-26.924553,153.143603,-1.21
-26.924286,153.144419,-0.89
-26.924297,153.144031,-0.66
-26.924315,153.143905,-0.80
-26.924328,153.143633,-1.10
-26.924094,153.144202,-0.93
-26.924330,153.143402,-2.01
-26.924099,153.144031,-0.61
-26.924105,153.143907,-0.75
-26.924093,153.143650,-0.96
-26.924105,153.143403,-1.71
-26.923881,153.143955,-0.65
-26.923874,153.143904,-0.75
-26.923881,153.143627,-0.90
-26.923878,153.143400,-1.51
-26.924382,153.145767,-0.87
-26.924329,153.145873,-0.97
-26.924247,153.146036,-0.44
-26.924146,153.146237,-0.70
-26.924067,153.146393,-0.97
-26.924050,153.146428,-0.69
-26.923916,153.146693,-1.01
-26.923870,153.146783,-0.51
-26.923796,153.146930,-0.76
-26.924721,153.146048,-0.99
-26.924592,153.146306,-1.15
-26.924533,153.146426,-1.16
-26.924531,153.146430,-0.46
-26.924369,153.146754,-1.12
-26.924329,153.146835,-1.09
-26.924280,153.146932,-0.37
-26.924146,153.147200,-0.69
-26.924097,153.147298,-0.94
-26.924028,153.147437,-0.75
-26.923891,153.147710,-0.30
-26.923870,153.147752,-0.73
-26.925264,153.145721,-0.95
-26.925173,153.145905,-0.55
-26.925093,153.146065,-0.68
-26.924961,153.146331,-0.48
-26.924909,153.146437,-0.87
-26.924761,153.146733,-0.51
-26.924655,153.146948,-0.61
-26.924553,153.147151,-0.35
-26.924505,153.147250,-1.06
-26.924411,153.147438,-0.72
-26.924323,153.147615,-0.68
-26.924288,153.147686,-0.62
-26.924153,153.147956,-0.64
-26.924097,153.148069,-1.02
-26.924002,153.148261,-0.62
-26.923900,153.148465,-0.80
-26.923861,153.148544,-0.35
-26.923787,153.148693,-0.64
-26.926279,153.144685,-0.66
-26.981649,153.160652,-0.98
-26.981645,153.160650,-0.86
-26.977927,153.159346,-0.84
-26.978038,153.159348,-0.91
-26.968906,153.156561,-0.81
-26.969019,153.156564,-0.83
-26.968899,153.156815,-0.72
-26.969013,153.156817,-0.74
-26.969238,153.156816,-0.73
-26.969464,153.156817,-0.79
-26.969692,153.156814,-0.82
-26.969916,153.157071,-0.63
-26.970140,153.157076,-0.74
-26.970373,153.157069,-0.73
-26.970598,153.157076,-0.82
-26.970819,153.157072,-0.88
-26.971046,153.157321,-0.73
-26.971280,153.157325,-0.76
-26.971513,153.157322,-0.79
-26.971719,153.157323,-0.82
-26.971947,153.157579,-0.77
-26.972175,153.157583,-0.75
-26.972400,153.157579,-0.83
-26.972629,153.157830,-0.80
-26.972851,153.157826,-0.80
-26.973075,153.157828,-0.85
-26.973298,153.157829,-0.91
-26.973523,153.158081,-0.77
-26.973751,153.158080,-0.85
-26.973979,153.158081,-0.87
-26.974204,153.158081,-0.97
-26.974201,153.158339,-0.71
-26.974427,153.158336,-0.83
-26.974656,153.158333,-0.83
-26.974884,153.158338,-0.92
-26.975105,153.158588,-0.74
-26.975332,153.158585,-0.80
-26.975556,153.158597,-0.89
-26.975782,153.158587,-0.98
-26.975783,153.158841,-0.64
-26.976013,153.158840,-0.82
-26.976240,153.158840,-0.88
-26.976459,153.158841,-0.93
-26.976686,153.159093,-0.73
-26.976908,153.159101,-0.79
-26.977136,153.159093,-0.86
-26.977360,153.159097,-0.97
-26.962915,153.155082,-0.55
-26.962909,153.155040,-0.82
-26.962335,153.154924,-0.79
-26.962374,153.154773,-0.94
-26.962240,153.154911,-0.66
-26.962240,153.154780,-0.80
-26.961559,153.154427,-0.96
-26.961335,153.154297,-0.87
-26.960881,153.154225,-1.03
-26.960422,153.154414,-0.68
-26.960391,153.154165,-0.82
-26.960207,153.154047,-0.76
-26.959881,153.154034,-0.77
-26.960436,153.154033,-0.88
-26.960437,153.154285,-0.73
-26.960664,153.154283,-0.76
-26.961340,153.154541,-0.73
-26.961567,153.154539,-0.78
-26.963373,153.153282,-1.84
-26.962934,153.154814,-0.85
-26.963147,153.154811,-0.89
-26.963154,153.155042,-0.78
-26.963375,153.155043,-0.79
-26.963599,153.155047,-0.86
-26.963614,153.155319,-0.64
-26.963821,153.155059,-0.89
-26.963821,153.155301,-0.67
-26.964077,153.155043,-0.96
-26.964047,153.155306,-0.76
-26.964280,153.155298,-0.89
-26.964506,153.155304,-0.87
-26.964729,153.155299,-0.78
-26.964727,153.155551,-0.78
-26.964952,153.155298,-0.82
-26.964953,153.155560,-0.83
-26.965178,153.155579,-0.76
-26.965406,153.155554,-0.71
-26.965630,153.155554,-0.75
-26.965628,153.155807,-0.74
-26.965857,153.155551,-0.86
-26.965853,153.155803,-0.72
-26.966080,153.155811,-0.77
-26.966311,153.155803,-0.84
-26.966985,153.154716,-1.66
-26.966532,153.156057,-0.75
-26.966759,153.156056,-0.82
-26.966984,153.156071,-0.87
-26.967206,153.156057,-0.88
-26.967431,153.156055,-0.95
-26.967431,153.156317,-0.77
-26.967664,153.156310,-0.80
-26.967884,153.156328,-0.86
-26.968112,153.156309,-0.85
-26.968109,153.156563,-0.76
-26.968343,153.156566,-0.77
-26.968561,153.156579,-0.81
-26.959480,153.153798,-0.77
-26.959195,153.154051,-0.66
-26.959199,153.154024,-0.77
-26.958829,153.153958,-0.82
-26.958848,153.153773,-0.82
-26.958585,153.153525,-0.84
-26.958009,153.153472,-0.96
-26.957953,153.153452,-0.88
-26.957726,153.153424,-0.86
-26.957424,153.153617,-0.74
-26.956853,153.153458,-0.72
-26.956822,153.153400,-0.79
-26.956539,153.153372,-0.87
-26.956513,153.153183,-0.85
-26.955930,153.153070,-0.76
-26.955850,153.153095,-0.72
-26.955874,153.153016,-0.86
-26.955688,153.153084,-0.73
-26.955612,153.152951,-0.89
-26.955213,153.152762,-0.94
-26.954960,153.152886,-0.73
-26.954998,153.152763,-0.92
-26.954590,153.152561,-0.78
-26.954363,153.152726,-0.83
-26.954343,153.152743,-0.82
-26.954314,153.152509,-0.86
-26.954113,153.152626,-0.68
-26.954112,153.152502,-0.87
-26.953890,153.152638,-0.69
-26.953891,153.152497,-0.81
-26.953381,153.152499,-0.81
-26.953239,153.152251,-1.03
-26.953212,153.152256,-0.85
-26.952987,153.152337,-0.73
-26.952986,153.152254,-0.80
-26.952521,153.152262,-0.95
-26.952535,153.152217,-0.79
-26.952521,153.151907,-0.96
-26.952299,153.151993,-0.87
-26.952045,153.152150,-0.80
-26.952048,153.152003,-0.83
-26.951848,153.152083,-0.69
-26.951859,153.152002,-0.79
-26.951389,153.151923,-0.81
-26.951396,153.151750,-0.86
-26.951182,153.151853,-0.75
-26.951182,153.151750,-0.91
-26.954739,153.152779,-0.97
-26.956617,153.153045,-0.84
-26.957059,153.153286,-0.84
-26.957299,153.153273,-0.90
-26.957513,153.153526,-0.77
-26.957732,153.153526,-0.80
-26.957957,153.153531,-0.73
-26.959318,153.154040,-0.75
-26.959591,153.153780,-0.89
-26.950731,153.151485,-0.90
-26.950506,153.151494,-0.83
-26.950212,153.151558,-0.67
-26.950233,153.151490,-0.81
-26.950054,153.151478,-0.78
-26.950037,153.151502,-0.62
-26.949598,153.151416,-0.73
-26.949306,153.151296,-0.68
-27.007136,153.171272,-0.77
-27.006907,153.171166,-0.73
-27.006682,153.171047,-0.79
-27.006233,153.170828,-0.70
-27.005107,153.170324,-0.71
-27.005107,153.170197,-0.96
-27.004657,153.169964,-1.04
-27.004425,153.170048,-0.69
-27.004417,153.169964,-0.89
-27.004885,153.168202,-2.06
-27.003958,153.169711,-1.04
-27.004431,153.167943,-1.80
-27.004209,153.167697,-1.77
-27.004208,153.167442,-1.83
-27.003982,153.167434,-1.69
-27.003982,153.167181,-1.70
-27.002850,153.169191,-1.02
-27.002855,153.166937,-1.66
-27.002855,153.166687,-1.68
-27.002851,153.166435,-1.93
-27.002628,153.166684,-1.66
-27.002628,153.166432,-1.87
-27.002402,153.166423,-1.82
-27.002179,153.166427,-1.82
-27.001945,153.166430,-1.80
-27.001951,153.166171,-1.90
-27.001047,153.168581,-0.73
-27.001725,153.166177,-1.85
-27.001044,153.168448,-0.98
-27.001501,153.166180,-1.77
-27.001501,153.165922,-1.89
-27.000595,153.168187,-1.04
-26.999914,153.168091,-0.85
-26.999913,153.167933,-0.90
-26.998340,153.167306,-0.75
-26.996083,153.166309,-0.82
-26.992254,153.164659,-0.98
-26.984130,153.161372,-0.96
-27.029725,153.180838,-1.62
-27.028119,153.179326,-1.96
-27.027442,153.179322,-2.41
-27.027441,153.179068,-1.85
-27.010749,153.172863,-0.71
-27.011202,153.173048,-0.48
-27.011471,153.173004,-0.75
-27.011920,153.173253,-0.80
-27.012328,153.173583,-0.68
-27.010071,153.172464,-0.79
-27.009955,153.172506,-0.57
-27.009843,153.172461,-0.71
-27.009617,153.172355,-0.73
-27.009387,153.172255,-0.94
-27.009391,153.172226,-0.68
-27.009165,153.172130,-0.63
-27.008942,153.172132,-0.64
-27.008002,153.171718,-0.68
-27.007588,153.171513,-0.48
-27.039402,153.184532,-1.69
-27.039400,153.184654,-1.69
-27.038946,153.183373,-1.65
-27.038042,153.183121,-1.71
-27.038045,153.182869,-1.76
-27.037820,153.183122,-1.76
-27.037818,153.182868,-1.79
